# This file uses centimeters as units for non-parametric coordinates.

mtllib Lab room.mtl
g default
v -12.066737 0.000000 8.377288
v -9.653390 0.000000 8.377288
v -7.240042 0.000000 8.377288
v -4.826695 0.000000 8.377288
v -2.413347 0.000000 8.377288
v 0.000000 0.000000 8.377288
v 2.413348 0.000000 8.377288
v 4.826695 0.000000 8.377288
v 7.240042 0.000000 8.377288
v 9.653390 0.000000 8.377288
v 12.066737 0.000000 8.377288
v -12.066737 0.000000 6.855352
v -9.653390 0.000000 6.855352
v -7.240042 0.000000 6.855352
v -4.826695 0.000000 6.855352
v -2.413347 0.000000 6.855352
v 0.000000 0.000000 6.855352
v 2.413348 0.000000 6.855352
v 4.826695 0.000000 6.855352
v 7.240042 0.000000 6.855352
v 9.653390 0.000000 6.855352
v 12.066737 0.000000 6.855352
v -12.066737 0.000000 5.333416
v -9.653390 0.000000 5.333416
v -7.240042 0.000000 5.333416
v -4.826695 0.000000 5.333416
v -2.413347 0.000000 5.333416
v 0.000000 0.000000 5.333416
v 2.413348 0.000000 5.333416
v 4.826695 0.000000 5.333416
v 7.240042 0.000000 5.333416
v 9.653390 0.000000 5.333416
v 12.066737 0.000000 5.333416
v -12.066737 0.000000 3.811479
v -9.653390 0.000000 3.811479
v -7.240042 0.000000 3.811479
v -4.826695 0.000000 3.811479
v -2.413347 0.000000 3.811479
v 0.000000 0.000000 3.811479
v 2.413348 0.000000 3.811479
v 4.826695 0.000000 3.811479
v 7.240042 0.000000 3.811479
v 9.653390 0.000000 3.811479
v 12.066737 0.000000 3.811479
v -12.066737 0.000000 2.289543
v -9.653390 0.000000 2.289543
v -7.240042 0.000000 2.289543
v -4.826695 0.000000 2.289543
v -2.413347 0.000000 2.289543
v 0.000000 0.000000 2.289543
v 2.413348 0.000000 2.289543
v 4.826695 0.000000 2.289543
v 7.240042 0.000000 2.289543
v 9.653390 0.000000 2.289543
v 12.066737 0.000000 2.289543
v -12.066737 0.000000 0.767607
v -9.653390 0.000000 0.767607
v -7.240042 0.000000 0.767607
v -4.826695 0.000000 0.767607
v -2.413347 0.000000 0.767607
v 0.000000 0.000000 0.767607
v 2.413348 0.000000 0.767607
v 4.826695 0.000000 0.767607
v 7.240042 0.000000 0.767607
v 9.653390 0.000000 0.767607
v 12.066737 0.000000 0.767607
v -12.066737 0.000000 -0.754330
v -9.653390 0.000000 -0.754330
v -7.240042 0.000000 -0.754330
v -4.826695 0.000000 -0.754330
v -2.413347 0.000000 -0.754330
v 0.000000 0.000000 -0.754330
v 2.413348 0.000000 -0.754330
v 4.826695 0.000000 -0.754330
v 7.240042 0.000000 -0.754330
v 9.653390 0.000000 -0.754330
v 12.066737 0.000000 -0.754330
v -12.066737 0.000000 -2.276266
v -9.653390 0.000000 -2.276266
v -7.240042 0.000000 -2.276266
v -4.826695 0.000000 -2.276266
v -2.413347 0.000000 -2.276266
v 0.000000 0.000000 -2.276266
v 2.413348 0.000000 -2.276266
v 4.826695 0.000000 -2.276266
v 7.240042 0.000000 -2.276266
v 9.653390 0.000000 -2.276266
v 12.066737 0.000000 -2.276266
v -12.066737 0.000000 -3.798203
v -9.653390 0.000000 -3.798203
v -7.240042 0.000000 -3.798203
v -4.826695 0.000000 -3.798203
v -2.413347 0.000000 -3.798203
v 0.000000 0.000000 -3.798203
v 2.413348 0.000000 -3.798203
v 4.826695 0.000000 -3.798203
v 7.240042 0.000000 -3.798203
v 9.653390 0.000000 -3.798203
v 12.066737 0.000000 -3.798203
v -12.066737 0.000000 -5.320139
v -9.653390 0.000000 -5.320139
v -7.240042 0.000000 -5.320139
v -4.826695 0.000000 -5.320139
v -2.413347 0.000000 -5.320139
v 0.000000 0.000000 -5.320139
v 2.413348 0.000000 -5.320139
v 4.826695 0.000000 -5.320139
v 7.240042 0.000000 -5.320139
v 9.653390 0.000000 -5.320139
v 12.066737 0.000000 -5.320139
v -12.066737 0.000000 -6.842075
v -9.653390 0.000000 -6.842075
v -7.240042 0.000000 -6.842075
v -4.826695 0.000000 -6.842075
v -2.413347 0.000000 -6.842075
v 0.000000 0.000000 -6.842075
v 2.413348 0.000000 -6.842075
v 4.826695 0.000000 -6.842075
v 7.240042 0.000000 -6.842075
v 9.653390 0.000000 -6.842075
v 12.066737 0.000000 -6.842075
vt 0.000000 0.000000
vt 0.100000 0.000000
vt 0.200000 0.000000
vt 0.300000 0.000000
vt 0.400000 0.000000
vt 0.500000 0.000000
vt 0.600000 0.000000
vt 0.700000 0.000000
vt 0.800000 0.000000
vt 0.900000 0.000000
vt 1.000000 0.000000
vt 0.000000 0.100000
vt 0.100000 0.100000
vt 0.200000 0.100000
vt 0.300000 0.100000
vt 0.400000 0.100000
vt 0.500000 0.100000
vt 0.600000 0.100000
vt 0.700000 0.100000
vt 0.800000 0.100000
vt 0.900000 0.100000
vt 1.000000 0.100000
vt 0.000000 0.200000
vt 0.100000 0.200000
vt 0.200000 0.200000
vt 0.300000 0.200000
vt 0.400000 0.200000
vt 0.500000 0.200000
vt 0.600000 0.200000
vt 0.700000 0.200000
vt 0.800000 0.200000
vt 0.900000 0.200000
vt 1.000000 0.200000
vt 0.000000 0.300000
vt 0.100000 0.300000
vt 0.200000 0.300000
vt 0.300000 0.300000
vt 0.400000 0.300000
vt 0.500000 0.300000
vt 0.600000 0.300000
vt 0.700000 0.300000
vt 0.800000 0.300000
vt 0.900000 0.300000
vt 1.000000 0.300000
vt 0.000000 0.400000
vt 0.100000 0.400000
vt 0.200000 0.400000
vt 0.300000 0.400000
vt 0.400000 0.400000
vt 0.500000 0.400000
vt 0.600000 0.400000
vt 0.700000 0.400000
vt 0.800000 0.400000
vt 0.900000 0.400000
vt 1.000000 0.400000
vt 0.000000 0.500000
vt 0.100000 0.500000
vt 0.200000 0.500000
vt 0.300000 0.500000
vt 0.400000 0.500000
vt 0.500000 0.500000
vt 0.600000 0.500000
vt 0.700000 0.500000
vt 0.800000 0.500000
vt 0.900000 0.500000
vt 1.000000 0.500000
vt 0.000000 0.600000
vt 0.100000 0.600000
vt 0.200000 0.600000
vt 0.300000 0.600000
vt 0.400000 0.600000
vt 0.500000 0.600000
vt 0.600000 0.600000
vt 0.700000 0.600000
vt 0.800000 0.600000
vt 0.900000 0.600000
vt 1.000000 0.600000
vt 0.000000 0.700000
vt 0.100000 0.700000
vt 0.200000 0.700000
vt 0.300000 0.700000
vt 0.400000 0.700000
vt 0.500000 0.700000
vt 0.600000 0.700000
vt 0.700000 0.700000
vt 0.800000 0.700000
vt 0.900000 0.700000
vt 1.000000 0.700000
vt 0.000000 0.800000
vt 0.100000 0.800000
vt 0.200000 0.800000
vt 0.300000 0.800000
vt 0.400000 0.800000
vt 0.500000 0.800000
vt 0.600000 0.800000
vt 0.700000 0.800000
vt 0.800000 0.800000
vt 0.900000 0.800000
vt 1.000000 0.800000
vt 0.000000 0.900000
vt 0.100000 0.900000
vt 0.200000 0.900000
vt 0.300000 0.900000
vt 0.400000 0.900000
vt 0.500000 0.900000
vt 0.600000 0.900000
vt 0.700000 0.900000
vt 0.800000 0.900000
vt 0.900000 0.900000
vt 1.000000 0.900000
vt 0.000000 1.000000
vt 0.100000 1.000000
vt 0.200000 1.000000
vt 0.300000 1.000000
vt 0.400000 1.000000
vt 0.500000 1.000000
vt 0.600000 1.000000
vt 0.700000 1.000000
vt 0.800000 1.000000
vt 0.900000 1.000000
vt 1.000000 1.000000
vn 0.000000 1.000000 0.000000
vn 0.000000 1.000000 0.000000
vn 0.000000 1.000000 0.000000
vn 0.000000 1.000000 0.000000
vn 0.000000 1.000000 0.000000
vn 0.000000 1.000000 0.000000
vn 0.000000 1.000000 0.000000
vn 0.000000 1.000000 0.000000
vn 0.000000 1.000000 0.000000
vn 0.000000 1.000000 0.000000
vn 0.000000 1.000000 0.000000
vn 0.000000 1.000000 0.000000
vn 0.000000 1.000000 0.000000
vn 0.000000 1.000000 0.000000
vn 0.000000 1.000000 0.000000
vn 0.000000 1.000000 0.000000
vn 0.000000 1.000000 0.000000
vn 0.000000 1.000000 0.000000
vn 0.000000 1.000000 0.000000
vn 0.000000 1.000000 0.000000
vn 0.000000 1.000000 0.000000
vn 0.000000 1.000000 0.000000
vn 0.000000 1.000000 0.000000
vn 0.000000 1.000000 0.000000
vn 0.000000 1.000000 0.000000
vn 0.000000 1.000000 0.000000
vn 0.000000 1.000000 0.000000
vn 0.000000 1.000000 0.000000
vn 0.000000 1.000000 0.000000
vn 0.000000 1.000000 0.000000
vn 0.000000 1.000000 0.000000
vn 0.000000 1.000000 0.000000
vn 0.000000 1.000000 0.000000
vn 0.000000 1.000000 0.000000
vn 0.000000 1.000000 0.000000
vn 0.000000 1.000000 0.000000
vn 0.000000 1.000000 0.000000
vn 0.000000 1.000000 0.000000
vn 0.000000 1.000000 0.000000
vn 0.000000 1.000000 0.000000
vn 0.000000 1.000000 0.000000
vn 0.000000 1.000000 0.000000
vn 0.000000 1.000000 0.000000
vn 0.000000 1.000000 0.000000
vn 0.000000 1.000000 0.000000
vn 0.000000 1.000000 0.000000
vn 0.000000 1.000000 0.000000
vn 0.000000 1.000000 0.000000
vn 0.000000 1.000000 0.000000
vn 0.000000 1.000000 0.000000
vn 0.000000 1.000000 0.000000
vn 0.000000 1.000000 0.000000
vn 0.000000 1.000000 0.000000
vn 0.000000 1.000000 0.000000
vn 0.000000 1.000000 0.000000
vn 0.000000 1.000000 0.000000
vn 0.000000 1.000000 0.000000
vn 0.000000 1.000000 0.000000
vn 0.000000 1.000000 0.000000
vn 0.000000 1.000000 0.000000
vn 0.000000 1.000000 0.000000
vn 0.000000 1.000000 0.000000
vn 0.000000 1.000000 0.000000
vn 0.000000 1.000000 0.000000
vn 0.000000 1.000000 0.000000
vn 0.000000 1.000000 0.000000
vn 0.000000 1.000000 0.000000
vn 0.000000 1.000000 0.000000
vn 0.000000 1.000000 0.000000
vn 0.000000 1.000000 0.000000
vn 0.000000 1.000000 0.000000
vn 0.000000 1.000000 0.000000
vn 0.000000 1.000000 0.000000
vn 0.000000 1.000000 0.000000
vn 0.000000 1.000000 0.000000
vn 0.000000 1.000000 0.000000
vn 0.000000 1.000000 0.000000
vn 0.000000 1.000000 0.000000
vn 0.000000 1.000000 0.000000
vn 0.000000 1.000000 0.000000
vn 0.000000 1.000000 0.000000
vn 0.000000 1.000000 0.000000
vn 0.000000 1.000000 0.000000
vn 0.000000 1.000000 0.000000
vn 0.000000 1.000000 0.000000
vn 0.000000 1.000000 0.000000
vn 0.000000 1.000000 0.000000
vn 0.000000 1.000000 0.000000
vn 0.000000 1.000000 0.000000
vn 0.000000 1.000000 0.000000
vn 0.000000 1.000000 0.000000
vn 0.000000 1.000000 0.000000
vn 0.000000 1.000000 0.000000
vn 0.000000 1.000000 0.000000
vn 0.000000 1.000000 0.000000
vn 0.000000 1.000000 0.000000
vn 0.000000 1.000000 0.000000
vn 0.000000 1.000000 0.000000
vn 0.000000 1.000000 0.000000
vn 0.000000 1.000000 0.000000
vn 0.000000 1.000000 0.000000
vn 0.000000 1.000000 0.000000
vn 0.000000 1.000000 0.000000
vn 0.000000 1.000000 0.000000
vn 0.000000 1.000000 0.000000
vn 0.000000 1.000000 0.000000
vn 0.000000 1.000000 0.000000
vn 0.000000 1.000000 0.000000
vn 0.000000 1.000000 0.000000
vn 0.000000 1.000000 0.000000
vn 0.000000 1.000000 0.000000
vn 0.000000 1.000000 0.000000
vn 0.000000 1.000000 0.000000
vn 0.000000 1.000000 0.000000
vn 0.000000 1.000000 0.000000
vn 0.000000 1.000000 0.000000
vn 0.000000 1.000000 0.000000
vn 0.000000 1.000000 0.000000
vn 0.000000 1.000000 0.000000
vn 0.000000 1.000000 0.000000
vn 0.000000 1.000000 0.000000
s 1
g pPlane1
usemtl standardSurface2SG
f 1/1/1 2/2/2 13/13/3 12/12/4
f 2/2/2 3/3/5 14/14/6 13/13/3
f 3/3/5 4/4/7 15/15/8 14/14/6
f 4/4/7 5/5/9 16/16/10 15/15/8
f 5/5/9 6/6/11 17/17/12 16/16/10
f 6/6/11 7/7/13 18/18/14 17/17/12
f 7/7/13 8/8/15 19/19/16 18/18/14
f 8/8/15 9/9/17 20/20/18 19/19/16
f 9/9/17 10/10/19 21/21/20 20/20/18
f 10/10/19 11/11/21 22/22/22 21/21/20
f 12/12/4 13/13/3 24/24/23 23/23/24
f 13/13/3 14/14/6 25/25/25 24/24/23
f 14/14/6 15/15/8 26/26/26 25/25/25
f 15/15/8 16/16/10 27/27/27 26/26/26
f 16/16/10 17/17/12 28/28/28 27/27/27
f 17/17/12 18/18/14 29/29/29 28/28/28
f 18/18/14 19/19/16 30/30/30 29/29/29
f 19/19/16 20/20/18 31/31/31 30/30/30
f 20/20/18 21/21/20 32/32/32 31/31/31
f 21/21/20 22/22/22 33/33/33 32/32/32
f 23/23/24 24/24/23 35/35/34 34/34/35
f 24/24/23 25/25/25 36/36/36 35/35/34
f 25/25/25 26/26/26 37/37/37 36/36/36
f 26/26/26 27/27/27 38/38/38 37/37/37
f 27/27/27 28/28/28 39/39/39 38/38/38
f 28/28/28 29/29/29 40/40/40 39/39/39
f 29/29/29 30/30/30 41/41/41 40/40/40
f 30/30/30 31/31/31 42/42/42 41/41/41
f 31/31/31 32/32/32 43/43/43 42/42/42
f 32/32/32 33/33/33 44/44/44 43/43/43
f 34/34/35 35/35/34 46/46/45 45/45/46
f 35/35/34 36/36/36 47/47/47 46/46/45
f 36/36/36 37/37/37 48/48/48 47/47/47
f 37/37/37 38/38/38 49/49/49 48/48/48
f 38/38/38 39/39/39 50/50/50 49/49/49
f 39/39/39 40/40/40 51/51/51 50/50/50
f 40/40/40 41/41/41 52/52/52 51/51/51
f 41/41/41 42/42/42 53/53/53 52/52/52
f 42/42/42 43/43/43 54/54/54 53/53/53
f 43/43/43 44/44/44 55/55/55 54/54/54
f 45/45/46 46/46/45 57/57/56 56/56/57
f 46/46/45 47/47/47 58/58/58 57/57/56
f 47/47/47 48/48/48 59/59/59 58/58/58
f 48/48/48 49/49/49 60/60/60 59/59/59
f 49/49/49 50/50/50 61/61/61 60/60/60
f 50/50/50 51/51/51 62/62/62 61/61/61
f 51/51/51 52/52/52 63/63/63 62/62/62
f 52/52/52 53/53/53 64/64/64 63/63/63
f 53/53/53 54/54/54 65/65/65 64/64/64
f 54/54/54 55/55/55 66/66/66 65/65/65
f 56/56/57 57/57/56 68/68/67 67/67/68
f 57/57/56 58/58/58 69/69/69 68/68/67
f 58/58/58 59/59/59 70/70/70 69/69/69
f 59/59/59 60/60/60 71/71/71 70/70/70
f 60/60/60 61/61/61 72/72/72 71/71/71
f 61/61/61 62/62/62 73/73/73 72/72/72
f 62/62/62 63/63/63 74/74/74 73/73/73
f 63/63/63 64/64/64 75/75/75 74/74/74
f 64/64/64 65/65/65 76/76/76 75/75/75
f 65/65/65 66/66/66 77/77/77 76/76/76
f 67/67/68 68/68/67 79/79/78 78/78/79
f 68/68/67 69/69/69 80/80/80 79/79/78
f 69/69/69 70/70/70 81/81/81 80/80/80
f 70/70/70 71/71/71 82/82/82 81/81/81
f 71/71/71 72/72/72 83/83/83 82/82/82
f 72/72/72 73/73/73 84/84/84 83/83/83
f 73/73/73 74/74/74 85/85/85 84/84/84
f 74/74/74 75/75/75 86/86/86 85/85/85
f 75/75/75 76/76/76 87/87/87 86/86/86
f 76/76/76 77/77/77 88/88/88 87/87/87
f 78/78/79 79/79/78 90/90/89 89/89/90
f 79/79/78 80/80/80 91/91/91 90/90/89
f 80/80/80 81/81/81 92/92/92 91/91/91
f 81/81/81 82/82/82 93/93/93 92/92/92
f 82/82/82 83/83/83 94/94/94 93/93/93
f 83/83/83 84/84/84 95/95/95 94/94/94
f 84/84/84 85/85/85 96/96/96 95/95/95
f 85/85/85 86/86/86 97/97/97 96/96/96
f 86/86/86 87/87/87 98/98/98 97/97/97
f 87/87/87 88/88/88 99/99/99 98/98/98
f 89/89/90 90/90/89 101/101/100 100/100/101
f 90/90/89 91/91/91 102/102/102 101/101/100
f 91/91/91 92/92/92 103/103/103 102/102/102
f 92/92/92 93/93/93 104/104/104 103/103/103
f 93/93/93 94/94/94 105/105/105 104/104/104
f 94/94/94 95/95/95 106/106/106 105/105/105
f 95/95/95 96/96/96 107/107/107 106/106/106
f 96/96/96 97/97/97 108/108/108 107/107/107
f 97/97/97 98/98/98 109/109/109 108/108/108
f 98/98/98 99/99/99 110/110/110 109/109/109
f 100/100/101 101/101/100 112/112/111 111/111/112
f 101/101/100 102/102/102 113/113/113 112/112/111
f 102/102/102 103/103/103 114/114/114 113/113/113
f 103/103/103 104/104/104 115/115/115 114/114/114
f 104/104/104 105/105/105 116/116/116 115/115/115
f 105/105/105 106/106/106 117/117/117 116/116/116
f 106/106/106 107/107/107 118/118/118 117/117/117
f 107/107/107 108/108/108 119/119/119 118/118/118
f 108/108/108 109/109/109 120/120/120 119/119/119
f 109/109/109 110/110/110 121/121/121 120/120/120
g default
v -11.935521 0.041339 7.573048
v 11.935521 0.041339 7.573048
v -11.935521 11.385430 7.573048
v 11.935521 11.385430 7.573048
v -11.935521 11.385430 6.590841
v 11.935521 11.385430 6.590841
v -11.935521 0.041339 6.590841
v 11.935521 0.041339 6.590841
vt 0.375000 0.000000
vt 0.625000 0.000000
vt 0.375000 0.250000
vt 0.625000 0.250000
vt 0.375000 0.500000
vt 0.625000 0.500000
vt 0.375000 0.750000
vt 0.625000 0.750000
vt 0.375000 1.000000
vt 0.625000 1.000000
vt 0.875000 0.000000
vt 0.875000 0.250000
vt 0.125000 0.000000
vt 0.125000 0.250000
vn 0.000000 0.000000 1.000000
vn 0.000000 0.000000 1.000000
vn 0.000000 0.000000 1.000000
vn 0.000000 0.000000 1.000000
vn 0.000000 1.000000 0.000000
vn 0.000000 1.000000 0.000000
vn 0.000000 1.000000 0.000000
vn 0.000000 1.000000 0.000000
vn 0.000000 0.000000 -1.000000
vn 0.000000 0.000000 -1.000000
vn 0.000000 0.000000 -1.000000
vn 0.000000 0.000000 -1.000000
vn 0.000000 -1.000000 0.000000
vn 0.000000 -1.000000 0.000000
vn 0.000000 -1.000000 0.000000
vn 0.000000 -1.000000 0.000000
vn 1.000000 0.000000 0.000000
vn 1.000000 0.000000 0.000000
vn 1.000000 0.000000 0.000000
vn 1.000000 0.000000 0.000000
vn -1.000000 0.000000 0.000000
vn -1.000000 0.000000 0.000000
vn -1.000000 0.000000 0.000000
vn -1.000000 0.000000 0.000000
s off
g pCube1
usemtl standardSurface2SG
f 122/122/122 123/123/123 125/125/124 124/124/125
f 124/124/126 125/125/127 127/127/128 126/126/129
f 126/126/130 127/127/131 129/129/132 128/128/133
f 128/128/134 129/129/135 123/131/136 122/130/137
f 123/123/138 129/132/139 127/133/140 125/125/141
f 128/134/142 122/122/143 124/124/144 126/135/145
g default
v -10.610768 0.141716 3.917906
v -9.610768 0.141716 3.917906
v -10.610768 1.719394 3.917906
v -9.610768 1.719394 3.917906
v -10.610768 3.297072 3.917906
v -9.610768 3.297072 3.917906
v -10.610768 3.297072 -3.727107
v -9.610768 3.297072 -3.727107
v -10.610768 1.719394 -3.727107
v -9.610768 1.719394 -3.727107
v -10.610768 0.141716 -3.727107
v -9.610768 0.141716 -3.727107
v -10.610768 1.308058 5.066676
v -9.610768 1.308058 5.066676
v -9.610768 3.708414 5.066676
v -10.610768 3.708414 5.066676
v -10.610768 3.708414 -4.875876
v -9.610768 3.708414 -4.875876
v -9.610768 1.308058 -4.875876
v -10.610768 1.308058 -4.875876
v -10.610768 0.669489 6.314470
v -9.610768 0.669489 6.314470
v -9.610768 4.346984 6.314470
v -10.610768 4.346984 6.314470
v -10.610768 4.346984 -6.123670
v -9.610768 4.346984 -6.123670
v -9.610768 0.669489 -6.123670
v -10.610768 0.669489 -6.123670
v -10.610768 0.669489 6.717009
v -9.610768 0.669489 6.717009
v -9.610768 4.346984 6.717009
v -10.610768 4.346984 6.717009
v -10.610768 4.346984 -6.526209
v -9.610768 4.346984 -6.526209
v -9.610768 0.669489 -6.526209
v -10.610768 0.669489 -6.526209
v -9.610768 2.508233 3.917906
v -9.610768 2.508233 -3.727107
v -8.640794 2.119105 3.917906
v -8.640794 2.119105 -3.727107
v -8.640794 2.907944 -3.727107
v -8.640794 2.907944 3.917906
v -7.498349 2.357248 3.917906
v -7.498349 2.357248 -3.727107
v -7.498349 2.669801 -3.727107
v -7.498349 2.669801 3.917906
vt 0.375000 0.000000
vt 0.625000 0.000000
vt 0.375000 0.125000
vt 0.625000 0.125000
vt 0.375000 0.250000
vt 0.625000 0.250000
vt 0.375000 0.500000
vt 0.625000 0.500000
vt 0.375000 0.625000
vt 0.625000 0.625000
vt 0.375000 0.750000
vt 0.625000 0.750000
vt 0.375000 1.000000
vt 0.625000 1.000000
vt 0.875000 0.000000
vt 0.875000 0.125000
vt 0.875000 0.250000
vt 0.125000 0.000000
vt 0.125000 0.125000
vt 0.125000 0.250000
vt 0.375000 0.125000
vt 0.625000 0.125000
vt 0.625000 0.250000
vt 0.375000 0.250000
vt 0.375000 0.500000
vt 0.625000 0.500000
vt 0.625000 0.625000
vt 0.375000 0.625000
vt 0.375000 0.125000
vt 0.625000 0.125000
vt 0.625000 0.250000
vt 0.375000 0.250000
vt 0.375000 0.500000
vt 0.625000 0.500000
vt 0.625000 0.625000
vt 0.375000 0.625000
vt 0.375000 0.125000
vt 0.625000 0.125000
vt 0.625000 0.250000
vt 0.375000 0.250000
vt 0.375000 0.500000
vt 0.625000 0.500000
vt 0.625000 0.625000
vt 0.375000 0.625000
vt 0.625000 0.187500
vt 0.625000 0.562500
vt 0.875000 0.187500
vt 0.625000 0.187500
vt 0.875000 0.187500
vt 0.875000 0.250000
vt 0.625000 0.250000
vt 0.625000 0.187500
vt 0.875000 0.187500
vt 0.875000 0.250000
vt 0.625000 0.250000
vn 0.000000 0.000000 1.000000
vn 0.000000 0.000000 1.000000
vn 0.000000 0.000000 1.000000
vn 0.000000 0.000000 1.000000
vn 0.000000 0.000000 1.000000
vn 0.000000 0.000000 1.000000
vn 0.000000 0.000000 1.000000
vn 0.000000 0.000000 1.000000
vn 0.000000 0.998908 -0.046725
vn 0.180459 0.983266 -0.024952
vn 0.180459 0.983266 0.024952
vn 0.000000 0.998908 0.046725
vn 0.000000 0.000000 -1.000000
vn 0.000000 0.000000 -1.000000
vn 0.000000 0.000000 -1.000000
vn 0.000000 0.000000 -1.000000
vn 0.000000 0.000000 -1.000000
vn 0.000000 0.000000 -1.000000
vn 0.000000 0.000000 -1.000000
vn 0.000000 0.000000 -1.000000
vn 0.000000 -1.000000 0.000000
vn 0.000000 -1.000000 0.000000
vn 0.000000 -1.000000 0.000000
vn 0.000000 -1.000000 0.000000
vn 1.000000 0.000000 0.000000
vn 1.000000 0.000000 0.000000
vn 1.000000 0.000000 0.000000
vn 1.000000 0.000000 0.000000
vn 1.000000 0.000000 0.000000
vn 1.000000 0.000000 0.000000
vn 1.000000 0.000000 0.000000
vn 1.000000 0.000000 0.000000
vn -1.000000 0.000000 0.000000
vn -1.000000 0.000000 0.000000
vn -1.000000 0.000000 0.000000
vn -1.000000 0.000000 0.000000
vn -1.000000 0.000000 0.000000
vn -1.000000 0.000000 0.000000
vn 0.000000 -0.941466 -0.337108
vn 0.000000 -0.941466 -0.337108
vn 0.000000 -0.915959 -0.401271
vn 0.000000 -0.915959 -0.401271
vn 1.000000 0.000000 0.000000
vn 1.000000 0.000000 0.000000
vn 1.000000 0.000000 0.000000
vn 1.000000 0.000000 0.000000
vn 0.000000 0.915959 -0.401273
vn 0.000000 0.915959 -0.401273
vn -1.000000 0.000000 0.000000
vn -1.000000 0.000000 0.000000
vn 0.000000 0.915959 0.401273
vn 0.000000 0.915959 0.401273
vn 1.000000 0.000000 0.000000
vn 1.000000 0.000000 0.000000
vn 1.000000 0.000000 0.000000
vn 1.000000 0.000000 0.000000
vn 0.000000 -0.941466 0.337108
vn 0.000000 -0.941466 0.337108
vn 0.000000 -0.915959 0.401271
vn 0.000000 -0.915959 0.401271
vn -1.000000 0.000000 0.000000
vn -1.000000 0.000000 0.000000
vn 0.000000 -0.932619 -0.360862
vn 0.000000 -0.932619 -0.360862
vn 1.000000 0.000000 0.000000
vn 1.000000 0.000000 0.000000
vn 0.000000 0.932619 -0.360862
vn 0.000000 0.932619 -0.360862
vn -1.000000 0.000000 0.000000
vn -1.000000 0.000000 0.000000
vn 0.000000 0.932619 0.360862
vn 0.000000 0.932619 0.360862
vn 1.000000 0.000000 0.000000
vn 1.000000 0.000000 0.000000
vn 0.000000 -0.932619 0.360862
vn 0.000000 -0.932619 0.360862
vn -1.000000 0.000000 0.000000
vn -1.000000 0.000000 0.000000
vn 0.000000 -1.000000 0.000000
vn 0.000000 -1.000000 0.000000
vn 1.000000 0.000000 0.000000
vn 1.000000 0.000000 0.000000
vn 0.000000 1.000000 0.000000
vn 0.000000 1.000000 0.000000
vn -1.000000 0.000000 0.000000
vn -1.000000 0.000000 0.000000
vn 0.000000 1.000000 0.000000
vn 0.000000 1.000000 0.000000
vn 1.000000 0.000000 0.000000
vn 1.000000 0.000000 0.000000
vn 0.000000 -1.000000 0.000000
vn 0.000000 -1.000000 0.000000
vn -1.000000 0.000000 0.000000
vn -1.000000 0.000000 0.000000
vn -0.372329 -0.928101 0.000000
vn -0.372329 -0.928101 0.000000
vn -0.071293 -0.997455 0.000000
vn -0.071293 -0.997455 0.000000
vn 0.000000 0.000000 -1.000000
vn 0.000000 0.000000 -1.000000
vn 0.000000 0.000000 -1.000000
vn 0.000000 0.000000 -1.000000
vn 0.284659 0.958629 0.000000
vn 0.284659 0.958629 0.000000
vn 0.000000 0.000000 1.000000
vn 0.000000 0.000000 1.000000
vn 0.000000 0.000000 1.000000
vn 0.000000 0.000000 1.000000
vn 0.204064 -0.978958 0.000000
vn 0.204064 -0.978958 0.000000
vn 0.000000 0.000000 -1.000000
vn 0.000000 0.000000 -1.000000
vn 0.204064 0.978958 0.000000
vn 0.204064 0.978958 0.000000
vn 0.000000 0.000000 1.000000
vn 0.000000 0.000000 1.000000
s off
g pCube2
usemtl standardSurface2SG
f 130/136/146 131/137/147 133/139/148 132/138/149
f 158/172/150 159/173/151 160/174/152 161/175/153
s 1
f 134/140/154 135/141/155 137/143/156 136/142/157
s off
f 162/176/158 163/177/159 164/178/160 165/179/161
f 138/144/162 139/145/163 141/147/164 140/146/165
f 140/146/166 141/147/167 131/149/168 130/148/169
s 2
f 131/137/170 141/150/171 139/151/172 133/139/173
s off
f 172/187/174 173/188/175 174/189/176 175/190/177
s 3
f 140/153/178 130/136/179 132/138/180 138/154/181
f 138/154/181 132/138/180 134/140/182 136/155/183
s 4
f 132/138/184 133/139/185 143/157/186 142/156/187
s 2
f 133/139/173 166/180/188 135/141/189 144/158/190 143/157/191
s 1
f 135/141/155 134/140/154 145/159/192 144/158/193
s 3
f 134/140/182 132/138/180 142/156/194 145/159/195
s 1
f 136/142/157 137/143/156 147/161/196 146/160/197
s 2
f 137/143/198 167/181/199 139/145/172 148/162/200 147/161/201
s 5
f 139/145/202 138/144/203 149/163/204 148/162/205
s 3
f 138/144/181 136/142/183 146/160/206 149/163/207
s 4
f 142/156/187 143/157/186 151/165/208 150/164/209
s 2
f 143/157/191 144/158/190 152/166/210 151/165/211
s 1
f 144/158/193 145/159/192 153/167/212 152/166/213
s 3
f 145/159/195 142/156/194 150/164/214 153/167/215
s 1
f 146/160/197 147/161/196 155/169/216 154/168/217
s 2
f 147/161/201 148/162/200 156/170/218 155/169/219
s 5
f 148/162/205 149/163/204 157/171/220 156/170/221
s 3
f 149/163/207 146/160/206 154/168/222 157/171/223
s 4
f 150/164/209 151/165/208 159/173/224 158/172/225
s 2
f 151/165/211 152/166/210 160/174/226 159/173/227
s 1
f 152/166/213 153/167/212 161/175/228 160/174/229
s 3
f 153/167/215 150/164/214 158/172/230 161/175/231
s 1
f 154/168/217 155/169/216 163/177/232 162/176/233
s 2
f 155/169/219 156/170/218 164/178/234 163/177/235
s 5
f 156/170/221 157/171/220 165/179/236 164/178/237
s 3
f 157/171/223 154/168/222 162/176/238 165/179/239
s 2
f 133/139/173 139/151/172 167/182/199 166/180/188
s 6
f 166/180/240 167/182/241 169/184/242 168/183/243
s 7
f 167/182/244 137/152/245 170/185/246 169/184/247
s 1
f 137/152/156 135/141/155 171/186/248 170/185/249
s 8
f 135/141/250 166/180/251 168/183/252 171/186/253
s 6
f 168/183/243 169/184/242 173/188/254 172/187/255
s 7
f 169/184/247 170/185/246 174/189/256 173/188/257
s 1
f 170/185/249 171/186/248 175/190/258 174/189/259
s 8
f 171/186/253 168/183/252 172/187/260 175/190/261
g default
v -7.225108 4.192357 -5.928809
v -9.379824 4.196638 -5.906346
v -7.222422 4.189791 -5.928017
v -7.235542 4.042435 -4.461608
v -7.225108 4.188196 -5.939411
v -7.297407 4.042435 -4.399743
v -7.222422 4.185777 -5.938246
v -9.379824 4.196638 -4.461608
v -7.225108 4.182501 -5.949275
v -9.317960 4.196638 -4.399743
v -7.222422 4.180283 -5.947762
v -7.297407 4.196638 -4.574929
v -7.225108 4.175400 -5.958180
v -7.235542 4.196638 -4.636794
v -7.222422 4.173431 -5.956354
v -8.138302 4.196638 -4.574929
v -7.225108 4.167050 -5.965927
v -8.313488 4.196638 -4.399743
v -7.222422 4.165376 -5.963828
v -7.235542 4.196638 -5.906346
v -7.225108 4.157640 -5.972343
v -9.379824 4.042435 -5.906346
v -7.222422 4.156297 -5.970018
v -9.317960 4.042435 -4.399743
v -7.225108 4.147378 -5.977285
v -9.379824 4.042435 -4.461608
v -7.222422 4.146397 -5.974785
v -7.235542 4.042435 -5.906346
v -7.225108 4.136494 -5.980642
v -9.317960 4.168608 -4.399743
v -7.222422 4.135896 -5.978024
v -9.317960 4.070464 -4.399743
v -7.225108 4.125231 -5.982340
v -7.235542 4.168608 -5.906346
v -7.222422 4.125031 -5.979662
v -9.379824 4.168608 -4.461608
v -7.225108 4.113841 -5.982340
v -9.379824 4.070464 -4.461608
v -7.222422 4.114042 -5.979662
v -9.379824 4.168608 -5.906346
v -7.225108 4.102579 -5.980642
v -9.379824 4.070464 -5.906346
v -7.222422 4.103176 -5.978024
v -8.138302 4.168608 -4.574929
v -7.225108 4.091695 -5.977285
v -8.313488 4.168608 -4.399743
v -7.222422 4.092676 -5.974785
v -7.235542 4.070464 -4.461608
v -7.225108 4.081433 -5.972343
v -7.297407 4.070464 -4.399743
v -7.222422 4.082776 -5.970018
v -7.297407 4.168608 -4.574929
v -7.225108 4.072022 -5.965927
v -7.235542 4.168608 -4.636794
v -7.222422 4.073697 -5.963828
v -7.235542 4.070464 -5.906346
v -7.235542 4.043296 -5.917838
v -7.235542 4.045860 -5.929073
v -7.235542 4.050070 -5.939800
v -7.235542 4.055832 -5.949779
v -7.235542 4.063017 -5.958789
v -7.235542 4.071464 -5.966627
v -7.235542 4.080985 -5.973119
v -7.235542 4.091368 -5.978118
v -7.235542 4.102380 -5.981515
v -7.235542 4.113775 -5.983233
v -7.235542 4.125298 -5.983233
v -7.235542 4.136693 -5.981515
v -7.235542 4.147705 -5.978118
v -7.235542 4.158087 -5.973119
v -7.235542 4.167609 -5.966627
v -7.235542 4.176056 -5.958789
v -7.235542 4.183241 -5.949779
v -7.235542 4.189003 -5.939800
v -7.235542 4.193213 -5.929073
v -7.235542 4.195777 -5.917838
v -9.379824 4.043296 -5.917838
v -9.379824 4.045860 -5.929073
v -9.379824 4.050070 -5.939800
v -9.379824 4.055832 -5.949779
v -9.379824 4.063017 -5.958789
v -9.379824 4.071464 -5.966627
v -9.379824 4.080985 -5.973119
v -9.379824 4.091368 -5.978118
v -9.379824 4.102380 -5.981515
v -9.379824 4.113775 -5.983233
v -9.379824 4.125298 -5.983233
v -9.379824 4.136693 -5.981515
v -9.379824 4.147705 -5.978118
v -9.379824 4.158087 -5.973119
v -9.379824 4.167609 -5.966627
v -9.379824 4.176056 -5.958789
v -9.379824 4.183241 -5.949779
v -9.379824 4.189003 -5.939800
v -9.379824 4.193213 -5.929073
v -9.379824 4.195777 -5.917838
v -7.225108 4.063673 -5.958180
v -7.222422 4.065641 -5.956354
v -7.225108 4.056571 -5.949275
v -7.222422 4.058790 -5.947762
v -7.225108 4.050877 -5.939411
v -7.222422 4.053296 -5.938246
v -7.225108 4.046715 -5.928809
v -7.222422 4.049281 -5.928017
v -7.222422 4.169850 -5.921866
v -7.225108 4.167284 -5.921074
v -7.222422 4.166975 -5.929191
v -7.225108 4.164555 -5.928026
v -7.222422 4.163040 -5.936007
v -7.225108 4.160821 -5.934494
v -7.222422 4.158133 -5.942159
v -7.225108 4.156165 -5.940333
v -7.222422 4.152365 -5.947512
v -7.225108 4.150690 -5.945412
v -7.222422 4.145863 -5.951945
v -7.225108 4.144520 -5.949619
v -7.222422 4.138772 -5.955359
v -7.225108 4.137791 -5.952859
v -7.222422 4.131253 -5.957679
v -7.225108 4.130655 -5.955061
v -7.222422 4.123471 -5.958852
v -7.225108 4.123270 -5.956174
v -7.222422 4.115602 -5.958852
v -7.225108 4.115802 -5.956174
v -7.222422 4.107820 -5.957679
v -7.225108 4.108418 -5.955061
v -7.222422 4.100300 -5.955359
v -7.225108 4.101281 -5.952859
v -7.222422 4.093210 -5.951945
v -7.225108 4.094553 -5.949619
v -7.222422 4.086708 -5.947512
v -7.225108 4.088382 -5.945412
v -7.222422 4.080939 -5.942159
v -7.225108 4.082908 -5.940333
v -7.222422 4.076033 -5.936007
v -7.225108 4.078252 -5.934494
v -9.379824 4.071012 -5.913660
v -9.379824 4.072645 -5.920811
v -9.379824 4.075324 -5.927638
v -9.379824 4.078991 -5.933990
v -9.379824 4.083564 -5.939724
v -9.379824 4.088940 -5.944712
v -9.379824 4.095000 -5.948844
v -9.379824 4.101608 -5.952026
v -9.379824 4.108617 -5.954188
v -9.379824 4.115869 -5.955281
v -9.379824 4.123204 -5.955281
v -9.379824 4.130456 -5.954188
v -9.379824 4.137464 -5.952026
v -9.379824 4.144072 -5.948844
v -9.379824 4.150132 -5.944712
v -9.379824 4.155509 -5.939724
v -9.379824 4.160082 -5.933990
v -9.379824 4.163749 -5.927638
v -9.379824 4.166428 -5.920811
v -9.379824 4.168060 -5.913660
v -7.235542 4.071012 -5.913660
v -7.235542 4.072645 -5.920811
v -7.235542 4.075324 -5.927638
v -7.235542 4.078991 -5.933990
v -7.235542 4.083564 -5.939724
v -7.235542 4.088940 -5.944712
v -7.235542 4.095000 -5.948844
v -7.235542 4.101608 -5.952026
v -7.235542 4.108617 -5.954188
v -7.235542 4.115869 -5.955281
v -7.235542 4.123204 -5.955281
v -7.235542 4.130456 -5.954188
v -7.235542 4.137464 -5.952026
v -7.235542 4.144072 -5.948844
v -7.235542 4.150132 -5.944712
v -7.235542 4.155509 -5.939724
v -7.235542 4.160082 -5.933990
v -7.235542 4.163749 -5.927638
v -7.235542 4.166428 -5.920811
v -7.235542 4.168060 -5.913660
v -7.222422 4.072098 -5.929191
v -7.225108 4.074518 -5.928026
v -7.222422 4.069223 -5.921866
v -7.225108 4.071789 -5.921074
v -7.222422 4.067472 -5.914194
v -7.225108 4.070127 -5.913794
v -9.390259 4.167284 -5.921074
v -9.392944 4.169850 -5.921866
v -9.390259 4.164555 -5.928026
v -9.392944 4.166975 -5.929191
v -9.390259 4.160821 -5.934494
v -9.392944 4.163040 -5.936007
v -9.390259 4.156165 -5.940333
v -9.392944 4.158133 -5.942159
v -9.390259 4.150690 -5.945412
v -9.392944 4.152365 -5.947512
v -9.390259 4.144520 -5.949619
v -9.392944 4.145863 -5.951945
v -9.390259 4.137791 -5.952859
v -9.392944 4.138772 -5.955359
v -9.390259 4.130655 -5.955061
v -9.392944 4.131253 -5.957679
v -9.390259 4.123270 -5.956174
v -9.392944 4.123471 -5.958852
v -9.390259 4.115802 -5.956174
v -9.392944 4.115602 -5.958852
v -9.390259 4.108418 -5.955061
v -9.392944 4.107820 -5.957679
v -9.390259 4.101281 -5.952859
v -9.392944 4.100300 -5.955359
v -9.390259 4.094553 -5.949619
v -9.392944 4.093210 -5.951945
v -9.390259 4.088382 -5.945412
v -9.392944 4.086708 -5.947512
v -9.390259 4.082908 -5.940333
v -9.392944 4.080939 -5.942159
v -9.390259 4.078252 -5.934494
v -9.392944 4.076033 -5.936007
v -9.390259 4.074518 -5.928026
v -9.392944 4.072098 -5.929191
v -9.393839 4.189631 -5.906346
v -9.386832 4.196638 -5.906346
v -7.221527 4.049442 -4.462810
v -7.226482 4.049442 -4.450847
v -7.228535 4.042435 -4.458705
v -7.286647 4.049442 -4.390683
v -7.298609 4.049442 -4.385728
v -7.294504 4.042435 -4.392735
v -9.393839 4.189631 -4.462810
v -9.388884 4.189631 -4.450847
v -9.386832 4.196638 -4.458705
v -9.328720 4.189631 -4.390683
v -9.316757 4.189631 -4.385728
v -9.320862 4.196638 -4.392735
v -7.298609 4.189631 -4.560914
v -7.286647 4.189631 -4.565869
v -7.294504 4.196638 -4.567922
v -7.226482 4.189631 -4.626034
v -7.221527 4.189631 -4.637996
v -7.228535 4.196638 -4.633892
v -8.137452 4.189631 -4.555959
v -8.125489 4.189631 -4.560914
v -8.135399 4.196638 -4.567922
v -8.314691 4.189631 -4.385728
v -8.302728 4.189631 -4.390683
v -8.310586 4.196638 -4.392735
v -7.221527 4.189631 -5.906346
v -7.228535 4.196638 -5.906346
v -9.393839 4.049442 -5.906346
v -9.386832 4.042435 -5.906346
v -9.316757 4.049442 -4.385728
v -9.328720 4.049442 -4.390683
v -9.320862 4.042435 -4.392735
v -9.388884 4.049442 -4.450847
v -9.393839 4.049442 -4.462810
v -9.386832 4.042435 -4.458705
v -7.221527 4.049442 -5.906346
v -7.228535 4.042435 -5.906346
v -9.316757 4.175616 -4.385728
v -9.328720 4.175616 -4.390683
v -9.320862 4.168608 -4.392735
v -9.328720 4.063457 -4.390683
v -9.316757 4.063457 -4.385728
v -9.320862 4.070464 -4.392735
v -7.221527 4.175616 -5.906346
v -7.228535 4.168608 -5.906346
v -9.388884 4.175616 -4.450847
v -9.393839 4.175616 -4.462810
v -9.386832 4.168608 -4.458705
v -9.393839 4.063457 -4.462810
v -9.388884 4.063457 -4.450847
v -9.386832 4.070464 -4.458705
v -9.393839 4.175616 -5.906346
v -9.386832 4.168608 -5.906346
v -9.393839 4.063457 -5.906346
v -9.386832 4.070464 -5.906346
v -8.125489 4.175616 -4.560914
v -8.137452 4.175616 -4.555959
v -8.135399 4.168608 -4.567922
v -8.302728 4.175616 -4.390683
v -8.314691 4.175616 -4.385728
v -8.310586 4.168608 -4.392735
v -7.226482 4.063457 -4.450847
v -7.221527 4.063457 -4.462810
v -7.228535 4.070464 -4.458705
v -7.298609 4.063457 -4.385728
v -7.286647 4.063457 -4.390683
v -7.294504 4.070464 -4.392735
v -7.286647 4.175616 -4.565869
v -7.298609 4.175616 -4.560914
v -7.294504 4.168608 -4.567922
v -7.221527 4.175616 -4.637996
v -7.226482 4.175616 -4.626034
v -7.228535 4.168608 -4.633892
v -7.221527 4.063457 -5.906346
v -7.228535 4.070464 -5.906346
v -9.386832 4.043296 -5.917838
v -9.393839 4.050225 -5.916793
v -9.386832 4.045860 -5.929073
v -9.393839 4.052556 -5.927007
v -9.386832 4.050070 -5.939800
v -9.393839 4.056384 -5.936759
v -9.386832 4.055832 -5.949779
v -9.393839 4.061622 -5.945832
v -9.386832 4.063017 -5.958789
v -9.393839 4.068154 -5.954023
v -9.386832 4.071464 -5.966627
v -9.393839 4.075833 -5.961148
v -9.386832 4.080985 -5.973119
v -9.393839 4.084489 -5.967050
v -9.386832 4.091368 -5.978118
v -9.393839 4.093928 -5.971595
v -9.386832 4.102380 -5.981515
v -9.393839 4.103939 -5.974683
v -9.386832 4.113775 -5.983233
v -9.393839 4.114298 -5.976245
v -9.386832 4.125298 -5.983233
v -9.393839 4.124775 -5.976245
v -9.386832 4.136693 -5.981515
v -9.393839 4.135134 -5.974683
v -9.386832 4.147705 -5.978118
v -9.393839 4.145145 -5.971595
v -9.386832 4.158087 -5.973119
v -9.393839 4.154584 -5.967050
v -9.386832 4.167609 -5.966627
v -9.393839 4.163239 -5.961148
v -9.386832 4.176056 -5.958789
v -9.393839 4.170919 -5.954023
v -9.386832 4.183241 -5.949779
v -9.393839 4.177451 -5.945832
v -9.386832 4.189003 -5.939800
v -9.393839 4.182689 -5.936759
v -9.386832 4.193213 -5.929073
v -9.393839 4.186517 -5.927007
v -9.393839 4.188848 -5.916793
v -9.386832 4.195777 -5.917838
v -9.393839 4.064083 -5.914705
v -9.386832 4.071012 -5.913660
v -9.393839 4.065948 -5.922876
v -9.386832 4.072645 -5.920811
v -9.393839 4.069011 -5.930678
v -9.386832 4.075324 -5.927638
v -9.393839 4.073201 -5.937937
v -9.386832 4.078991 -5.933990
v -9.393839 4.078427 -5.944490
v -9.386832 4.083564 -5.939724
v -9.393839 4.084571 -5.950191
v -9.386832 4.088940 -5.944712
v -9.393839 4.091497 -5.954913
v -9.386832 4.095000 -5.948844
v -9.393839 4.099048 -5.958549
v -9.386832 4.101608 -5.952026
v -9.393839 4.107058 -5.961020
v -9.386832 4.108617 -5.954188
v -9.393839 4.115346 -5.962269
v -9.386832 4.115869 -5.955281
v -9.393839 4.123727 -5.962269
v -9.386832 4.123204 -5.955281
v -9.393839 4.132015 -5.961020
v -9.386832 4.130456 -5.954188
v -9.393839 4.140024 -5.958549
v -9.386832 4.137464 -5.952026
v -9.393839 4.147576 -5.954913
v -9.386832 4.144072 -5.948844
v -9.393839 4.154501 -5.950191
v -9.386832 4.150132 -5.944712
v -9.393839 4.160645 -5.944490
v -9.386832 4.155509 -5.939724
v -9.393839 4.165871 -5.937937
v -9.386832 4.160082 -5.933990
v -9.393839 4.170062 -5.930678
v -9.386832 4.163749 -5.927638
v -9.393839 4.173124 -5.922876
v -9.386832 4.166428 -5.920811
v -9.393839 4.174989 -5.914705
v -9.386832 4.168060 -5.913660
v -7.228535 4.071012 -5.913660
v -7.221527 4.064083 -5.914705
v -7.228535 4.072645 -5.920811
v -7.221527 4.065948 -5.922876
v -7.228535 4.075324 -5.927638
v -7.221527 4.069011 -5.930678
v -7.228535 4.078991 -5.933990
v -7.221527 4.073201 -5.937937
v -7.228535 4.083564 -5.939724
v -7.221527 4.078427 -5.944490
v -7.228535 4.088940 -5.944712
v -7.221527 4.084571 -5.950191
v -7.228535 4.095000 -5.948844
v -7.221527 4.091497 -5.954913
v -7.228535 4.101608 -5.952026
v -7.221527 4.099048 -5.958549
v -7.228535 4.108617 -5.954188
v -7.221527 4.107058 -5.961020
v -7.228535 4.115869 -5.955281
v -7.221527 4.115346 -5.962269
v -7.228535 4.123204 -5.955281
v -7.221527 4.123727 -5.962269
v -7.228535 4.130456 -5.954188
v -7.221527 4.132015 -5.961020
v -7.228535 4.137464 -5.952026
v -7.221527 4.140024 -5.958549
v -7.228535 4.144072 -5.948844
v -7.221527 4.147576 -5.954913
v -7.228535 4.150132 -5.944712
v -7.221527 4.154501 -5.950191
v -7.228535 4.155509 -5.939724
v -7.221527 4.160645 -5.944490
v -7.228535 4.160082 -5.933990
v -7.221527 4.165871 -5.937937
v -7.228535 4.163749 -5.927638
v -7.221527 4.170062 -5.930678
v -7.228535 4.166428 -5.920811
v -7.221527 4.173124 -5.922876
v -7.221527 4.174989 -5.914705
v -7.228535 4.168060 -5.913660
v -7.228535 4.043296 -5.917838
v -7.221527 4.050225 -5.916793
v -7.221527 4.052556 -5.927007
v -7.228535 4.045860 -5.929073
v -7.221527 4.056384 -5.936759
v -7.228535 4.050070 -5.939800
v -7.221527 4.061622 -5.945832
v -7.228535 4.055832 -5.949779
v -7.221527 4.068154 -5.954023
v -7.228535 4.063017 -5.958789
v -7.221527 4.075833 -5.961148
v -7.228535 4.071464 -5.966627
v -7.221527 4.084489 -5.967050
v -7.228535 4.080985 -5.973119
v -7.221527 4.093928 -5.971595
v -7.228535 4.091368 -5.978118
v -7.221527 4.103939 -5.974683
v -7.228535 4.102380 -5.981515
v -7.221527 4.114298 -5.976245
v -7.228535 4.113775 -5.983233
v -7.221527 4.124775 -5.976245
v -7.228535 4.125298 -5.983233
v -7.221527 4.135134 -5.974683
v -7.228535 4.136693 -5.981515
v -7.221527 4.145145 -5.971595
v -7.228535 4.147705 -5.978118
v -7.221527 4.154584 -5.967050
v -7.228535 4.158087 -5.973119
v -7.221527 4.163239 -5.961148
v -7.228535 4.167609 -5.966627
v -7.221527 4.170919 -5.954023
v -7.228535 4.176056 -5.958789
v -7.221527 4.177451 -5.945832
v -7.228535 4.183241 -5.949779
v -7.221527 4.182689 -5.936759
v -7.228535 4.189003 -5.939800
v -7.221527 4.186517 -5.927007
v -7.228535 4.193213 -5.929073
v -7.221527 4.188848 -5.916793
v -7.228535 4.195777 -5.917838
v -7.227531 4.043330 -4.454862
v -7.226744 4.046015 -4.451851
v -7.223807 4.049442 -4.454329
v -7.222097 4.049442 -4.458456
v -7.222422 4.046015 -4.462286
v -7.225108 4.043330 -4.460713
v -7.296512 4.043330 -4.389308
v -7.298085 4.046015 -4.386623
v -7.294255 4.049442 -4.386298
v -7.290128 4.049442 -4.388007
v -7.287651 4.046015 -4.390945
v -7.290662 4.043330 -4.391732
v -9.387836 4.195743 -4.454862
v -9.388622 4.193058 -4.451851
v -9.391560 4.189631 -4.454329
v -9.393270 4.189631 -4.458456
v -9.392944 4.193058 -4.462286
v -9.390259 4.195743 -4.460713
v -9.318855 4.195743 -4.389308
v -9.317282 4.193058 -4.386623
v -9.321111 4.189631 -4.386298
v -9.325238 4.189631 -4.388007
v -9.327716 4.193058 -4.390945
v -9.324705 4.195743 -4.391732
v -7.290662 4.195743 -4.566918
v -7.287651 4.193058 -4.566132
v -7.290128 4.189631 -4.563194
v -7.294255 4.189631 -4.561484
v -7.298085 4.193058 -4.561809
v -7.296512 4.195743 -4.564495
v -7.225108 4.195743 -4.635899
v -7.222422 4.193058 -4.637472
v -7.222097 4.189631 -4.633643
v -7.223807 4.189631 -4.629515
v -7.226744 4.193058 -4.627038
v -7.227531 4.195743 -4.630049
v -8.130553 4.195743 -4.564495
v -8.126755 4.193058 -4.561809
v -8.129843 4.189631 -4.560345
v -8.133970 4.189631 -4.558635
v -8.137190 4.193058 -4.557487
v -8.136403 4.195743 -4.562072
v -8.306743 4.195743 -4.391732
v -8.303732 4.193058 -4.390945
v -8.306210 4.189631 -4.388007
v -8.310337 4.189631 -4.386298
v -8.314166 4.193058 -4.386623
v -8.312593 4.195743 -4.389308
v -9.324705 4.043330 -4.391732
v -9.327716 4.046015 -4.390945
v -9.325238 4.049442 -4.388007
v -9.321111 4.049442 -4.386298
v -9.317282 4.046015 -4.386623
v -9.318855 4.043330 -4.389308
v -9.390259 4.043330 -4.460713
v -9.392944 4.046015 -4.462286
v -9.393270 4.049442 -4.458456
v -9.391560 4.049442 -4.454329
v -9.388622 4.046015 -4.451851
v -9.387836 4.043330 -4.454862
v -9.324705 4.169503 -4.391732
v -9.327716 4.172189 -4.390945
v -9.325238 4.175616 -4.388007
v -9.321111 4.175616 -4.386298
v -9.317282 4.172189 -4.386623
v -9.318855 4.169503 -4.389308
v -9.318855 4.069569 -4.389308
v -9.317282 4.066884 -4.386623
v -9.321111 4.063457 -4.386298
v -9.325238 4.063457 -4.388007
v -9.327716 4.066884 -4.390945
v -9.324705 4.069569 -4.391732
v -9.390259 4.169503 -4.460713
v -9.392944 4.172189 -4.462286
v -9.393270 4.175616 -4.458456
v -9.391560 4.175616 -4.454329
v -9.388622 4.172189 -4.451851
v -9.387836 4.169503 -4.454862
v -9.387836 4.069569 -4.454862
v -9.388622 4.066884 -4.451851
v -9.391560 4.063457 -4.454329
v -9.393270 4.063457 -4.458456
v -9.392944 4.066884 -4.462286
v -9.390259 4.069569 -4.460713
v -8.136403 4.169503 -4.562072
v -8.137190 4.172189 -4.557487
v -8.133970 4.175616 -4.558635
v -8.129843 4.175616 -4.560345
v -8.126755 4.172189 -4.561809
v -8.130553 4.169503 -4.564495
v -8.312593 4.169503 -4.389308
v -8.314166 4.172189 -4.386623
v -8.310337 4.175616 -4.386298
v -8.306210 4.175616 -4.388007
v -8.303732 4.172189 -4.390945
v -8.306743 4.169503 -4.391732
v -7.225108 4.069569 -4.460713
v -7.222422 4.066884 -4.462286
v -7.222097 4.063457 -4.458456
v -7.223807 4.063457 -4.454329
v -7.226744 4.066884 -4.451851
v -7.227531 4.069569 -4.454862
v -7.290662 4.069569 -4.391732
v -7.287651 4.066884 -4.390945
v -7.290128 4.063457 -4.388007
v -7.294255 4.063457 -4.386298
v -7.298085 4.066884 -4.386623
v -7.296512 4.069569 -4.389308
v -7.296512 4.169503 -4.564495
v -7.298085 4.172189 -4.561809
v -7.294255 4.175616 -4.561484
v -7.290128 4.175616 -4.563194
v -7.287651 4.172189 -4.566132
v -7.290662 4.169503 -4.566918
v -7.227531 4.169503 -4.630049
v -7.226744 4.172189 -4.627038
v -7.223807 4.175616 -4.629515
v -7.222097 4.175616 -4.633643
v -7.222422 4.172189 -4.637472
v -7.225108 4.169503 -4.635899
v -7.225329 4.043630 -4.457377
v -7.224547 4.046663 -4.454165
v -7.222505 4.046663 -4.459096
v -7.293177 4.043630 -4.389530
v -7.294895 4.046663 -4.386706
v -7.289965 4.046663 -4.388748
v -9.390038 4.069269 -4.457377
v -9.390819 4.066236 -4.454165
v -9.392861 4.066236 -4.459096
v -9.390038 4.195442 -4.457377
v -9.390819 4.192410 -4.454165
v -9.392861 4.192410 -4.459096
v -8.133356 4.169815 -4.562989
v -8.134475 4.172767 -4.559267
v -8.129933 4.172767 -4.561148
v -9.322190 4.195442 -4.389530
v -9.320472 4.192410 -4.386706
v -9.325402 4.192410 -4.388748
v -7.293177 4.195442 -4.564716
v -7.289965 4.192410 -4.563935
v -7.294895 4.192410 -4.561892
v -7.225329 4.069269 -4.457377
v -7.222505 4.066236 -4.459096
v -7.224547 4.066236 -4.454165
v -7.225329 4.195442 -4.632564
v -7.222505 4.192410 -4.634282
v -7.224547 4.192410 -4.629352
v -8.309258 4.169804 -4.389530
v -8.310976 4.172836 -4.386706
v -8.306046 4.172836 -4.388748
v -8.133356 4.195432 -4.562989
v -8.129933 4.192479 -4.561148
v -8.134475 4.192479 -4.559267
v -7.293177 4.169804 -4.564716
v -7.294895 4.172836 -4.561892
v -7.289965 4.172836 -4.563935
v -8.309258 4.195442 -4.389530
v -8.306046 4.192410 -4.388748
v -8.310976 4.192410 -4.386706
v -7.225329 4.169804 -4.632564
v -7.224547 4.172836 -4.629352
v -7.222505 4.172836 -4.634282
v -9.322190 4.043630 -4.389530
v -9.325402 4.046663 -4.388748
v -9.320472 4.046663 -4.386706
v -9.390038 4.043630 -4.457377
v -9.392861 4.046663 -4.459096
v -9.390819 4.046663 -4.454165
v -9.322190 4.169804 -4.389530
v -9.325402 4.172836 -4.388748
v -9.320472 4.172836 -4.386706
v -9.322190 4.069269 -4.389530
v -9.320472 4.066236 -4.386706
v -9.325402 4.066236 -4.388748
v -9.390038 4.169804 -4.457377
v -9.392861 4.172836 -4.459096
v -9.390819 4.172836 -4.454165
v -7.293177 4.069269 -4.389530
v -7.289965 4.066236 -4.388748
v -7.294895 4.066236 -4.386706
v -9.392944 4.193058 -5.906346
v -9.390259 4.195743 -5.906346
v -9.390259 4.169503 -5.906346
v -9.392944 4.172189 -5.906346
v -7.222422 4.193058 -5.906346
v -7.225108 4.195743 -5.906346
v -7.225108 4.194892 -5.917704
v -7.222422 4.192236 -5.917304
v -7.222422 4.171601 -5.914194
v -7.225108 4.168945 -5.913794
v -7.225108 4.169503 -5.906346
v -7.222422 4.172189 -5.906346
v -9.390259 4.168945 -5.913794
v -9.392944 4.171601 -5.914194
v -9.392944 4.192236 -5.917304
v -9.390259 4.194892 -5.917704
v -7.225108 4.069569 -5.906346
v -7.222422 4.066884 -5.906346
v -7.222422 4.046015 -5.906346
v -7.225108 4.043330 -5.906346
v -9.392944 4.066884 -5.906346
v -9.390259 4.069569 -5.906346
v -9.390259 4.043330 -5.906346
v -9.392944 4.046015 -5.906346
v -9.390259 4.044181 -5.917704
v -9.392944 4.046836 -5.917304
v -7.222422 4.046836 -5.917304
v -7.225108 4.044181 -5.917704
v -9.390259 4.046715 -5.928809
v -9.392944 4.049281 -5.928017
v -9.390259 4.050877 -5.939411
v -9.392944 4.053296 -5.938246
v -9.390259 4.056571 -5.949275
v -9.392944 4.058790 -5.947762
v -9.390259 4.063673 -5.958180
v -9.392944 4.065641 -5.956354
v -9.390259 4.072022 -5.965927
v -9.392944 4.073697 -5.963828
v -9.390259 4.081433 -5.972343
v -9.392944 4.082776 -5.970018
v -9.390259 4.091695 -5.977285
v -9.392944 4.092676 -5.974785
v -9.390259 4.102579 -5.980642
v -9.392944 4.103176 -5.978024
v -9.390259 4.113841 -5.982340
v -9.392944 4.114042 -5.979662
v -9.390259 4.125231 -5.982340
v -9.392944 4.125031 -5.979662
v -9.390259 4.136494 -5.980642
v -9.392944 4.135896 -5.978024
v -9.390259 4.147378 -5.977285
v -9.392944 4.146397 -5.974785
v -9.390259 4.157640 -5.972343
v -9.392944 4.156297 -5.970018
v -9.390259 4.167050 -5.965927
v -9.392944 4.165376 -5.963828
v -9.390259 4.175400 -5.958180
v -9.392944 4.173431 -5.956354
v -9.390259 4.182501 -5.949275
v -9.392944 4.180283 -5.947762
v -9.390259 4.188196 -5.939411
v -9.392944 4.185777 -5.938246
v -9.390259 4.192357 -5.928809
v -9.392944 4.189791 -5.928017
v -9.392944 4.067472 -5.914194
v -9.390259 4.070127 -5.913794
v -9.392944 4.069223 -5.921866
v -9.390259 4.071789 -5.921074
v -9.348291 4.070464 -5.892331
v -9.348291 4.070464 -4.420765
v -7.267076 4.070464 -5.892331
v -7.267076 4.070464 -4.420765
v -9.348291 4.133532 -5.892331
v -9.348291 4.133532 -4.420765
v -7.267076 4.133532 -5.892331
v -7.267076 4.133532 -4.420765
v -9.334276 4.070464 -5.892331
v -7.281091 4.070464 -5.892331
v -9.334276 4.133532 -5.892331
v -7.281091 4.133532 -5.892331
v -9.334276 4.133532 -4.420765
v -7.281091 4.133532 -4.420765
v -7.281091 4.070464 -4.420765
v -9.334276 4.070464 -4.420765
v -9.348291 4.070464 -4.434780
v -9.348291 4.070464 -5.878317
v -9.348291 4.133532 -4.434780
v -9.348291 4.133532 -5.878317
v -9.334276 4.133532 -4.434780
v -9.334276 4.133532 -5.878317
v -7.281091 4.133532 -4.434780
v -7.281091 4.133532 -5.878317
v -7.267076 4.133532 -4.434780
v -7.267076 4.133532 -5.878317
v -7.267076 4.070464 -5.878317
v -7.267076 4.070464 -4.434780
v -9.513485 4.105502 -5.841552
v -9.410129 4.077472 -4.400727
v -9.456404 4.077472 -4.435678
v -9.253491 4.091487 -5.864646
v -9.250923 4.091487 -5.791112
v -8.680222 4.091487 -5.847853
v -8.788713 4.091487 -4.482036
v -9.464695 4.091487 -4.458430
v -9.358130 4.091487 -4.388528
v -9.256701 4.091487 -4.465694
v -9.448113 4.091487 -4.405919
v -9.302922 4.091487 -5.789296
v -7.433537 4.091487 -5.928200
v -7.746171 4.091487 -4.444819
v -7.432253 4.091487 -5.891433
v -9.512201 4.091487 -5.818800
v -9.461486 4.091487 -5.857382
v -9.411413 4.091487 -4.423479
v -8.681506 4.091487 -5.884620
v -8.787429 4.091487 -4.445269
v -7.747455 4.091487 -4.481586
v -7.336704 4.119517 -4.667374
v -7.317466 4.119517 -4.447479
v -7.134727 4.140539 -5.940655
v -7.079688 4.140539 -5.908540
v -7.339381 4.119517 -5.294945
v -7.284872 4.119517 -4.671909
v -7.653051 4.119517 -5.895307
v -9.031141 4.119517 -4.334482
v -8.976102 4.119517 -4.302368
v -9.040760 4.119517 -4.444429
v -9.014584 4.105502 -4.306035
v -8.677934 4.119517 -4.476173
v -7.006472 4.119517 -4.474688
v -6.969822 4.133532 -4.491963
v -8.256862 4.119517 -4.439152
v -7.102005 4.168569 -5.922415
v -6.957846 4.119517 -4.515872
v -7.838996 4.119517 -4.438781
v -7.842203 4.119517 -4.475430
v -7.424337 4.119517 -4.475059
v -7.186560 4.119517 -5.936120
v -7.076482 4.119517 -5.871891
v -8.674727 4.119517 -4.439524
v -8.260068 4.119517 -4.475802
v -7.649845 4.119517 -5.858658
v -7.338850 4.119517 -5.885866
v -7.421131 4.119517 -4.438410
v -7.287548 4.119517 -5.299480
v -7.309824 4.105502 -4.467404
v -7.416696 4.105502 -4.439824
v -7.413489 4.105502 -4.476474
v -9.191822 4.105502 -4.447409
v -8.667086 4.105502 -4.475360
v -8.252427 4.105502 -4.439082
v -8.670292 4.105502 -4.438711
v -7.123718 4.077472 -4.206683
v -6.996684 4.105502 -5.658687
v -7.293792 4.105502 -4.650650
v -9.198235 4.105502 -4.374111
v -9.084951 4.105502 -4.474989
v -7.831355 4.105502 -4.476102
v -7.176772 4.105502 -4.197256
v -8.249220 4.105502 -4.475731
v -7.121733 4.091487 -4.229370
v -7.170359 4.105502 -4.270554
v -7.173566 4.105502 -4.233905
v -7.307678 4.105502 -5.685896
v -7.346155 4.105502 -5.246106
v -7.834561 4.105502 -4.439453
v -7.118527 4.105502 -4.266019
v -7.345625 4.105502 -4.655185
v -9.088158 4.105502 -4.438340
v -7.294323 4.105502 -5.241571
vt 0.391211 0.496946
vt 0.731790 0.482706
vt 0.731790 0.017617
vt 0.717550 0.003377
vt 0.717550 0.003377
vt 0.391211 0.003377
vt 0.391211 0.496946
vt 0.731790 0.482706
vt 0.391211 0.496946
vt 0.717550 0.496946
vt 0.043052 0.211174
vt 0.002727 0.251498
vt 0.343306 0.496946
vt 0.343306 0.003377
vt 0.043052 0.211174
vt 0.343306 0.003377
vt 0.057292 0.003377
vt 0.043052 0.017617
vt 0.002727 0.251498
vt 0.002727 0.482706
vt 0.016967 0.496946
vt 0.343306 0.496946
vt 0.677225 0.503704
vt 0.378791 0.503704
vt 0.691465 0.711500
vt 0.691465 0.517944
vt 0.378791 0.997272
vt 0.731790 0.751824
vt 0.691465 0.711500
vt 0.378791 0.503704
vt 0.717550 0.997272
vt 0.731790 0.983032
vt 0.731790 0.751824
vt 0.378791 0.997272
vt 0.002727 0.517944
vt 0.002727 0.983032
vt 0.355726 0.997272
vt 0.016967 0.503704
vt 0.355726 0.997272
vt 0.002727 0.983032
vt 0.016967 0.997272
vt 0.355726 0.997272
vt 0.355726 0.503704
vt 0.016967 0.503704
vt 0.740990 0.656643
vt 0.737617 0.656643
vt 0.737617 0.997594
vt 0.740990 0.997594
vt 0.355726 0.503704
vt 0.355726 0.997272
vt 0.356824 0.997272
vt 0.356824 0.503704
vt 0.749260 0.606547
vt 0.745887 0.606547
vt 0.745887 0.608932
vt 0.749260 0.608932
vt 0.749260 0.307759
vt 0.745887 0.307759
vt 0.745887 0.606547
vt 0.749260 0.606547
vt 0.009809 0.135805
vt 0.009809 0.139186
vt 0.030231 0.139186
vt 0.030231 0.135805
vt 0.740990 0.019073
vt 0.737617 0.019073
vt 0.737617 0.260258
vt 0.740990 0.260258
vt 0.754157 0.998367
vt 0.757530 0.998367
vt 0.757530 0.512627
vt 0.754157 0.512627
vt 0.737617 0.656643
vt 0.740990 0.656643
vt 0.740990 0.654258
vt 0.737617 0.654258
vt 0.745887 0.997594
vt 0.749260 0.997594
vt 0.749260 0.656640
vt 0.745887 0.656640
vt 0.001797 0.229514
vt 0.005171 0.229514
vt 0.005171 0.030443
vt 0.001797 0.030443
vt 0.010829 0.152431
vt 0.010829 0.155944
vt 0.032045 0.155944
vt 0.032045 0.152431
vt 0.737617 0.606551
vt 0.740990 0.606551
vt 0.740990 0.265600
vt 0.737617 0.265600
vt 0.013470 0.161223
vt 0.010071 0.161228
vt 0.010071 0.217039
vt 0.013470 0.217034
vt 0.010745 0.144090
vt 0.010745 0.147471
vt 0.031167 0.147471
vt 0.031167 0.144090
vt 0.343306 0.003377
vt 0.343306 0.496946
vt 0.345587 0.496946
vt 0.345587 0.003377
vt 0.031167 0.127521
vt 0.010745 0.127521
vt 0.010745 0.130902
vt 0.031167 0.130902
vt 0.391211 0.001764
vt 0.391211 0.003377
vt 0.717550 0.003377
vt 0.718218 0.001764
vt 0.718218 0.001764
vt 0.717550 0.003377
vt 0.731790 0.017617
vt 0.733403 0.016949
vt 0.733403 0.016949
vt 0.731790 0.017617
vt 0.731790 0.482706
vt 0.733403 0.483374
vt 0.733403 0.483374
vt 0.731790 0.482706
vt 0.717550 0.496946
vt 0.718218 0.498559
vt 0.391211 0.498559
vt 0.718218 0.498559
vt 0.717550 0.496946
vt 0.391211 0.496946
vt 0.391211 0.498559
vt 0.391211 0.496946
vt 0.388930 0.496946
vt 0.388930 0.498559
vt 0.343306 0.498559
vt 0.343306 0.496946
vt 0.016967 0.496946
vt 0.016299 0.498559
vt 0.016299 0.498559
vt 0.016967 0.496946
vt 0.002727 0.482706
vt 0.001115 0.483374
vt 0.001115 0.483374
vt 0.002727 0.482706
vt 0.002727 0.251498
vt 0.001115 0.250830
vt 0.001115 0.250830
vt 0.002727 0.251498
vt 0.043052 0.211174
vt 0.041439 0.210505
vt 0.041439 0.210505
vt 0.043052 0.211174
vt 0.043052 0.017617
vt 0.041439 0.016949
vt 0.041439 0.016949
vt 0.043052 0.017617
vt 0.057292 0.003377
vt 0.056624 0.001764
vt 0.343306 0.001764
vt 0.056624 0.001764
vt 0.057292 0.003377
vt 0.343306 0.003377
vt 0.391211 0.003377
vt 0.391211 0.001764
vt 0.388930 0.001764
vt 0.388930 0.003377
vt 0.016299 0.502091
vt 0.016967 0.503704
vt 0.355726 0.503704
vt 0.355726 0.502091
vt 0.001114 0.517276
vt 0.002727 0.517944
vt 0.016967 0.503704
vt 0.016299 0.502091
vt 0.001114 0.983701
vt 0.002727 0.983032
vt 0.002727 0.517944
vt 0.001114 0.517276
vt 0.016299 0.998885
vt 0.016967 0.997272
vt 0.002727 0.983032
vt 0.001114 0.983701
vt 0.355726 0.998885
vt 0.355726 0.997272
vt 0.016967 0.997272
vt 0.016299 0.998885
vt 0.378791 0.998885
vt 0.378791 0.997272
vt 0.377693 0.997272
vt 0.377693 0.998885
vt 0.718218 0.998885
vt 0.717550 0.997272
vt 0.378791 0.997272
vt 0.378791 0.998885
vt 0.733403 0.983701
vt 0.731790 0.983032
vt 0.717550 0.997272
vt 0.718218 0.998885
vt 0.733403 0.751156
vt 0.731790 0.751824
vt 0.731790 0.983032
vt 0.733403 0.983701
vt 0.693078 0.710832
vt 0.691465 0.711500
vt 0.731790 0.751824
vt 0.733403 0.751156
vt 0.693078 0.517276
vt 0.691465 0.517944
vt 0.691465 0.711500
vt 0.693078 0.710832
vt 0.677894 0.502091
vt 0.677225 0.503704
vt 0.691465 0.517944
vt 0.693078 0.517276
vt 0.378791 0.502091
vt 0.378791 0.503704
vt 0.677225 0.503704
vt 0.677894 0.502091
vt 0.378791 0.503704
vt 0.378791 0.502091
vt 0.377693 0.502091
vt 0.377693 0.503704
vt 0.388930 0.496946
vt 0.391211 0.496946
vt 0.391211 0.003377
vt 0.388930 0.003377
vt 0.386649 0.496946
vt 0.388930 0.496946
vt 0.388930 0.003377
vt 0.386649 0.003377
vt 0.384368 0.496946
vt 0.386649 0.496946
vt 0.386649 0.003377
vt 0.384368 0.003377
vt 0.382086 0.496946
vt 0.384368 0.496946
vt 0.384368 0.003377
vt 0.382086 0.003377
vt 0.379805 0.496946
vt 0.382086 0.496946
vt 0.382086 0.003377
vt 0.379805 0.003377
vt 0.377524 0.496946
vt 0.379805 0.496946
vt 0.379805 0.003377
vt 0.377524 0.003377
vt 0.375243 0.496946
vt 0.377524 0.496946
vt 0.377524 0.003377
vt 0.375243 0.003377
vt 0.372962 0.496946
vt 0.375243 0.496946
vt 0.375243 0.003377
vt 0.372962 0.003377
vt 0.370680 0.496946
vt 0.372962 0.496946
vt 0.372962 0.003377
vt 0.370680 0.003377
vt 0.368399 0.496946
vt 0.370680 0.496946
vt 0.370680 0.003377
vt 0.368399 0.003377
vt 0.366118 0.496946
vt 0.368399 0.496946
vt 0.368399 0.003377
vt 0.366118 0.003377
vt 0.363837 0.496946
vt 0.366118 0.496946
vt 0.366118 0.003377
vt 0.363837 0.003377
vt 0.361556 0.496946
vt 0.363837 0.496946
vt 0.363837 0.003377
vt 0.361556 0.003377
vt 0.359274 0.496946
vt 0.361556 0.496946
vt 0.361556 0.003377
vt 0.359274 0.003377
vt 0.356993 0.496946
vt 0.359274 0.496946
vt 0.359274 0.003377
vt 0.356993 0.003377
vt 0.354712 0.496946
vt 0.356993 0.496946
vt 0.356993 0.003377
vt 0.354712 0.003377
vt 0.352431 0.496946
vt 0.354712 0.496946
vt 0.354712 0.003377
vt 0.352431 0.003377
vt 0.350150 0.496946
vt 0.352431 0.496946
vt 0.352431 0.003377
vt 0.350150 0.003377
vt 0.347868 0.496946
vt 0.350150 0.496946
vt 0.350150 0.003377
vt 0.347868 0.003377
vt 0.345587 0.496946
vt 0.347868 0.496946
vt 0.347868 0.003377
vt 0.345587 0.003377
vt 0.388930 0.496946
vt 0.386649 0.496946
vt 0.386649 0.498559
vt 0.388930 0.498559
vt 0.386649 0.496946
vt 0.384368 0.496946
vt 0.384368 0.498559
vt 0.386649 0.498559
vt 0.384368 0.496946
vt 0.382086 0.496946
vt 0.382086 0.498559
vt 0.384368 0.498559
vt 0.382086 0.496946
vt 0.379805 0.496946
vt 0.379805 0.498559
vt 0.382086 0.498559
vt 0.379805 0.496946
vt 0.377524 0.496946
vt 0.377524 0.498559
vt 0.379805 0.498559
vt 0.377524 0.496946
vt 0.375243 0.496946
vt 0.375243 0.498559
vt 0.377524 0.498559
vt 0.375243 0.496946
vt 0.372962 0.496946
vt 0.372962 0.498559
vt 0.375243 0.498559
vt 0.372962 0.496946
vt 0.370680 0.496946
vt 0.370680 0.498559
vt 0.372962 0.498559
vt 0.370680 0.496946
vt 0.368399 0.496946
vt 0.368399 0.498559
vt 0.370680 0.498559
vt 0.368399 0.496946
vt 0.366118 0.496946
vt 0.366118 0.498559
vt 0.368399 0.498559
vt 0.366118 0.496946
vt 0.363837 0.496946
vt 0.363837 0.498559
vt 0.366118 0.498559
vt 0.363837 0.496946
vt 0.361556 0.496946
vt 0.361556 0.498559
vt 0.363837 0.498559
vt 0.361556 0.496946
vt 0.359274 0.496946
vt 0.359274 0.498559
vt 0.361556 0.498559
vt 0.359274 0.496946
vt 0.356993 0.496946
vt 0.356993 0.498559
vt 0.359274 0.498559
vt 0.356993 0.496946
vt 0.354712 0.496946
vt 0.354712 0.498559
vt 0.356993 0.498559
vt 0.354712 0.496946
vt 0.352431 0.496946
vt 0.352431 0.498559
vt 0.354712 0.498559
vt 0.352431 0.496946
vt 0.350150 0.496946
vt 0.350150 0.498559
vt 0.352431 0.498559
vt 0.350150 0.496946
vt 0.347868 0.496946
vt 0.347868 0.498559
vt 0.350150 0.498559
vt 0.347868 0.496946
vt 0.345587 0.496946
vt 0.345587 0.498559
vt 0.347868 0.498559
vt 0.345587 0.496946
vt 0.343306 0.496946
vt 0.343306 0.498559
vt 0.345587 0.498559
vt 0.740990 0.608936
vt 0.740990 0.606551
vt 0.737617 0.606551
vt 0.737617 0.608936
vt 0.740990 0.611322
vt 0.740990 0.608936
vt 0.737617 0.608936
vt 0.737617 0.611322
vt 0.740990 0.613707
vt 0.740990 0.611322
vt 0.737617 0.611322
vt 0.737617 0.613707
vt 0.740990 0.616092
vt 0.740990 0.613707
vt 0.737617 0.613707
vt 0.737617 0.616092
vt 0.740990 0.618478
vt 0.740990 0.616092
vt 0.737617 0.616092
vt 0.737617 0.618478
vt 0.740990 0.620863
vt 0.740990 0.618478
vt 0.737617 0.618478
vt 0.737617 0.620863
vt 0.740990 0.623248
vt 0.740990 0.620863
vt 0.737617 0.620863
vt 0.737617 0.623248
vt 0.740990 0.625634
vt 0.740990 0.623248
vt 0.737617 0.623248
vt 0.737617 0.625634
vt 0.740990 0.628019
vt 0.740990 0.625634
vt 0.737617 0.625634
vt 0.737617 0.628019
vt 0.740990 0.630404
vt 0.740990 0.628019
vt 0.737617 0.628019
vt 0.737617 0.630404
vt 0.740990 0.632790
vt 0.740990 0.630404
vt 0.737617 0.630404
vt 0.737617 0.632790
vt 0.740990 0.635175
vt 0.740990 0.632790
vt 0.737617 0.632790
vt 0.737617 0.635175
vt 0.740990 0.637560
vt 0.740990 0.635175
vt 0.737617 0.635175
vt 0.737617 0.637560
vt 0.740990 0.639946
vt 0.740990 0.637560
vt 0.737617 0.637560
vt 0.737617 0.639946
vt 0.740990 0.642331
vt 0.740990 0.639946
vt 0.737617 0.639946
vt 0.737617 0.642331
vt 0.740990 0.644717
vt 0.740990 0.642331
vt 0.737617 0.642331
vt 0.737617 0.644717
vt 0.740990 0.647102
vt 0.740990 0.644717
vt 0.737617 0.644717
vt 0.737617 0.647102
vt 0.740990 0.649487
vt 0.740990 0.647102
vt 0.737617 0.647102
vt 0.737617 0.649487
vt 0.740990 0.651873
vt 0.740990 0.649487
vt 0.737617 0.649487
vt 0.737617 0.651873
vt 0.740990 0.654258
vt 0.740990 0.651873
vt 0.737617 0.651873
vt 0.737617 0.654258
vt 0.356824 0.997272
vt 0.355726 0.997272
vt 0.355726 0.998885
vt 0.356824 0.998885
vt 0.357923 0.997272
vt 0.356824 0.997272
vt 0.356824 0.998885
vt 0.357923 0.998885
vt 0.359021 0.997272
vt 0.357923 0.997272
vt 0.357923 0.998885
vt 0.359021 0.998885
vt 0.360119 0.997272
vt 0.359021 0.997272
vt 0.359021 0.998885
vt 0.360119 0.998885
vt 0.361217 0.997272
vt 0.360119 0.997272
vt 0.360119 0.998885
vt 0.361217 0.998885
vt 0.362316 0.997272
vt 0.361217 0.997272
vt 0.361217 0.998885
vt 0.362316 0.998885
vt 0.363414 0.997272
vt 0.362316 0.997272
vt 0.362316 0.998885
vt 0.363414 0.998885
vt 0.364513 0.997272
vt 0.363414 0.997272
vt 0.363414 0.998885
vt 0.364513 0.998885
vt 0.365611 0.997272
vt 0.364513 0.997272
vt 0.364513 0.998885
vt 0.365611 0.998885
vt 0.366709 0.997272
vt 0.365611 0.997272
vt 0.365611 0.998885
vt 0.366709 0.998885
vt 0.367808 0.997272
vt 0.366709 0.997272
vt 0.366709 0.998885
vt 0.367808 0.998885
vt 0.368906 0.997272
vt 0.367808 0.997272
vt 0.367808 0.998885
vt 0.368906 0.998885
vt 0.370004 0.997272
vt 0.368906 0.997272
vt 0.368906 0.998885
vt 0.370004 0.998885
vt 0.371103 0.997272
vt 0.370004 0.997272
vt 0.370004 0.998885
vt 0.371103 0.998885
vt 0.372201 0.997272
vt 0.371103 0.997272
vt 0.371103 0.998885
vt 0.372201 0.998885
vt 0.373299 0.997272
vt 0.372201 0.997272
vt 0.372201 0.998885
vt 0.373299 0.998885
vt 0.374398 0.997272
vt 0.373299 0.997272
vt 0.373299 0.998885
vt 0.374398 0.998885
vt 0.375496 0.997272
vt 0.374398 0.997272
vt 0.374398 0.998885
vt 0.375496 0.998885
vt 0.376594 0.997272
vt 0.375496 0.997272
vt 0.375496 0.998885
vt 0.376594 0.998885
vt 0.377693 0.997272
vt 0.376594 0.997272
vt 0.376594 0.998885
vt 0.377693 0.998885
vt 0.356824 0.997272
vt 0.357923 0.997272
vt 0.357923 0.503704
vt 0.356824 0.503704
vt 0.357923 0.997272
vt 0.359021 0.997272
vt 0.359021 0.503704
vt 0.357923 0.503704
vt 0.359021 0.997272
vt 0.360119 0.997272
vt 0.360119 0.503704
vt 0.359021 0.503704
vt 0.360119 0.997272
vt 0.361217 0.997272
vt 0.361217 0.503704
vt 0.360119 0.503704
vt 0.361217 0.997272
vt 0.362316 0.997272
vt 0.362316 0.503704
vt 0.361217 0.503704
vt 0.362316 0.997272
vt 0.363414 0.997272
vt 0.363414 0.503704
vt 0.362316 0.503704
vt 0.363414 0.997272
vt 0.364513 0.997272
vt 0.364513 0.503704
vt 0.363414 0.503704
vt 0.364513 0.997272
vt 0.365611 0.997272
vt 0.365611 0.503704
vt 0.364513 0.503704
vt 0.365611 0.997272
vt 0.366709 0.997272
vt 0.366709 0.503704
vt 0.365611 0.503704
vt 0.366709 0.997272
vt 0.367808 0.997272
vt 0.367808 0.503704
vt 0.366709 0.503704
vt 0.367808 0.997272
vt 0.368906 0.997272
vt 0.368906 0.503704
vt 0.367808 0.503704
vt 0.368906 0.997272
vt 0.370004 0.997272
vt 0.370004 0.503704
vt 0.368906 0.503704
vt 0.370004 0.997272
vt 0.371103 0.997272
vt 0.371103 0.503704
vt 0.370004 0.503704
vt 0.371103 0.997272
vt 0.372201 0.997272
vt 0.372201 0.503704
vt 0.371103 0.503704
vt 0.372201 0.997272
vt 0.373299 0.997272
vt 0.373299 0.503704
vt 0.372201 0.503704
vt 0.373299 0.997272
vt 0.374398 0.997272
vt 0.374398 0.503704
vt 0.373299 0.503704
vt 0.374398 0.997272
vt 0.375496 0.997272
vt 0.375496 0.503704
vt 0.374398 0.503704
vt 0.375496 0.997272
vt 0.376594 0.997272
vt 0.376594 0.503704
vt 0.375496 0.503704
vt 0.376594 0.997272
vt 0.377693 0.997272
vt 0.377693 0.503704
vt 0.376594 0.503704
vt 0.377693 0.997272
vt 0.378791 0.997272
vt 0.378791 0.503704
vt 0.377693 0.503704
vt 0.356824 0.502091
vt 0.355726 0.502091
vt 0.355726 0.503704
vt 0.356824 0.503704
vt 0.357923 0.502091
vt 0.356824 0.502091
vt 0.356824 0.503704
vt 0.357923 0.503704
vt 0.359021 0.502091
vt 0.357923 0.502091
vt 0.357923 0.503704
vt 0.359021 0.503704
vt 0.360119 0.502091
vt 0.359021 0.502091
vt 0.359021 0.503704
vt 0.360119 0.503704
vt 0.361217 0.502091
vt 0.360119 0.502091
vt 0.360119 0.503704
vt 0.361217 0.503704
vt 0.362316 0.502091
vt 0.361217 0.502091
vt 0.361217 0.503704
vt 0.362316 0.503704
vt 0.363414 0.502091
vt 0.362316 0.502091
vt 0.362316 0.503704
vt 0.363414 0.503704
vt 0.364513 0.502091
vt 0.363414 0.502091
vt 0.363414 0.503704
vt 0.364513 0.503704
vt 0.365611 0.502091
vt 0.364513 0.502091
vt 0.364513 0.503704
vt 0.365611 0.503704
vt 0.366709 0.502091
vt 0.365611 0.502091
vt 0.365611 0.503704
vt 0.366709 0.503704
vt 0.367808 0.502091
vt 0.366709 0.502091
vt 0.366709 0.503704
vt 0.367808 0.503704
vt 0.368906 0.502091
vt 0.367808 0.502091
vt 0.367808 0.503704
vt 0.368906 0.503704
vt 0.370004 0.502091
vt 0.368906 0.502091
vt 0.368906 0.503704
vt 0.370004 0.503704
vt 0.371103 0.502091
vt 0.370004 0.502091
vt 0.370004 0.503704
vt 0.371103 0.503704
vt 0.372201 0.502091
vt 0.371103 0.502091
vt 0.371103 0.503704
vt 0.372201 0.503704
vt 0.373299 0.502091
vt 0.372201 0.502091
vt 0.372201 0.503704
vt 0.373299 0.503704
vt 0.374398 0.502091
vt 0.373299 0.502091
vt 0.373299 0.503704
vt 0.374398 0.503704
vt 0.375496 0.502091
vt 0.374398 0.502091
vt 0.374398 0.503704
vt 0.375496 0.503704
vt 0.376594 0.502091
vt 0.375496 0.502091
vt 0.375496 0.503704
vt 0.376594 0.503704
vt 0.377693 0.502091
vt 0.376594 0.502091
vt 0.376594 0.503704
vt 0.377693 0.503704
vt 0.745887 0.654255
vt 0.745887 0.656640
vt 0.749260 0.656640
vt 0.749260 0.654255
vt 0.745887 0.651869
vt 0.745887 0.654255
vt 0.749260 0.654255
vt 0.749260 0.651869
vt 0.745887 0.649484
vt 0.745887 0.651869
vt 0.749260 0.651869
vt 0.749260 0.649484
vt 0.745887 0.647098
vt 0.745887 0.649484
vt 0.749260 0.649484
vt 0.749260 0.647098
vt 0.745887 0.644713
vt 0.745887 0.647098
vt 0.749260 0.647098
vt 0.749260 0.644713
vt 0.745887 0.642328
vt 0.745887 0.644713
vt 0.749260 0.644713
vt 0.749260 0.642328
vt 0.745887 0.639942
vt 0.745887 0.642328
vt 0.749260 0.642328
vt 0.749260 0.639942
vt 0.745887 0.637557
vt 0.745887 0.639942
vt 0.749260 0.639942
vt 0.749260 0.637557
vt 0.745887 0.635172
vt 0.745887 0.637557
vt 0.749260 0.637557
vt 0.749260 0.635172
vt 0.745887 0.632786
vt 0.745887 0.635172
vt 0.749260 0.635172
vt 0.749260 0.632786
vt 0.745887 0.630401
vt 0.745887 0.632786
vt 0.749260 0.632786
vt 0.749260 0.630401
vt 0.745887 0.628016
vt 0.745887 0.630401
vt 0.749260 0.630401
vt 0.749260 0.628016
vt 0.745887 0.625630
vt 0.745887 0.628016
vt 0.749260 0.628016
vt 0.749260 0.625630
vt 0.745887 0.623245
vt 0.745887 0.625630
vt 0.749260 0.625630
vt 0.749260 0.623245
vt 0.745887 0.620859
vt 0.745887 0.623245
vt 0.749260 0.623245
vt 0.749260 0.620859
vt 0.745887 0.618474
vt 0.745887 0.620859
vt 0.749260 0.620859
vt 0.749260 0.618474
vt 0.745887 0.616089
vt 0.745887 0.618474
vt 0.749260 0.618474
vt 0.749260 0.616089
vt 0.745887 0.613703
vt 0.745887 0.616089
vt 0.749260 0.616089
vt 0.749260 0.613703
vt 0.745887 0.611318
vt 0.745887 0.613703
vt 0.749260 0.613703
vt 0.749260 0.611318
vt 0.745887 0.608932
vt 0.745887 0.611318
vt 0.749260 0.611318
vt 0.749260 0.608932
vt 0.388930 0.001764
vt 0.386649 0.001764
vt 0.386649 0.003377
vt 0.388930 0.003377
vt 0.386649 0.001764
vt 0.384368 0.001764
vt 0.384368 0.003377
vt 0.386649 0.003377
vt 0.384368 0.001764
vt 0.382086 0.001764
vt 0.382086 0.003377
vt 0.384368 0.003377
vt 0.382086 0.001764
vt 0.379805 0.001764
vt 0.379805 0.003377
vt 0.382086 0.003377
vt 0.379805 0.001764
vt 0.377524 0.001764
vt 0.377524 0.003377
vt 0.379805 0.003377
vt 0.377524 0.001764
vt 0.375243 0.001764
vt 0.375243 0.003377
vt 0.377524 0.003377
vt 0.375243 0.001764
vt 0.372962 0.001764
vt 0.372962 0.003377
vt 0.375243 0.003377
vt 0.372962 0.001764
vt 0.370680 0.001764
vt 0.370680 0.003377
vt 0.372962 0.003377
vt 0.370680 0.001764
vt 0.368399 0.001764
vt 0.368399 0.003377
vt 0.370680 0.003377
vt 0.368399 0.001764
vt 0.366118 0.001764
vt 0.366118 0.003377
vt 0.368399 0.003377
vt 0.366118 0.001764
vt 0.363837 0.001764
vt 0.363837 0.003377
vt 0.366118 0.003377
vt 0.363837 0.001764
vt 0.361556 0.001764
vt 0.361556 0.003377
vt 0.363837 0.003377
vt 0.361556 0.001764
vt 0.359274 0.001764
vt 0.359274 0.003377
vt 0.361556 0.003377
vt 0.359274 0.001764
vt 0.356993 0.001764
vt 0.356993 0.003377
vt 0.359274 0.003377
vt 0.356993 0.001764
vt 0.354712 0.001764
vt 0.354712 0.003377
vt 0.356993 0.003377
vt 0.354712 0.001764
vt 0.352431 0.001764
vt 0.352431 0.003377
vt 0.354712 0.003377
vt 0.352431 0.001764
vt 0.350150 0.001764
vt 0.350150 0.003377
vt 0.352431 0.003377
vt 0.350150 0.001764
vt 0.347868 0.001764
vt 0.347868 0.003377
vt 0.350150 0.003377
vt 0.347868 0.001764
vt 0.345587 0.001764
vt 0.345587 0.003377
vt 0.347868 0.003377
vt 0.345587 0.001764
vt 0.343306 0.001764
vt 0.343306 0.003377
vt 0.345587 0.003377
vt 0.744488 0.998901
vt 0.745218 0.999674
vt 0.745218 0.998488
vt 0.009349 0.126119
vt 0.008597 0.126850
vt 0.009830 0.126850
vt 0.736218 0.998901
vt 0.736948 0.999674
vt 0.736948 0.998488
vt 0.009378 0.150975
vt 0.008597 0.151735
vt 0.009878 0.151735
vt 0.031627 0.134403
vt 0.031146 0.135135
vt 0.032379 0.135135
vt 0.744488 0.306452
vt 0.745218 0.306865
vt 0.745218 0.305679
vt 0.000401 0.028549
vt 0.001111 0.029374
vt 0.001111 0.028280
vt 0.014887 0.218490
vt 0.014146 0.217961
vt 0.014150 0.219225
vt 0.009349 0.148872
vt 0.009830 0.148141
vt 0.008597 0.148141
vt 0.736218 0.264293
vt 0.736948 0.264706
vt 0.736948 0.263520
vt 0.009378 0.157400
vt 0.009878 0.156640
vt 0.008597 0.156640
vt 0.009349 0.142688
vt 0.008597 0.143419
vt 0.009830 0.143419
vt 0.742389 0.998901
vt 0.741659 0.998488
vt 0.741659 0.999674
vt 0.742389 0.264293
vt 0.741659 0.263520
vt 0.741659 0.264706
vt 0.006568 0.028549
vt 0.005857 0.028280
vt 0.005857 0.029374
vt 0.008671 0.218500
vt 0.009404 0.219232
vt 0.009400 0.217969
vt 0.750659 0.998901
vt 0.749929 0.998488
vt 0.749929 0.999674
vt 0.009349 0.132303
vt 0.009830 0.131572
vt 0.008597 0.131572
vt 0.031627 0.140588
vt 0.032379 0.139857
vt 0.031146 0.139857
vt 0.750659 0.306452
vt 0.749929 0.305679
vt 0.749929 0.306865
vt 0.343306 0.498559
vt 0.016299 0.498559
vt 0.016761 0.499348
vt 0.343306 0.499348
vt 0.032045 0.152431
vt 0.032045 0.155944
vt 0.033117 0.155944
vt 0.033117 0.152431
vt 0.718218 0.998885
vt 0.378791 0.998885
vt 0.378791 0.999674
vt 0.717756 0.999674
vt 0.343306 0.001764
vt 0.345587 0.001764
vt 0.345587 0.000976
vt 0.343306 0.000976
vt 0.377693 0.502091
vt 0.378791 0.502091
vt 0.378791 0.501302
vt 0.377693 0.501302
vt 0.009809 0.139186
vt 0.009809 0.135805
vt 0.008778 0.135805
vt 0.008778 0.139186
vt 0.056624 0.001764
vt 0.343306 0.001764
vt 0.343306 0.000976
vt 0.057086 0.000976
vt 0.378791 0.502091
vt 0.677894 0.502091
vt 0.677431 0.501302
vt 0.378791 0.501302
vt 0.677894 0.502091
vt 0.693078 0.517276
vt 0.693309 0.516391
vt 0.678778 0.501860
vt 0.005171 0.229514
vt 0.001797 0.229514
vt 0.001797 0.230562
vt 0.005171 0.230562
vt 0.041439 0.016949
vt 0.056624 0.001764
vt 0.055739 0.001533
vt 0.041208 0.016065
vt 0.010829 0.155944
vt 0.010829 0.152431
vt 0.009729 0.152431
vt 0.009729 0.155944
vt 0.001115 0.483374
vt 0.001115 0.250830
vt 0.000326 0.251292
vt 0.000326 0.482912
vt 0.013470 0.217034
vt 0.010071 0.217039
vt 0.010073 0.218103
vt 0.013471 0.218097
vt 0.733403 0.751156
vt 0.733403 0.983701
vt 0.734191 0.983239
vt 0.734191 0.751618
vt 0.010745 0.147471
vt 0.010745 0.144090
vt 0.009686 0.144090
vt 0.009686 0.147471
vt 0.001114 0.983701
vt 0.001114 0.517276
vt 0.000326 0.517738
vt 0.000326 0.983239
vt 0.010745 0.130902
vt 0.010745 0.127521
vt 0.009686 0.127521
vt 0.009686 0.130902
vt 0.733403 0.016949
vt 0.733403 0.483374
vt 0.734191 0.482912
vt 0.734191 0.017411
vt 0.378791 0.998885
vt 0.377693 0.998885
vt 0.377693 0.999674
vt 0.378791 0.999674
vt 0.345587 0.498559
vt 0.343306 0.498559
vt 0.343306 0.499348
vt 0.345587 0.499348
vt 0.031167 0.127521
vt 0.031167 0.130902
vt 0.032199 0.130902
vt 0.032199 0.127521
vt 0.016299 0.502091
vt 0.355726 0.502091
vt 0.355726 0.501302
vt 0.016761 0.501302
vt 0.391211 0.001764
vt 0.718218 0.001764
vt 0.717756 0.000976
vt 0.391211 0.000976
vt 0.693078 0.517276
vt 0.693078 0.710832
vt 0.693867 0.709716
vt 0.693867 0.517738
vt 0.010071 0.161228
vt 0.013470 0.161223
vt 0.013468 0.160159
vt 0.010070 0.160165
vt 0.041439 0.210505
vt 0.041439 0.016949
vt 0.040650 0.017411
vt 0.040650 0.209390
vt 0.733403 0.983701
vt 0.718218 0.998885
vt 0.719102 0.999116
vt 0.733634 0.984585
vt 0.016299 0.498559
vt 0.001115 0.483374
vt 0.000883 0.484259
vt 0.015415 0.498790
vt 0.355726 0.998885
vt 0.016299 0.998885
vt 0.016761 0.999674
vt 0.355726 0.999674
vt 0.031167 0.144090
vt 0.031167 0.147471
vt 0.032199 0.147471
vt 0.032199 0.144090
vt 0.718218 0.498559
vt 0.391211 0.498559
vt 0.391211 0.499348
vt 0.717756 0.499348
vt 0.693078 0.710832
vt 0.733403 0.751156
vt 0.733634 0.750272
vt 0.694425 0.711063
vt 0.001115 0.250830
vt 0.041439 0.210505
vt 0.040092 0.210737
vt 0.000883 0.249945
vt 0.733403 0.483374
vt 0.718218 0.498559
vt 0.719102 0.498790
vt 0.733634 0.484259
vt 0.016299 0.998885
vt 0.001114 0.983701
vt 0.000883 0.984585
vt 0.015415 0.999116
vt 0.718218 0.001764
vt 0.733403 0.016949
vt 0.733634 0.016065
vt 0.719102 0.001533
vt 0.001114 0.517276
vt 0.016299 0.502091
vt 0.015415 0.501860
vt 0.000883 0.516391
vt 0.737617 0.608936
vt 0.737617 0.606551
vt 0.736792 0.606551
vt 0.736792 0.608936
vt 0.745887 0.656640
vt 0.745887 0.654255
vt 0.745062 0.654255
vt 0.745062 0.656640
vt 0.737617 0.611322
vt 0.737617 0.608936
vt 0.736792 0.608936
vt 0.736792 0.611322
vt 0.737617 0.613707
vt 0.737617 0.611322
vt 0.736792 0.611322
vt 0.736792 0.613707
vt 0.737617 0.616092
vt 0.737617 0.613707
vt 0.736792 0.613707
vt 0.736792 0.616092
vt 0.737617 0.618478
vt 0.737617 0.616092
vt 0.736792 0.616092
vt 0.736792 0.618478
vt 0.737617 0.620863
vt 0.737617 0.618478
vt 0.736792 0.618478
vt 0.736792 0.620863
vt 0.737617 0.623248
vt 0.737617 0.620863
vt 0.736792 0.620863
vt 0.736792 0.623248
vt 0.737617 0.625634
vt 0.737617 0.623248
vt 0.736792 0.623248
vt 0.736792 0.625634
vt 0.737617 0.628019
vt 0.737617 0.625634
vt 0.736792 0.625634
vt 0.736792 0.628019
vt 0.737617 0.630404
vt 0.737617 0.628019
vt 0.736792 0.628019
vt 0.736792 0.630404
vt 0.737617 0.632790
vt 0.737617 0.630404
vt 0.736792 0.630404
vt 0.736792 0.632790
vt 0.737617 0.635175
vt 0.737617 0.632790
vt 0.736792 0.632790
vt 0.736792 0.635175
vt 0.737617 0.637560
vt 0.737617 0.635175
vt 0.736792 0.635175
vt 0.736792 0.637560
vt 0.737617 0.639946
vt 0.737617 0.637560
vt 0.736792 0.637560
vt 0.736792 0.639946
vt 0.737617 0.642331
vt 0.737617 0.639946
vt 0.736792 0.639946
vt 0.736792 0.642331
vt 0.737617 0.644717
vt 0.737617 0.642331
vt 0.736792 0.642331
vt 0.736792 0.644717
vt 0.737617 0.647102
vt 0.737617 0.644717
vt 0.736792 0.644717
vt 0.736792 0.647102
vt 0.737617 0.649487
vt 0.737617 0.647102
vt 0.736792 0.647102
vt 0.736792 0.649487
vt 0.737617 0.651873
vt 0.737617 0.649487
vt 0.736792 0.649487
vt 0.736792 0.651873
vt 0.737617 0.654258
vt 0.737617 0.651873
vt 0.736792 0.651873
vt 0.736792 0.654258
vt 0.356824 0.998885
vt 0.355726 0.998885
vt 0.355726 0.999674
vt 0.356824 0.999674
vt 0.357923 0.998885
vt 0.356824 0.998885
vt 0.356824 0.999674
vt 0.357922 0.999674
vt 0.359021 0.998885
vt 0.357923 0.998885
vt 0.357922 0.999674
vt 0.359021 0.999674
vt 0.360119 0.998885
vt 0.359021 0.998885
vt 0.359021 0.999674
vt 0.360119 0.999674
vt 0.361217 0.998885
vt 0.360119 0.998885
vt 0.360119 0.999674
vt 0.361217 0.999674
vt 0.362316 0.998885
vt 0.361217 0.998885
vt 0.361217 0.999674
vt 0.362316 0.999674
vt 0.363414 0.998885
vt 0.362316 0.998885
vt 0.362316 0.999674
vt 0.363414 0.999674
vt 0.364513 0.998885
vt 0.363414 0.998885
vt 0.363414 0.999674
vt 0.364513 0.999674
vt 0.365611 0.998885
vt 0.364513 0.998885
vt 0.364513 0.999674
vt 0.365611 0.999674
vt 0.366709 0.998885
vt 0.365611 0.998885
vt 0.365611 0.999674
vt 0.366709 0.999674
vt 0.367808 0.998885
vt 0.366709 0.998885
vt 0.366709 0.999674
vt 0.367808 0.999674
vt 0.368906 0.998885
vt 0.367808 0.998885
vt 0.367808 0.999674
vt 0.368906 0.999674
vt 0.370004 0.998885
vt 0.368906 0.998885
vt 0.368906 0.999674
vt 0.370004 0.999674
vt 0.371103 0.998885
vt 0.370004 0.998885
vt 0.370004 0.999674
vt 0.371103 0.999674
vt 0.372201 0.998885
vt 0.371103 0.998885
vt 0.371103 0.999674
vt 0.372201 0.999674
vt 0.373299 0.998885
vt 0.372201 0.998885
vt 0.372201 0.999674
vt 0.373299 0.999674
vt 0.374398 0.998885
vt 0.373299 0.998885
vt 0.373299 0.999674
vt 0.374398 0.999674
vt 0.375496 0.998885
vt 0.374398 0.998885
vt 0.374398 0.999674
vt 0.375496 0.999674
vt 0.376594 0.998885
vt 0.375496 0.998885
vt 0.375496 0.999674
vt 0.376594 0.999674
vt 0.377693 0.998885
vt 0.376594 0.998885
vt 0.376594 0.999674
vt 0.377693 0.999674
vt 0.749260 0.654255
vt 0.749260 0.656640
vt 0.750085 0.656640
vt 0.750085 0.654255
vt 0.749260 0.651869
vt 0.749260 0.654255
vt 0.750085 0.654255
vt 0.750085 0.651869
vt 0.749260 0.649484
vt 0.749260 0.651869
vt 0.750085 0.651869
vt 0.750085 0.649484
vt 0.749260 0.647098
vt 0.749260 0.649484
vt 0.750085 0.649484
vt 0.750085 0.647098
vt 0.749260 0.644713
vt 0.749260 0.647098
vt 0.750085 0.647098
vt 0.750085 0.644713
vt 0.749260 0.642328
vt 0.749260 0.644713
vt 0.750085 0.644713
vt 0.750085 0.642328
vt 0.749260 0.639942
vt 0.749260 0.642328
vt 0.750085 0.642328
vt 0.750085 0.639942
vt 0.749260 0.637557
vt 0.749260 0.639942
vt 0.750085 0.639942
vt 0.750085 0.637557
vt 0.749260 0.635172
vt 0.749260 0.637557
vt 0.750085 0.637557
vt 0.750085 0.635172
vt 0.749260 0.632786
vt 0.749260 0.635172
vt 0.750085 0.635172
vt 0.750085 0.632786
vt 0.749260 0.630401
vt 0.749260 0.632786
vt 0.750085 0.632786
vt 0.750085 0.630401
vt 0.749260 0.628016
vt 0.749260 0.630401
vt 0.750085 0.630401
vt 0.750085 0.628016
vt 0.749260 0.625630
vt 0.749260 0.628016
vt 0.750085 0.628016
vt 0.750085 0.625630
vt 0.749260 0.623245
vt 0.749260 0.625630
vt 0.750085 0.625630
vt 0.750085 0.623245
vt 0.749260 0.620859
vt 0.749260 0.623245
vt 0.750085 0.623245
vt 0.750085 0.620859
vt 0.749260 0.618474
vt 0.749260 0.620859
vt 0.750085 0.620859
vt 0.750085 0.618474
vt 0.749260 0.616089
vt 0.749260 0.618474
vt 0.750085 0.618474
vt 0.750085 0.616089
vt 0.749260 0.613703
vt 0.749260 0.616089
vt 0.750085 0.616089
vt 0.750085 0.613703
vt 0.749260 0.611318
vt 0.749260 0.613703
vt 0.750085 0.613703
vt 0.750085 0.611318
vt 0.749260 0.608932
vt 0.749260 0.611318
vt 0.750085 0.611318
vt 0.750085 0.608932
vt 0.386649 0.001764
vt 0.388930 0.001764
vt 0.388930 0.000976
vt 0.386649 0.000976
vt 0.384368 0.001764
vt 0.386649 0.001764
vt 0.386649 0.000976
vt 0.384368 0.000976
vt 0.382086 0.001764
vt 0.384368 0.001764
vt 0.384368 0.000976
vt 0.382086 0.000976
vt 0.379805 0.001764
vt 0.382086 0.001764
vt 0.382086 0.000976
vt 0.379805 0.000976
vt 0.377524 0.001764
vt 0.379805 0.001764
vt 0.379805 0.000976
vt 0.377524 0.000976
vt 0.375243 0.001764
vt 0.377524 0.001764
vt 0.377524 0.000976
vt 0.375243 0.000976
vt 0.372962 0.001764
vt 0.375243 0.001764
vt 0.375243 0.000976
vt 0.372962 0.000976
vt 0.370680 0.001764
vt 0.372962 0.001764
vt 0.372962 0.000976
vt 0.370680 0.000976
vt 0.368399 0.001764
vt 0.370680 0.001764
vt 0.370680 0.000976
vt 0.368399 0.000976
vt 0.366118 0.001764
vt 0.368399 0.001764
vt 0.368399 0.000976
vt 0.366118 0.000976
vt 0.363837 0.001764
vt 0.366118 0.001764
vt 0.366118 0.000976
vt 0.363837 0.000976
vt 0.361556 0.001764
vt 0.363837 0.001764
vt 0.363837 0.000976
vt 0.361556 0.000976
vt 0.359274 0.001764
vt 0.361556 0.001764
vt 0.361556 0.000976
vt 0.359274 0.000976
vt 0.356993 0.001764
vt 0.359274 0.001764
vt 0.359274 0.000976
vt 0.356993 0.000976
vt 0.354712 0.001764
vt 0.356993 0.001764
vt 0.356993 0.000976
vt 0.354712 0.000976
vt 0.352431 0.001764
vt 0.354712 0.001764
vt 0.354712 0.000976
vt 0.352431 0.000976
vt 0.350150 0.001764
vt 0.352431 0.001764
vt 0.352431 0.000976
vt 0.350150 0.000976
vt 0.347868 0.001764
vt 0.350150 0.001764
vt 0.350150 0.000976
vt 0.347868 0.000976
vt 0.345587 0.001764
vt 0.347868 0.001764
vt 0.347868 0.000976
vt 0.345587 0.000976
vt 0.031271 0.126694
vt 0.032035 0.126850
vt 0.032379 0.126119
vt 0.031584 0.126046
vt 0.745887 0.998641
vt 0.745218 0.998488
vt 0.745218 0.999674
vt 0.745887 0.999635
vt 0.744416 0.998098
vt 0.744488 0.998901
vt 0.745218 0.998488
vt 0.745062 0.997720
vt 0.718524 0.001026
vt 0.717756 0.000976
vt 0.718218 0.001764
vt 0.719102 0.001533
vt 0.032035 0.126850
vt 0.031271 0.126694
vt 0.031167 0.127521
vt 0.032199 0.127521
vt 0.745218 0.998488
vt 0.745887 0.998641
vt 0.745887 0.997594
vt 0.745062 0.997720
vt 0.753332 0.512501
vt 0.753488 0.511733
vt 0.752758 0.511319
vt 0.752686 0.512122
vt 0.009686 0.127521
vt 0.009830 0.126850
vt 0.008597 0.126850
vt 0.008654 0.127521
vt 0.010155 0.126046
vt 0.009349 0.126119
vt 0.009830 0.126850
vt 0.010598 0.126694
vt 0.734141 0.016644
vt 0.733634 0.016065
vt 0.733403 0.016949
vt 0.734191 0.017411
vt 0.753488 0.511733
vt 0.753332 0.512501
vt 0.754157 0.512627
vt 0.754157 0.511579
vt 0.009830 0.126850
vt 0.009686 0.127521
vt 0.010745 0.127521
vt 0.010598 0.126694
vt 0.031271 0.143263
vt 0.032035 0.143419
vt 0.032379 0.142688
vt 0.031584 0.142615
vt 0.740990 0.264552
vt 0.741659 0.264706
vt 0.741659 0.263520
vt 0.740990 0.263559
vt 0.742461 0.265095
vt 0.742389 0.264293
vt 0.741659 0.264706
vt 0.741815 0.265474
vt 0.015994 0.999623
vt 0.016761 0.999674
vt 0.016299 0.998885
vt 0.015415 0.999116
vt 0.032035 0.143419
vt 0.031271 0.143263
vt 0.031167 0.144090
vt 0.032199 0.144090
vt 0.741659 0.264706
vt 0.740990 0.264552
vt 0.740990 0.265600
vt 0.741815 0.265474
vt 0.032154 0.151572
vt 0.032947 0.151735
vt 0.033304 0.150975
vt 0.032478 0.150899
vt 0.737617 0.998642
vt 0.736948 0.998488
vt 0.736948 0.999674
vt 0.737617 0.999635
vt 0.736146 0.998098
vt 0.736218 0.998901
vt 0.736948 0.998488
vt 0.736792 0.997720
vt 0.015994 0.499297
vt 0.016761 0.499348
vt 0.016299 0.498559
vt 0.015415 0.498790
vt 0.032947 0.151735
vt 0.032154 0.151572
vt 0.032045 0.152431
vt 0.033117 0.152431
vt 0.736948 0.998488
vt 0.737617 0.998642
vt 0.737617 0.997594
vt 0.736792 0.997720
vt 0.009242 0.160965
vt 0.009381 0.160178
vt 0.008669 0.159440
vt 0.008597 0.160173
vt 0.005171 0.029395
vt 0.005857 0.029374
vt 0.005857 0.028280
vt 0.005171 0.028402
vt 0.006643 0.029224
vt 0.006568 0.028549
vt 0.005857 0.029374
vt 0.005996 0.030139
vt 0.694214 0.710362
vt 0.693867 0.709716
vt 0.693078 0.710832
vt 0.694425 0.711063
vt 0.009381 0.160178
vt 0.009242 0.160965
vt 0.010071 0.161228
vt 0.010070 0.160165
vt 0.005857 0.029374
vt 0.005171 0.029395
vt 0.005171 0.030443
vt 0.005996 0.030139
vt 0.736792 0.018946
vt 0.736948 0.018179
vt 0.736218 0.017765
vt 0.736146 0.018568
vt 0.009729 0.152431
vt 0.009878 0.151735
vt 0.008597 0.151735
vt 0.008657 0.152431
vt 0.010216 0.150899
vt 0.009378 0.150975
vt 0.009878 0.151735
vt 0.010676 0.151572
vt 0.000377 0.483680
vt 0.000883 0.484259
vt 0.001115 0.483374
vt 0.000326 0.482912
vt 0.736948 0.018179
vt 0.736792 0.018946
vt 0.737617 0.019073
vt 0.737617 0.018025
vt 0.009878 0.151735
vt 0.009729 0.152431
vt 0.010829 0.152431
vt 0.010676 0.151572
vt 0.030378 0.134978
vt 0.031146 0.135135
vt 0.031627 0.134403
vt 0.030821 0.134331
vt 0.032322 0.135805
vt 0.032379 0.135135
vt 0.031146 0.135135
vt 0.031290 0.135805
vt 0.000326 0.230019
vt 0.000398 0.230822
vt 0.001128 0.230409
vt 0.000972 0.229641
vt 0.040701 0.016644
vt 0.040650 0.017411
vt 0.041439 0.016949
vt 0.041208 0.016065
vt 0.031146 0.135135
vt 0.030378 0.134978
vt 0.030231 0.135805
vt 0.031290 0.135805
vt 0.001128 0.230409
vt 0.001797 0.230562
vt 0.001797 0.229514
vt 0.000972 0.229641
vt 0.750085 0.997720
vt 0.749929 0.998488
vt 0.750659 0.998901
vt 0.750732 0.998098
vt 0.749260 0.999635
vt 0.749929 0.999674
vt 0.749929 0.998488
vt 0.749260 0.998641
vt 0.031584 0.132376
vt 0.032379 0.132303
vt 0.032035 0.131572
vt 0.031271 0.131728
vt 0.015994 0.501353
vt 0.015415 0.501860
vt 0.016299 0.502091
vt 0.016761 0.501302
vt 0.749929 0.998488
vt 0.750085 0.997720
vt 0.749260 0.997594
vt 0.749260 0.998641
vt 0.032035 0.131572
vt 0.032199 0.130902
vt 0.031167 0.130902
vt 0.031271 0.131728
vt 0.745062 0.307633
vt 0.745218 0.306865
vt 0.744488 0.306452
vt 0.744416 0.307254
vt 0.745887 0.305718
vt 0.745218 0.305679
vt 0.745218 0.306865
vt 0.745887 0.306711
vt 0.009392 0.134331
vt 0.008597 0.134403
vt 0.008941 0.135135
vt 0.009705 0.134978
vt 0.056318 0.001026
vt 0.055739 0.001533
vt 0.056624 0.001764
vt 0.057086 0.000976
vt 0.745218 0.306865
vt 0.745062 0.307633
vt 0.745887 0.307759
vt 0.745887 0.306711
vt 0.008941 0.135135
vt 0.008778 0.135805
vt 0.009809 0.135805
vt 0.009705 0.134978
vt 0.741815 0.260384
vt 0.741659 0.261152
vt 0.742389 0.261565
vt 0.742461 0.260763
vt 0.010073 0.218103
vt 0.009400 0.217969
vt 0.009404 0.219232
vt 0.010076 0.219161
vt 0.008597 0.217694
vt 0.008671 0.218500
vt 0.009400 0.217969
vt 0.009242 0.217204
vt 0.734141 0.750851
vt 0.733634 0.750272
vt 0.733403 0.751156
vt 0.734191 0.751618
vt 0.741659 0.261152
vt 0.741815 0.260384
vt 0.740990 0.260258
vt 0.740990 0.261306
vt 0.009400 0.217969
vt 0.010073 0.218103
vt 0.010071 0.217039
vt 0.009242 0.217204
vt 0.000972 0.030139
vt 0.001111 0.029374
vt 0.000401 0.028549
vt 0.000326 0.029224
vt 0.001797 0.028402
vt 0.001111 0.028280
vt 0.001111 0.029374
vt 0.001797 0.029395
vt 0.014960 0.160163
vt 0.014881 0.159430
vt 0.014161 0.160171
vt 0.014303 0.160957
vt 0.040303 0.210035
vt 0.040092 0.210737
vt 0.041439 0.210505
vt 0.040650 0.209390
vt 0.001111 0.029374
vt 0.000972 0.030139
vt 0.001797 0.030443
vt 0.001797 0.029395
vt 0.014161 0.160171
vt 0.013468 0.160159
vt 0.013470 0.161223
vt 0.014303 0.160957
vt 0.005996 0.229641
vt 0.005841 0.230409
vt 0.006571 0.230822
vt 0.006643 0.230019
vt 0.031290 0.139186
vt 0.031146 0.139857
vt 0.032379 0.139857
vt 0.032322 0.139186
vt 0.030821 0.140661
vt 0.031627 0.140588
vt 0.031146 0.139857
vt 0.030378 0.140013
vt 0.693816 0.516970
vt 0.693309 0.516391
vt 0.693078 0.517276
vt 0.693867 0.517738
vt 0.005841 0.230409
vt 0.005996 0.229641
vt 0.005171 0.229514
vt 0.005171 0.230562
vt 0.031146 0.139857
vt 0.031290 0.139186
vt 0.030231 0.139186
vt 0.030378 0.140013
vt 0.014303 0.217196
vt 0.014146 0.217961
vt 0.014887 0.218490
vt 0.014960 0.217684
vt 0.013475 0.219155
vt 0.014150 0.219225
vt 0.014146 0.217961
vt 0.013471 0.218097
vt 0.736146 0.260763
vt 0.736218 0.261565
vt 0.736948 0.261152
vt 0.736792 0.260384
vt 0.000377 0.250524
vt 0.000326 0.251292
vt 0.001115 0.250830
vt 0.000883 0.249945
vt 0.014146 0.217961
vt 0.014303 0.217196
vt 0.013470 0.217034
vt 0.013471 0.218097
vt 0.736948 0.261152
vt 0.737617 0.261306
vt 0.737617 0.260258
vt 0.736792 0.260384
vt 0.009705 0.140013
vt 0.008941 0.139857
vt 0.008597 0.140588
vt 0.009392 0.140661
vt 0.749260 0.306711
vt 0.749929 0.306865
vt 0.749929 0.305679
vt 0.749260 0.305718
vt 0.750732 0.307254
vt 0.750659 0.306452
vt 0.749929 0.306865
vt 0.750085 0.307633
vt 0.678199 0.501353
vt 0.677431 0.501302
vt 0.677894 0.502091
vt 0.678778 0.501860
vt 0.008941 0.139857
vt 0.009705 0.140013
vt 0.009809 0.139186
vt 0.008778 0.139186
vt 0.749929 0.306865
vt 0.749260 0.306711
vt 0.749260 0.307759
vt 0.750085 0.307633
vt 0.010598 0.148297
vt 0.009830 0.148141
vt 0.009349 0.148872
vt 0.010155 0.148945
vt 0.008654 0.147471
vt 0.008597 0.148141
vt 0.009830 0.148141
vt 0.009686 0.147471
vt 0.752686 0.998872
vt 0.752758 0.999674
vt 0.753488 0.999261
vt 0.753332 0.998493
vt 0.734141 0.483680
vt 0.734191 0.482912
vt 0.733403 0.483374
vt 0.733634 0.484259
vt 0.009830 0.148141
vt 0.010598 0.148297
vt 0.010745 0.147471
vt 0.009686 0.147471
vt 0.753488 0.999261
vt 0.754157 0.999415
vt 0.754157 0.998367
vt 0.753332 0.998493
vt 0.736792 0.265474
vt 0.736948 0.264706
vt 0.736218 0.264293
vt 0.736146 0.265095
vt 0.737617 0.263559
vt 0.736948 0.263520
vt 0.736948 0.264706
vt 0.737617 0.264552
vt 0.031584 0.148945
vt 0.032379 0.148872
vt 0.032035 0.148141
vt 0.031271 0.148297
vt 0.718524 0.499297
vt 0.719102 0.498790
vt 0.718218 0.498559
vt 0.717756 0.499348
vt 0.736948 0.264706
vt 0.736792 0.265474
vt 0.737617 0.265600
vt 0.737617 0.264552
vt 0.032035 0.148141
vt 0.032199 0.147471
vt 0.031167 0.147471
vt 0.031271 0.148297
vt 0.010676 0.156803
vt 0.009878 0.156640
vt 0.009378 0.157400
vt 0.010216 0.157476
vt 0.008657 0.155944
vt 0.008597 0.156640
vt 0.009878 0.156640
vt 0.009729 0.155944
vt 0.742461 0.018568
vt 0.742389 0.017765
vt 0.741659 0.018179
vt 0.741815 0.018946
vt 0.734141 0.984006
vt 0.734191 0.983239
vt 0.733403 0.983701
vt 0.733634 0.984585
vt 0.009878 0.156640
vt 0.010676 0.156803
vt 0.010829 0.155944
vt 0.009729 0.155944
vt 0.741659 0.018179
vt 0.740990 0.018025
vt 0.740990 0.019073
vt 0.741815 0.018946
vt 0.758355 0.998493
vt 0.758199 0.999261
vt 0.758929 0.999674
vt 0.759001 0.998872
vt 0.009686 0.144090
vt 0.009830 0.143419
vt 0.008597 0.143419
vt 0.008654 0.144090
vt 0.010155 0.142615
vt 0.009349 0.142688
vt 0.009830 0.143419
vt 0.010598 0.143263
vt 0.000377 0.984006
vt 0.000883 0.984585
vt 0.001114 0.983701
vt 0.000326 0.983239
vt 0.758199 0.999261
vt 0.758355 0.998493
vt 0.757530 0.998367
vt 0.757530 0.999415
vt 0.009830 0.143419
vt 0.009686 0.144090
vt 0.010745 0.144090
vt 0.010598 0.143263
vt 0.741815 0.997720
vt 0.741659 0.998488
vt 0.742389 0.998901
vt 0.742461 0.998098
vt 0.740990 0.999635
vt 0.741659 0.999674
vt 0.741659 0.998488
vt 0.740990 0.998642
vt 0.032478 0.157476
vt 0.033304 0.157400
vt 0.032947 0.156640
vt 0.032154 0.156803
vt 0.718523 0.999623
vt 0.719102 0.999116
vt 0.718218 0.998885
vt 0.717756 0.999674
vt 0.741659 0.998488
vt 0.741815 0.997720
vt 0.740990 0.997594
vt 0.740990 0.998642
vt 0.032947 0.156640
vt 0.033117 0.155944
vt 0.032045 0.155944
vt 0.032154 0.156803
vt 0.010598 0.131728
vt 0.009830 0.131572
vt 0.009349 0.132303
vt 0.010155 0.132376
vt 0.008654 0.130902
vt 0.008597 0.131572
vt 0.009830 0.131572
vt 0.009686 0.130902
vt 0.759001 0.512122
vt 0.758929 0.511319
vt 0.758199 0.511733
vt 0.758355 0.512501
vt 0.000377 0.516970
vt 0.000326 0.517738
vt 0.001114 0.517276
vt 0.000883 0.516391
vt 0.009830 0.131572
vt 0.010598 0.131728
vt 0.010745 0.130902
vt 0.009686 0.130902
vt 0.758199 0.511733
vt 0.757530 0.511579
vt 0.757530 0.512627
vt 0.758355 0.512501
vt 0.736146 0.998098
vt 0.736792 0.997720
vt 0.736792 0.656643
vt 0.736146 0.656643
vt 0.736792 0.997720
vt 0.737617 0.997594
vt 0.737617 0.656643
vt 0.736792 0.656643
vt 0.740990 0.999635
vt 0.740990 0.998642
vt 0.737617 0.998642
vt 0.737617 0.999635
vt 0.740990 0.998642
vt 0.740990 0.997594
vt 0.737617 0.997594
vt 0.737617 0.998642
vt 0.742461 0.656643
vt 0.741815 0.656643
vt 0.741815 0.997720
vt 0.742461 0.998098
vt 0.741815 0.656643
vt 0.740990 0.656643
vt 0.740990 0.997594
vt 0.741815 0.997720
vt 0.744416 0.608932
vt 0.745062 0.608932
vt 0.745062 0.606547
vt 0.744416 0.606547
vt 0.745062 0.608932
vt 0.745887 0.608932
vt 0.745887 0.606547
vt 0.745062 0.606547
vt 0.750732 0.606547
vt 0.750085 0.606547
vt 0.750085 0.608932
vt 0.750732 0.608932
vt 0.750085 0.606547
vt 0.749260 0.606547
vt 0.749260 0.608932
vt 0.750085 0.608932
vt 0.745887 0.305718
vt 0.745887 0.306711
vt 0.749260 0.306711
vt 0.749260 0.305718
vt 0.745887 0.306711
vt 0.745887 0.307759
vt 0.749260 0.307759
vt 0.749260 0.306711
vt 0.744416 0.606547
vt 0.745062 0.606547
vt 0.745062 0.307633
vt 0.744416 0.307254
vt 0.745062 0.606547
vt 0.745887 0.606547
vt 0.745887 0.307759
vt 0.745062 0.307633
vt 0.750732 0.307254
vt 0.750085 0.307633
vt 0.750085 0.606547
vt 0.750732 0.606547
vt 0.750085 0.307633
vt 0.749260 0.307759
vt 0.749260 0.606547
vt 0.750085 0.606547
vt 0.030821 0.140661
vt 0.030378 0.140013
vt 0.009705 0.140013
vt 0.009392 0.140661
vt 0.030378 0.140013
vt 0.030231 0.139186
vt 0.009809 0.139186
vt 0.009705 0.140013
vt 0.032322 0.135805
vt 0.031290 0.135805
vt 0.031290 0.139186
vt 0.032322 0.139186
vt 0.031290 0.135805
vt 0.030231 0.135805
vt 0.030231 0.139186
vt 0.031290 0.139186
vt 0.009392 0.134331
vt 0.009705 0.134978
vt 0.030378 0.134978
vt 0.030821 0.134331
vt 0.009705 0.134978
vt 0.009809 0.135805
vt 0.030231 0.135805
vt 0.030378 0.134978
vt 0.009729 0.152431
vt 0.008657 0.152431
vt 0.008657 0.155944
vt 0.009729 0.155944
vt 0.737617 0.018025
vt 0.737617 0.019073
vt 0.740990 0.019073
vt 0.740990 0.018025
vt 0.736146 0.260763
vt 0.736792 0.260384
vt 0.736792 0.018946
vt 0.736146 0.018568
vt 0.736792 0.260384
vt 0.737617 0.260258
vt 0.737617 0.019073
vt 0.736792 0.018946
vt 0.010073 0.218103
vt 0.010076 0.219161
vt 0.013475 0.219155
vt 0.013471 0.218097
vt 0.740990 0.261306
vt 0.740990 0.260258
vt 0.737617 0.260258
vt 0.737617 0.261306
vt 0.742461 0.018568
vt 0.741815 0.018946
vt 0.741815 0.260384
vt 0.742461 0.260763
vt 0.741815 0.018946
vt 0.740990 0.019073
vt 0.740990 0.260258
vt 0.741815 0.260384
vt 0.009686 0.144090
vt 0.008654 0.144090
vt 0.008654 0.147471
vt 0.009686 0.147471
vt 0.757530 0.999415
vt 0.757530 0.998367
vt 0.754157 0.998367
vt 0.754157 0.999415
vt 0.759001 0.512122
vt 0.758355 0.512501
vt 0.758355 0.998493
vt 0.759001 0.998872
vt 0.758355 0.512501
vt 0.757530 0.512627
vt 0.757530 0.998367
vt 0.758355 0.998493
vt 0.009686 0.127521
vt 0.008654 0.127521
vt 0.008654 0.130902
vt 0.009686 0.130902
vt 0.754157 0.511579
vt 0.754157 0.512627
vt 0.757530 0.512627
vt 0.757530 0.511579
vt 0.752686 0.998872
vt 0.753332 0.998493
vt 0.753332 0.512501
vt 0.752686 0.512122
vt 0.753332 0.998493
vt 0.754157 0.998367
vt 0.754157 0.512627
vt 0.753332 0.512501
vt 0.742461 0.654258
vt 0.741815 0.654258
vt 0.741815 0.656643
vt 0.742461 0.656643
vt 0.741815 0.654258
vt 0.740990 0.654258
vt 0.740990 0.656643
vt 0.741815 0.656643
vt 0.736146 0.656643
vt 0.736792 0.656643
vt 0.736792 0.654258
vt 0.736146 0.654258
vt 0.736792 0.656643
vt 0.737617 0.656643
vt 0.737617 0.654258
vt 0.736792 0.654258
vt 0.749260 0.999635
vt 0.749260 0.998641
vt 0.745887 0.998641
vt 0.745887 0.999635
vt 0.749260 0.998641
vt 0.749260 0.997594
vt 0.745887 0.997594
vt 0.745887 0.998641
vt 0.750732 0.656640
vt 0.750085 0.656640
vt 0.750085 0.997720
vt 0.750732 0.998098
vt 0.750085 0.656640
vt 0.749260 0.656640
vt 0.749260 0.997594
vt 0.750085 0.997720
vt 0.744416 0.998098
vt 0.745062 0.997720
vt 0.745062 0.656640
vt 0.744416 0.656640
vt 0.745062 0.997720
vt 0.745887 0.997594
vt 0.745887 0.656640
vt 0.745062 0.656640
vt 0.006643 0.029224
vt 0.005996 0.030139
vt 0.005996 0.229641
vt 0.006643 0.230019
vt 0.005996 0.030139
vt 0.005171 0.030443
vt 0.005171 0.229514
vt 0.005996 0.229641
vt 0.001797 0.028402
vt 0.001797 0.029395
vt 0.005171 0.029395
vt 0.005171 0.028402
vt 0.001797 0.029395
vt 0.001797 0.030443
vt 0.005171 0.030443
vt 0.005171 0.029395
vt 0.000326 0.230019
vt 0.000972 0.229641
vt 0.000972 0.030139
vt 0.000326 0.029224
vt 0.000972 0.229641
vt 0.001797 0.229514
vt 0.001797 0.030443
vt 0.000972 0.030139
vt 0.032478 0.157476
vt 0.032154 0.156803
vt 0.010676 0.156803
vt 0.010216 0.157476
vt 0.032154 0.156803
vt 0.032045 0.155944
vt 0.010829 0.155944
vt 0.010676 0.156803
vt 0.010216 0.150899
vt 0.010676 0.151572
vt 0.032154 0.151572
vt 0.032478 0.150899
vt 0.010676 0.151572
vt 0.010829 0.152431
vt 0.032045 0.152431
vt 0.032154 0.151572
vt 0.742461 0.265095
vt 0.741815 0.265474
vt 0.741815 0.606551
vt 0.742461 0.606551
vt 0.741815 0.265474
vt 0.740990 0.265600
vt 0.740990 0.606551
vt 0.741815 0.606551
vt 0.737617 0.263559
vt 0.737617 0.264552
vt 0.740990 0.264552
vt 0.740990 0.263559
vt 0.737617 0.264552
vt 0.737617 0.265600
vt 0.740990 0.265600
vt 0.740990 0.264552
vt 0.736146 0.606551
vt 0.736792 0.606551
vt 0.736792 0.265474
vt 0.736146 0.265095
vt 0.736792 0.606551
vt 0.737617 0.606551
vt 0.737617 0.265600
vt 0.736792 0.265474
vt 0.008597 0.217694
vt 0.009242 0.217204
vt 0.009242 0.160965
vt 0.008597 0.160173
vt 0.009242 0.217204
vt 0.010071 0.217039
vt 0.010071 0.161228
vt 0.009242 0.160965
vt 0.014960 0.160163
vt 0.014303 0.160957
vt 0.014303 0.217196
vt 0.014960 0.217684
vt 0.014303 0.160957
vt 0.013470 0.161223
vt 0.013470 0.217034
vt 0.014303 0.217196
vt 0.031584 0.148945
vt 0.031271 0.148297
vt 0.010598 0.148297
vt 0.010155 0.148945
vt 0.031271 0.148297
vt 0.031167 0.147471
vt 0.010745 0.147471
vt 0.010598 0.148297
vt 0.010155 0.142615
vt 0.010598 0.143263
vt 0.031271 0.143263
vt 0.031584 0.142615
vt 0.010598 0.143263
vt 0.010745 0.144090
vt 0.031167 0.144090
vt 0.031271 0.143263
vt 0.010155 0.126046
vt 0.010598 0.126694
vt 0.031271 0.126694
vt 0.031584 0.126046
vt 0.010598 0.126694
vt 0.010745 0.127521
vt 0.031167 0.127521
vt 0.031271 0.126694
vt 0.031584 0.132376
vt 0.031271 0.131728
vt 0.010598 0.131728
vt 0.010155 0.132376
vt 0.031271 0.131728
vt 0.031167 0.130902
vt 0.010745 0.130902
vt 0.010598 0.131728
vt 0.736792 0.606551
vt 0.736146 0.606551
vt 0.736146 0.608936
vt 0.736792 0.608936
vt 0.391211 0.499348
vt 0.391211 0.498559
vt 0.388930 0.498559
vt 0.388930 0.499348
vt 0.745062 0.654255
vt 0.744416 0.654255
vt 0.744416 0.656640
vt 0.745062 0.656640
vt 0.388930 0.000976
vt 0.388930 0.001764
vt 0.391211 0.001764
vt 0.391211 0.000976
vt 0.736792 0.608936
vt 0.736146 0.608936
vt 0.736146 0.611322
vt 0.736792 0.611322
vt 0.388930 0.499348
vt 0.388930 0.498559
vt 0.386649 0.498559
vt 0.386649 0.499348
vt 0.736792 0.611322
vt 0.736146 0.611322
vt 0.736146 0.613707
vt 0.736792 0.613707
vt 0.386649 0.499348
vt 0.386649 0.498559
vt 0.384368 0.498559
vt 0.384368 0.499348
vt 0.736792 0.613707
vt 0.736146 0.613707
vt 0.736146 0.616092
vt 0.736792 0.616092
vt 0.384368 0.499348
vt 0.384368 0.498559
vt 0.382086 0.498559
vt 0.382086 0.499348
vt 0.736792 0.616092
vt 0.736146 0.616092
vt 0.736146 0.618478
vt 0.736792 0.618478
vt 0.382086 0.499348
vt 0.382086 0.498559
vt 0.379805 0.498559
vt 0.379805 0.499348
vt 0.736792 0.618478
vt 0.736146 0.618478
vt 0.736146 0.620863
vt 0.736792 0.620863
vt 0.379805 0.499348
vt 0.379805 0.498559
vt 0.377524 0.498559
vt 0.377524 0.499348
vt 0.736792 0.620863
vt 0.736146 0.620863
vt 0.736146 0.623248
vt 0.736792 0.623248
vt 0.377524 0.499348
vt 0.377524 0.498559
vt 0.375243 0.498559
vt 0.375243 0.499348
vt 0.736792 0.623248
vt 0.736146 0.623248
vt 0.736146 0.625634
vt 0.736792 0.625634
vt 0.375243 0.499348
vt 0.375243 0.498559
vt 0.372962 0.498559
vt 0.372962 0.499348
vt 0.736792 0.625634
vt 0.736146 0.625634
vt 0.736146 0.628019
vt 0.736792 0.628019
vt 0.372962 0.499348
vt 0.372962 0.498559
vt 0.370680 0.498559
vt 0.370680 0.499348
vt 0.736792 0.628019
vt 0.736146 0.628019
vt 0.736146 0.630404
vt 0.736792 0.630404
vt 0.370680 0.499348
vt 0.370680 0.498559
vt 0.368399 0.498559
vt 0.368399 0.499348
vt 0.736792 0.630404
vt 0.736146 0.630404
vt 0.736146 0.632790
vt 0.736792 0.632790
vt 0.368399 0.499348
vt 0.368399 0.498559
vt 0.366118 0.498559
vt 0.366118 0.499348
vt 0.736792 0.632790
vt 0.736146 0.632790
vt 0.736146 0.635175
vt 0.736792 0.635175
vt 0.366118 0.499348
vt 0.366118 0.498559
vt 0.363837 0.498559
vt 0.363837 0.499348
vt 0.736792 0.635175
vt 0.736146 0.635175
vt 0.736146 0.637560
vt 0.736792 0.637560
vt 0.363837 0.499348
vt 0.363837 0.498559
vt 0.361556 0.498559
vt 0.361556 0.499348
vt 0.736792 0.637560
vt 0.736146 0.637560
vt 0.736146 0.639946
vt 0.736792 0.639946
vt 0.361556 0.499348
vt 0.361556 0.498559
vt 0.359274 0.498559
vt 0.359274 0.499348
vt 0.736792 0.639946
vt 0.736146 0.639946
vt 0.736146 0.642331
vt 0.736792 0.642331
vt 0.359274 0.499348
vt 0.359274 0.498559
vt 0.356993 0.498559
vt 0.356993 0.499348
vt 0.736792 0.642331
vt 0.736146 0.642331
vt 0.736146 0.644717
vt 0.736792 0.644717
vt 0.356993 0.499348
vt 0.356993 0.498559
vt 0.354712 0.498559
vt 0.354712 0.499348
vt 0.736792 0.644717
vt 0.736146 0.644717
vt 0.736146 0.647102
vt 0.736792 0.647102
vt 0.354712 0.499348
vt 0.354712 0.498559
vt 0.352431 0.498559
vt 0.352431 0.499348
vt 0.736792 0.647102
vt 0.736146 0.647102
vt 0.736146 0.649487
vt 0.736792 0.649487
vt 0.352431 0.499348
vt 0.352431 0.498559
vt 0.350150 0.498559
vt 0.350150 0.499348
vt 0.736792 0.649487
vt 0.736146 0.649487
vt 0.736146 0.651873
vt 0.736792 0.651873
vt 0.350150 0.499348
vt 0.350150 0.498559
vt 0.347868 0.498559
vt 0.347868 0.499348
vt 0.736792 0.651873
vt 0.736146 0.651873
vt 0.736146 0.654258
vt 0.736792 0.654258
vt 0.347868 0.499348
vt 0.347868 0.498559
vt 0.345587 0.498559
vt 0.345587 0.499348
vt 0.742461 0.606551
vt 0.741815 0.606551
vt 0.741815 0.608936
vt 0.742461 0.608936
vt 0.741815 0.606551
vt 0.740990 0.606551
vt 0.740990 0.608936
vt 0.741815 0.608936
vt 0.742461 0.608936
vt 0.741815 0.608936
vt 0.741815 0.611322
vt 0.742461 0.611322
vt 0.741815 0.608936
vt 0.740990 0.608936
vt 0.740990 0.611322
vt 0.741815 0.611322
vt 0.742461 0.611322
vt 0.741815 0.611322
vt 0.741815 0.613707
vt 0.742461 0.613707
vt 0.741815 0.611322
vt 0.740990 0.611322
vt 0.740990 0.613707
vt 0.741815 0.613707
vt 0.742461 0.613707
vt 0.741815 0.613707
vt 0.741815 0.616092
vt 0.742461 0.616092
vt 0.741815 0.613707
vt 0.740990 0.613707
vt 0.740990 0.616092
vt 0.741815 0.616092
vt 0.742461 0.616092
vt 0.741815 0.616092
vt 0.741815 0.618478
vt 0.742461 0.618478
vt 0.741815 0.616092
vt 0.740990 0.616092
vt 0.740990 0.618478
vt 0.741815 0.618478
vt 0.742461 0.618478
vt 0.741815 0.618478
vt 0.741815 0.620863
vt 0.742461 0.620863
vt 0.741815 0.618478
vt 0.740990 0.618478
vt 0.740990 0.620863
vt 0.741815 0.620863
vt 0.742461 0.620863
vt 0.741815 0.620863
vt 0.741815 0.623248
vt 0.742461 0.623248
vt 0.741815 0.620863
vt 0.740990 0.620863
vt 0.740990 0.623248
vt 0.741815 0.623248
vt 0.742461 0.623248
vt 0.741815 0.623248
vt 0.741815 0.625634
vt 0.742461 0.625634
vt 0.741815 0.623248
vt 0.740990 0.623248
vt 0.740990 0.625634
vt 0.741815 0.625634
vt 0.742461 0.625634
vt 0.741815 0.625634
vt 0.741815 0.628019
vt 0.742461 0.628019
vt 0.741815 0.625634
vt 0.740990 0.625634
vt 0.740990 0.628019
vt 0.741815 0.628019
vt 0.742461 0.628019
vt 0.741815 0.628019
vt 0.741815 0.630404
vt 0.742461 0.630404
vt 0.741815 0.628019
vt 0.740990 0.628019
vt 0.740990 0.630404
vt 0.741815 0.630404
vt 0.742461 0.630404
vt 0.741815 0.630404
vt 0.741815 0.632790
vt 0.742461 0.632790
vt 0.741815 0.630404
vt 0.740990 0.630404
vt 0.740990 0.632790
vt 0.741815 0.632790
vt 0.742461 0.632790
vt 0.741815 0.632790
vt 0.741815 0.635175
vt 0.742461 0.635175
vt 0.741815 0.632790
vt 0.740990 0.632790
vt 0.740990 0.635175
vt 0.741815 0.635175
vt 0.742461 0.635175
vt 0.741815 0.635175
vt 0.741815 0.637560
vt 0.742461 0.637560
vt 0.741815 0.635175
vt 0.740990 0.635175
vt 0.740990 0.637560
vt 0.741815 0.637560
vt 0.742461 0.637560
vt 0.741815 0.637560
vt 0.741815 0.639946
vt 0.742461 0.639946
vt 0.741815 0.637560
vt 0.740990 0.637560
vt 0.740990 0.639946
vt 0.741815 0.639946
vt 0.742461 0.639946
vt 0.741815 0.639946
vt 0.741815 0.642331
vt 0.742461 0.642331
vt 0.741815 0.639946
vt 0.740990 0.639946
vt 0.740990 0.642331
vt 0.741815 0.642331
vt 0.742461 0.642331
vt 0.741815 0.642331
vt 0.741815 0.644717
vt 0.742461 0.644717
vt 0.741815 0.642331
vt 0.740990 0.642331
vt 0.740990 0.644717
vt 0.741815 0.644717
vt 0.742461 0.644717
vt 0.741815 0.644717
vt 0.741815 0.647102
vt 0.742461 0.647102
vt 0.741815 0.644717
vt 0.740990 0.644717
vt 0.740990 0.647102
vt 0.741815 0.647102
vt 0.742461 0.647102
vt 0.741815 0.647102
vt 0.741815 0.649487
vt 0.742461 0.649487
vt 0.741815 0.647102
vt 0.740990 0.647102
vt 0.740990 0.649487
vt 0.741815 0.649487
vt 0.742461 0.649487
vt 0.741815 0.649487
vt 0.741815 0.651873
vt 0.742461 0.651873
vt 0.741815 0.649487
vt 0.740990 0.649487
vt 0.740990 0.651873
vt 0.741815 0.651873
vt 0.742461 0.651873
vt 0.741815 0.651873
vt 0.741815 0.654258
vt 0.742461 0.654258
vt 0.741815 0.651873
vt 0.740990 0.651873
vt 0.740990 0.654258
vt 0.741815 0.654258
vt 0.750085 0.656640
vt 0.750732 0.656640
vt 0.750732 0.654255
vt 0.750085 0.654255
vt 0.355726 0.501302
vt 0.355726 0.502091
vt 0.356824 0.502091
vt 0.356824 0.501302
vt 0.750085 0.654255
vt 0.750732 0.654255
vt 0.750732 0.651869
vt 0.750085 0.651869
vt 0.356824 0.501302
vt 0.356824 0.502091
vt 0.357923 0.502091
vt 0.357922 0.501302
vt 0.750085 0.651869
vt 0.750732 0.651869
vt 0.750732 0.649484
vt 0.750085 0.649484
vt 0.357922 0.501302
vt 0.357923 0.502091
vt 0.359021 0.502091
vt 0.359021 0.501302
vt 0.750085 0.649484
vt 0.750732 0.649484
vt 0.750732 0.647098
vt 0.750085 0.647098
vt 0.359021 0.501302
vt 0.359021 0.502091
vt 0.360119 0.502091
vt 0.360119 0.501302
vt 0.750085 0.647098
vt 0.750732 0.647098
vt 0.750732 0.644713
vt 0.750085 0.644713
vt 0.360119 0.501302
vt 0.360119 0.502091
vt 0.361217 0.502091
vt 0.361217 0.501302
vt 0.750085 0.644713
vt 0.750732 0.644713
vt 0.750732 0.642328
vt 0.750085 0.642328
vt 0.361217 0.501302
vt 0.361217 0.502091
vt 0.362316 0.502091
vt 0.362316 0.501302
vt 0.750085 0.642328
vt 0.750732 0.642328
vt 0.750732 0.639942
vt 0.750085 0.639942
vt 0.362316 0.501302
vt 0.362316 0.502091
vt 0.363414 0.502091
vt 0.363414 0.501302
vt 0.750085 0.639942
vt 0.750732 0.639942
vt 0.750732 0.637557
vt 0.750085 0.637557
vt 0.363414 0.501302
vt 0.363414 0.502091
vt 0.364513 0.502091
vt 0.364513 0.501302
vt 0.750085 0.637557
vt 0.750732 0.637557
vt 0.750732 0.635172
vt 0.750085 0.635172
vt 0.364513 0.501302
vt 0.364513 0.502091
vt 0.365611 0.502091
vt 0.365611 0.501302
vt 0.750085 0.635172
vt 0.750732 0.635172
vt 0.750732 0.632786
vt 0.750085 0.632786
vt 0.365611 0.501302
vt 0.365611 0.502091
vt 0.366709 0.502091
vt 0.366709 0.501302
vt 0.750085 0.632786
vt 0.750732 0.632786
vt 0.750732 0.630401
vt 0.750085 0.630401
vt 0.366709 0.501302
vt 0.366709 0.502091
vt 0.367808 0.502091
vt 0.367808 0.501302
vt 0.750085 0.630401
vt 0.750732 0.630401
vt 0.750732 0.628015
vt 0.750085 0.628016
vt 0.367808 0.501302
vt 0.367808 0.502091
vt 0.368906 0.502091
vt 0.368906 0.501302
vt 0.750085 0.628016
vt 0.750732 0.628015
vt 0.750732 0.625630
vt 0.750085 0.625630
vt 0.368906 0.501302
vt 0.368906 0.502091
vt 0.370004 0.502091
vt 0.370004 0.501302
vt 0.750085 0.625630
vt 0.750732 0.625630
vt 0.750732 0.623245
vt 0.750085 0.623245
vt 0.370004 0.501302
vt 0.370004 0.502091
vt 0.371103 0.502091
vt 0.371103 0.501302
vt 0.750085 0.623245
vt 0.750732 0.623245
vt 0.750732 0.620859
vt 0.750085 0.620859
vt 0.371103 0.501302
vt 0.371103 0.502091
vt 0.372201 0.502091
vt 0.372201 0.501302
vt 0.750085 0.620859
vt 0.750732 0.620859
vt 0.750732 0.618474
vt 0.750085 0.618474
vt 0.372201 0.501302
vt 0.372201 0.502091
vt 0.373299 0.502091
vt 0.373299 0.501302
vt 0.750085 0.618474
vt 0.750732 0.618474
vt 0.750732 0.616089
vt 0.750085 0.616089
vt 0.373299 0.501302
vt 0.373299 0.502091
vt 0.374398 0.502091
vt 0.374398 0.501302
vt 0.750085 0.616089
vt 0.750732 0.616089
vt 0.750732 0.613703
vt 0.750085 0.613703
vt 0.374398 0.501302
vt 0.374398 0.502091
vt 0.375496 0.502091
vt 0.375496 0.501302
vt 0.750085 0.613703
vt 0.750732 0.613703
vt 0.750732 0.611318
vt 0.750085 0.611318
vt 0.375496 0.501302
vt 0.375496 0.502091
vt 0.376594 0.502091
vt 0.376594 0.501302
vt 0.750085 0.611318
vt 0.750732 0.611318
vt 0.750732 0.608932
vt 0.750085 0.608932
vt 0.376594 0.501302
vt 0.376594 0.502091
vt 0.377693 0.502091
vt 0.377693 0.501302
vt 0.744416 0.654255
vt 0.745062 0.654255
vt 0.745062 0.651869
vt 0.744416 0.651869
vt 0.745062 0.654255
vt 0.745887 0.654255
vt 0.745887 0.651869
vt 0.745062 0.651869
vt 0.744416 0.651869
vt 0.745062 0.651869
vt 0.745062 0.649484
vt 0.744416 0.649484
vt 0.745062 0.651869
vt 0.745887 0.651869
vt 0.745887 0.649484
vt 0.745062 0.649484
vt 0.744416 0.649484
vt 0.745062 0.649484
vt 0.745062 0.647098
vt 0.744416 0.647098
vt 0.745062 0.649484
vt 0.745887 0.649484
vt 0.745887 0.647098
vt 0.745062 0.647098
vt 0.744416 0.647098
vt 0.745062 0.647098
vt 0.745062 0.644713
vt 0.744416 0.644713
vt 0.745062 0.647098
vt 0.745887 0.647098
vt 0.745887 0.644713
vt 0.745062 0.644713
vt 0.744416 0.644713
vt 0.745062 0.644713
vt 0.745062 0.642328
vt 0.744416 0.642328
vt 0.745062 0.644713
vt 0.745887 0.644713
vt 0.745887 0.642328
vt 0.745062 0.642328
vt 0.744416 0.642328
vt 0.745062 0.642328
vt 0.745062 0.639942
vt 0.744416 0.639942
vt 0.745062 0.642328
vt 0.745887 0.642328
vt 0.745887 0.639942
vt 0.745062 0.639942
vt 0.744416 0.639942
vt 0.745062 0.639942
vt 0.745062 0.637557
vt 0.744416 0.637557
vt 0.745062 0.639942
vt 0.745887 0.639942
vt 0.745887 0.637557
vt 0.745062 0.637557
vt 0.744416 0.637557
vt 0.745062 0.637557
vt 0.745062 0.635172
vt 0.744416 0.635172
vt 0.745062 0.637557
vt 0.745887 0.637557
vt 0.745887 0.635172
vt 0.745062 0.635172
vt 0.744416 0.635172
vt 0.745062 0.635172
vt 0.745062 0.632786
vt 0.744416 0.632786
vt 0.745062 0.635172
vt 0.745887 0.635172
vt 0.745887 0.632786
vt 0.745062 0.632786
vt 0.744416 0.632786
vt 0.745062 0.632786
vt 0.745062 0.630401
vt 0.744416 0.630401
vt 0.745062 0.632786
vt 0.745887 0.632786
vt 0.745887 0.630401
vt 0.745062 0.630401
vt 0.744416 0.630401
vt 0.745062 0.630401
vt 0.745062 0.628016
vt 0.744416 0.628015
vt 0.745062 0.630401
vt 0.745887 0.630401
vt 0.745887 0.628016
vt 0.745062 0.628016
vt 0.744416 0.628015
vt 0.745062 0.628016
vt 0.745062 0.625630
vt 0.744416 0.625630
vt 0.745062 0.628016
vt 0.745887 0.628016
vt 0.745887 0.625630
vt 0.745062 0.625630
vt 0.744416 0.625630
vt 0.745062 0.625630
vt 0.745062 0.623245
vt 0.744416 0.623245
vt 0.745062 0.625630
vt 0.745887 0.625630
vt 0.745887 0.623245
vt 0.745062 0.623245
vt 0.744416 0.623245
vt 0.745062 0.623245
vt 0.745062 0.620859
vt 0.744416 0.620859
vt 0.745062 0.623245
vt 0.745887 0.623245
vt 0.745887 0.620859
vt 0.745062 0.620859
vt 0.744416 0.620859
vt 0.745062 0.620859
vt 0.745062 0.618474
vt 0.744416 0.618474
vt 0.745062 0.620859
vt 0.745887 0.620859
vt 0.745887 0.618474
vt 0.745062 0.618474
vt 0.744416 0.618474
vt 0.745062 0.618474
vt 0.745062 0.616089
vt 0.744416 0.616089
vt 0.745062 0.618474
vt 0.745887 0.618474
vt 0.745887 0.616089
vt 0.745062 0.616089
vt 0.744416 0.616089
vt 0.745062 0.616089
vt 0.745062 0.613703
vt 0.744416 0.613703
vt 0.745062 0.616089
vt 0.745887 0.616089
vt 0.745887 0.613703
vt 0.745062 0.613703
vt 0.744416 0.613703
vt 0.745062 0.613703
vt 0.745062 0.611318
vt 0.744416 0.611318
vt 0.745062 0.613703
vt 0.745887 0.613703
vt 0.745887 0.611318
vt 0.745062 0.611318
vt 0.744416 0.611318
vt 0.745062 0.611318
vt 0.745062 0.608932
vt 0.744416 0.608932
vt 0.745062 0.611318
vt 0.745887 0.611318
vt 0.745887 0.608932
vt 0.745062 0.608932
vt 0.012935 0.475882
vt 0.012935 0.479346
vt 0.009471 0.479346
vt 0.009471 0.475882
vt 0.520486 0.471250
vt 0.520486 0.455659
vt 0.523950 0.455659
vt 0.523950 0.471250
vt 0.369780 0.430805
vt 0.369780 0.415215
vt 0.373244 0.415215
vt 0.373244 0.430805
vt 0.520486 0.451028
vt 0.520486 0.435437
vt 0.523950 0.435437
vt 0.523950 0.451028
vt 0.369780 0.410583
vt 0.369780 0.394993
vt 0.373244 0.394993
vt 0.373244 0.410583
vt 0.520486 0.471250
vt 0.012935 0.471250
vt 0.012935 0.455659
vt 0.520486 0.455659
vt 0.012935 0.471250
vt 0.009471 0.471250
vt 0.009471 0.455659
vt 0.012935 0.455659
vt 0.012935 0.479346
vt 0.012935 0.986897
vt 0.009471 0.986897
vt 0.009471 0.479346
vt 0.012935 0.986897
vt 0.012935 0.990361
vt 0.009471 0.990361
vt 0.009471 0.986897
vt 0.012935 0.451028
vt 0.009471 0.451028
vt 0.009471 0.435437
vt 0.012935 0.435437
vt 0.520486 0.451028
vt 0.012935 0.451028
vt 0.012935 0.435437
vt 0.520486 0.435437
vt 0.369780 0.410583
vt 0.012935 0.410583
vt 0.012935 0.394993
vt 0.369780 0.394993
vt 0.012935 0.410583
vt 0.009471 0.410583
vt 0.009471 0.394993
vt 0.012935 0.394993
vt 0.369780 0.475882
vt 0.373244 0.475882
vt 0.373244 0.479346
vt 0.369780 0.479346
vt 0.012935 0.475882
vt 0.369780 0.475882
vt 0.369780 0.479346
vt 0.012935 0.479346
vt 0.369780 0.479346
vt 0.373244 0.479346
vt 0.373244 0.986897
vt 0.369780 0.986897
vt 0.012935 0.479346
vt 0.369780 0.479346
vt 0.369780 0.986897
vt 0.012935 0.986897
vt 0.369780 0.986897
vt 0.373244 0.986897
vt 0.373244 0.990361
vt 0.369780 0.990361
vt 0.012935 0.986897
vt 0.369780 0.986897
vt 0.369780 0.990361
vt 0.012935 0.990361
vt 0.012935 0.430805
vt 0.009471 0.430805
vt 0.009471 0.415215
vt 0.012935 0.415215
vt 0.369780 0.430805
vt 0.012935 0.430805
vt 0.012935 0.415215
vt 0.369780 0.415215
vt 0.617778 0.531260
vt 0.617778 0.478900
vt 0.627033 0.465810
vt 0.636289 0.518170
vt 0.617778 0.675249
vt 0.627033 0.675249
vt 0.627033 0.989407
vt 0.617778 0.989407
vt 0.627033 0.465810
vt 0.617778 0.478900
vt 0.617778 0.465810
vt 0.987998 0.465810
vt 0.987998 0.478900
vt 0.978743 0.465810
vt 0.978743 0.465810
vt 0.978743 0.478900
vt 0.969487 0.465810
vt 0.987998 0.478900
vt 0.987998 0.491990
vt 0.978743 0.478900
vt 0.987998 0.478900
vt 0.978743 0.478900
vt 0.978743 0.465810
vt 0.636289 0.518170
vt 0.636289 0.531260
vt 0.617778 0.531260
vt 0.627033 0.465810
vt 0.969487 0.465810
vt 0.969487 0.518170
vt 0.636289 0.518170
vt 0.969487 0.635979
vt 0.969487 0.518170
vt 0.987998 0.491990
vt 0.978743 0.635979
vt 0.978743 0.897778
vt 0.978743 0.635979
vt 0.987998 0.491990
vt 0.987998 0.897778
vt 0.969487 0.518170
vt 0.978743 0.478900
vt 0.987998 0.491990
vt 0.969487 0.518170
vt 0.969487 0.465810
vt 0.978743 0.478900
vt 0.902986 0.005125
vt 0.981525 0.005125
vt 0.994615 0.014381
vt 0.916076 0.060658
vt 0.562648 0.032892
vt 0.471018 0.014381
vt 0.484108 0.005125
vt 0.994615 0.366090
vt 0.981525 0.375346
vt 0.968435 0.375346
vt 0.994615 0.356835
vt 0.471018 0.005125
vt 0.484108 0.005125
vt 0.471018 0.014381
vt 0.994615 0.375346
vt 0.981525 0.375346
vt 0.994615 0.366090
vt 0.994615 0.005125
vt 0.994615 0.014381
vt 0.981525 0.005125
vt 0.916076 0.060658
vt 0.902986 0.060658
vt 0.902986 0.005125
vt 0.916076 0.218002
vt 0.916076 0.060658
vt 0.994615 0.014381
vt 0.929165 0.218002
vt 0.968435 0.375346
vt 0.929165 0.366090
vt 0.929165 0.218002
vt 0.850626 0.366090
vt 0.929165 0.366090
vt 0.968435 0.375346
vt 0.850626 0.375346
vt 0.968435 0.375346
vt 0.929165 0.218002
vt 0.994615 0.014381
vt 0.994615 0.356835
vt 0.562648 0.042147
vt 0.471018 0.042147
vt 0.471018 0.014381
vt 0.562648 0.032892
vt 0.667367 0.032892
vt 0.562648 0.032892
vt 0.484108 0.005125
vt 0.667367 0.023636
vt 0.772086 0.023636
vt 0.667367 0.023636
vt 0.484108 0.005125
vt 0.772086 0.014381
vt 0.876806 0.014381
vt 0.772086 0.014381
vt 0.484108 0.005125
vt 0.876806 0.005125
vt 0.066289 0.313968
vt 0.092469 0.313968
vt 0.092469 0.323224
vt 0.027019 0.378757
vt 0.013929 0.378757
vt 0.027019 0.369501
vt 0.027019 0.369501
vt 0.013929 0.369501
vt 0.013929 0.360246
vt 0.027019 0.360246
vt 0.013929 0.378757
vt 0.013929 0.369501
vt 0.027019 0.369501
vt 0.066289 0.267691
vt 0.066289 0.313968
vt 0.027019 0.360246
vt 0.013929 0.360246
vt 0.079379 0.119603
vt 0.079379 0.267691
vt 0.066289 0.267691
vt 0.092469 0.119603
vt 0.079379 0.119603
vt 0.013929 0.008537
vt 0.092469 0.008537
vt 0.013929 0.008537
vt 0.079379 0.119603
vt 0.066289 0.267691
vt 0.013929 0.360246
vt 0.027019 0.369501
vt 0.027019 0.360246
vt 0.066289 0.313968
vt 0.092469 0.323224
vt 0.511346 0.360246
vt 0.027019 0.378757
vt 0.027019 0.369501
vt 0.406627 0.350990
vt 0.537526 0.360246
vt 0.537526 0.378757
vt 0.027019 0.378757
vt 0.511346 0.360246
vt 0.406627 0.350990
vt 0.511346 0.350990
vt 0.511346 0.360246
vt 0.406627 0.341735
vt 0.406627 0.350990
vt 0.027019 0.369501
vt 0.301908 0.341735
vt 0.301908 0.332479
vt 0.301908 0.341735
vt 0.027019 0.369501
vt 0.197188 0.332479
vt 0.197188 0.323224
vt 0.197188 0.332479
vt 0.027019 0.369501
vt 0.092469 0.323224
vn 0.000000 -1.000000 0.000000
vn 0.000000 -1.000000 0.000000
vn 0.000000 -1.000000 0.000000
vn 0.000000 -0.999690 -0.024906
vn 0.000000 -0.999690 -0.024906
vn 0.000000 -0.999301 -0.037376
vn 0.000000 -1.000000 0.000000
vn 0.000000 -1.000000 0.000000
vn 0.000000 -0.999690 -0.024906
vn 0.000000 -1.000000 0.000000
vn -0.000000 0.999553 -0.029907
vn -0.000000 0.999553 -0.029907
vn 0.000000 1.000000 0.000000
vn 0.000000 1.000000 0.000000
vn 0.000000 1.000000 0.000000
vn 0.000000 1.000000 0.000000
vn -0.000000 0.999553 -0.029907
vn 0.000000 1.000000 0.000000
vn -0.000000 0.999553 -0.029907
vn 0.000000 1.000000 0.000000
vn 0.000000 1.000000 0.000000
vn 0.000000 1.000000 0.000000
vn 0.000000 -1.000000 0.000000
vn 0.000000 -1.000000 0.000000
vn 0.000000 -0.999553 0.029907
vn 0.000000 -1.000000 0.000000
vn 0.000000 -0.999553 0.029907
vn 0.000000 -1.000000 0.000000
vn 0.000000 -1.000000 0.000000
vn 0.000000 -0.999553 0.029907
vn 0.000000 -0.999553 0.029907
vn 0.000000 -1.000000 0.000000
vn 0.000000 -1.000000 0.000000
vn 0.000000 -1.000000 0.000000
vn 0.000000 1.000000 0.000000
vn 0.000000 0.999690 0.024906
vn 0.000000 1.000000 0.000000
vn 0.000000 1.000000 0.000000
vn 0.000000 1.000000 0.000000
vn 0.000000 1.000000 0.000000
vn 0.000000 0.999690 0.024906
vn 0.000000 1.000000 0.000000
vn 0.000000 0.999301 0.037376
vn 0.000000 0.999690 0.024906
vn -0.991547 -0.115971 0.058188
vn -0.991547 0.115971 0.058188
vn -0.991843 0.127379 -0.004750
vn -0.991843 -0.127379 0.004750
vn 0.000000 0.988832 0.149034
vn 0.000000 0.988832 0.149034
vn 0.000000 0.999690 0.024906
vn 0.000000 0.999301 0.037376
vn 0.991857 -0.125939 0.018969
vn 0.991857 0.125939 -0.018969
vn 0.991843 0.127379 -0.004750
vn 0.991843 -0.127379 0.004750
vn 0.991843 -0.127379 0.004750
vn 0.991843 0.127379 -0.004750
vn 0.991547 0.115971 0.058188
vn 0.991547 -0.115971 0.058188
vn 0.659952 0.116003 0.742298
vn 0.659952 -0.116003 0.742298
vn 0.742298 -0.116003 0.659952
vn 0.742298 0.116003 0.659952
vn 0.058188 -0.115971 0.991547
vn 0.058188 0.115971 0.991547
vn -0.058188 0.115971 0.991547
vn -0.058188 -0.115971 0.991547
vn 0.058188 -0.115971 0.991547
vn 0.058188 0.115971 0.991547
vn -0.058188 0.115971 0.991547
vn -0.058188 -0.115971 0.991547
vn -0.991857 0.125939 -0.018969
vn -0.991857 -0.125939 0.018969
vn -0.991843 -0.127379 0.004750
vn -0.991843 0.127379 -0.004750
vn 0.991843 -0.127379 -0.004750
vn 0.991843 0.127379 0.004750
vn 0.991547 0.115971 0.058188
vn 0.991547 -0.115971 0.058188
vn 0.066564 0.136254 0.988435
vn 0.066564 -0.136254 0.988435
vn 0.058188 -0.115971 0.991547
vn 0.058188 0.115971 0.991547
vn -0.742298 0.116003 0.659952
vn -0.742298 -0.116003 0.659952
vn -0.659952 -0.116003 0.742298
vn -0.659952 0.116003 0.742298
vn -0.991547 -0.115971 0.058188
vn -0.991547 0.115971 0.058188
vn -0.991843 0.127379 0.004750
vn -0.991843 -0.127379 -0.004750
vn 0.659952 0.116003 0.742298
vn 0.659952 -0.116003 0.742298
vn 0.651865 -0.136255 0.745993
vn 0.651865 0.136255 0.745993
vn -0.742298 0.116003 0.659952
vn -0.742298 -0.116003 0.659952
vn -0.659952 -0.116003 0.742298
vn -0.659952 0.116003 0.742298
vn -0.000000 0.988832 -0.149034
vn -0.000000 0.988832 -0.149034
vn -0.000000 0.999553 -0.029907
vn -0.000000 0.999553 -0.029907
vn 0.742298 0.116003 0.659952
vn 0.659952 0.116003 0.742298
vn 0.659952 -0.116003 0.742298
vn 0.742298 -0.116003 0.659952
vn 0.148130 -0.987063 0.061346
vn 0.000000 -1.000000 0.000000
vn 0.000000 -0.999301 -0.037376
vn 0.127314 -0.991170 -0.037063
vn 0.061346 -0.987063 0.148130
vn 0.000000 -1.000000 0.000000
vn 0.000000 -1.000000 0.000000
vn 0.148130 -0.987063 0.061346
vn -0.061346 -0.987063 0.148130
vn 0.000000 -1.000000 0.000000
vn 0.000000 -1.000000 0.000000
vn 0.061346 -0.987063 0.148130
vn -0.148130 -0.987063 0.061346
vn 0.000000 -1.000000 0.000000
vn 0.000000 -1.000000 0.000000
vn -0.061346 -0.987063 0.148130
vn 0.000000 -0.999690 -0.024906
vn 0.000000 -1.000000 0.000000
vn -0.148130 -0.987063 0.061346
vn -0.127314 -0.991170 -0.037063
vn -0.127409 -0.980774 -0.147816
vn 0.000000 -0.988832 -0.149034
vn 0.000000 -0.999690 -0.024906
vn -0.127314 -0.991170 -0.037063
vn -0.148130 0.987063 0.061346
vn 0.000000 1.000000 0.000000
vn -0.000000 0.999553 -0.029907
vn -0.127314 0.991170 -0.037063
vn -0.061346 0.987063 0.148130
vn 0.000000 1.000000 0.000000
vn 0.000000 1.000000 0.000000
vn -0.148130 0.987063 0.061346
vn 0.061346 0.987063 0.148130
vn 0.000000 1.000000 0.000000
vn 0.000000 1.000000 0.000000
vn -0.061346 0.987063 0.148130
vn 0.053033 0.990347 0.128067
vn 0.000000 1.000000 0.000000
vn 0.000000 1.000000 0.000000
vn 0.061346 0.987063 0.148130
vn 0.061346 0.987063 0.148130
vn 0.000000 1.000000 0.000000
vn 0.000000 1.000000 0.000000
vn 0.053033 0.990347 0.128067
vn 0.148130 0.987063 0.061346
vn 0.000000 1.000000 0.000000
vn 0.000000 1.000000 0.000000
vn 0.061346 0.987063 0.148130
vn -0.000000 0.999553 -0.029907
vn 0.000000 1.000000 0.000000
vn 0.148130 0.987063 0.061346
vn 0.127314 0.991170 -0.037063
vn 0.000000 -0.988832 -0.149034
vn 0.127409 -0.980774 -0.147816
vn 0.127314 -0.991170 -0.037063
vn 0.000000 -0.999301 -0.037376
vn 0.127314 0.991170 0.037063
vn 0.000000 0.999301 0.037376
vn 0.000000 1.000000 0.000000
vn 0.148130 0.987063 0.061346
vn 0.148130 0.987063 0.061346
vn 0.000000 1.000000 0.000000
vn 0.000000 1.000000 0.000000
vn 0.061346 0.987063 0.148130
vn 0.061346 0.987063 0.148130
vn 0.000000 1.000000 0.000000
vn 0.000000 1.000000 0.000000
vn -0.061346 0.987063 0.148130
vn -0.061346 0.987063 0.148130
vn 0.000000 1.000000 0.000000
vn 0.000000 1.000000 0.000000
vn -0.148130 0.987063 0.061346
vn -0.148130 0.987063 0.061346
vn 0.000000 1.000000 0.000000
vn 0.000000 0.999690 0.024906
vn -0.127314 0.991170 0.037063
vn -0.127409 -0.980774 0.147816
vn 0.000000 -0.988832 0.149034
vn 0.000000 -0.999553 0.029907
vn -0.127314 -0.991170 0.037063
vn -0.127314 -0.991170 0.037063
vn 0.000000 -0.999553 0.029907
vn 0.000000 -1.000000 0.000000
vn -0.148130 -0.987063 0.061346
vn -0.148130 -0.987063 0.061346
vn 0.000000 -1.000000 0.000000
vn 0.000000 -1.000000 0.000000
vn -0.061346 -0.987063 0.148130
vn -0.061346 -0.987063 0.148130
vn 0.000000 -1.000000 0.000000
vn 0.000000 -1.000000 0.000000
vn 0.061346 -0.987063 0.148130
vn 0.061346 -0.987063 0.148130
vn 0.000000 -1.000000 0.000000
vn 0.000000 -1.000000 0.000000
vn 0.053033 -0.990347 0.128067
vn 0.053033 -0.990347 0.128067
vn 0.000000 -1.000000 0.000000
vn 0.000000 -1.000000 0.000000
vn 0.061346 -0.987063 0.148130
vn 0.061346 -0.987063 0.148130
vn 0.000000 -1.000000 0.000000
vn 0.000000 -1.000000 0.000000
vn 0.148130 -0.987063 0.061346
vn 0.148130 -0.987063 0.061346
vn 0.000000 -1.000000 0.000000
vn 0.000000 -0.999553 0.029907
vn 0.127314 -0.991170 0.037063
vn 0.000000 -0.988832 0.149034
vn 0.127409 -0.980774 0.147816
vn 0.127314 -0.991170 0.037063
vn 0.000000 -0.999553 0.029907
vn 0.000000 -0.988832 -0.149034
vn 0.000000 -0.999301 -0.037376
vn 0.000000 -0.999690 -0.024906
vn 0.000000 -0.988832 -0.149034
vn 0.000000 -0.955573 -0.294753
vn 0.000000 -0.988832 -0.149034
vn 0.000000 -0.988832 -0.149034
vn 0.000000 -0.955573 -0.294753
vn 0.000000 -0.900972 -0.433877
vn 0.000000 -0.955573 -0.294753
vn 0.000000 -0.955573 -0.294753
vn 0.000000 -0.900972 -0.433877
vn 0.000000 -0.826236 -0.563324
vn 0.000000 -0.900972 -0.433877
vn 0.000000 -0.900972 -0.433877
vn 0.000000 -0.826236 -0.563324
vn 0.000000 -0.733050 -0.680174
vn 0.000000 -0.826236 -0.563324
vn 0.000000 -0.826236 -0.563324
vn 0.000000 -0.733050 -0.680174
vn 0.000000 -0.623486 -0.781834
vn 0.000000 -0.733050 -0.680174
vn 0.000000 -0.733050 -0.680174
vn 0.000000 -0.623486 -0.781834
vn 0.000000 -0.499988 -0.866033
vn 0.000000 -0.623486 -0.781834
vn 0.000000 -0.623486 -0.781834
vn 0.000000 -0.499988 -0.866033
vn 0.000000 -0.365327 -0.930879
vn 0.000000 -0.499988 -0.866033
vn 0.000000 -0.499988 -0.866033
vn 0.000000 -0.365327 -0.930879
vn 0.000000 -0.222506 -0.974931
vn 0.000000 -0.365327 -0.930879
vn 0.000000 -0.365327 -0.930879
vn 0.000000 -0.222506 -0.974931
vn 0.000000 -0.074720 -0.997205
vn 0.000000 -0.222506 -0.974931
vn 0.000000 -0.222506 -0.974931
vn 0.000000 -0.074720 -0.997205
vn -0.000000 0.074720 -0.997205
vn 0.000000 -0.074720 -0.997205
vn 0.000000 -0.074720 -0.997205
vn -0.000000 0.074720 -0.997205
vn -0.000000 0.222506 -0.974931
vn -0.000000 0.074720 -0.997205
vn -0.000000 0.074720 -0.997205
vn -0.000000 0.222506 -0.974931
vn -0.000000 0.365327 -0.930879
vn -0.000000 0.222506 -0.974931
vn -0.000000 0.222506 -0.974931
vn -0.000000 0.365327 -0.930879
vn -0.000000 0.499988 -0.866033
vn -0.000000 0.365327 -0.930879
vn -0.000000 0.365327 -0.930879
vn -0.000000 0.499988 -0.866033
vn -0.000000 0.623486 -0.781834
vn -0.000000 0.499988 -0.866033
vn -0.000000 0.499988 -0.866033
vn -0.000000 0.623486 -0.781834
vn -0.000000 0.733050 -0.680174
vn -0.000000 0.623486 -0.781834
vn -0.000000 0.623486 -0.781834
vn -0.000000 0.733050 -0.680174
vn -0.000000 0.826236 -0.563324
vn -0.000000 0.733050 -0.680174
vn -0.000000 0.733050 -0.680174
vn -0.000000 0.826236 -0.563324
vn -0.000000 0.900966 -0.433889
vn -0.000000 0.826236 -0.563324
vn -0.000000 0.826236 -0.563324
vn -0.000000 0.900966 -0.433889
vn -0.000000 0.955573 -0.294753
vn -0.000000 0.900966 -0.433889
vn -0.000000 0.900966 -0.433889
vn -0.000000 0.955573 -0.294753
vn -0.000000 0.988832 -0.149034
vn -0.000000 0.955573 -0.294753
vn -0.000000 0.955573 -0.294753
vn -0.000000 0.988832 -0.149034
vn -0.127409 -0.980774 -0.147816
vn -0.127407 -0.947788 -0.292346
vn 0.000000 -0.955573 -0.294753
vn 0.000000 -0.988832 -0.149034
vn -0.127407 -0.947788 -0.292346
vn -0.127407 -0.893628 -0.430345
vn 0.000000 -0.900972 -0.433877
vn 0.000000 -0.955573 -0.294753
vn -0.127407 -0.893628 -0.430345
vn -0.127408 -0.819508 -0.558725
vn 0.000000 -0.826236 -0.563324
vn 0.000000 -0.900972 -0.433877
vn -0.127408 -0.819508 -0.558725
vn -0.127408 -0.727073 -0.674635
vn 0.000000 -0.733050 -0.680174
vn 0.000000 -0.826236 -0.563324
vn -0.127408 -0.727073 -0.674635
vn -0.127409 -0.618418 -0.775452
vn 0.000000 -0.623486 -0.781834
vn 0.000000 -0.733050 -0.680174
vn -0.127409 -0.618418 -0.775452
vn -0.127411 -0.495924 -0.858968
vn 0.000000 -0.499988 -0.866033
vn 0.000000 -0.623486 -0.781834
vn -0.127411 -0.495924 -0.858968
vn -0.127408 -0.362349 -0.923294
vn 0.000000 -0.365327 -0.930879
vn 0.000000 -0.499988 -0.866033
vn -0.127408 -0.362349 -0.923294
vn -0.127409 -0.220691 -0.966986
vn 0.000000 -0.222506 -0.974931
vn 0.000000 -0.365327 -0.930879
vn -0.127409 -0.220691 -0.966986
vn -0.127408 -0.074095 -0.989079
vn 0.000000 -0.074720 -0.997205
vn 0.000000 -0.222506 -0.974931
vn -0.127408 -0.074095 -0.989079
vn -0.127408 0.074095 -0.989079
vn -0.000000 0.074720 -0.997205
vn 0.000000 -0.074720 -0.997205
vn -0.127408 0.074095 -0.989079
vn -0.127409 0.220691 -0.966986
vn -0.000000 0.222506 -0.974931
vn -0.000000 0.074720 -0.997205
vn -0.127409 0.220691 -0.966986
vn -0.127408 0.362349 -0.923294
vn -0.000000 0.365327 -0.930879
vn -0.000000 0.222506 -0.974931
vn -0.127408 0.362349 -0.923294
vn -0.127411 0.495924 -0.858968
vn -0.000000 0.499988 -0.866033
vn -0.000000 0.365327 -0.930879
vn -0.127411 0.495924 -0.858968
vn -0.127409 0.618418 -0.775452
vn -0.000000 0.623486 -0.781834
vn -0.000000 0.499988 -0.866033
vn -0.127409 0.618418 -0.775452
vn -0.127408 0.727073 -0.674635
vn -0.000000 0.733050 -0.680174
vn -0.000000 0.623486 -0.781834
vn -0.127408 0.727073 -0.674635
vn -0.127408 0.819508 -0.558725
vn -0.000000 0.826236 -0.563324
vn -0.000000 0.733050 -0.680174
vn -0.127408 0.819508 -0.558725
vn -0.127407 0.893628 -0.430345
vn -0.000000 0.900966 -0.433889
vn -0.000000 0.826236 -0.563324
vn -0.127407 0.893628 -0.430345
vn -0.127407 0.947788 -0.292346
vn -0.000000 0.955573 -0.294753
vn -0.000000 0.900966 -0.433889
vn -0.127407 0.947788 -0.292346
vn -0.127409 0.980774 -0.147816
vn -0.000000 0.988832 -0.149034
vn -0.000000 0.955573 -0.294753
vn -0.127409 0.980774 -0.147816
vn -0.127314 0.991170 -0.037063
vn -0.000000 0.999553 -0.029907
vn -0.000000 0.988832 -0.149034
vn -0.991857 -0.125939 -0.018969
vn -0.991843 -0.127379 -0.004750
vn -0.991843 0.127379 0.004750
vn -0.991857 0.125939 0.018969
vn -0.991855 -0.121720 -0.037532
vn -0.991857 -0.125939 -0.018969
vn -0.991857 0.125939 0.018969
vn -0.991855 0.121720 0.037532
vn -0.991857 -0.114751 -0.055251
vn -0.991855 -0.121720 -0.037532
vn -0.991855 0.121720 0.037532
vn -0.991857 0.114751 0.055251
vn -0.991854 -0.105251 -0.071751
vn -0.991857 -0.114751 -0.055251
vn -0.991857 0.114751 0.055251
vn -0.991854 0.105251 0.071751
vn -0.991855 -0.093376 -0.086626
vn -0.991854 -0.105251 -0.071751
vn -0.991854 0.105251 0.071751
vn -0.991855 0.093376 0.086626
vn -0.991854 -0.079407 -0.099595
vn -0.991855 -0.093376 -0.086626
vn -0.991855 0.093376 0.086626
vn -0.991858 0.079407 0.099564
vn -0.991854 -0.063688 -0.110314
vn -0.991854 -0.079407 -0.099595
vn -0.991858 0.079407 0.099564
vn -0.991854 0.063688 0.110314
vn -0.991856 -0.046532 -0.118564
vn -0.991854 -0.063688 -0.110314
vn -0.991854 0.063688 0.110314
vn -0.991856 0.046532 0.118564
vn -0.991854 -0.028344 -0.124189
vn -0.991856 -0.046532 -0.118564
vn -0.991856 0.046532 0.118564
vn -0.991854 0.028344 0.124189
vn -0.991857 -0.009500 -0.127002
vn -0.991854 -0.028344 -0.124189
vn -0.991854 0.028344 0.124189
vn -0.991857 0.009500 0.127002
vn -0.991857 0.009500 -0.127002
vn -0.991857 -0.009500 -0.127002
vn -0.991857 0.009500 0.127002
vn -0.991857 -0.009500 0.127002
vn -0.991854 0.028344 -0.124189
vn -0.991857 0.009500 -0.127002
vn -0.991857 -0.009500 0.127002
vn -0.991854 -0.028344 0.124189
vn -0.991856 0.046532 -0.118564
vn -0.991854 0.028344 -0.124189
vn -0.991854 -0.028344 0.124189
vn -0.991856 -0.046532 0.118564
vn -0.991854 0.063688 -0.110314
vn -0.991856 0.046532 -0.118564
vn -0.991856 -0.046532 0.118564
vn -0.991854 -0.063688 0.110314
vn -0.991858 0.079407 -0.099564
vn -0.991854 0.063688 -0.110314
vn -0.991854 -0.063688 0.110314
vn -0.991858 -0.079407 0.099564
vn -0.991855 0.093376 -0.086626
vn -0.991858 0.079407 -0.099564
vn -0.991858 -0.079407 0.099564
vn -0.991855 -0.093376 0.086626
vn -0.991854 0.105251 -0.071751
vn -0.991855 0.093376 -0.086626
vn -0.991855 -0.093376 0.086626
vn -0.991854 -0.105251 0.071751
vn -0.991857 0.114751 -0.055251
vn -0.991854 0.105251 -0.071751
vn -0.991854 -0.105251 0.071751
vn -0.991857 -0.114751 0.055251
vn -0.991855 0.121720 -0.037532
vn -0.991857 0.114751 -0.055251
vn -0.991857 -0.114751 0.055251
vn -0.991855 -0.121720 0.037532
vn -0.991857 0.125939 -0.018969
vn -0.991855 0.121720 -0.037532
vn -0.991855 -0.121720 0.037532
vn -0.991857 -0.125939 0.018969
vn -0.127409 0.980774 0.147816
vn -0.127314 0.991170 0.037063
vn 0.000000 0.999690 0.024906
vn 0.000000 0.988832 0.149034
vn -0.127407 0.947788 0.292346
vn -0.127409 0.980774 0.147816
vn 0.000000 0.988832 0.149034
vn 0.000000 0.955573 0.294753
vn -0.127407 0.893628 0.430345
vn -0.127407 0.947788 0.292346
vn 0.000000 0.955573 0.294753
vn 0.000000 0.900966 0.433889
vn -0.127408 0.819508 0.558725
vn -0.127407 0.893628 0.430345
vn 0.000000 0.900966 0.433889
vn 0.000000 0.826236 0.563324
vn -0.127408 0.727073 0.674635
vn -0.127408 0.819508 0.558725
vn 0.000000 0.826236 0.563324
vn 0.000000 0.733050 0.680174
vn -0.127409 0.618418 0.775452
vn -0.127408 0.727073 0.674635
vn 0.000000 0.733050 0.680174
vn 0.000000 0.623486 0.781834
vn -0.127411 0.495924 0.858968
vn -0.127409 0.618418 0.775452
vn 0.000000 0.623486 0.781834
vn 0.000000 0.500011 0.866019
vn -0.127408 0.362349 0.923294
vn -0.127411 0.495924 0.858968
vn 0.000000 0.500011 0.866019
vn 0.000000 0.365327 0.930879
vn -0.127409 0.220691 0.966986
vn -0.127408 0.362349 0.923294
vn 0.000000 0.365327 0.930879
vn 0.000000 0.222506 0.974931
vn -0.127408 0.074095 0.989079
vn -0.127409 0.220691 0.966986
vn 0.000000 0.222506 0.974931
vn 0.000000 0.074720 0.997205
vn -0.127408 -0.074095 0.989079
vn -0.127408 0.074095 0.989079
vn 0.000000 0.074720 0.997205
vn 0.000000 -0.074720 0.997205
vn -0.127409 -0.220691 0.966986
vn -0.127408 -0.074095 0.989079
vn 0.000000 -0.074720 0.997205
vn 0.000000 -0.222506 0.974931
vn -0.127408 -0.362349 0.923294
vn -0.127409 -0.220691 0.966986
vn 0.000000 -0.222506 0.974931
vn 0.000000 -0.365327 0.930879
vn -0.127411 -0.495924 0.858968
vn -0.127408 -0.362349 0.923294
vn 0.000000 -0.365327 0.930879
vn 0.000000 -0.500011 0.866019
vn -0.127409 -0.618418 0.775452
vn -0.127411 -0.495924 0.858968
vn 0.000000 -0.500011 0.866019
vn 0.000000 -0.623486 0.781834
vn -0.127408 -0.727073 0.674635
vn -0.127409 -0.618418 0.775452
vn 0.000000 -0.623486 0.781834
vn 0.000000 -0.733050 0.680174
vn -0.127408 -0.819508 0.558725
vn -0.127408 -0.727073 0.674635
vn 0.000000 -0.733050 0.680174
vn 0.000000 -0.826236 0.563324
vn -0.127407 -0.893628 0.430345
vn -0.127408 -0.819508 0.558725
vn 0.000000 -0.826236 0.563324
vn 0.000000 -0.900966 0.433889
vn -0.127407 -0.947788 0.292346
vn -0.127407 -0.893628 0.430345
vn 0.000000 -0.900966 0.433889
vn 0.000000 -0.955573 0.294753
vn -0.127409 -0.980774 0.147816
vn -0.127407 -0.947788 0.292346
vn 0.000000 -0.955573 0.294753
vn 0.000000 -0.988832 0.149034
vn 0.000000 0.988832 0.149034
vn 0.000000 0.955573 0.294753
vn 0.000000 0.955573 0.294753
vn 0.000000 0.988832 0.149034
vn 0.000000 0.955573 0.294753
vn 0.000000 0.900966 0.433889
vn 0.000000 0.900966 0.433889
vn 0.000000 0.955573 0.294753
vn 0.000000 0.900966 0.433889
vn 0.000000 0.826236 0.563324
vn 0.000000 0.826236 0.563324
vn 0.000000 0.900966 0.433889
vn 0.000000 0.826236 0.563324
vn 0.000000 0.733050 0.680174
vn 0.000000 0.733050 0.680174
vn 0.000000 0.826236 0.563324
vn 0.000000 0.733050 0.680174
vn 0.000000 0.623486 0.781834
vn 0.000000 0.623486 0.781834
vn 0.000000 0.733050 0.680174
vn 0.000000 0.623486 0.781834
vn 0.000000 0.500011 0.866019
vn 0.000000 0.500011 0.866019
vn 0.000000 0.623486 0.781834
vn 0.000000 0.500011 0.866019
vn 0.000000 0.365327 0.930879
vn 0.000000 0.365327 0.930879
vn 0.000000 0.500011 0.866019
vn 0.000000 0.365327 0.930879
vn 0.000000 0.222506 0.974931
vn 0.000000 0.222506 0.974931
vn 0.000000 0.365327 0.930879
vn 0.000000 0.222506 0.974931
vn 0.000000 0.074720 0.997205
vn 0.000000 0.074720 0.997205
vn 0.000000 0.222506 0.974931
vn 0.000000 0.074720 0.997205
vn 0.000000 -0.074720 0.997205
vn 0.000000 -0.074720 0.997205
vn 0.000000 0.074720 0.997205
vn 0.000000 -0.074720 0.997205
vn 0.000000 -0.222506 0.974931
vn 0.000000 -0.222506 0.974931
vn 0.000000 -0.074720 0.997205
vn 0.000000 -0.222506 0.974931
vn 0.000000 -0.365327 0.930879
vn 0.000000 -0.365327 0.930879
vn 0.000000 -0.222506 0.974931
vn 0.000000 -0.365327 0.930879
vn 0.000000 -0.500011 0.866019
vn 0.000000 -0.500011 0.866019
vn 0.000000 -0.365327 0.930879
vn 0.000000 -0.500011 0.866019
vn 0.000000 -0.623486 0.781834
vn 0.000000 -0.623486 0.781834
vn 0.000000 -0.500011 0.866019
vn 0.000000 -0.623486 0.781834
vn 0.000000 -0.733050 0.680174
vn 0.000000 -0.733050 0.680174
vn 0.000000 -0.623486 0.781834
vn 0.000000 -0.733050 0.680174
vn 0.000000 -0.826236 0.563324
vn 0.000000 -0.826236 0.563324
vn 0.000000 -0.733050 0.680174
vn 0.000000 -0.826236 0.563324
vn 0.000000 -0.900966 0.433889
vn 0.000000 -0.900966 0.433889
vn 0.000000 -0.826236 0.563324
vn 0.000000 -0.900966 0.433889
vn 0.000000 -0.955573 0.294753
vn 0.000000 -0.955573 0.294753
vn 0.000000 -0.900966 0.433889
vn 0.000000 -0.955573 0.294753
vn 0.000000 -0.988832 0.149034
vn 0.000000 -0.988832 0.149034
vn 0.000000 -0.955573 0.294753
vn 0.000000 -0.988832 0.149034
vn 0.000000 -0.999553 0.029907
vn 0.000000 -0.999553 0.029907
vn 0.000000 -0.988832 0.149034
vn 0.000000 0.988832 0.149034
vn 0.000000 0.999301 0.037376
vn 0.127314 0.991170 0.037063
vn 0.127409 0.980774 0.147816
vn 0.000000 0.955573 0.294753
vn 0.000000 0.988832 0.149034
vn 0.127409 0.980774 0.147816
vn 0.127407 0.947788 0.292346
vn 0.000000 0.900966 0.433889
vn 0.000000 0.955573 0.294753
vn 0.127407 0.947788 0.292346
vn 0.127407 0.893628 0.430345
vn 0.000000 0.826236 0.563324
vn 0.000000 0.900966 0.433889
vn 0.127407 0.893628 0.430345
vn 0.127408 0.819508 0.558725
vn 0.000000 0.733050 0.680174
vn 0.000000 0.826236 0.563324
vn 0.127408 0.819508 0.558725
vn 0.127408 0.727073 0.674635
vn 0.000000 0.623486 0.781834
vn 0.000000 0.733050 0.680174
vn 0.127408 0.727073 0.674635
vn 0.127409 0.618418 0.775452
vn 0.000000 0.500011 0.866019
vn 0.000000 0.623486 0.781834
vn 0.127409 0.618418 0.775452
vn 0.127411 0.495924 0.858968
vn 0.000000 0.365327 0.930879
vn 0.000000 0.500011 0.866019
vn 0.127411 0.495924 0.858968
vn 0.127408 0.362349 0.923294
vn 0.000000 0.222506 0.974931
vn 0.000000 0.365327 0.930879
vn 0.127408 0.362349 0.923294
vn 0.127409 0.220691 0.966986
vn 0.000000 0.074720 0.997205
vn 0.000000 0.222506 0.974931
vn 0.127409 0.220691 0.966986
vn 0.127408 0.074095 0.989079
vn 0.000000 -0.074720 0.997205
vn 0.000000 0.074720 0.997205
vn 0.127408 0.074095 0.989079
vn 0.127408 -0.074095 0.989079
vn 0.000000 -0.222506 0.974931
vn 0.000000 -0.074720 0.997205
vn 0.127408 -0.074095 0.989079
vn 0.127409 -0.220691 0.966986
vn 0.000000 -0.365327 0.930879
vn 0.000000 -0.222506 0.974931
vn 0.127409 -0.220691 0.966986
vn 0.127408 -0.362349 0.923294
vn 0.000000 -0.500011 0.866019
vn 0.000000 -0.365327 0.930879
vn 0.127408 -0.362349 0.923294
vn 0.127411 -0.495924 0.858968
vn 0.000000 -0.623486 0.781834
vn 0.000000 -0.500011 0.866019
vn 0.127411 -0.495924 0.858968
vn 0.127409 -0.618418 0.775452
vn 0.000000 -0.733050 0.680174
vn 0.000000 -0.623486 0.781834
vn 0.127409 -0.618418 0.775452
vn 0.127408 -0.727073 0.674635
vn 0.000000 -0.826236 0.563324
vn 0.000000 -0.733050 0.680174
vn 0.127408 -0.727073 0.674635
vn 0.127408 -0.819508 0.558725
vn 0.000000 -0.900966 0.433889
vn 0.000000 -0.826236 0.563324
vn 0.127408 -0.819508 0.558725
vn 0.127407 -0.893628 0.430345
vn 0.000000 -0.955573 0.294753
vn 0.000000 -0.900966 0.433889
vn 0.127407 -0.893628 0.430345
vn 0.127407 -0.947788 0.292346
vn 0.000000 -0.988832 0.149034
vn 0.000000 -0.955573 0.294753
vn 0.127407 -0.947788 0.292346
vn 0.127409 -0.980774 0.147816
vn 0.991857 0.125939 0.018969
vn 0.991843 0.127379 0.004750
vn 0.991843 -0.127379 -0.004750
vn 0.991857 -0.125939 -0.018969
vn 0.991855 0.121720 0.037532
vn 0.991857 0.125939 0.018969
vn 0.991857 -0.125939 -0.018969
vn 0.991855 -0.121720 -0.037532
vn 0.991857 0.114751 0.055251
vn 0.991855 0.121720 0.037532
vn 0.991855 -0.121720 -0.037532
vn 0.991857 -0.114751 -0.055251
vn 0.991854 0.105251 0.071751
vn 0.991857 0.114751 0.055251
vn 0.991857 -0.114751 -0.055251
vn 0.991854 -0.105251 -0.071751
vn 0.991855 0.093376 0.086626
vn 0.991854 0.105251 0.071751
vn 0.991854 -0.105251 -0.071751
vn 0.991855 -0.093376 -0.086626
vn 0.991858 0.079407 0.099564
vn 0.991855 0.093376 0.086626
vn 0.991855 -0.093376 -0.086626
vn 0.991854 -0.079407 -0.099595
vn 0.991854 0.063688 0.110314
vn 0.991858 0.079407 0.099564
vn 0.991854 -0.079407 -0.099595
vn 0.991854 -0.063688 -0.110314
vn 0.991856 0.046532 0.118564
vn 0.991854 0.063688 0.110314
vn 0.991854 -0.063688 -0.110314
vn 0.991856 -0.046532 -0.118564
vn 0.991854 0.028344 0.124189
vn 0.991856 0.046532 0.118564
vn 0.991856 -0.046532 -0.118564
vn 0.991854 -0.028344 -0.124189
vn 0.991857 0.009500 0.127002
vn 0.991854 0.028344 0.124189
vn 0.991854 -0.028344 -0.124189
vn 0.991857 -0.009500 -0.127002
vn 0.991857 -0.009500 0.127002
vn 0.991857 0.009500 0.127002
vn 0.991857 -0.009500 -0.127002
vn 0.991857 0.009500 -0.127002
vn 0.991854 -0.028344 0.124189
vn 0.991857 -0.009500 0.127002
vn 0.991857 0.009500 -0.127002
vn 0.991854 0.028344 -0.124189
vn 0.991856 -0.046532 0.118564
vn 0.991854 -0.028344 0.124189
vn 0.991854 0.028344 -0.124189
vn 0.991856 0.046532 -0.118564
vn 0.991854 -0.063688 0.110314
vn 0.991856 -0.046532 0.118564
vn 0.991856 0.046532 -0.118564
vn 0.991854 0.063688 -0.110314
vn 0.991858 -0.079407 0.099564
vn 0.991854 -0.063688 0.110314
vn 0.991854 0.063688 -0.110314
vn 0.991858 0.079407 -0.099564
vn 0.991855 -0.093376 0.086626
vn 0.991858 -0.079407 0.099564
vn 0.991858 0.079407 -0.099564
vn 0.991855 0.093376 -0.086626
vn 0.991854 -0.105251 0.071751
vn 0.991855 -0.093376 0.086626
vn 0.991855 0.093376 -0.086626
vn 0.991854 0.105251 -0.071751
vn 0.991857 -0.114751 0.055251
vn 0.991854 -0.105251 0.071751
vn 0.991854 0.105251 -0.071751
vn 0.991857 0.114751 -0.055251
vn 0.991855 -0.121720 0.037532
vn 0.991857 -0.114751 0.055251
vn 0.991857 0.114751 -0.055251
vn 0.991855 0.121720 -0.037532
vn 0.991857 -0.125939 0.018969
vn 0.991855 -0.121720 0.037532
vn 0.991855 0.121720 -0.037532
vn 0.991857 0.125939 -0.018969
vn 0.000000 -0.988832 -0.149034
vn 0.000000 -0.955573 -0.294753
vn 0.127407 -0.947788 -0.292346
vn 0.127409 -0.980774 -0.147816
vn 0.000000 -0.955573 -0.294753
vn 0.000000 -0.900972 -0.433877
vn 0.127407 -0.893628 -0.430345
vn 0.127407 -0.947788 -0.292346
vn 0.000000 -0.900972 -0.433877
vn 0.000000 -0.826236 -0.563324
vn 0.127408 -0.819508 -0.558725
vn 0.127407 -0.893628 -0.430345
vn 0.000000 -0.826236 -0.563324
vn 0.000000 -0.733050 -0.680174
vn 0.127408 -0.727073 -0.674635
vn 0.127408 -0.819508 -0.558725
vn 0.000000 -0.733050 -0.680174
vn 0.000000 -0.623486 -0.781834
vn 0.127409 -0.618418 -0.775452
vn 0.127408 -0.727073 -0.674635
vn 0.000000 -0.623486 -0.781834
vn 0.000000 -0.499988 -0.866033
vn 0.127411 -0.495924 -0.858968
vn 0.127409 -0.618418 -0.775452
vn 0.000000 -0.499988 -0.866033
vn 0.000000 -0.365327 -0.930879
vn 0.127408 -0.362349 -0.923294
vn 0.127411 -0.495924 -0.858968
vn 0.000000 -0.365327 -0.930879
vn 0.000000 -0.222506 -0.974931
vn 0.127409 -0.220691 -0.966986
vn 0.127408 -0.362349 -0.923294
vn 0.000000 -0.222506 -0.974931
vn 0.000000 -0.074720 -0.997205
vn 0.127408 -0.074095 -0.989079
vn 0.127409 -0.220691 -0.966986
vn 0.000000 -0.074720 -0.997205
vn -0.000000 0.074720 -0.997205
vn 0.127408 0.074095 -0.989079
vn 0.127408 -0.074095 -0.989079
vn -0.000000 0.074720 -0.997205
vn -0.000000 0.222506 -0.974931
vn 0.127409 0.220691 -0.966986
vn 0.127408 0.074095 -0.989079
vn -0.000000 0.222506 -0.974931
vn -0.000000 0.365327 -0.930879
vn 0.127408 0.362349 -0.923294
vn 0.127409 0.220691 -0.966986
vn -0.000000 0.365327 -0.930879
vn -0.000000 0.499988 -0.866033
vn 0.127411 0.495924 -0.858968
vn 0.127408 0.362349 -0.923294
vn -0.000000 0.499988 -0.866033
vn -0.000000 0.623486 -0.781834
vn 0.127409 0.618418 -0.775452
vn 0.127411 0.495924 -0.858968
vn -0.000000 0.623486 -0.781834
vn -0.000000 0.733050 -0.680174
vn 0.127408 0.727073 -0.674635
vn 0.127409 0.618418 -0.775452
vn -0.000000 0.733050 -0.680174
vn -0.000000 0.826236 -0.563324
vn 0.127408 0.819508 -0.558725
vn 0.127408 0.727073 -0.674635
vn -0.000000 0.826236 -0.563324
vn -0.000000 0.900966 -0.433889
vn 0.127407 0.893628 -0.430345
vn 0.127408 0.819508 -0.558725
vn -0.000000 0.900966 -0.433889
vn -0.000000 0.955573 -0.294753
vn 0.127407 0.947788 -0.292346
vn 0.127407 0.893628 -0.430345
vn -0.000000 0.955573 -0.294753
vn -0.000000 0.988832 -0.149034
vn 0.127409 0.980774 -0.147816
vn 0.127407 0.947788 -0.292346
vn -0.000000 0.988832 -0.149034
vn -0.000000 0.999553 -0.029907
vn 0.127314 0.991170 -0.037063
vn 0.127409 0.980774 -0.147816
vn 0.877154 -0.416576 0.238883
vn 0.788866 -0.416824 0.451606
vn 0.636855 -0.724294 0.264223
vn 0.451293 -0.416574 0.789177
vn 0.238445 -0.416826 0.877154
vn 0.263478 -0.724308 0.637148
vn -0.877154 0.416576 0.238883
vn -0.788866 0.416824 0.451606
vn -0.636855 0.724294 0.264223
vn -0.451293 0.416574 0.789177
vn -0.238445 0.416826 0.877154
vn -0.263478 0.724308 0.637148
vn 0.238883 0.416576 0.877154
vn 0.451606 0.416824 0.788866
vn 0.264223 0.724294 0.636855
vn 0.789177 0.416574 0.451293
vn 0.877154 0.416826 0.238445
vn 0.637148 0.724308 0.263478
vn 0.414013 0.516172 0.749773
vn 0.234910 0.513571 0.825264
vn 0.223096 0.806790 0.547100
vn 0.238883 0.416576 0.877154
vn 0.451606 0.416824 0.788866
vn 0.264223 0.724294 0.636855
vn -0.238883 -0.416576 0.877154
vn -0.451606 -0.416824 0.788866
vn -0.264223 -0.724294 0.636855
vn -0.789177 -0.416574 0.451293
vn -0.877154 -0.416826 0.238445
vn -0.637148 -0.724308 0.263478
vn -0.238883 -0.416576 0.877154
vn -0.451606 -0.416824 0.788866
vn -0.264223 -0.724294 0.636855
vn -0.451293 0.416574 0.789177
vn -0.238445 0.416826 0.877154
vn -0.263478 0.724308 0.637148
vn -0.789177 -0.416574 0.451293
vn -0.877154 -0.416826 0.238445
vn -0.637148 -0.724308 0.263478
vn -0.877154 0.416576 0.238883
vn -0.788866 0.416824 0.451606
vn -0.636855 0.724294 0.264223
vn 0.237412 -0.516168 0.822925
vn 0.417425 -0.513585 0.749658
vn 0.229098 -0.806796 0.544604
vn 0.451293 -0.416574 0.789177
vn 0.238445 -0.416826 0.877154
vn 0.263478 -0.724308 0.637148
vn 0.789177 0.416574 0.451293
vn 0.877154 0.416826 0.238445
vn 0.637148 0.724308 0.263478
vn 0.238883 0.416576 0.877154
vn 0.451606 0.416824 0.788866
vn 0.264223 0.724294 0.636855
vn 0.451293 -0.416574 0.789177
vn 0.238445 -0.416826 0.877154
vn 0.263478 -0.724308 0.637148
vn 0.877154 -0.416576 0.238883
vn 0.788866 -0.416824 0.451606
vn 0.636855 -0.724294 0.264223
vn -0.497069 0.867105 -0.032438
vn -0.522788 0.849887 0.066220
vn -0.148130 0.987063 0.061346
vn -0.127314 0.991170 -0.037063
vn -0.857427 0.108034 0.503137
vn -0.857427 -0.108034 0.503137
vn -0.742298 -0.116003 0.659952
vn -0.742298 0.116003 0.659952
vn -0.522635 -0.850017 0.065751
vn -0.497069 -0.867105 0.032438
vn -0.127314 -0.991170 0.037063
vn -0.148130 -0.987063 0.061346
vn 0.497069 0.867105 -0.032438
vn 0.497414 0.857826 -0.129283
vn 0.127409 0.980774 -0.147816
vn 0.127314 0.991170 -0.037063
vn 0.497414 -0.857826 0.129283
vn 0.497069 -0.867105 0.032438
vn 0.127314 -0.991170 0.037063
vn 0.127409 -0.980774 0.147816
vn 0.857427 -0.108034 0.503137
vn 0.857427 0.108034 0.503137
vn 0.742298 0.116003 0.659952
vn 0.742298 -0.116003 0.659952
vn 0.522635 0.850017 0.065751
vn 0.497069 0.867105 -0.032438
vn 0.127314 0.991170 -0.037063
vn 0.148130 0.987063 0.061346
vn 0.497069 -0.867105 0.032438
vn 0.522788 -0.849887 0.066220
vn 0.148130 -0.987063 0.061346
vn 0.127314 -0.991170 0.037063
vn 0.416071 -0.850018 0.323038
vn 0.322818 -0.849889 0.416507
vn 0.061346 -0.987063 0.148130
vn 0.148130 -0.987063 0.061346
vn 0.250539 -0.108034 0.962060
vn 0.250539 0.108034 0.962060
vn 0.058188 0.115971 0.991547
vn 0.058188 -0.115971 0.991547
vn 0.323038 0.850018 0.416071
vn 0.416507 0.849889 0.322818
vn 0.148130 0.987063 0.061346
vn 0.061346 0.987063 0.148130
vn -0.503137 -0.108034 0.857427
vn -0.503137 0.108034 0.857427
vn -0.659952 0.116003 0.742298
vn -0.659952 -0.116003 0.742298
vn -0.065751 0.850017 0.522635
vn 0.066220 0.849887 0.522788
vn 0.061346 0.987063 0.148130
vn -0.061346 0.987063 0.148130
vn 0.503137 0.108034 0.857427
vn 0.503137 -0.108034 0.857427
vn 0.659952 -0.116003 0.742298
vn 0.659952 0.116003 0.742298
vn 0.065751 -0.850017 0.522635
vn -0.066220 -0.849887 0.522788
vn -0.061346 -0.987063 0.148130
vn 0.061346 -0.987063 0.148130
vn -0.503137 -0.108034 0.857427
vn -0.503137 0.108034 0.857427
vn -0.659952 0.116003 0.742298
vn -0.659952 -0.116003 0.742298
vn -0.065751 0.850017 0.522635
vn 0.066220 0.849887 0.522788
vn 0.061346 0.987063 0.148130
vn -0.061346 0.987063 0.148130
vn 0.503137 0.108034 0.857427
vn 0.503137 -0.108034 0.857427
vn 0.659952 -0.116003 0.742298
vn 0.659952 0.116003 0.742298
vn 0.065751 -0.850017 0.522635
vn -0.066220 -0.849887 0.522788
vn -0.061346 -0.987063 0.148130
vn 0.061346 -0.987063 0.148130
vn -0.497069 -0.867105 0.032438
vn -0.497414 -0.857826 0.129283
vn -0.127409 -0.980774 0.147816
vn -0.127314 -0.991170 0.037063
vn -0.497414 0.857826 -0.129283
vn -0.497069 0.867105 -0.032438
vn -0.127314 0.991170 -0.037063
vn -0.127409 0.980774 -0.147816
vn 0.857427 -0.108034 0.503137
vn 0.857427 0.108034 0.503137
vn 0.742298 0.116003 0.659952
vn 0.742298 -0.116003 0.659952
vn 0.522635 0.850017 0.065751
vn 0.497069 0.867105 0.032438
vn 0.127314 0.991170 0.037063
vn 0.148130 0.987063 0.061346
vn 0.497069 -0.867105 -0.032438
vn 0.522788 -0.849887 0.066220
vn 0.148130 -0.987063 0.061346
vn 0.127314 -0.991170 -0.037063
vn 0.065751 -0.850017 0.522635
vn 0.058908 -0.876186 0.478360
vn 0.053033 -0.990347 0.128067
vn 0.061346 -0.987063 0.148130
vn 0.493224 -0.139752 0.858603
vn 0.493224 0.139752 0.858603
vn 0.651865 0.136255 0.745993
vn 0.651865 -0.136255 0.745993
vn 0.056595 0.874578 0.481571
vn 0.066220 0.849887 0.522788
vn 0.061346 0.987063 0.148130
vn 0.053033 0.990347 0.128067
vn -0.323038 -0.850018 0.416071
vn -0.416507 -0.849889 0.322818
vn -0.148130 -0.987063 0.061346
vn -0.061346 -0.987063 0.148130
vn -0.416071 0.850018 0.323038
vn -0.322818 0.849889 0.416507
vn -0.061346 0.987063 0.148130
vn -0.148130 0.987063 0.061346
vn -0.497069 0.867105 0.032438
vn -0.522788 0.849887 0.066220
vn -0.148130 0.987063 0.061346
vn -0.127314 0.991170 0.037063
vn -0.857427 0.108034 0.503137
vn -0.857427 -0.108034 0.503137
vn -0.742298 -0.116003 0.659952
vn -0.742298 0.116003 0.659952
vn -0.522635 -0.850017 0.065751
vn -0.497069 -0.867105 -0.032438
vn -0.127314 -0.991170 -0.037063
vn -0.148130 -0.987063 0.061346
vn 0.300473 -0.874576 0.380568
vn 0.322818 -0.849889 0.416507
vn 0.061346 -0.987063 0.148130
vn 0.053033 -0.990347 0.128067
vn 0.323038 0.850018 0.416071
vn 0.296573 0.876188 0.379920
vn 0.053033 0.990347 0.128067
vn 0.061346 0.987063 0.148130
vn -0.323038 -0.850018 0.416071
vn -0.416507 -0.849889 0.322818
vn -0.148130 -0.987063 0.061346
vn -0.061346 -0.987063 0.148130
vn -0.416071 0.850018 0.323038
vn -0.322818 0.849889 0.416507
vn -0.061346 0.987063 0.148130
vn -0.148130 0.987063 0.061346
vn 0.416071 -0.850018 0.323038
vn 0.322818 -0.849889 0.416507
vn 0.061346 -0.987063 0.148130
vn 0.148130 -0.987063 0.061346
vn 0.323038 0.850018 0.416071
vn 0.416507 0.849889 0.322818
vn 0.148130 0.987063 0.061346
vn 0.061346 0.987063 0.148130
vn -0.867680 -0.491576 -0.074064
vn -0.867490 -0.497106 -0.018594
vn -0.991843 -0.127379 -0.004750
vn -0.991857 -0.125939 -0.018969
vn 0.867490 -0.497106 -0.018594
vn 0.867680 -0.491576 -0.074064
vn 0.991857 -0.125939 -0.018969
vn 0.991843 -0.127379 -0.004750
vn -0.867680 -0.475044 -0.146504
vn -0.867680 -0.491576 -0.074064
vn -0.991857 -0.125939 -0.018969
vn -0.991855 -0.121720 -0.037532
vn -0.867682 -0.447888 -0.215694
vn -0.867680 -0.475044 -0.146504
vn -0.991855 -0.121720 -0.037532
vn -0.991857 -0.114751 -0.055251
vn -0.867685 -0.410732 -0.280040
vn -0.867682 -0.447888 -0.215694
vn -0.991857 -0.114751 -0.055251
vn -0.991854 -0.105251 -0.071751
vn -0.867679 -0.364416 -0.338134
vn -0.867685 -0.410732 -0.280040
vn -0.991854 -0.105251 -0.071751
vn -0.991855 -0.093376 -0.086626
vn -0.867681 -0.309946 -0.388667
vn -0.867679 -0.364416 -0.338134
vn -0.991855 -0.093376 -0.086626
vn -0.991854 -0.079407 -0.099595
vn -0.867689 -0.248541 -0.430516
vn -0.867681 -0.309946 -0.388667
vn -0.991854 -0.079407 -0.099595
vn -0.991854 -0.063688 -0.110314
vn -0.867682 -0.181599 -0.462764
vn -0.867689 -0.248541 -0.430516
vn -0.991854 -0.063688 -0.110314
vn -0.991856 -0.046532 -0.118564
vn -0.867678 -0.110597 -0.484668
vn -0.867682 -0.181599 -0.462764
vn -0.991856 -0.046532 -0.118564
vn -0.991854 -0.028344 -0.124189
vn -0.867681 -0.037126 -0.495733
vn -0.867678 -0.110597 -0.484668
vn -0.991854 -0.028344 -0.124189
vn -0.991857 -0.009500 -0.127002
vn -0.867681 0.037126 -0.495733
vn -0.867681 -0.037126 -0.495733
vn -0.991857 -0.009500 -0.127002
vn -0.991857 0.009500 -0.127002
vn -0.867678 0.110597 -0.484668
vn -0.867681 0.037126 -0.495733
vn -0.991857 0.009500 -0.127002
vn -0.991854 0.028344 -0.124189
vn -0.867682 0.181599 -0.462764
vn -0.867678 0.110597 -0.484668
vn -0.991854 0.028344 -0.124189
vn -0.991856 0.046532 -0.118564
vn -0.867689 0.248541 -0.430516
vn -0.867682 0.181599 -0.462764
vn -0.991856 0.046532 -0.118564
vn -0.991854 0.063688 -0.110314
vn -0.867681 0.309946 -0.388667
vn -0.867689 0.248541 -0.430516
vn -0.991854 0.063688 -0.110314
vn -0.991858 0.079407 -0.099564
vn -0.867679 0.364416 -0.338134
vn -0.867681 0.309946 -0.388667
vn -0.991858 0.079407 -0.099564
vn -0.991855 0.093376 -0.086626
vn -0.867685 0.410732 -0.280040
vn -0.867679 0.364416 -0.338134
vn -0.991855 0.093376 -0.086626
vn -0.991854 0.105251 -0.071751
vn -0.867682 0.447888 -0.215694
vn -0.867685 0.410732 -0.280040
vn -0.991854 0.105251 -0.071751
vn -0.991857 0.114751 -0.055251
vn -0.867680 0.475044 -0.146504
vn -0.867682 0.447888 -0.215694
vn -0.991857 0.114751 -0.055251
vn -0.991855 0.121720 -0.037532
vn -0.867680 0.491576 -0.074064
vn -0.867680 0.475044 -0.146504
vn -0.991855 0.121720 -0.037532
vn -0.991857 0.125939 -0.018969
vn -0.497414 0.857826 0.129283
vn -0.497069 0.867105 0.032438
vn -0.127314 0.991170 0.037063
vn -0.127409 0.980774 0.147816
vn -0.497412 0.828978 0.255690
vn -0.497414 0.857826 0.129283
vn -0.127409 0.980774 0.147816
vn -0.127407 0.947788 0.292346
vn -0.497416 0.781609 0.376383
vn -0.497412 0.828978 0.255690
vn -0.127407 0.947788 0.292346
vn -0.127407 0.893628 0.430345
vn -0.497416 0.716765 0.488697
vn -0.497416 0.781609 0.376383
vn -0.127407 0.893628 0.430345
vn -0.127408 0.819508 0.558725
vn -0.497425 0.635930 0.590053
vn -0.497416 0.716765 0.488697
vn -0.127408 0.819508 0.558725
vn -0.127408 0.727073 0.674635
vn -0.497411 0.540880 0.678256
vn -0.497425 0.635930 0.590053
vn -0.127408 0.727073 0.674635
vn -0.127409 0.618418 0.775452
vn -0.497389 0.433762 0.751302
vn -0.497411 0.540880 0.678256
vn -0.127409 0.618418 0.775452
vn -0.127411 0.495924 0.858968
vn -0.497390 0.316947 0.807556
vn -0.497389 0.433762 0.751302
vn -0.127411 0.495924 0.858968
vn -0.127408 0.362349 0.923294
vn -0.497391 0.193037 0.845777
vn -0.497390 0.316947 0.807556
vn -0.127408 0.362349 0.923294
vn -0.127409 0.220691 0.966986
vn -0.497396 0.064815 0.865099
vn -0.497391 0.193037 0.845777
vn -0.127409 0.220691 0.966986
vn -0.127408 0.074095 0.989079
vn -0.497420 -0.064814 0.865086
vn -0.497396 0.064815 0.865099
vn -0.127408 0.074095 0.989079
vn -0.127408 -0.074095 0.989079
vn -0.497391 -0.193037 0.845777
vn -0.497420 -0.064814 0.865086
vn -0.127408 -0.074095 0.989079
vn -0.127409 -0.220691 0.966986
vn -0.497390 -0.316947 0.807556
vn -0.497391 -0.193037 0.845777
vn -0.127409 -0.220691 0.966986
vn -0.127408 -0.362349 0.923294
vn -0.497412 -0.433755 0.751290
vn -0.497390 -0.316947 0.807556
vn -0.127408 -0.362349 0.923294
vn -0.127411 -0.495924 0.858968
vn -0.497411 -0.540880 0.678256
vn -0.497412 -0.433755 0.751290
vn -0.127411 -0.495924 0.858968
vn -0.127409 -0.618418 0.775452
vn -0.497425 -0.635930 0.590053
vn -0.497411 -0.540880 0.678256
vn -0.127409 -0.618418 0.775452
vn -0.127408 -0.727073 0.674635
vn -0.497416 -0.716765 0.488697
vn -0.497425 -0.635930 0.590053
vn -0.127408 -0.727073 0.674635
vn -0.127408 -0.819508 0.558725
vn -0.497416 -0.781609 0.376383
vn -0.497416 -0.716765 0.488697
vn -0.127408 -0.819508 0.558725
vn -0.127407 -0.893628 0.430345
vn -0.497412 -0.828978 0.255690
vn -0.497416 -0.781609 0.376383
vn -0.127407 -0.893628 0.430345
vn -0.127407 -0.947788 0.292346
vn -0.497414 -0.857826 0.129283
vn -0.497412 -0.828978 0.255690
vn -0.127407 -0.947788 0.292346
vn -0.127409 -0.980774 0.147816
vn 0.867680 0.491576 0.074064
vn 0.867490 0.497106 0.018594
vn 0.991843 0.127379 0.004750
vn 0.991857 0.125939 0.018969
vn 0.867680 0.475044 0.146504
vn 0.867680 0.491576 0.074064
vn 0.991857 0.125939 0.018969
vn 0.991855 0.121720 0.037532
vn 0.867682 0.447888 0.215694
vn 0.867680 0.475044 0.146504
vn 0.991855 0.121720 0.037532
vn 0.991857 0.114751 0.055251
vn 0.867685 0.410732 0.280040
vn 0.867682 0.447888 0.215694
vn 0.991857 0.114751 0.055251
vn 0.991854 0.105251 0.071751
vn 0.867679 0.364416 0.338134
vn 0.867685 0.410732 0.280040
vn 0.991854 0.105251 0.071751
vn 0.991855 0.093376 0.086626
vn 0.867681 0.309946 0.388667
vn 0.867679 0.364416 0.338134
vn 0.991855 0.093376 0.086626
vn 0.991858 0.079407 0.099564
vn 0.867689 0.248541 0.430516
vn 0.867681 0.309946 0.388667
vn 0.991858 0.079407 0.099564
vn 0.991854 0.063688 0.110314
vn 0.867682 0.181599 0.462764
vn 0.867689 0.248541 0.430516
vn 0.991854 0.063688 0.110314
vn 0.991856 0.046532 0.118564
vn 0.867678 0.110597 0.484668
vn 0.867682 0.181599 0.462764
vn 0.991856 0.046532 0.118564
vn 0.991854 0.028344 0.124189
vn 0.867681 0.037126 0.495733
vn 0.867678 0.110597 0.484668
vn 0.991854 0.028344 0.124189
vn 0.991857 0.009500 0.127002
vn 0.867681 -0.037126 0.495733
vn 0.867681 0.037126 0.495733
vn 0.991857 0.009500 0.127002
vn 0.991857 -0.009500 0.127002
vn 0.867678 -0.110597 0.484668
vn 0.867681 -0.037126 0.495733
vn 0.991857 -0.009500 0.127002
vn 0.991854 -0.028344 0.124189
vn 0.867682 -0.181599 0.462764
vn 0.867678 -0.110597 0.484668
vn 0.991854 -0.028344 0.124189
vn 0.991856 -0.046532 0.118564
vn 0.867689 -0.248541 0.430516
vn 0.867682 -0.181599 0.462764
vn 0.991856 -0.046532 0.118564
vn 0.991854 -0.063688 0.110314
vn 0.867681 -0.309946 0.388667
vn 0.867689 -0.248541 0.430516
vn 0.991854 -0.063688 0.110314
vn 0.991858 -0.079407 0.099564
vn 0.867679 -0.364416 0.338134
vn 0.867681 -0.309946 0.388667
vn 0.991858 -0.079407 0.099564
vn 0.991855 -0.093376 0.086626
vn 0.867685 -0.410732 0.280040
vn 0.867679 -0.364416 0.338134
vn 0.991855 -0.093376 0.086626
vn 0.991854 -0.105251 0.071751
vn 0.867682 -0.447888 0.215694
vn 0.867685 -0.410732 0.280040
vn 0.991854 -0.105251 0.071751
vn 0.991857 -0.114751 0.055251
vn 0.867680 -0.475044 0.146504
vn 0.867682 -0.447888 0.215694
vn 0.991857 -0.114751 0.055251
vn 0.991855 -0.121720 0.037532
vn 0.867680 -0.491576 0.074064
vn 0.867680 -0.475044 0.146504
vn 0.991855 -0.121720 0.037532
vn 0.991857 -0.125939 0.018969
vn 0.497412 -0.828978 -0.255690
vn 0.497414 -0.857826 -0.129283
vn 0.127409 -0.980774 -0.147816
vn 0.127407 -0.947788 -0.292346
vn 0.497416 -0.781609 -0.376383
vn 0.497412 -0.828978 -0.255690
vn 0.127407 -0.947788 -0.292346
vn 0.127407 -0.893628 -0.430345
vn 0.497416 -0.716765 -0.488697
vn 0.497416 -0.781609 -0.376383
vn 0.127407 -0.893628 -0.430345
vn 0.127408 -0.819508 -0.558725
vn 0.497425 -0.635930 -0.590053
vn 0.497416 -0.716765 -0.488697
vn 0.127408 -0.819508 -0.558725
vn 0.127408 -0.727073 -0.674635
vn 0.497411 -0.540880 -0.678256
vn 0.497425 -0.635930 -0.590053
vn 0.127408 -0.727073 -0.674635
vn 0.127409 -0.618418 -0.775452
vn 0.497412 -0.433755 -0.751290
vn 0.497411 -0.540880 -0.678256
vn 0.127409 -0.618418 -0.775452
vn 0.127411 -0.495924 -0.858968
vn 0.497414 -0.316942 -0.807544
vn 0.497412 -0.433755 -0.751290
vn 0.127411 -0.495924 -0.858968
vn 0.127408 -0.362349 -0.923294
vn 0.497414 -0.193034 -0.845764
vn 0.497414 -0.316942 -0.807544
vn 0.127408 -0.362349 -0.923294
vn 0.127409 -0.220691 -0.966986
vn 0.497420 -0.064814 -0.865086
vn 0.497414 -0.193034 -0.845764
vn 0.127409 -0.220691 -0.966986
vn 0.127408 -0.074095 -0.989079
vn 0.497420 0.064814 -0.865086
vn 0.497420 -0.064814 -0.865086
vn 0.127408 -0.074095 -0.989079
vn 0.127408 0.074095 -0.989079
vn 0.497414 0.193034 -0.845764
vn 0.497420 0.064814 -0.865086
vn 0.127408 0.074095 -0.989079
vn 0.127409 0.220691 -0.966986
vn 0.497414 0.316942 -0.807544
vn 0.497414 0.193034 -0.845764
vn 0.127409 0.220691 -0.966986
vn 0.127408 0.362349 -0.923294
vn 0.497412 0.433755 -0.751290
vn 0.497414 0.316942 -0.807544
vn 0.127408 0.362349 -0.923294
vn 0.127411 0.495924 -0.858968
vn 0.497411 0.540880 -0.678256
vn 0.497412 0.433755 -0.751290
vn 0.127411 0.495924 -0.858968
vn 0.127409 0.618418 -0.775452
vn 0.497401 0.635939 -0.590062
vn 0.497411 0.540880 -0.678256
vn 0.127409 0.618418 -0.775452
vn 0.127408 0.727073 -0.674635
vn 0.497416 0.716765 -0.488697
vn 0.497401 0.635939 -0.590062
vn 0.127408 0.727073 -0.674635
vn 0.127408 0.819508 -0.558725
vn 0.497416 0.781609 -0.376383
vn 0.497416 0.716765 -0.488697
vn 0.127408 0.819508 -0.558725
vn 0.127407 0.893628 -0.430345
vn 0.497412 0.828978 -0.255690
vn 0.497416 0.781609 -0.376383
vn 0.127407 0.893628 -0.430345
vn 0.127407 0.947788 -0.292346
vn 0.497414 0.857826 -0.129283
vn 0.497412 0.828978 -0.255690
vn 0.127407 0.947788 -0.292346
vn 0.127409 0.980774 -0.147816
vn 0.416071 -0.850018 0.323038
vn 0.636855 -0.724294 0.264223
vn 0.788866 -0.416824 0.451606
vn 0.664480 -0.470727 0.580416
vn 0.857427 -0.108034 0.503137
vn 0.788866 -0.416824 0.451606
vn 0.877154 -0.416576 0.238883
vn 0.962067 -0.108035 0.250509
vn 0.880361 -0.470509 0.059876
vn 0.877154 -0.416576 0.238883
vn 0.636855 -0.724294 0.264223
vn 0.522788 -0.849887 0.066220
vn 0.416071 -0.850018 0.323038
vn 0.148130 -0.987063 0.061346
vn 0.522788 -0.849887 0.066220
vn 0.636855 -0.724294 0.264223
vn 0.857427 -0.108034 0.503137
vn 0.742298 -0.116003 0.659952
vn 0.664480 -0.470727 0.580416
vn 0.788866 -0.416824 0.451606
vn 0.880361 -0.470509 0.059876
vn 0.991547 -0.115971 0.058188
vn 0.962067 -0.108035 0.250509
vn 0.877154 -0.416576 0.238883
vn 0.065751 -0.850017 0.522635
vn 0.263478 -0.724308 0.637148
vn 0.238445 -0.416826 0.877154
vn 0.059408 -0.470732 0.880274
vn 0.250539 -0.108034 0.962060
vn 0.238445 -0.416826 0.877154
vn 0.451293 -0.416574 0.789177
vn 0.503137 -0.108034 0.857427
vn 0.580165 -0.470507 0.664854
vn 0.451293 -0.416574 0.789177
vn 0.263478 -0.724308 0.637148
vn 0.322818 -0.849889 0.416507
vn 0.065751 -0.850017 0.522635
vn 0.061346 -0.987063 0.148130
vn 0.322818 -0.849889 0.416507
vn 0.263478 -0.724308 0.637148
vn 0.250539 -0.108034 0.962060
vn 0.058188 -0.115971 0.991547
vn 0.059408 -0.470732 0.880274
vn 0.238445 -0.416826 0.877154
vn 0.580165 -0.470507 0.664854
vn 0.659952 -0.116003 0.742298
vn 0.503137 -0.108034 0.857427
vn 0.451293 -0.416574 0.789177
vn -0.416071 0.850018 0.323038
vn -0.636855 0.724294 0.264223
vn -0.788866 0.416824 0.451606
vn -0.664480 0.470727 0.580416
vn -0.857427 0.108034 0.503137
vn -0.788866 0.416824 0.451606
vn -0.877154 0.416576 0.238883
vn -0.962067 0.108035 0.250509
vn -0.880361 0.470509 0.059876
vn -0.877154 0.416576 0.238883
vn -0.636855 0.724294 0.264223
vn -0.522788 0.849887 0.066220
vn -0.416071 0.850018 0.323038
vn -0.148130 0.987063 0.061346
vn -0.522788 0.849887 0.066220
vn -0.636855 0.724294 0.264223
vn -0.857427 0.108034 0.503137
vn -0.742298 0.116003 0.659952
vn -0.664480 0.470727 0.580416
vn -0.788866 0.416824 0.451606
vn -0.880361 0.470509 0.059876
vn -0.991547 0.115971 0.058188
vn -0.962067 0.108035 0.250509
vn -0.877154 0.416576 0.238883
vn -0.416071 0.850018 0.323038
vn -0.636855 0.724294 0.264223
vn -0.788866 0.416824 0.451606
vn -0.664480 0.470727 0.580416
vn -0.857427 0.108034 0.503137
vn -0.788866 0.416824 0.451606
vn -0.877154 0.416576 0.238883
vn -0.962067 0.108035 0.250509
vn -0.880361 0.470509 0.059876
vn -0.877154 0.416576 0.238883
vn -0.636855 0.724294 0.264223
vn -0.522788 0.849887 0.066220
vn -0.416071 0.850018 0.323038
vn -0.148130 0.987063 0.061346
vn -0.522788 0.849887 0.066220
vn -0.636855 0.724294 0.264223
vn -0.857427 0.108034 0.503137
vn -0.742298 0.116003 0.659952
vn -0.664480 0.470727 0.580416
vn -0.788866 0.416824 0.451606
vn -0.880361 0.470509 0.059876
vn -0.991547 0.115971 0.058188
vn -0.962067 0.108035 0.250509
vn -0.877154 0.416576 0.238883
vn 0.300473 -0.874576 0.380568
vn 0.229098 -0.806796 0.544604
vn 0.417425 -0.513585 0.749658
vn 0.558259 -0.507852 0.656074
vn 0.493224 -0.139752 0.858603
vn 0.417425 -0.513585 0.749658
vn 0.237412 -0.516168 0.822925
vn 0.258348 -0.139752 0.955890
vn 0.071565 -0.510702 0.856774
vn 0.237412 -0.516168 0.822925
vn 0.229098 -0.806796 0.544604
vn 0.058908 -0.876186 0.478360
vn 0.300473 -0.874576 0.380568
vn 0.053033 -0.990347 0.128067
vn 0.058908 -0.876186 0.478360
vn 0.229098 -0.806796 0.544604
vn 0.493224 -0.139752 0.858603
vn 0.651865 -0.136255 0.745993
vn 0.558259 -0.507852 0.656074
vn 0.417425 -0.513585 0.749658
vn 0.071565 -0.510702 0.856774
vn 0.066564 -0.136254 0.988435
vn 0.258348 -0.139752 0.955890
vn 0.237412 -0.516168 0.822925
vn -0.065751 0.850017 0.522635
vn -0.263478 0.724308 0.637148
vn -0.238445 0.416826 0.877154
vn -0.059408 0.470732 0.880274
vn -0.250539 0.108034 0.962060
vn -0.238445 0.416826 0.877154
vn -0.451293 0.416574 0.789177
vn -0.503137 0.108034 0.857427
vn -0.580165 0.470507 0.664854
vn -0.451293 0.416574 0.789177
vn -0.263478 0.724308 0.637148
vn -0.322818 0.849889 0.416507
vn -0.065751 0.850017 0.522635
vn -0.061346 0.987063 0.148130
vn -0.322818 0.849889 0.416507
vn -0.263478 0.724308 0.637148
vn -0.250539 0.108034 0.962060
vn -0.058188 0.115971 0.991547
vn -0.059408 0.470732 0.880274
vn -0.238445 0.416826 0.877154
vn -0.580165 0.470507 0.664854
vn -0.659952 0.116003 0.742298
vn -0.503137 0.108034 0.857427
vn -0.451293 0.416574 0.789177
vn 0.323038 0.850018 0.416071
vn 0.264223 0.724294 0.636855
vn 0.451606 0.416824 0.788866
vn 0.580416 0.470727 0.664480
vn 0.503137 0.108034 0.857427
vn 0.451606 0.416824 0.788866
vn 0.238883 0.416576 0.877154
vn 0.250539 0.108034 0.962060
vn 0.059876 0.470509 0.880361
vn 0.238883 0.416576 0.877154
vn 0.264223 0.724294 0.636855
vn 0.066220 0.849887 0.522788
vn 0.323038 0.850018 0.416071
vn 0.061346 0.987063 0.148130
vn 0.066220 0.849887 0.522788
vn 0.264223 0.724294 0.636855
vn 0.503137 0.108034 0.857427
vn 0.659952 0.116003 0.742298
vn 0.580416 0.470727 0.664480
vn 0.451606 0.416824 0.788866
vn 0.059876 0.470509 0.880361
vn 0.058188 0.115971 0.991547
vn 0.250539 0.108034 0.962060
vn 0.238883 0.416576 0.877154
vn 0.522635 0.850017 0.065751
vn 0.637148 0.724308 0.263478
vn 0.877154 0.416826 0.238445
vn 0.880274 0.470732 0.059408
vn 0.962060 0.108034 0.250539
vn 0.877154 0.416826 0.238445
vn 0.789177 0.416574 0.451293
vn 0.857427 0.108034 0.503137
vn 0.664854 0.470507 0.580165
vn 0.789177 0.416574 0.451293
vn 0.637148 0.724308 0.263478
vn 0.416507 0.849889 0.322818
vn 0.522635 0.850017 0.065751
vn 0.148130 0.987063 0.061346
vn 0.416507 0.849889 0.322818
vn 0.637148 0.724308 0.263478
vn 0.962060 0.108034 0.250539
vn 0.991547 0.115971 0.058188
vn 0.880274 0.470732 0.059408
vn 0.877154 0.416826 0.238445
vn 0.664854 0.470507 0.580165
vn 0.742298 0.116003 0.659952
vn 0.857427 0.108034 0.503137
vn 0.789177 0.416574 0.451293
vn 0.522635 0.850017 0.065751
vn 0.637148 0.724308 0.263478
vn 0.877154 0.416826 0.238445
vn 0.880274 0.470732 0.059408
vn 0.962060 0.108034 0.250539
vn 0.877154 0.416826 0.238445
vn 0.789177 0.416574 0.451293
vn 0.857427 0.108034 0.503137
vn 0.664854 0.470507 0.580165
vn 0.789177 0.416574 0.451293
vn 0.637148 0.724308 0.263478
vn 0.416507 0.849889 0.322818
vn 0.522635 0.850017 0.065751
vn 0.148130 0.987063 0.061346
vn 0.416507 0.849889 0.322818
vn 0.637148 0.724308 0.263478
vn 0.962060 0.108034 0.250539
vn 0.991547 0.115971 0.058188
vn 0.880274 0.470732 0.059408
vn 0.877154 0.416826 0.238445
vn 0.664854 0.470507 0.580165
vn 0.742298 0.116003 0.659952
vn 0.857427 0.108034 0.503137
vn 0.789177 0.416574 0.451293
vn 0.065751 -0.850017 0.522635
vn 0.263478 -0.724308 0.637148
vn 0.238445 -0.416826 0.877154
vn 0.059408 -0.470732 0.880274
vn 0.250539 -0.108034 0.962060
vn 0.238445 -0.416826 0.877154
vn 0.451293 -0.416574 0.789177
vn 0.503137 -0.108034 0.857427
vn 0.580165 -0.470507 0.664854
vn 0.451293 -0.416574 0.789177
vn 0.263478 -0.724308 0.637148
vn 0.322818 -0.849889 0.416507
vn 0.065751 -0.850017 0.522635
vn 0.061346 -0.987063 0.148130
vn 0.322818 -0.849889 0.416507
vn 0.263478 -0.724308 0.637148
vn 0.250539 -0.108034 0.962060
vn 0.058188 -0.115971 0.991547
vn 0.059408 -0.470732 0.880274
vn 0.238445 -0.416826 0.877154
vn 0.580165 -0.470507 0.664854
vn 0.659952 -0.116003 0.742298
vn 0.503137 -0.108034 0.857427
vn 0.451293 -0.416574 0.789177
vn 0.056595 0.874578 0.481571
vn 0.223096 0.806790 0.547100
vn 0.234910 0.513571 0.825264
vn 0.069157 0.507849 0.858666
vn 0.258348 0.139752 0.955890
vn 0.234910 0.513571 0.825264
vn 0.414013 0.516172 0.749773
vn 0.493224 0.139752 0.858603
vn 0.555203 0.510702 0.656456
vn 0.414013 0.516172 0.749773
vn 0.223096 0.806790 0.547100
vn 0.296573 0.876188 0.379920
vn 0.056595 0.874578 0.481571
vn 0.053033 0.990347 0.128067
vn 0.296573 0.876188 0.379920
vn 0.223096 0.806790 0.547100
vn 0.258348 0.139752 0.955890
vn 0.066564 0.136254 0.988435
vn 0.069157 0.507849 0.858666
vn 0.234910 0.513571 0.825264
vn 0.555203 0.510702 0.656456
vn 0.651865 0.136255 0.745993
vn 0.493224 0.139752 0.858603
vn 0.414013 0.516172 0.749773
vn 0.065751 -0.850017 0.522635
vn 0.263478 -0.724308 0.637148
vn 0.238445 -0.416826 0.877154
vn 0.059408 -0.470732 0.880274
vn 0.250539 -0.108034 0.962060
vn 0.238445 -0.416826 0.877154
vn 0.451293 -0.416574 0.789177
vn 0.503137 -0.108034 0.857427
vn 0.580165 -0.470507 0.664854
vn 0.451293 -0.416574 0.789177
vn 0.263478 -0.724308 0.637148
vn 0.322818 -0.849889 0.416507
vn 0.065751 -0.850017 0.522635
vn 0.061346 -0.987063 0.148130
vn 0.322818 -0.849889 0.416507
vn 0.263478 -0.724308 0.637148
vn 0.250539 -0.108034 0.962060
vn 0.058188 -0.115971 0.991547
vn 0.059408 -0.470732 0.880274
vn 0.238445 -0.416826 0.877154
vn 0.580165 -0.470507 0.664854
vn 0.659952 -0.116003 0.742298
vn 0.503137 -0.108034 0.857427
vn 0.451293 -0.416574 0.789177
vn 0.323038 0.850018 0.416071
vn 0.264223 0.724294 0.636855
vn 0.451606 0.416824 0.788866
vn 0.580416 0.470727 0.664480
vn 0.503137 0.108034 0.857427
vn 0.451606 0.416824 0.788866
vn 0.238883 0.416576 0.877154
vn 0.250539 0.108034 0.962060
vn 0.059876 0.470509 0.880361
vn 0.238883 0.416576 0.877154
vn 0.264223 0.724294 0.636855
vn 0.066220 0.849887 0.522788
vn 0.323038 0.850018 0.416071
vn 0.061346 0.987063 0.148130
vn 0.066220 0.849887 0.522788
vn 0.264223 0.724294 0.636855
vn 0.503137 0.108034 0.857427
vn 0.659952 0.116003 0.742298
vn 0.580416 0.470727 0.664480
vn 0.451606 0.416824 0.788866
vn 0.059876 0.470509 0.880361
vn 0.058188 0.115971 0.991547
vn 0.250539 0.108034 0.962060
vn 0.238883 0.416576 0.877154
vn 0.416071 -0.850018 0.323038
vn 0.636855 -0.724294 0.264223
vn 0.788866 -0.416824 0.451606
vn 0.664480 -0.470727 0.580416
vn 0.857427 -0.108034 0.503137
vn 0.788866 -0.416824 0.451606
vn 0.877154 -0.416576 0.238883
vn 0.962060 -0.108034 0.250539
vn 0.880361 -0.470509 0.059876
vn 0.877154 -0.416576 0.238883
vn 0.636855 -0.724294 0.264223
vn 0.522788 -0.849887 0.066220
vn 0.416071 -0.850018 0.323038
vn 0.148130 -0.987063 0.061346
vn 0.522788 -0.849887 0.066220
vn 0.636855 -0.724294 0.264223
vn 0.857427 -0.108034 0.503137
vn 0.742298 -0.116003 0.659952
vn 0.664480 -0.470727 0.580416
vn 0.788866 -0.416824 0.451606
vn 0.880361 -0.470509 0.059876
vn 0.991547 -0.115971 0.058188
vn 0.962060 -0.108034 0.250539
vn 0.877154 -0.416576 0.238883
vn -0.323038 -0.850018 0.416071
vn -0.264223 -0.724294 0.636855
vn -0.451606 -0.416824 0.788866
vn -0.580416 -0.470727 0.664480
vn -0.503137 -0.108034 0.857427
vn -0.451606 -0.416824 0.788866
vn -0.238883 -0.416576 0.877154
vn -0.250509 -0.108035 0.962067
vn -0.059876 -0.470509 0.880361
vn -0.238883 -0.416576 0.877154
vn -0.264223 -0.724294 0.636855
vn -0.066220 -0.849887 0.522788
vn -0.323038 -0.850018 0.416071
vn -0.061346 -0.987063 0.148130
vn -0.066220 -0.849887 0.522788
vn -0.264223 -0.724294 0.636855
vn -0.503137 -0.108034 0.857427
vn -0.659952 -0.116003 0.742298
vn -0.580416 -0.470727 0.664480
vn -0.451606 -0.416824 0.788866
vn -0.059876 -0.470509 0.880361
vn -0.058188 -0.115971 0.991547
vn -0.250509 -0.108035 0.962067
vn -0.238883 -0.416576 0.877154
vn -0.522635 -0.850017 0.065751
vn -0.637148 -0.724308 0.263478
vn -0.877154 -0.416826 0.238445
vn -0.880274 -0.470732 0.059408
vn -0.962060 -0.108034 0.250539
vn -0.877154 -0.416826 0.238445
vn -0.789177 -0.416574 0.451293
vn -0.857427 -0.108034 0.503137
vn -0.664854 -0.470507 0.580165
vn -0.789177 -0.416574 0.451293
vn -0.637148 -0.724308 0.263478
vn -0.416507 -0.849889 0.322818
vn -0.522635 -0.850017 0.065751
vn -0.148130 -0.987063 0.061346
vn -0.416507 -0.849889 0.322818
vn -0.637148 -0.724308 0.263478
vn -0.962060 -0.108034 0.250539
vn -0.991547 -0.115971 0.058188
vn -0.880274 -0.470732 0.059408
vn -0.877154 -0.416826 0.238445
vn -0.664854 -0.470507 0.580165
vn -0.742298 -0.116003 0.659952
vn -0.857427 -0.108034 0.503137
vn -0.789177 -0.416574 0.451293
vn -0.323038 -0.850018 0.416071
vn -0.264223 -0.724294 0.636855
vn -0.451606 -0.416824 0.788866
vn -0.580416 -0.470727 0.664480
vn -0.503137 -0.108034 0.857427
vn -0.451606 -0.416824 0.788866
vn -0.238883 -0.416576 0.877154
vn -0.250539 -0.108034 0.962060
vn -0.059876 -0.470509 0.880361
vn -0.238883 -0.416576 0.877154
vn -0.264223 -0.724294 0.636855
vn -0.066220 -0.849887 0.522788
vn -0.323038 -0.850018 0.416071
vn -0.061346 -0.987063 0.148130
vn -0.066220 -0.849887 0.522788
vn -0.264223 -0.724294 0.636855
vn -0.503137 -0.108034 0.857427
vn -0.659952 -0.116003 0.742298
vn -0.580416 -0.470727 0.664480
vn -0.451606 -0.416824 0.788866
vn -0.059876 -0.470509 0.880361
vn -0.058188 -0.115971 0.991547
vn -0.250539 -0.108034 0.962060
vn -0.238883 -0.416576 0.877154
vn -0.065751 0.850017 0.522635
vn -0.263478 0.724308 0.637148
vn -0.238445 0.416826 0.877154
vn -0.059408 0.470732 0.880274
vn -0.250539 0.108034 0.962060
vn -0.238445 0.416826 0.877154
vn -0.451293 0.416574 0.789177
vn -0.503137 0.108034 0.857427
vn -0.580165 0.470507 0.664854
vn -0.451293 0.416574 0.789177
vn -0.263478 0.724308 0.637148
vn -0.322818 0.849889 0.416507
vn -0.065751 0.850017 0.522635
vn -0.061346 0.987063 0.148130
vn -0.322818 0.849889 0.416507
vn -0.263478 0.724308 0.637148
vn -0.250539 0.108034 0.962060
vn -0.058188 0.115971 0.991547
vn -0.059408 0.470732 0.880274
vn -0.238445 0.416826 0.877154
vn -0.580165 0.470507 0.664854
vn -0.659952 0.116003 0.742298
vn -0.503137 0.108034 0.857427
vn -0.451293 0.416574 0.789177
vn -0.522635 -0.850017 0.065751
vn -0.637148 -0.724308 0.263478
vn -0.877154 -0.416826 0.238445
vn -0.880274 -0.470732 0.059408
vn -0.962060 -0.108034 0.250539
vn -0.877154 -0.416826 0.238445
vn -0.789177 -0.416574 0.451293
vn -0.857427 -0.108034 0.503137
vn -0.664854 -0.470507 0.580165
vn -0.789177 -0.416574 0.451293
vn -0.637148 -0.724308 0.263478
vn -0.416507 -0.849889 0.322818
vn -0.522635 -0.850017 0.065751
vn -0.148130 -0.987063 0.061346
vn -0.416507 -0.849889 0.322818
vn -0.637148 -0.724308 0.263478
vn -0.962060 -0.108034 0.250539
vn -0.991547 -0.115971 0.058188
vn -0.880274 -0.470732 0.059408
vn -0.877154 -0.416826 0.238445
vn -0.664854 -0.470507 0.580165
vn -0.742298 -0.116003 0.659952
vn -0.857427 -0.108034 0.503137
vn -0.789177 -0.416574 0.451293
vn 0.323038 0.850018 0.416071
vn 0.264223 0.724294 0.636855
vn 0.451606 0.416824 0.788866
vn 0.580416 0.470727 0.664480
vn 0.503137 0.108034 0.857427
vn 0.451606 0.416824 0.788866
vn 0.238883 0.416576 0.877154
vn 0.250509 0.108035 0.962067
vn 0.059876 0.470509 0.880361
vn 0.238883 0.416576 0.877154
vn 0.264223 0.724294 0.636855
vn 0.066220 0.849887 0.522788
vn 0.323038 0.850018 0.416071
vn 0.061346 0.987063 0.148130
vn 0.066220 0.849887 0.522788
vn 0.264223 0.724294 0.636855
vn 0.503137 0.108034 0.857427
vn 0.659952 0.116003 0.742298
vn 0.580416 0.470727 0.664480
vn 0.451606 0.416824 0.788866
vn 0.059876 0.470509 0.880361
vn 0.058188 0.115971 0.991547
vn 0.250509 0.108035 0.962067
vn 0.238883 0.416576 0.877154
vn -0.497069 0.867105 -0.032438
vn -0.867490 0.497106 -0.018594
vn -0.880361 0.470509 0.059876
vn -0.522788 0.849887 0.066220
vn -0.867490 0.497106 -0.018594
vn -0.991843 0.127379 -0.004750
vn -0.991547 0.115971 0.058188
vn -0.880361 0.470509 0.059876
vn -0.857427 0.108034 0.503137
vn -0.962067 0.108035 0.250509
vn -0.962060 -0.108034 0.250539
vn -0.857427 -0.108034 0.503137
vn -0.962067 0.108035 0.250509
vn -0.991547 0.115971 0.058188
vn -0.991547 -0.115971 0.058188
vn -0.962060 -0.108034 0.250539
vn -0.522635 -0.850017 0.065751
vn -0.880274 -0.470732 0.059408
vn -0.867490 -0.497106 0.018594
vn -0.497069 -0.867105 0.032438
vn -0.880274 -0.470732 0.059408
vn -0.991547 -0.115971 0.058188
vn -0.991843 -0.127379 0.004750
vn -0.867490 -0.497106 0.018594
vn 0.497069 0.867105 -0.032438
vn 0.867490 0.497106 -0.018594
vn 0.867680 0.491576 -0.074064
vn 0.497414 0.857826 -0.129283
vn 0.867490 0.497106 -0.018594
vn 0.991843 0.127379 -0.004750
vn 0.991857 0.125939 -0.018969
vn 0.867680 0.491576 -0.074064
vn 0.497414 -0.857826 0.129283
vn 0.867680 -0.491576 0.074064
vn 0.867490 -0.497106 0.018594
vn 0.497069 -0.867105 0.032438
vn 0.867680 -0.491576 0.074064
vn 0.991857 -0.125939 0.018969
vn 0.991843 -0.127379 0.004750
vn 0.867490 -0.497106 0.018594
vn 0.857427 -0.108034 0.503137
vn 0.962060 -0.108034 0.250539
vn 0.962060 0.108034 0.250539
vn 0.857427 0.108034 0.503137
vn 0.962060 -0.108034 0.250539
vn 0.991547 -0.115971 0.058188
vn 0.991547 0.115971 0.058188
vn 0.962060 0.108034 0.250539
vn 0.522635 0.850017 0.065751
vn 0.880274 0.470732 0.059408
vn 0.867490 0.497106 -0.018594
vn 0.497069 0.867105 -0.032438
vn 0.880274 0.470732 0.059408
vn 0.991547 0.115971 0.058188
vn 0.991843 0.127379 -0.004750
vn 0.867490 0.497106 -0.018594
vn 0.497069 -0.867105 0.032438
vn 0.867490 -0.497106 0.018594
vn 0.880361 -0.470509 0.059876
vn 0.522788 -0.849887 0.066220
vn 0.867490 -0.497106 0.018594
vn 0.991843 -0.127379 0.004750
vn 0.991547 -0.115971 0.058188
vn 0.880361 -0.470509 0.059876
vn 0.416071 -0.850018 0.323038
vn 0.664480 -0.470727 0.580416
vn 0.580165 -0.470507 0.664854
vn 0.322818 -0.849889 0.416507
vn 0.664480 -0.470727 0.580416
vn 0.742298 -0.116003 0.659952
vn 0.659952 -0.116003 0.742298
vn 0.580165 -0.470507 0.664854
vn 0.250539 -0.108034 0.962060
vn 0.503137 -0.108034 0.857427
vn 0.503137 0.108034 0.857427
vn 0.250539 0.108034 0.962060
vn 0.503137 -0.108034 0.857427
vn 0.659952 -0.116003 0.742298
vn 0.659952 0.116003 0.742298
vn 0.503137 0.108034 0.857427
vn 0.323038 0.850018 0.416071
vn 0.580416 0.470727 0.664480
vn 0.664854 0.470507 0.580165
vn 0.416507 0.849889 0.322818
vn 0.580416 0.470727 0.664480
vn 0.659952 0.116003 0.742298
vn 0.742298 0.116003 0.659952
vn 0.664854 0.470507 0.580165
vn -0.503137 -0.108034 0.857427
vn -0.250539 -0.108034 0.962060
vn -0.250539 0.108034 0.962060
vn -0.503137 0.108034 0.857427
vn -0.250539 -0.108034 0.962060
vn -0.058188 -0.115971 0.991547
vn -0.058188 0.115971 0.991547
vn -0.250539 0.108034 0.962060
vn -0.065751 0.850017 0.522635
vn -0.059408 0.470732 0.880274
vn 0.059876 0.470509 0.880361
vn 0.066220 0.849887 0.522788
vn -0.059408 0.470732 0.880274
vn -0.058188 0.115971 0.991547
vn 0.058188 0.115971 0.991547
vn 0.059876 0.470509 0.880361
vn 0.503137 0.108034 0.857427
vn 0.250539 0.108034 0.962060
vn 0.250539 -0.108034 0.962060
vn 0.503137 -0.108034 0.857427
vn 0.250539 0.108034 0.962060
vn 0.058188 0.115971 0.991547
vn 0.058188 -0.115971 0.991547
vn 0.250539 -0.108034 0.962060
vn 0.065751 -0.850017 0.522635
vn 0.059408 -0.470732 0.880274
vn -0.059876 -0.470509 0.880361
vn -0.066220 -0.849887 0.522788
vn 0.059408 -0.470732 0.880274
vn 0.058188 -0.115971 0.991547
vn -0.058188 -0.115971 0.991547
vn -0.059876 -0.470509 0.880361
vn -0.503137 -0.108034 0.857427
vn -0.250509 -0.108035 0.962067
vn -0.250539 0.108034 0.962060
vn -0.503137 0.108034 0.857427
vn -0.250509 -0.108035 0.962067
vn -0.058188 -0.115971 0.991547
vn -0.058188 0.115971 0.991547
vn -0.250539 0.108034 0.962060
vn -0.065751 0.850017 0.522635
vn -0.059408 0.470732 0.880274
vn 0.059876 0.470509 0.880361
vn 0.066220 0.849887 0.522788
vn -0.059408 0.470732 0.880274
vn -0.058188 0.115971 0.991547
vn 0.058188 0.115971 0.991547
vn 0.059876 0.470509 0.880361
vn 0.503137 0.108034 0.857427
vn 0.250509 0.108035 0.962067
vn 0.250539 -0.108034 0.962060
vn 0.503137 -0.108034 0.857427
vn 0.250509 0.108035 0.962067
vn 0.058188 0.115971 0.991547
vn 0.058188 -0.115971 0.991547
vn 0.250539 -0.108034 0.962060
vn 0.065751 -0.850017 0.522635
vn 0.059408 -0.470732 0.880274
vn -0.059876 -0.470509 0.880361
vn -0.066220 -0.849887 0.522788
vn 0.059408 -0.470732 0.880274
vn 0.058188 -0.115971 0.991547
vn -0.058188 -0.115971 0.991547
vn -0.059876 -0.470509 0.880361
vn -0.497069 -0.867105 0.032438
vn -0.867490 -0.497106 0.018594
vn -0.867680 -0.491576 0.074064
vn -0.497414 -0.857826 0.129283
vn -0.867490 -0.497106 0.018594
vn -0.991843 -0.127379 0.004750
vn -0.991857 -0.125939 0.018969
vn -0.867680 -0.491576 0.074064
vn -0.497414 0.857826 -0.129283
vn -0.867680 0.491576 -0.074064
vn -0.867490 0.497106 -0.018594
vn -0.497069 0.867105 -0.032438
vn -0.867680 0.491576 -0.074064
vn -0.991857 0.125939 -0.018969
vn -0.991843 0.127379 -0.004750
vn -0.867490 0.497106 -0.018594
vn 0.857427 -0.108034 0.503137
vn 0.962067 -0.108035 0.250509
vn 0.962060 0.108034 0.250539
vn 0.857427 0.108034 0.503137
vn 0.962067 -0.108035 0.250509
vn 0.991547 -0.115971 0.058188
vn 0.991547 0.115971 0.058188
vn 0.962060 0.108034 0.250539
vn 0.522635 0.850017 0.065751
vn 0.880274 0.470732 0.059408
vn 0.867490 0.497106 0.018594
vn 0.497069 0.867105 0.032438
vn 0.880274 0.470732 0.059408
vn 0.991547 0.115971 0.058188
vn 0.991843 0.127379 0.004750
vn 0.867490 0.497106 0.018594
vn 0.497069 -0.867105 -0.032438
vn 0.867490 -0.497106 -0.018594
vn 0.880361 -0.470509 0.059876
vn 0.522788 -0.849887 0.066220
vn 0.867490 -0.497106 -0.018594
vn 0.991843 -0.127379 -0.004750
vn 0.991547 -0.115971 0.058188
vn 0.880361 -0.470509 0.059876
vn 0.065751 -0.850017 0.522635
vn 0.059408 -0.470732 0.880274
vn 0.071565 -0.510702 0.856774
vn 0.058908 -0.876186 0.478360
vn 0.059408 -0.470732 0.880274
vn 0.058188 -0.115971 0.991547
vn 0.066564 -0.136254 0.988435
vn 0.071565 -0.510702 0.856774
vn 0.493224 -0.139752 0.858603
vn 0.258348 -0.139752 0.955890
vn 0.258348 0.139752 0.955890
vn 0.493224 0.139752 0.858603
vn 0.258348 -0.139752 0.955890
vn 0.066564 -0.136254 0.988435
vn 0.066564 0.136254 0.988435
vn 0.258348 0.139752 0.955890
vn 0.056595 0.874578 0.481571
vn 0.069157 0.507849 0.858666
vn 0.059876 0.470509 0.880361
vn 0.066220 0.849887 0.522788
vn 0.069157 0.507849 0.858666
vn 0.066564 0.136254 0.988435
vn 0.058188 0.115971 0.991547
vn 0.059876 0.470509 0.880361
vn -0.323038 -0.850018 0.416071
vn -0.580416 -0.470727 0.664480
vn -0.664854 -0.470507 0.580165
vn -0.416507 -0.849889 0.322818
vn -0.580416 -0.470727 0.664480
vn -0.659952 -0.116003 0.742298
vn -0.742298 -0.116003 0.659952
vn -0.664854 -0.470507 0.580165
vn -0.416071 0.850018 0.323038
vn -0.664480 0.470727 0.580416
vn -0.580165 0.470507 0.664854
vn -0.322818 0.849889 0.416507
vn -0.664480 0.470727 0.580416
vn -0.742298 0.116003 0.659952
vn -0.659952 0.116003 0.742298
vn -0.580165 0.470507 0.664854
vn -0.497069 0.867105 0.032438
vn -0.867490 0.497106 0.018594
vn -0.880361 0.470509 0.059876
vn -0.522788 0.849887 0.066220
vn -0.867490 0.497106 0.018594
vn -0.991843 0.127379 0.004750
vn -0.991547 0.115971 0.058188
vn -0.880361 0.470509 0.059876
vn -0.857427 0.108034 0.503137
vn -0.962067 0.108035 0.250509
vn -0.962060 -0.108034 0.250539
vn -0.857427 -0.108034 0.503137
vn -0.962067 0.108035 0.250509
vn -0.991547 0.115971 0.058188
vn -0.991547 -0.115971 0.058188
vn -0.962060 -0.108034 0.250539
vn -0.522635 -0.850017 0.065751
vn -0.880274 -0.470732 0.059408
vn -0.867490 -0.497106 -0.018594
vn -0.497069 -0.867105 -0.032438
vn -0.880274 -0.470732 0.059408
vn -0.991547 -0.115971 0.058188
vn -0.991843 -0.127379 -0.004750
vn -0.867490 -0.497106 -0.018594
vn 0.300473 -0.874576 0.380568
vn 0.558259 -0.507852 0.656074
vn 0.580165 -0.470507 0.664854
vn 0.322818 -0.849889 0.416507
vn 0.558259 -0.507852 0.656074
vn 0.651865 -0.136255 0.745993
vn 0.659952 -0.116003 0.742298
vn 0.580165 -0.470507 0.664854
vn 0.323038 0.850018 0.416071
vn 0.580416 0.470727 0.664480
vn 0.555203 0.510702 0.656456
vn 0.296573 0.876188 0.379920
vn 0.580416 0.470727 0.664480
vn 0.659952 0.116003 0.742298
vn 0.651865 0.136255 0.745993
vn 0.555203 0.510702 0.656456
vn -0.323038 -0.850018 0.416071
vn -0.580416 -0.470727 0.664480
vn -0.664854 -0.470507 0.580165
vn -0.416507 -0.849889 0.322818
vn -0.580416 -0.470727 0.664480
vn -0.659952 -0.116003 0.742298
vn -0.742298 -0.116003 0.659952
vn -0.664854 -0.470507 0.580165
vn -0.416071 0.850018 0.323038
vn -0.664480 0.470727 0.580416
vn -0.580165 0.470507 0.664854
vn -0.322818 0.849889 0.416507
vn -0.664480 0.470727 0.580416
vn -0.742298 0.116003 0.659952
vn -0.659952 0.116003 0.742298
vn -0.580165 0.470507 0.664854
vn 0.416071 -0.850018 0.323038
vn 0.664480 -0.470727 0.580416
vn 0.580165 -0.470507 0.664854
vn 0.322818 -0.849889 0.416507
vn 0.664480 -0.470727 0.580416
vn 0.742298 -0.116003 0.659952
vn 0.659952 -0.116003 0.742298
vn 0.580165 -0.470507 0.664854
vn 0.323038 0.850018 0.416071
vn 0.580416 0.470727 0.664480
vn 0.664854 0.470507 0.580165
vn 0.416507 0.849889 0.322818
vn 0.580416 0.470727 0.664480
vn 0.659952 0.116003 0.742298
vn 0.742298 0.116003 0.659952
vn 0.664854 0.470507 0.580165
vn -0.867680 -0.491576 -0.074064
vn -0.497414 -0.857826 -0.129283
vn -0.497069 -0.867105 -0.032438
vn -0.867490 -0.497106 -0.018594
vn -0.497414 -0.857826 -0.129283
vn -0.127409 -0.980774 -0.147816
vn -0.127314 -0.991170 -0.037063
vn -0.497069 -0.867105 -0.032438
vn 0.867490 -0.497106 -0.018594
vn 0.497069 -0.867105 -0.032438
vn 0.497414 -0.857826 -0.129283
vn 0.867680 -0.491576 -0.074064
vn 0.497069 -0.867105 -0.032438
vn 0.127314 -0.991170 -0.037063
vn 0.127409 -0.980774 -0.147816
vn 0.497414 -0.857826 -0.129283
vn -0.867680 -0.475044 -0.146504
vn -0.497412 -0.828978 -0.255690
vn -0.497414 -0.857826 -0.129283
vn -0.867680 -0.491576 -0.074064
vn -0.497412 -0.828978 -0.255690
vn -0.127407 -0.947788 -0.292346
vn -0.127409 -0.980774 -0.147816
vn -0.497414 -0.857826 -0.129283
vn -0.867682 -0.447888 -0.215694
vn -0.497416 -0.781609 -0.376383
vn -0.497412 -0.828978 -0.255690
vn -0.867680 -0.475044 -0.146504
vn -0.497416 -0.781609 -0.376383
vn -0.127407 -0.893628 -0.430345
vn -0.127407 -0.947788 -0.292346
vn -0.497412 -0.828978 -0.255690
vn -0.867685 -0.410732 -0.280040
vn -0.497416 -0.716765 -0.488697
vn -0.497416 -0.781609 -0.376383
vn -0.867682 -0.447888 -0.215694
vn -0.497416 -0.716765 -0.488697
vn -0.127408 -0.819508 -0.558725
vn -0.127407 -0.893628 -0.430345
vn -0.497416 -0.781609 -0.376383
vn -0.867679 -0.364416 -0.338134
vn -0.497425 -0.635930 -0.590053
vn -0.497416 -0.716765 -0.488697
vn -0.867685 -0.410732 -0.280040
vn -0.497425 -0.635930 -0.590053
vn -0.127408 -0.727073 -0.674635
vn -0.127408 -0.819508 -0.558725
vn -0.497416 -0.716765 -0.488697
vn -0.867681 -0.309946 -0.388667
vn -0.497411 -0.540880 -0.678256
vn -0.497425 -0.635930 -0.590053
vn -0.867679 -0.364416 -0.338134
vn -0.497411 -0.540880 -0.678256
vn -0.127409 -0.618418 -0.775452
vn -0.127408 -0.727073 -0.674635
vn -0.497425 -0.635930 -0.590053
vn -0.867689 -0.248541 -0.430516
vn -0.497412 -0.433755 -0.751290
vn -0.497411 -0.540880 -0.678256
vn -0.867681 -0.309946 -0.388667
vn -0.497412 -0.433755 -0.751290
vn -0.127411 -0.495924 -0.858968
vn -0.127409 -0.618418 -0.775452
vn -0.497411 -0.540880 -0.678256
vn -0.867682 -0.181599 -0.462764
vn -0.497414 -0.316942 -0.807544
vn -0.497412 -0.433755 -0.751290
vn -0.867689 -0.248541 -0.430516
vn -0.497414 -0.316942 -0.807544
vn -0.127408 -0.362349 -0.923294
vn -0.127411 -0.495924 -0.858968
vn -0.497412 -0.433755 -0.751290
vn -0.867678 -0.110597 -0.484668
vn -0.497414 -0.193034 -0.845764
vn -0.497414 -0.316942 -0.807544
vn -0.867682 -0.181599 -0.462764
vn -0.497414 -0.193034 -0.845764
vn -0.127409 -0.220691 -0.966986
vn -0.127408 -0.362349 -0.923294
vn -0.497414 -0.316942 -0.807544
vn -0.867681 -0.037126 -0.495733
vn -0.497420 -0.064814 -0.865086
vn -0.497414 -0.193034 -0.845764
vn -0.867678 -0.110597 -0.484668
vn -0.497420 -0.064814 -0.865086
vn -0.127408 -0.074095 -0.989079
vn -0.127409 -0.220691 -0.966986
vn -0.497414 -0.193034 -0.845764
vn -0.867681 0.037126 -0.495733
vn -0.497420 0.064814 -0.865086
vn -0.497420 -0.064814 -0.865086
vn -0.867681 -0.037126 -0.495733
vn -0.497420 0.064814 -0.865086
vn -0.127408 0.074095 -0.989079
vn -0.127408 -0.074095 -0.989079
vn -0.497420 -0.064814 -0.865086
vn -0.867678 0.110597 -0.484668
vn -0.497414 0.193034 -0.845764
vn -0.497420 0.064814 -0.865086
vn -0.867681 0.037126 -0.495733
vn -0.497414 0.193034 -0.845764
vn -0.127409 0.220691 -0.966986
vn -0.127408 0.074095 -0.989079
vn -0.497420 0.064814 -0.865086
vn -0.867682 0.181599 -0.462764
vn -0.497414 0.316942 -0.807544
vn -0.497414 0.193034 -0.845764
vn -0.867678 0.110597 -0.484668
vn -0.497414 0.316942 -0.807544
vn -0.127408 0.362349 -0.923294
vn -0.127409 0.220691 -0.966986
vn -0.497414 0.193034 -0.845764
vn -0.867689 0.248541 -0.430516
vn -0.497412 0.433755 -0.751290
vn -0.497414 0.316942 -0.807544
vn -0.867682 0.181599 -0.462764
vn -0.497412 0.433755 -0.751290
vn -0.127411 0.495924 -0.858968
vn -0.127408 0.362349 -0.923294
vn -0.497414 0.316942 -0.807544
vn -0.867681 0.309946 -0.388667
vn -0.497411 0.540880 -0.678256
vn -0.497412 0.433755 -0.751290
vn -0.867689 0.248541 -0.430516
vn -0.497411 0.540880 -0.678256
vn -0.127409 0.618418 -0.775452
vn -0.127411 0.495924 -0.858968
vn -0.497412 0.433755 -0.751290
vn -0.867679 0.364416 -0.338134
vn -0.497401 0.635939 -0.590062
vn -0.497411 0.540880 -0.678256
vn -0.867681 0.309946 -0.388667
vn -0.497401 0.635939 -0.590062
vn -0.127408 0.727073 -0.674635
vn -0.127409 0.618418 -0.775452
vn -0.497411 0.540880 -0.678256
vn -0.867685 0.410732 -0.280040
vn -0.497416 0.716765 -0.488697
vn -0.497401 0.635939 -0.590062
vn -0.867679 0.364416 -0.338134
vn -0.497416 0.716765 -0.488697
vn -0.127408 0.819508 -0.558725
vn -0.127408 0.727073 -0.674635
vn -0.497401 0.635939 -0.590062
vn -0.867682 0.447888 -0.215694
vn -0.497416 0.781609 -0.376383
vn -0.497416 0.716765 -0.488697
vn -0.867685 0.410732 -0.280040
vn -0.497416 0.781609 -0.376383
vn -0.127407 0.893628 -0.430345
vn -0.127408 0.819508 -0.558725
vn -0.497416 0.716765 -0.488697
vn -0.867680 0.475044 -0.146504
vn -0.497412 0.828978 -0.255690
vn -0.497416 0.781609 -0.376383
vn -0.867682 0.447888 -0.215694
vn -0.497412 0.828978 -0.255690
vn -0.127407 0.947788 -0.292346
vn -0.127407 0.893628 -0.430345
vn -0.497416 0.781609 -0.376383
vn -0.867680 0.491576 -0.074064
vn -0.497414 0.857826 -0.129283
vn -0.497412 0.828978 -0.255690
vn -0.867680 0.475044 -0.146504
vn -0.497414 0.857826 -0.129283
vn -0.127409 0.980774 -0.147816
vn -0.127407 0.947788 -0.292346
vn -0.497412 0.828978 -0.255690
vn -0.497414 0.857826 0.129283
vn -0.867680 0.491576 0.074064
vn -0.867490 0.497106 0.018594
vn -0.497069 0.867105 0.032438
vn -0.867680 0.491576 0.074064
vn -0.991857 0.125939 0.018969
vn -0.991843 0.127379 0.004750
vn -0.867490 0.497106 0.018594
vn -0.497412 0.828978 0.255690
vn -0.867680 0.475044 0.146504
vn -0.867680 0.491576 0.074064
vn -0.497414 0.857826 0.129283
vn -0.867680 0.475044 0.146504
vn -0.991855 0.121720 0.037532
vn -0.991857 0.125939 0.018969
vn -0.867680 0.491576 0.074064
vn -0.497416 0.781609 0.376383
vn -0.867682 0.447888 0.215694
vn -0.867680 0.475044 0.146504
vn -0.497412 0.828978 0.255690
vn -0.867682 0.447888 0.215694
vn -0.991857 0.114751 0.055251
vn -0.991855 0.121720 0.037532
vn -0.867680 0.475044 0.146504
vn -0.497416 0.716765 0.488697
vn -0.867685 0.410732 0.280040
vn -0.867682 0.447888 0.215694
vn -0.497416 0.781609 0.376383
vn -0.867685 0.410732 0.280040
vn -0.991854 0.105251 0.071751
vn -0.991857 0.114751 0.055251
vn -0.867682 0.447888 0.215694
vn -0.497425 0.635930 0.590053
vn -0.867679 0.364416 0.338134
vn -0.867685 0.410732 0.280040
vn -0.497416 0.716765 0.488697
vn -0.867679 0.364416 0.338134
vn -0.991855 0.093376 0.086626
vn -0.991854 0.105251 0.071751
vn -0.867685 0.410732 0.280040
vn -0.497411 0.540880 0.678256
vn -0.867681 0.309946 0.388667
vn -0.867679 0.364416 0.338134
vn -0.497425 0.635930 0.590053
vn -0.867681 0.309946 0.388667
vn -0.991858 0.079407 0.099564
vn -0.991855 0.093376 0.086626
vn -0.867679 0.364416 0.338134
vn -0.497389 0.433762 0.751302
vn -0.867689 0.248541 0.430516
vn -0.867681 0.309946 0.388667
vn -0.497411 0.540880 0.678256
vn -0.867689 0.248541 0.430516
vn -0.991854 0.063688 0.110314
vn -0.991858 0.079407 0.099564
vn -0.867681 0.309946 0.388667
vn -0.497390 0.316947 0.807556
vn -0.867682 0.181599 0.462764
vn -0.867689 0.248541 0.430516
vn -0.497389 0.433762 0.751302
vn -0.867682 0.181599 0.462764
vn -0.991856 0.046532 0.118564
vn -0.991854 0.063688 0.110314
vn -0.867689 0.248541 0.430516
vn -0.497391 0.193037 0.845777
vn -0.867678 0.110597 0.484668
vn -0.867682 0.181599 0.462764
vn -0.497390 0.316947 0.807556
vn -0.867678 0.110597 0.484668
vn -0.991854 0.028344 0.124189
vn -0.991856 0.046532 0.118564
vn -0.867682 0.181599 0.462764
vn -0.497396 0.064815 0.865099
vn -0.867681 0.037126 0.495733
vn -0.867678 0.110597 0.484668
vn -0.497391 0.193037 0.845777
vn -0.867681 0.037126 0.495733
vn -0.991857 0.009500 0.127002
vn -0.991854 0.028344 0.124189
vn -0.867678 0.110597 0.484668
vn -0.497420 -0.064814 0.865086
vn -0.867681 -0.037126 0.495733
vn -0.867681 0.037126 0.495733
vn -0.497396 0.064815 0.865099
vn -0.867681 -0.037126 0.495733
vn -0.991857 -0.009500 0.127002
vn -0.991857 0.009500 0.127002
vn -0.867681 0.037126 0.495733
vn -0.497391 -0.193037 0.845777
vn -0.867678 -0.110597 0.484668
vn -0.867681 -0.037126 0.495733
vn -0.497420 -0.064814 0.865086
vn -0.867678 -0.110597 0.484668
vn -0.991854 -0.028344 0.124189
vn -0.991857 -0.009500 0.127002
vn -0.867681 -0.037126 0.495733
vn -0.497390 -0.316947 0.807556
vn -0.867682 -0.181599 0.462764
vn -0.867678 -0.110597 0.484668
vn -0.497391 -0.193037 0.845777
vn -0.867682 -0.181599 0.462764
vn -0.991856 -0.046532 0.118564
vn -0.991854 -0.028344 0.124189
vn -0.867678 -0.110597 0.484668
vn -0.497412 -0.433755 0.751290
vn -0.867689 -0.248541 0.430516
vn -0.867682 -0.181599 0.462764
vn -0.497390 -0.316947 0.807556
vn -0.867689 -0.248541 0.430516
vn -0.991854 -0.063688 0.110314
vn -0.991856 -0.046532 0.118564
vn -0.867682 -0.181599 0.462764
vn -0.497411 -0.540880 0.678256
vn -0.867681 -0.309946 0.388667
vn -0.867689 -0.248541 0.430516
vn -0.497412 -0.433755 0.751290
vn -0.867681 -0.309946 0.388667
vn -0.991858 -0.079407 0.099564
vn -0.991854 -0.063688 0.110314
vn -0.867689 -0.248541 0.430516
vn -0.497425 -0.635930 0.590053
vn -0.867679 -0.364416 0.338134
vn -0.867681 -0.309946 0.388667
vn -0.497411 -0.540880 0.678256
vn -0.867679 -0.364416 0.338134
vn -0.991855 -0.093376 0.086626
vn -0.991858 -0.079407 0.099564
vn -0.867681 -0.309946 0.388667
vn -0.497416 -0.716765 0.488697
vn -0.867685 -0.410732 0.280040
vn -0.867679 -0.364416 0.338134
vn -0.497425 -0.635930 0.590053
vn -0.867685 -0.410732 0.280040
vn -0.991854 -0.105251 0.071751
vn -0.991855 -0.093376 0.086626
vn -0.867679 -0.364416 0.338134
vn -0.497416 -0.781609 0.376383
vn -0.867682 -0.447888 0.215694
vn -0.867685 -0.410732 0.280040
vn -0.497416 -0.716765 0.488697
vn -0.867682 -0.447888 0.215694
vn -0.991857 -0.114751 0.055251
vn -0.991854 -0.105251 0.071751
vn -0.867685 -0.410732 0.280040
vn -0.497412 -0.828978 0.255690
vn -0.867680 -0.475044 0.146504
vn -0.867682 -0.447888 0.215694
vn -0.497416 -0.781609 0.376383
vn -0.867680 -0.475044 0.146504
vn -0.991855 -0.121720 0.037532
vn -0.991857 -0.114751 0.055251
vn -0.867682 -0.447888 0.215694
vn -0.497414 -0.857826 0.129283
vn -0.867680 -0.491576 0.074064
vn -0.867680 -0.475044 0.146504
vn -0.497412 -0.828978 0.255690
vn -0.867680 -0.491576 0.074064
vn -0.991857 -0.125939 0.018969
vn -0.991855 -0.121720 0.037532
vn -0.867680 -0.475044 0.146504
vn 0.867680 0.491576 0.074064
vn 0.497414 0.857826 0.129283
vn 0.497069 0.867105 0.032438
vn 0.867490 0.497106 0.018594
vn 0.497414 0.857826 0.129283
vn 0.127409 0.980774 0.147816
vn 0.127314 0.991170 0.037063
vn 0.497069 0.867105 0.032438
vn 0.867680 0.475044 0.146504
vn 0.497412 0.828978 0.255690
vn 0.497414 0.857826 0.129283
vn 0.867680 0.491576 0.074064
vn 0.497412 0.828978 0.255690
vn 0.127407 0.947788 0.292346
vn 0.127409 0.980774 0.147816
vn 0.497414 0.857826 0.129283
vn 0.867682 0.447888 0.215694
vn 0.497416 0.781609 0.376383
vn 0.497412 0.828978 0.255690
vn 0.867680 0.475044 0.146504
vn 0.497416 0.781609 0.376383
vn 0.127407 0.893628 0.430345
vn 0.127407 0.947788 0.292346
vn 0.497412 0.828978 0.255690
vn 0.867685 0.410732 0.280040
vn 0.497416 0.716765 0.488697
vn 0.497416 0.781609 0.376383
vn 0.867682 0.447888 0.215694
vn 0.497416 0.716765 0.488697
vn 0.127408 0.819508 0.558725
vn 0.127407 0.893628 0.430345
vn 0.497416 0.781609 0.376383
vn 0.867679 0.364416 0.338134
vn 0.497425 0.635930 0.590053
vn 0.497416 0.716765 0.488697
vn 0.867685 0.410732 0.280040
vn 0.497425 0.635930 0.590053
vn 0.127408 0.727073 0.674635
vn 0.127408 0.819508 0.558725
vn 0.497416 0.716765 0.488697
vn 0.867681 0.309946 0.388667
vn 0.497411 0.540880 0.678256
vn 0.497425 0.635930 0.590053
vn 0.867679 0.364416 0.338134
vn 0.497411 0.540880 0.678256
vn 0.127409 0.618418 0.775452
vn 0.127408 0.727073 0.674635
vn 0.497425 0.635930 0.590053
vn 0.867689 0.248541 0.430516
vn 0.497389 0.433762 0.751302
vn 0.497411 0.540880 0.678256
vn 0.867681 0.309946 0.388667
vn 0.497389 0.433762 0.751302
vn 0.127411 0.495924 0.858968
vn 0.127409 0.618418 0.775452
vn 0.497411 0.540880 0.678256
vn 0.867682 0.181599 0.462764
vn 0.497390 0.316947 0.807556
vn 0.497389 0.433762 0.751302
vn 0.867689 0.248541 0.430516
vn 0.497390 0.316947 0.807556
vn 0.127408 0.362349 0.923294
vn 0.127411 0.495924 0.858968
vn 0.497389 0.433762 0.751302
vn 0.867678 0.110597 0.484668
vn 0.497391 0.193037 0.845777
vn 0.497390 0.316947 0.807556
vn 0.867682 0.181599 0.462764
vn 0.497391 0.193037 0.845777
vn 0.127409 0.220691 0.966986
vn 0.127408 0.362349 0.923294
vn 0.497390 0.316947 0.807556
vn 0.867681 0.037126 0.495733
vn 0.497396 0.064815 0.865099
vn 0.497391 0.193037 0.845777
vn 0.867678 0.110597 0.484668
vn 0.497396 0.064815 0.865099
vn 0.127408 0.074095 0.989079
vn 0.127409 0.220691 0.966986
vn 0.497391 0.193037 0.845777
vn 0.867681 -0.037126 0.495733
vn 0.497420 -0.064814 0.865086
vn 0.497396 0.064815 0.865099
vn 0.867681 0.037126 0.495733
vn 0.497420 -0.064814 0.865086
vn 0.127408 -0.074095 0.989079
vn 0.127408 0.074095 0.989079
vn 0.497396 0.064815 0.865099
vn 0.867678 -0.110597 0.484668
vn 0.497391 -0.193037 0.845777
vn 0.497420 -0.064814 0.865086
vn 0.867681 -0.037126 0.495733
vn 0.497391 -0.193037 0.845777
vn 0.127409 -0.220691 0.966986
vn 0.127408 -0.074095 0.989079
vn 0.497420 -0.064814 0.865086
vn 0.867682 -0.181599 0.462764
vn 0.497414 -0.316942 0.807544
vn 0.497391 -0.193037 0.845777
vn 0.867678 -0.110597 0.484668
vn 0.497414 -0.316942 0.807544
vn 0.127408 -0.362349 0.923294
vn 0.127409 -0.220691 0.966986
vn 0.497391 -0.193037 0.845777
vn 0.867689 -0.248541 0.430516
vn 0.497412 -0.433755 0.751290
vn 0.497414 -0.316942 0.807544
vn 0.867682 -0.181599 0.462764
vn 0.497412 -0.433755 0.751290
vn 0.127411 -0.495924 0.858968
vn 0.127408 -0.362349 0.923294
vn 0.497414 -0.316942 0.807544
vn 0.867681 -0.309946 0.388667
vn 0.497411 -0.540880 0.678256
vn 0.497412 -0.433755 0.751290
vn 0.867689 -0.248541 0.430516
vn 0.497411 -0.540880 0.678256
vn 0.127409 -0.618418 0.775452
vn 0.127411 -0.495924 0.858968
vn 0.497412 -0.433755 0.751290
vn 0.867679 -0.364416 0.338134
vn 0.497425 -0.635930 0.590053
vn 0.497411 -0.540880 0.678256
vn 0.867681 -0.309946 0.388667
vn 0.497425 -0.635930 0.590053
vn 0.127408 -0.727073 0.674635
vn 0.127409 -0.618418 0.775452
vn 0.497411 -0.540880 0.678256
vn 0.867685 -0.410732 0.280040
vn 0.497416 -0.716765 0.488697
vn 0.497425 -0.635930 0.590053
vn 0.867679 -0.364416 0.338134
vn 0.497416 -0.716765 0.488697
vn 0.127408 -0.819508 0.558725
vn 0.127408 -0.727073 0.674635
vn 0.497425 -0.635930 0.590053
vn 0.867682 -0.447888 0.215694
vn 0.497416 -0.781609 0.376383
vn 0.497416 -0.716765 0.488697
vn 0.867685 -0.410732 0.280040
vn 0.497416 -0.781609 0.376383
vn 0.127407 -0.893628 0.430345
vn 0.127408 -0.819508 0.558725
vn 0.497416 -0.716765 0.488697
vn 0.867680 -0.475044 0.146504
vn 0.497412 -0.828978 0.255690
vn 0.497416 -0.781609 0.376383
vn 0.867682 -0.447888 0.215694
vn 0.497412 -0.828978 0.255690
vn 0.127407 -0.947788 0.292346
vn 0.127407 -0.893628 0.430345
vn 0.497416 -0.781609 0.376383
vn 0.867680 -0.491576 0.074064
vn 0.497414 -0.857826 0.129283
vn 0.497412 -0.828978 0.255690
vn 0.867680 -0.475044 0.146504
vn 0.497414 -0.857826 0.129283
vn 0.127409 -0.980774 0.147816
vn 0.127407 -0.947788 0.292346
vn 0.497412 -0.828978 0.255690
vn 0.497412 -0.828978 -0.255690
vn 0.867680 -0.475044 -0.146504
vn 0.867680 -0.491576 -0.074064
vn 0.497414 -0.857826 -0.129283
vn 0.867680 -0.475044 -0.146504
vn 0.991855 -0.121720 -0.037532
vn 0.991857 -0.125939 -0.018969
vn 0.867680 -0.491576 -0.074064
vn 0.497416 -0.781609 -0.376383
vn 0.867682 -0.447888 -0.215694
vn 0.867680 -0.475044 -0.146504
vn 0.497412 -0.828978 -0.255690
vn 0.867682 -0.447888 -0.215694
vn 0.991857 -0.114751 -0.055251
vn 0.991855 -0.121720 -0.037532
vn 0.867680 -0.475044 -0.146504
vn 0.497416 -0.716765 -0.488697
vn 0.867685 -0.410732 -0.280040
vn 0.867682 -0.447888 -0.215694
vn 0.497416 -0.781609 -0.376383
vn 0.867685 -0.410732 -0.280040
vn 0.991854 -0.105251 -0.071751
vn 0.991857 -0.114751 -0.055251
vn 0.867682 -0.447888 -0.215694
vn 0.497425 -0.635930 -0.590053
vn 0.867679 -0.364416 -0.338134
vn 0.867685 -0.410732 -0.280040
vn 0.497416 -0.716765 -0.488697
vn 0.867679 -0.364416 -0.338134
vn 0.991855 -0.093376 -0.086626
vn 0.991854 -0.105251 -0.071751
vn 0.867685 -0.410732 -0.280040
vn 0.497411 -0.540880 -0.678256
vn 0.867681 -0.309946 -0.388667
vn 0.867679 -0.364416 -0.338134
vn 0.497425 -0.635930 -0.590053
vn 0.867681 -0.309946 -0.388667
vn 0.991854 -0.079407 -0.099595
vn 0.991855 -0.093376 -0.086626
vn 0.867679 -0.364416 -0.338134
vn 0.497412 -0.433755 -0.751290
vn 0.867689 -0.248541 -0.430516
vn 0.867681 -0.309946 -0.388667
vn 0.497411 -0.540880 -0.678256
vn 0.867689 -0.248541 -0.430516
vn 0.991854 -0.063688 -0.110314
vn 0.991854 -0.079407 -0.099595
vn 0.867681 -0.309946 -0.388667
vn 0.497414 -0.316942 -0.807544
vn 0.867682 -0.181599 -0.462764
vn 0.867689 -0.248541 -0.430516
vn 0.497412 -0.433755 -0.751290
vn 0.867682 -0.181599 -0.462764
vn 0.991856 -0.046532 -0.118564
vn 0.991854 -0.063688 -0.110314
vn 0.867689 -0.248541 -0.430516
vn 0.497414 -0.193034 -0.845764
vn 0.867678 -0.110597 -0.484668
vn 0.867682 -0.181599 -0.462764
vn 0.497414 -0.316942 -0.807544
vn 0.867678 -0.110597 -0.484668
vn 0.991854 -0.028344 -0.124189
vn 0.991856 -0.046532 -0.118564
vn 0.867682 -0.181599 -0.462764
vn 0.497420 -0.064814 -0.865086
vn 0.867681 -0.037126 -0.495733
vn 0.867678 -0.110597 -0.484668
vn 0.497414 -0.193034 -0.845764
vn 0.867681 -0.037126 -0.495733
vn 0.991857 -0.009500 -0.127002
vn 0.991854 -0.028344 -0.124189
vn 0.867678 -0.110597 -0.484668
vn 0.497420 0.064814 -0.865086
vn 0.867681 0.037126 -0.495733
vn 0.867681 -0.037126 -0.495733
vn 0.497420 -0.064814 -0.865086
vn 0.867681 0.037126 -0.495733
vn 0.991857 0.009500 -0.127002
vn 0.991857 -0.009500 -0.127002
vn 0.867681 -0.037126 -0.495733
vn 0.497414 0.193034 -0.845764
vn 0.867678 0.110597 -0.484668
vn 0.867681 0.037126 -0.495733
vn 0.497420 0.064814 -0.865086
vn 0.867678 0.110597 -0.484668
vn 0.991854 0.028344 -0.124189
vn 0.991857 0.009500 -0.127002
vn 0.867681 0.037126 -0.495733
vn 0.497414 0.316942 -0.807544
vn 0.867682 0.181599 -0.462764
vn 0.867678 0.110597 -0.484668
vn 0.497414 0.193034 -0.845764
vn 0.867682 0.181599 -0.462764
vn 0.991856 0.046532 -0.118564
vn 0.991854 0.028344 -0.124189
vn 0.867678 0.110597 -0.484668
vn 0.497412 0.433755 -0.751290
vn 0.867689 0.248541 -0.430516
vn 0.867682 0.181599 -0.462764
vn 0.497414 0.316942 -0.807544
vn 0.867689 0.248541 -0.430516
vn 0.991854 0.063688 -0.110314
vn 0.991856 0.046532 -0.118564
vn 0.867682 0.181599 -0.462764
vn 0.497411 0.540880 -0.678256
vn 0.867681 0.309946 -0.388667
vn 0.867689 0.248541 -0.430516
vn 0.497412 0.433755 -0.751290
vn 0.867681 0.309946 -0.388667
vn 0.991858 0.079407 -0.099564
vn 0.991854 0.063688 -0.110314
vn 0.867689 0.248541 -0.430516
vn 0.497401 0.635939 -0.590062
vn 0.867679 0.364416 -0.338134
vn 0.867681 0.309946 -0.388667
vn 0.497411 0.540880 -0.678256
vn 0.867679 0.364416 -0.338134
vn 0.991855 0.093376 -0.086626
vn 0.991858 0.079407 -0.099564
vn 0.867681 0.309946 -0.388667
vn 0.497416 0.716765 -0.488697
vn 0.867685 0.410732 -0.280040
vn 0.867679 0.364416 -0.338134
vn 0.497401 0.635939 -0.590062
vn 0.867685 0.410732 -0.280040
vn 0.991854 0.105251 -0.071751
vn 0.991855 0.093376 -0.086626
vn 0.867679 0.364416 -0.338134
vn 0.497416 0.781609 -0.376383
vn 0.867682 0.447888 -0.215694
vn 0.867685 0.410732 -0.280040
vn 0.497416 0.716765 -0.488697
vn 0.867682 0.447888 -0.215694
vn 0.991857 0.114751 -0.055251
vn 0.991854 0.105251 -0.071751
vn 0.867685 0.410732 -0.280040
vn 0.497412 0.828978 -0.255690
vn 0.867680 0.475044 -0.146504
vn 0.867682 0.447888 -0.215694
vn 0.497416 0.781609 -0.376383
vn 0.867680 0.475044 -0.146504
vn 0.991855 0.121720 -0.037532
vn 0.991857 0.114751 -0.055251
vn 0.867682 0.447888 -0.215694
vn 0.497414 0.857826 -0.129283
vn 0.867680 0.491576 -0.074064
vn 0.867680 0.475044 -0.146504
vn 0.497412 0.828978 -0.255690
vn 0.867680 0.491576 -0.074064
vn 0.991857 0.125939 -0.018969
vn 0.991855 0.121720 -0.037532
vn 0.867680 0.475044 -0.146504
vn 0.000000 1.000000 0.000000
vn 0.000000 1.000000 0.000000
vn 0.000000 1.000000 0.000000
vn 0.000000 1.000000 0.000000
vn -0.000000 0.000000 -1.000000
vn -0.000000 0.000000 -1.000000
vn -0.707107 0.000000 -0.707107
vn -0.707107 0.000000 -0.707107
vn 1.000000 0.000000 0.000000
vn 1.000000 0.000000 0.000000
vn 0.707107 0.000000 -0.707107
vn 0.707107 0.000000 -0.707107
vn 0.000000 0.000000 1.000000
vn 0.000000 0.000000 1.000000
vn 0.707107 0.000000 0.707107
vn 0.707107 0.000000 0.707107
vn -1.000000 0.000000 0.000000
vn -1.000000 0.000000 0.000000
vn -0.707107 0.000000 0.707107
vn -0.707107 0.000000 0.707107
vn -0.000000 0.000000 -1.000000
vn -0.000000 0.000000 -1.000000
vn -0.000000 0.000000 -1.000000
vn -0.000000 0.000000 -1.000000
vn -0.000000 0.000000 -1.000000
vn 0.707107 0.000000 -0.707107
vn 0.707107 0.000000 -0.707107
vn -0.000000 0.000000 -1.000000
vn 0.000000 1.000000 0.000000
vn 0.000000 1.000000 0.000000
vn 0.000000 1.000000 0.000000
vn 0.000000 1.000000 0.000000
vn 0.000000 1.000000 0.000000
vn 0.000000 1.000000 0.000000
vn 0.000000 1.000000 0.000000
vn 0.000000 1.000000 0.000000
vn 0.000000 0.000000 1.000000
vn -0.707107 0.000000 0.707107
vn -0.707107 0.000000 0.707107
vn 0.000000 0.000000 1.000000
vn 0.000000 0.000000 1.000000
vn 0.000000 0.000000 1.000000
vn 0.000000 0.000000 1.000000
vn 0.000000 0.000000 1.000000
vn -1.000000 0.000000 0.000000
vn -1.000000 0.000000 0.000000
vn -1.000000 0.000000 0.000000
vn -1.000000 0.000000 0.000000
vn -1.000000 0.000000 0.000000
vn -0.707107 0.000000 -0.707107
vn -0.707107 0.000000 -0.707107
vn -1.000000 0.000000 0.000000
vn 0.000000 1.000000 0.000000
vn 0.000000 1.000000 0.000000
vn 0.000000 1.000000 0.000000
vn 0.000000 1.000000 0.000000
vn 0.000000 1.000000 0.000000
vn 0.000000 1.000000 0.000000
vn 0.000000 1.000000 0.000000
vn 0.000000 1.000000 0.000000
vn 0.000000 1.000000 0.000000
vn 0.000000 1.000000 0.000000
vn 0.000000 1.000000 0.000000
vn 0.000000 1.000000 0.000000
vn 0.000000 1.000000 0.000000
vn 0.000000 1.000000 0.000000
vn 0.000000 1.000000 0.000000
vn 0.000000 1.000000 0.000000
vn 0.000000 1.000000 0.000000
vn 0.000000 1.000000 0.000000
vn 0.000000 1.000000 0.000000
vn 0.000000 1.000000 0.000000
vn 0.000000 1.000000 0.000000
vn 0.000000 1.000000 0.000000
vn 0.000000 1.000000 0.000000
vn 0.000000 1.000000 0.000000
vn 1.000000 0.000000 0.000000
vn 0.707107 0.000000 0.707107
vn 0.707107 0.000000 0.707107
vn 1.000000 0.000000 0.000000
vn 1.000000 0.000000 0.000000
vn 1.000000 0.000000 0.000000
vn 1.000000 0.000000 0.000000
vn 1.000000 0.000000 0.000000
vn 0.000000 1.000000 0.000000
vn 0.190015 0.949480 0.249764
vn 0.125915 0.978137 0.165508
vn 0.000000 1.000000 0.000000
vn 0.000000 1.000000 0.000000
vn 0.000000 1.000000 0.000000
vn 0.000000 1.000000 0.000000
vn 0.000000 1.000000 0.000000
vn 0.125915 0.978137 0.165508
vn 0.190015 0.949480 0.249764
vn 0.360831 0.803024 0.474293
vn 0.360834 0.800973 -0.477746
vn 0.360834 0.800973 -0.477746
vn 0.360834 0.800973 -0.477746
vn -0.380385 0.749416 0.541925
vn -0.232311 0.912010 0.338038
vn -0.381503 0.718468 0.581601
vn -0.355885 0.786583 0.504612
vn -0.086728 0.987419 0.132216
vn -0.232311 0.912010 0.338038
vn -0.355885 0.786583 0.504612
vn -0.232311 0.912010 0.338038
vn -0.380385 0.749416 0.541925
vn 0.000000 1.000000 0.000000
vn 0.000000 1.000000 0.000000
vn 0.000000 1.000000 0.000000
vn 0.125915 0.978137 0.165508
vn 0.000000 1.000000 0.000000
vn 0.000000 1.000000 0.000000
vn 0.000000 1.000000 0.000000
vn 0.000000 1.000000 0.000000
vn 0.000000 1.000000 0.000000
vn -0.086728 0.987419 0.132216
vn 0.000000 1.000000 0.000000
vn 0.000000 1.000000 0.000000
vn 0.000000 1.000000 0.000000
vn -0.086728 0.987419 0.132216
vn 0.000000 1.000000 0.000000
vn 0.000000 1.000000 0.000000
vn -0.232311 0.912010 0.338038
vn -0.086728 0.987419 0.132216
vn 0.000000 1.000000 0.000000
vn 0.000000 1.000000 0.000000
vn -0.232311 0.912010 0.338038
vn -0.000000 1.000000 0.000000
vn -0.000000 1.000000 0.000000
vn -0.000000 1.000000 0.000000
vn -0.000000 1.000000 0.000000
vn 0.000000 1.000000 0.000000
vn 0.000000 1.000000 0.000000
vn 0.000000 1.000000 0.000000
vn -0.288964 0.819293 0.495237
vn -0.288964 0.819293 0.495237
vn -0.074821 0.988918 0.128230
vn -0.151488 0.953754 0.259625
vn -0.329428 0.756784 0.564585
vn -0.329428 0.756784 0.564585
vn -0.329428 0.756784 0.564585
vn -0.503796 0.026279 0.863423
vn -0.503796 0.026279 0.863423
vn -0.503796 0.026279 0.863423
vn -0.517162 0.599744 -0.610616
vn -0.517162 0.599744 -0.610616
vn -0.517162 0.599744 -0.610616
vn -0.000000 1.000000 0.000000
vn 0.000000 1.000000 0.000000
vn -0.000000 1.000000 0.000000
vn -0.000000 1.000000 0.000000
vn -0.000000 1.000000 0.000000
vn -0.000000 1.000000 0.000000
vn -0.000000 1.000000 -0.000000
vn -0.074821 0.988918 0.128230
vn 0.000000 1.000000 0.000000
vn -0.000000 1.000000 -0.000000
vn 0.000000 1.000000 0.000000
vn 0.000000 1.000000 0.000000
vn -0.074821 0.988918 0.128230
vn 0.000000 1.000000 0.000000
vn -0.074821 0.988918 0.128230
vn -0.000000 1.000000 -0.000000
vn -0.000000 1.000000 0.000000
vn -0.151488 0.953754 0.259625
vn 0.000000 1.000000 0.000000
vn 0.000000 1.000000 0.000000
vn 0.000000 1.000000 0.000000
vn 0.000000 1.000000 0.000000
vn 0.000000 1.000000 0.000000
vn 0.000000 1.000000 0.000000
vn 0.000000 1.000000 0.000000
vn 0.000000 1.000000 0.000000
vn 0.000000 1.000000 0.000000
vn 0.000000 1.000000 0.000000
vn 0.000000 1.000000 0.000000
vn 0.000000 1.000000 0.000000
vn 0.000000 1.000000 0.000000
vn 0.000000 1.000000 0.000000
vn 0.000000 1.000000 0.000000
vn 0.000000 1.000000 0.000000
vn 0.000000 1.000000 0.000000
vn 0.000000 1.000000 0.000000
vn 0.000000 1.000000 0.000000
vn 0.161852 0.986713 0.014160
vn 0.339489 0.892411 0.297236
vn 0.098915 0.990225 0.098338
vn 0.098915 0.990225 0.098338
vn 0.150163 0.917927 0.367234
vn 0.039202 0.997125 0.064853
vn 0.039202 0.997125 0.064853
vn 0.339489 0.892411 0.297236
vn 0.150163 0.917927 0.367234
vn 0.098915 0.990225 0.098338
vn 0.000000 1.000000 0.000000
vn 0.000000 1.000000 0.000000
vn 0.039202 0.997125 0.064853
vn 0.039202 0.997125 0.064853
vn 0.000000 1.000000 0.000000
vn 0.000000 1.000000 0.000000
vn 0.000000 1.000000 0.000000
vn 0.000000 1.000000 0.000000
vn 0.000000 1.000000 0.000000
vn 0.000000 1.000000 0.000000
vn 0.000000 1.000000 0.000000
vn 0.000000 1.000000 0.000000
vn 0.000000 1.000000 0.000000
vn 0.000000 1.000000 0.000000
vn 0.039202 0.997125 0.064853
vn 0.098915 0.990225 0.098338
vn 0.039202 0.997125 0.064853
vn 0.000000 1.000000 0.000000
vn 0.000000 1.000000 0.000000
vn 0.000000 1.000000 0.000000
vn 0.161852 0.986713 0.014160
vn 0.098915 0.990225 0.098338
vn 0.000000 1.000000 0.000000
vn 0.000000 1.000000 0.000000
vn 0.000000 1.000000 0.000000
vn 0.161852 0.986713 0.014160
vn 0.000000 1.000000 0.000000
vn 0.000000 1.000000 0.000000
vn 0.000000 1.000000 0.000000
vn 0.000000 1.000000 0.000000
vn 0.000000 1.000000 0.000000
vn 0.000000 1.000000 0.000000
vn 0.098915 0.990225 0.098338
vn 0.000000 1.000000 0.000000
vn 0.000000 1.000000 0.000000
vn 0.000000 1.000000 0.000000
vn 0.098915 0.990225 0.098338
vn 0.000000 1.000000 0.000000
vn 0.000000 1.000000 0.000000
vn 0.000000 1.000000 0.000000
vn 0.098915 0.990225 0.098338
vn 0.000000 1.000000 0.000000
s off
g Folder:Folder_2
usemtl blinn1SG
f 179/194/262 181/193/263 199/192/264 197/191/265
f 197/197/266 203/196/267 179/195/268
f 201/200/269 197/199/270 199/198/271
f 195/204/272 177/203/273 193/202/274 191/201/275
f 187/208/276 189/207/277 195/206/278 191/205/279
f 177/212/280 183/211/281 185/210/282 193/209/283
f 227/216/284 219/215/285 209/214/286 229/213/287
f 209/220/288 219/219/289 221/218/290 215/217/291
f 215/224/292 221/223/293 205/222/294 211/221/295
f 223/228/296 217/227/297 207/226/298 225/225/299
f 213/231/300 207/230/301 217/229/302
f 223/234/303 231/233/304 217/232/305
f 439/238/306 400/237/307 392/236/308 444/235/309
f 332/242/310 312/241/311 217/240/312 231/239/313
f 586/246/314 626/245/315 418/244/316 436/243/317
f 436/250/318 418/249/319 410/248/320 463/247/321
f 407/254/322 460/253/323 464/252/324 409/251/325
f 452/258/326 415/257/327 404/256/328 430/255/329
f 398/262/330 457/261/331 434/260/332 422/259/333
f 506/266/334 546/265/335 444/264/336 392/263/337
f 428/270/338 466/269/339 455/268/340 394/267/341
f 413/274/342 448/273/343 461/272/344 406/271/345
f 401/278/346 438/277/347 431/276/348 403/275/349
f 426/282/350 441/281/351 446/280/352 420/279/353
f 416/286/354 451/285/355 449/284/356 412/283/357
f 442/290/358 425/289/359 423/288/360 433/287/361
f 251/294/362 271/293/363 177/292/364 195/291/365
f 454/298/366 458/297/367 397/296/368 395/295/369
f 396/302/370 179/301/371 203/300/372 429/299/373
f 399/306/374 181/305/375 179/304/376 396/303/377
f 424/310/378 199/309/379 181/308/380 399/307/381
f 427/314/382 201/313/383 199/312/384 424/311/385
f 197/318/386 201/317/387 427/316/388 421/315/389
f 468/322/390 252/321/391 197/320/392 421/319/393
f 402/326/394 183/325/395 177/324/396 393/323/397
f 405/330/398 185/329/399 183/328/400 402/327/401
f 417/334/402 193/333/403 185/332/404 405/331/405
f 414/338/406 191/337/407 193/336/408 417/335/409
f 408/342/410 187/341/411 191/340/412 414/339/413
f 411/346/414 189/345/415 187/344/416 408/343/417
f 195/350/418 189/349/419 411/348/420 419/347/421
f 232/354/422 588/353/423 429/352/424 203/351/425
f 467/358/426 231/357/427 223/356/428 456/355/429
f 456/362/430 223/361/431 225/360/432 459/359/433
f 459/366/434 225/365/435 207/364/436 435/363/437
f 435/370/438 207/369/439 213/368/440 443/367/441
f 443/374/442 213/373/443 217/372/444 447/371/445
f 547/378/446 331/377/447 215/376/448 445/375/449
f 445/382/450 215/381/451 211/380/452 440/379/453
f 440/386/454 211/385/455 205/384/456 432/383/457
f 432/390/458 205/389/459 221/388/460 453/387/461
f 453/394/462 221/393/463 219/392/464 450/391/465
f 450/398/466 219/397/467 227/396/468 462/395/469
f 462/402/470 227/401/471 229/400/472 465/399/473
f 465/406/474 229/405/475 209/404/476 437/403/477
f 351/410/478 587/409/479 437/408/480 209/407/481
f 232/414/482 203/413/483 197/412/484 252/411/485
f 233/418/486 232/417/487 252/416/488 253/415/489
f 234/422/490 233/421/491 253/420/492 254/419/493
f 235/426/494 234/425/495 254/424/496 255/423/497
f 236/430/498 235/429/499 255/428/500 256/427/501
f 237/434/502 236/433/503 256/432/504 257/431/505
f 238/438/506 237/437/507 257/436/508 258/435/509
f 239/442/510 238/441/511 258/440/512 259/439/513
f 240/446/514 239/445/515 259/444/516 260/443/517
f 241/450/518 240/449/519 260/448/520 261/447/521
f 242/454/522 241/453/523 261/452/524 262/451/525
f 243/458/526 242/457/527 262/456/528 263/455/529
f 244/462/530 243/461/531 263/460/532 264/459/533
f 245/466/534 244/465/535 264/464/536 265/463/537
f 246/470/538 245/469/539 265/468/540 266/467/541
f 247/474/542 246/473/543 266/472/544 267/471/545
f 248/478/546 247/477/547 267/476/548 268/475/549
f 249/482/550 248/481/551 268/480/552 269/479/553
f 250/486/554 249/485/555 269/484/556 270/483/557
f 251/490/558 250/489/559 270/488/560 271/487/561
f 468/494/562 470/493/563 253/492/564 252/491/565
f 470/498/566 472/497/567 254/496/568 253/495/569
f 472/502/570 474/501/571 255/500/572 254/499/573
f 474/506/574 476/505/575 256/504/576 255/503/577
f 476/510/578 478/509/579 257/508/580 256/507/581
f 478/514/582 480/513/583 258/512/584 257/511/585
f 480/518/586 482/517/587 259/516/588 258/515/589
f 482/522/590 484/521/591 260/520/592 259/519/593
f 484/526/594 486/525/595 261/524/596 260/523/597
f 486/530/598 488/529/599 262/528/600 261/527/601
f 488/534/602 490/533/603 263/532/604 262/531/605
f 490/538/606 492/537/607 264/536/608 263/535/609
f 492/542/610 494/541/611 265/540/612 264/539/613
f 494/546/614 496/545/615 266/544/616 265/543/617
f 496/550/618 498/549/619 267/548/620 266/547/621
f 498/554/622 500/553/623 268/552/624 267/551/625
f 500/558/626 502/557/627 269/556/628 268/555/629
f 502/562/630 504/561/631 270/560/632 269/559/633
f 504/566/634 507/565/635 271/564/636 270/563/637
f 507/570/638 393/569/639 177/568/640 271/567/641
f 469/574/642 420/573/643 446/572/644 508/571/645
f 471/578/646 469/577/647 508/576/648 510/575/649
f 473/582/650 471/581/651 510/580/652 512/579/653
f 475/586/654 473/585/655 512/584/656 514/583/657
f 477/590/658 475/589/659 514/588/660 516/587/661
f 479/594/662 477/593/663 516/592/664 518/591/665
f 481/598/666 479/597/667 518/596/668 520/595/669
f 483/602/670 481/601/671 520/600/672 522/599/673
f 485/606/674 483/605/675 522/604/676 524/603/677
f 487/610/678 485/609/679 524/608/680 526/607/681
f 489/614/682 487/613/683 526/612/684 528/611/685
f 491/618/686 489/617/687 528/616/688 530/615/689
f 493/622/690 491/621/691 530/620/692 532/619/693
f 495/626/694 493/625/695 532/624/696 534/623/697
f 497/630/698 495/629/699 534/628/700 536/627/701
f 499/634/702 497/633/703 536/632/704 538/631/705
f 501/638/706 499/637/707 538/636/708 540/635/709
f 503/642/710 501/641/711 540/640/712 542/639/713
f 505/646/714 503/645/715 542/644/716 544/643/717
f 506/650/718 505/649/719 544/648/720 546/647/721
f 509/654/722 447/653/723 217/652/724 312/651/725
f 511/658/726 509/657/727 312/656/728 313/655/729
f 513/662/730 511/661/731 313/660/732 314/659/733
f 515/666/734 513/665/735 314/664/736 315/663/737
f 517/670/738 515/669/739 315/668/740 316/667/741
f 519/674/742 517/673/743 316/672/744 317/671/745
f 521/678/746 519/677/747 317/676/748 318/675/749
f 523/682/750 521/681/751 318/680/752 319/679/753
f 525/686/754 523/685/755 319/684/756 320/683/757
f 527/690/758 525/689/759 320/688/760 321/687/761
f 529/694/762 527/693/763 321/692/764 322/691/765
f 531/698/766 529/697/767 322/696/768 323/695/769
f 533/702/770 531/701/771 323/700/772 324/699/773
f 535/706/774 533/705/775 324/704/776 325/703/777
f 537/710/778 535/709/779 325/708/780 326/707/781
f 539/714/782 537/713/783 326/712/784 327/711/785
f 541/718/786 539/717/787 327/716/788 328/715/789
f 543/722/790 541/721/791 328/720/792 329/719/793
f 545/726/794 543/725/795 329/724/796 330/723/797
f 547/730/798 545/729/799 330/728/800 331/727/801
f 332/734/802 333/733/803 313/732/804 312/731/805
f 333/738/806 334/737/807 314/736/808 313/735/809
f 334/742/810 335/741/811 315/740/812 314/739/813
f 335/746/814 336/745/815 316/744/816 315/743/817
f 336/750/818 337/749/819 317/748/820 316/747/821
f 337/754/822 338/753/823 318/752/824 317/751/825
f 338/758/826 339/757/827 319/756/828 318/755/829
f 339/762/830 340/761/831 320/760/832 319/759/833
f 340/766/834 341/765/835 321/764/836 320/763/837
f 341/770/838 342/769/839 322/768/840 321/767/841
f 342/774/842 343/773/843 323/772/844 322/771/845
f 343/778/846 344/777/847 324/776/848 323/775/849
f 344/782/850 345/781/851 325/780/852 324/779/853
f 345/786/854 346/785/855 326/784/856 325/783/857
f 346/790/858 347/789/859 327/788/860 326/787/861
f 347/794/862 348/793/863 328/792/864 327/791/865
f 348/798/866 349/797/867 329/796/868 328/795/869
f 349/802/870 350/801/871 330/800/872 329/799/873
f 350/806/874 351/805/875 331/804/876 330/803/877
f 351/810/878 209/809/879 215/808/880 331/807/881
f 332/814/882 231/813/883 467/812/884 548/811/885
f 333/818/886 332/817/887 548/816/888 550/815/889
f 334/822/890 333/821/891 550/820/892 552/819/893
f 335/826/894 334/825/895 552/824/896 554/823/897
f 336/830/898 335/829/899 554/828/900 556/827/901
f 337/834/902 336/833/903 556/832/904 558/831/905
f 338/838/906 337/837/907 558/836/908 560/835/909
f 339/842/910 338/841/911 560/840/912 562/839/913
f 340/846/914 339/845/915 562/844/916 564/843/917
f 341/850/918 340/849/919 564/848/920 566/847/921
f 342/854/922 341/853/923 566/852/924 568/851/925
f 343/858/926 342/857/927 568/856/928 570/855/929
f 344/862/930 343/861/931 570/860/932 572/859/933
f 345/866/934 344/865/935 572/864/936 574/863/937
f 346/870/938 345/869/939 574/868/940 576/867/941
f 347/874/942 346/873/943 576/872/944 578/871/945
f 348/878/946 347/877/947 578/876/948 580/875/949
f 349/882/950 348/881/951 580/880/952 582/879/953
f 350/886/954 349/885/955 582/884/956 584/883/957
f 351/890/958 350/889/959 584/888/960 587/887/961
f 549/894/962 466/893/963 428/892/964 589/891/965
f 551/898/966 549/897/967 589/896/968 590/895/969
f 553/902/970 551/901/971 590/900/972 592/899/973
f 555/906/974 553/905/975 592/904/976 594/903/977
f 557/910/978 555/909/979 594/908/980 596/907/981
f 559/914/982 557/913/983 596/912/984 598/911/985
f 561/918/986 559/917/987 598/916/988 600/915/989
f 563/922/990 561/921/991 600/920/992 602/919/993
f 565/926/994 563/925/995 602/924/996 604/923/997
f 567/930/998 565/929/999 604/928/1000 606/927/1001
f 569/934/1002 567/933/1003 606/932/1004 608/931/1005
f 571/938/1006 569/937/1007 608/936/1008 610/935/1009
f 573/942/1010 571/941/1011 610/940/1012 612/939/1013
f 575/946/1014 573/945/1015 612/944/1016 614/943/1017
f 577/950/1018 575/949/1019 614/948/1020 616/947/1021
f 579/954/1022 577/953/1023 616/952/1024 618/951/1025
f 581/958/1026 579/957/1027 618/956/1028 620/955/1029
f 583/962/1030 581/961/1031 620/960/1032 622/959/1033
f 585/966/1034 583/965/1035 622/964/1036 624/963/1037
f 586/970/1038 585/969/1039 624/968/1040 626/967/1041
f 232/974/1042 233/973/1043 591/972/1044 588/971/1045
f 233/978/1046 234/977/1047 593/976/1048 591/975/1049
f 234/982/1050 235/981/1051 595/980/1052 593/979/1053
f 235/986/1054 236/985/1055 597/984/1056 595/983/1057
f 236/990/1058 237/989/1059 599/988/1060 597/987/1061
f 237/994/1062 238/993/1063 601/992/1064 599/991/1065
f 238/998/1066 239/997/1067 603/996/1068 601/995/1069
f 239/1002/1070 240/1001/1071 605/1000/1072 603/999/1073
f 240/1006/1074 241/1005/1075 607/1004/1076 605/1003/1077
f 241/1010/1078 242/1009/1079 609/1008/1080 607/1007/1081
f 242/1014/1082 243/1013/1083 611/1012/1084 609/1011/1085
f 243/1018/1086 244/1017/1087 613/1016/1088 611/1015/1089
f 244/1022/1090 245/1021/1091 615/1020/1092 613/1019/1093
f 245/1026/1094 246/1025/1095 617/1024/1096 615/1023/1097
f 246/1030/1098 247/1029/1099 619/1028/1100 617/1027/1101
f 247/1034/1102 248/1033/1103 621/1032/1104 619/1031/1105
f 248/1038/1106 249/1037/1107 623/1036/1108 621/1035/1109
f 249/1042/1110 250/1041/1111 625/1040/1112 623/1039/1113
f 250/1046/1114 251/1045/1115 627/1044/1116 625/1043/1117
f 251/1050/1118 195/1049/1119 419/1048/1120 627/1047/1121
f 750/1053/1122 749/1052/1123 748/1051/1124
f 753/1056/1125 752/1055/1126 751/1054/1127
f 759/1059/1128 758/1058/1129 757/1057/1130
f 765/1062/1131 764/1061/1132 763/1060/1133
f 768/1065/1134 767/1064/1135 766/1063/1136
f 774/1068/1137 773/1067/1138 772/1066/1139
f 780/1071/1140 779/1070/1141 778/1069/1142
f 786/1074/1143 785/1073/1144 784/1072/1145
f 792/1077/1146 791/1076/1147 790/1075/1148
f 795/1080/1149 794/1079/1150 793/1078/1151
f 798/1083/1152 797/1082/1153 796/1081/1154
f 801/1086/1155 800/1085/1156 799/1084/1157
f 804/1089/1158 803/1088/1159 802/1087/1160
f 756/1092/1161 755/1091/1162 754/1090/1163
f 762/1095/1164 761/1094/1165 760/1093/1166
f 777/1098/1167 776/1097/1168 775/1096/1169
f 771/1101/1170 770/1100/1171 769/1099/1172
f 807/1104/1173 806/1103/1174 805/1102/1175
f 783/1107/1176 782/1106/1177 781/1105/1178
f 789/1110/1179 788/1109/1180 787/1108/1181
f 809/1114/1182 645/1113/1183 402/1112/1184 393/1111/1185
f 642/1118/1186 703/1117/1187 438/1116/1188 401/1115/1189
f 700/1122/1190 810/1121/1191 445/1120/1192 440/1119/1193
f 813/1126/1194 814/1125/1195 627/1124/1196 419/1123/1197
f 817/1130/1198 818/1129/1199 437/1128/1200 587/1127/1201
f 744/1134/1202 661/1133/1203 409/1132/1204 464/1131/1205
f 658/1138/1206 813/1137/1207 419/1136/1208 411/1135/1209
f 818/1142/1210 747/1141/1211 465/1140/1212 437/1139/1213
f 742/1146/1214 741/1145/1215 462/1144/1216 465/1143/1217
f 738/1150/1218 655/1149/1219 406/1148/1220 461/1147/1221
f 652/1154/1222 663/1153/1223 411/1152/1224 408/1151/1225
f 690/1158/1226 649/1157/1227 403/1156/1228 431/1155/1229
f 646/1162/1230 675/1161/1231 417/1160/1232 405/1159/1233
f 672/1166/1234 721/1165/1235 451/1164/1236 416/1163/1237
f 718/1170/1238 693/1169/1239 432/1168/1240 453/1167/1241
f 678/1174/1242 697/1173/1243 433/1172/1244 423/1171/1245
f 694/1178/1246 735/1177/1247 459/1176/1248 435/1175/1249
f 732/1182/1250 637/1181/1251 397/1180/1252 458/1179/1253
f 634/1186/1254 681/1185/1255 424/1184/1256 399/1183/1257
f 810/1190/1258 820/1189/1259 547/1188/1260 445/1187/1261
f 823/1194/1262 809/1193/1263 393/1192/1264 507/1191/1265
f 630/1198/1266 727/1197/1267 454/1196/1268 395/1195/1269
f 724/1202/1270 824/1201/1271 467/1200/1272 456/1199/1273
f 827/1206/1274 633/1205/1275 396/1204/1276 429/1203/1277
f 736/1210/1278 717/1209/1279 450/1208/1280 462/1207/1281
f 714/1214/1282 667/1213/1283 412/1212/1284 449/1211/1285
f 664/1218/1286 657/1217/1287 408/1216/1288 414/1215/1289
f 688/1222/1290 705/1221/1291 440/1220/1292 432/1219/1293
f 640/1226/1294 651/1225/1295 405/1224/1296 402/1223/1297
f 829/1230/1298 711/1229/1299 443/1228/1300 447/1227/1301
f 708/1234/1302 685/1233/1303 425/1232/1304 442/1231/1305
f 682/1238/1306 830/1237/1307 421/1236/1308 427/1235/1309
f 712/1242/1310 723/1241/1311 453/1240/1312 450/1239/1313
f 670/1246/1314 669/1245/1315 414/1244/1316 417/1243/1317
f 676/1250/1318 687/1249/1319 427/1248/1320 424/1247/1321
f 706/1254/1322 699/1253/1323 435/1252/1324 443/1251/1325
f 628/1258/1326 639/1257/1327 399/1256/1328 396/1255/1329
f 730/1262/1330 729/1261/1331 456/1260/1332 459/1259/1333
f 833/1266/1334 831/1265/1335 420/1264/1336 469/1263/1337
f 826/1270/1338 834/1269/1339 589/1268/1340 428/1267/1341
f 837/1274/1342 833/1273/1343 469/1272/1344 471/1271/1345
f 839/1278/1346 837/1277/1347 471/1276/1348 473/1275/1349
f 841/1282/1350 839/1281/1351 473/1280/1352 475/1279/1353
f 843/1286/1354 841/1285/1355 475/1284/1356 477/1283/1357
f 845/1290/1358 843/1289/1359 477/1288/1360 479/1287/1361
f 847/1294/1362 845/1293/1363 479/1292/1364 481/1291/1365
f 849/1298/1366 847/1297/1367 481/1296/1368 483/1295/1369
f 851/1302/1370 849/1301/1371 483/1300/1372 485/1299/1373
f 853/1306/1374 851/1305/1375 485/1304/1376 487/1303/1377
f 855/1310/1378 853/1309/1379 487/1308/1380 489/1307/1381
f 857/1314/1382 855/1313/1383 489/1312/1384 491/1311/1385
f 859/1318/1386 857/1317/1387 491/1316/1388 493/1315/1389
f 861/1322/1390 859/1321/1391 493/1320/1392 495/1319/1393
f 863/1326/1394 861/1325/1395 495/1324/1396 497/1323/1397
f 865/1330/1398 863/1329/1399 497/1328/1400 499/1327/1401
f 867/1334/1402 865/1333/1403 499/1332/1404 501/1331/1405
f 869/1338/1406 867/1337/1407 501/1336/1408 503/1335/1409
f 871/1342/1410 869/1341/1411 503/1340/1412 505/1339/1413
f 822/1346/1414 871/1345/1415 505/1344/1416 506/1343/1417
f 873/1350/1418 829/1349/1419 447/1348/1420 509/1347/1421
f 875/1354/1422 873/1353/1423 509/1352/1424 511/1351/1425
f 390/1358/1426 875/1357/1427 511/1356/1428 513/1355/1429
f 388/1362/1430 390/1361/1431 513/1360/1432 515/1359/1433
f 386/1366/1434 388/1365/1435 515/1364/1436 517/1363/1437
f 384/1370/1438 386/1369/1439 517/1368/1440 519/1367/1441
f 382/1374/1442 384/1373/1443 519/1372/1444 521/1371/1445
f 380/1378/1446 382/1377/1447 521/1376/1448 523/1375/1449
f 378/1382/1450 380/1381/1451 523/1380/1452 525/1379/1453
f 376/1386/1454 378/1385/1455 525/1384/1456 527/1383/1457
f 374/1390/1458 376/1389/1459 527/1388/1460 529/1387/1461
f 372/1394/1462 374/1393/1463 529/1392/1464 531/1391/1465
f 370/1398/1466 372/1397/1467 531/1396/1468 533/1395/1469
f 368/1402/1470 370/1401/1471 533/1400/1472 535/1399/1473
f 366/1406/1474 368/1405/1475 535/1404/1476 537/1403/1477
f 364/1410/1478 366/1409/1479 537/1408/1480 539/1407/1481
f 362/1414/1482 364/1413/1483 539/1412/1484 541/1411/1485
f 360/1418/1486 362/1417/1487 541/1416/1488 543/1415/1489
f 358/1422/1490 360/1421/1491 543/1420/1492 545/1419/1493
f 820/1426/1494 358/1425/1495 545/1424/1496 547/1423/1497
f 356/1430/1498 825/1429/1499 466/1428/1500 549/1427/1501
f 354/1434/1502 356/1433/1503 549/1432/1504 551/1431/1505
f 352/1438/1506 354/1437/1507 551/1436/1508 553/1435/1509
f 310/1442/1510 352/1441/1511 553/1440/1512 555/1439/1513
f 308/1446/1514 310/1445/1515 555/1444/1516 557/1443/1517
f 306/1450/1518 308/1449/1519 557/1448/1520 559/1447/1521
f 304/1454/1522 306/1453/1523 559/1452/1524 561/1451/1525
f 302/1458/1526 304/1457/1527 561/1456/1528 563/1455/1529
f 300/1462/1530 302/1461/1531 563/1460/1532 565/1459/1533
f 298/1466/1534 300/1465/1535 565/1464/1536 567/1463/1537
f 296/1470/1538 298/1469/1539 567/1468/1540 569/1467/1541
f 294/1474/1542 296/1473/1543 569/1472/1544 571/1471/1545
f 292/1478/1546 294/1477/1547 571/1476/1548 573/1475/1549
f 290/1482/1550 292/1481/1551 573/1480/1552 575/1479/1553
f 288/1486/1554 290/1485/1555 575/1484/1556 577/1483/1557
f 286/1490/1558 288/1489/1559 577/1488/1560 579/1487/1561
f 284/1494/1562 286/1493/1563 579/1492/1564 581/1491/1565
f 282/1498/1566 284/1497/1567 581/1496/1568 583/1495/1569
f 280/1502/1570 282/1501/1571 583/1500/1572 585/1499/1573
f 816/1506/1574 280/1505/1575 585/1504/1576 586/1503/1577
f 278/1510/1578 835/1509/1579 588/1508/1580 591/1507/1581
f 276/1514/1582 278/1513/1583 591/1512/1584 593/1511/1585
f 274/1518/1586 276/1517/1587 593/1516/1588 595/1515/1589
f 272/1522/1590 274/1521/1591 595/1520/1592 597/1519/1593
f 228/1526/1594 272/1525/1595 597/1524/1596 599/1523/1597
f 224/1530/1598 228/1529/1599 599/1528/1600 601/1527/1601
f 220/1534/1602 224/1533/1603 601/1532/1604 603/1531/1605
f 216/1538/1606 220/1537/1607 603/1536/1608 605/1535/1609
f 212/1542/1610 216/1541/1611 605/1540/1612 607/1539/1613
f 208/1546/1614 212/1545/1615 607/1544/1616 609/1543/1617
f 204/1550/1618 208/1549/1619 609/1548/1620 611/1547/1621
f 200/1554/1622 204/1553/1623 611/1552/1624 613/1551/1625
f 196/1558/1626 200/1557/1627 613/1556/1628 615/1555/1629
f 192/1562/1630 196/1561/1631 615/1560/1632 617/1559/1633
f 188/1566/1634 192/1565/1635 617/1564/1636 619/1563/1637
f 184/1570/1638 188/1569/1639 619/1568/1640 621/1567/1641
f 180/1574/1642 184/1573/1643 621/1572/1644 623/1571/1645
f 176/1578/1646 180/1577/1647 623/1576/1648 625/1575/1649
f 814/1582/1650 176/1581/1651 625/1580/1652 627/1579/1653
f 628/1586/1654 748/1585/1655 749/1584/1656 629/1583/1657
f 630/1590/1658 749/1589/1659 750/1588/1660 631/1587/1661
f 632/1594/1662 750/1593/1663 748/1592/1664 633/1591/1665
f 628/1598/1666 396/1597/1667 633/1596/1668 748/1595/1669
f 630/1602/1670 395/1601/1671 629/1600/1672 749/1599/1673
f 632/1606/1674 394/1605/1675 631/1604/1676 750/1603/1677
f 634/1610/1678 751/1609/1679 752/1608/1680 635/1607/1681
f 636/1614/1682 752/1613/1683 753/1612/1684 637/1611/1685
f 638/1618/1686 753/1617/1687 751/1616/1688 639/1615/1689
f 634/1622/1690 399/1621/1691 639/1620/1692 751/1619/1693
f 636/1626/1694 398/1625/1695 635/1624/1696 752/1623/1697
f 638/1630/1698 397/1629/1699 637/1628/1700 753/1627/1701
f 706/1634/1702 754/1633/1703 755/1632/1704 707/1631/1705
f 708/1638/1706 755/1637/1707 756/1636/1708 709/1635/1709
f 710/1642/1710 756/1641/1711 754/1640/1712 711/1639/1713
f 706/1646/1714 443/1645/1715 711/1644/1716 754/1643/1717
f 708/1650/1718 442/1649/1719 707/1648/1720 755/1647/1721
f 710/1654/1722 441/1653/1723 709/1652/1724 756/1651/1725
f 640/1658/1726 757/1657/1727 758/1656/1728 641/1655/1729
f 642/1662/1730 758/1661/1731 759/1660/1732 643/1659/1733
f 644/1666/1734 759/1665/1735 757/1664/1736 645/1663/1737
f 640/1670/1738 402/1669/1739 645/1668/1740 757/1667/1741
f 642/1674/1742 401/1673/1743 641/1672/1744 758/1671/1745
f 644/1678/1746 400/1677/1747 643/1676/1748 759/1675/1749
f 712/1682/1750 760/1681/1751 761/1680/1752 713/1679/1753
f 714/1686/1754 761/1685/1755 762/1684/1756 715/1683/1757
f 716/1690/1758 762/1689/1759 760/1688/1760 717/1687/1761
f 712/1694/1762 450/1693/1763 717/1692/1764 760/1691/1765
f 714/1698/1766 449/1697/1767 713/1696/1768 761/1695/1769
f 716/1702/1770 448/1701/1771 715/1700/1772 762/1699/1773
f 646/1706/1774 763/1705/1775 764/1704/1776 647/1703/1777
f 648/1710/1778 764/1709/1779 765/1708/1780 649/1707/1781
f 650/1714/1782 765/1713/1783 763/1712/1784 651/1711/1785
f 646/1718/1786 405/1717/1787 651/1716/1788 763/1715/1789
f 648/1722/1790 404/1721/1791 647/1720/1792 764/1719/1793
f 650/1726/1794 403/1725/1795 649/1724/1796 765/1723/1797
f 652/1730/1798 766/1729/1799 767/1728/1800 653/1727/1801
f 654/1734/1802 767/1733/1803 768/1732/1804 655/1731/1805
f 656/1738/1806 768/1737/1807 766/1736/1808 657/1735/1809
f 652/1742/1810 408/1741/1811 657/1740/1812 766/1739/1813
f 654/1746/1814 407/1745/1815 653/1744/1816 767/1743/1817
f 656/1750/1818 406/1749/1819 655/1748/1820 768/1747/1821
f 724/1754/1822 769/1753/1823 770/1752/1824 725/1751/1825
f 726/1758/1826 770/1757/1827 771/1756/1828 727/1755/1829
f 728/1762/1830 771/1761/1831 769/1760/1832 729/1759/1833
f 724/1766/1834 456/1765/1835 729/1764/1836 769/1763/1837
f 726/1770/1838 455/1769/1839 725/1768/1840 770/1767/1841
f 728/1774/1842 454/1773/1843 727/1772/1844 771/1771/1845
f 658/1778/1846 772/1777/1847 773/1776/1848 659/1775/1849
f 660/1782/1850 773/1781/1851 774/1780/1852 661/1779/1853
f 662/1786/1854 774/1785/1855 772/1784/1856 663/1783/1857
f 658/1790/1858 411/1789/1859 663/1788/1860 772/1787/1861
f 660/1794/1862 410/1793/1863 659/1792/1864 773/1791/1865
f 662/1798/1866 409/1797/1867 661/1796/1868 774/1795/1869
f 718/1802/1870 775/1801/1871 776/1800/1872 719/1799/1873
f 720/1806/1874 776/1805/1875 777/1804/1876 721/1803/1877
f 722/1810/1878 777/1809/1879 775/1808/1880 723/1807/1881
f 718/1814/1882 453/1813/1883 723/1812/1884 775/1811/1885
f 720/1818/1886 452/1817/1887 719/1816/1888 776/1815/1889
f 722/1822/1890 451/1821/1891 721/1820/1892 777/1819/1893
f 664/1826/1894 778/1825/1895 779/1824/1896 665/1823/1897
f 666/1830/1898 779/1829/1899 780/1828/1900 667/1827/1901
f 668/1834/1902 780/1833/1903 778/1832/1904 669/1831/1905
f 664/1838/1906 414/1837/1907 669/1836/1908 778/1835/1909
f 666/1842/1910 413/1841/1911 665/1840/1912 779/1839/1913
f 668/1846/1914 412/1845/1915 667/1844/1916 780/1843/1917
f 736/1850/1918 781/1849/1919 782/1848/1920 737/1847/1921
f 738/1854/1922 782/1853/1923 783/1852/1924 739/1851/1925
f 740/1858/1926 783/1857/1927 781/1856/1928 741/1855/1929
f 736/1862/1930 462/1861/1931 741/1860/1932 781/1859/1933
f 738/1866/1934 461/1865/1935 737/1864/1936 782/1863/1937
f 740/1870/1938 460/1869/1939 739/1868/1940 783/1867/1941
f 670/1874/1942 784/1873/1943 785/1872/1944 671/1871/1945
f 672/1878/1946 785/1877/1947 786/1876/1948 673/1875/1949
f 674/1882/1950 786/1881/1951 784/1880/1952 675/1879/1953
f 670/1886/1954 417/1885/1955 675/1884/1956 784/1883/1957
f 672/1890/1958 416/1889/1959 671/1888/1960 785/1887/1961
f 674/1894/1962 415/1893/1963 673/1892/1964 786/1891/1965
f 742/1898/1966 787/1897/1967 788/1896/1968 743/1895/1969
f 744/1902/1970 788/1901/1971 789/1900/1972 745/1899/1973
f 746/1906/1974 789/1905/1975 787/1904/1976 747/1903/1977
f 742/1910/1978 465/1909/1979 747/1908/1980 787/1907/1981
f 744/1914/1982 464/1913/1983 743/1912/1984 788/1911/1985
f 746/1918/1986 463/1917/1987 745/1916/1988 789/1915/1989
f 676/1922/1990 790/1921/1991 791/1920/1992 677/1919/1993
f 678/1926/1994 791/1925/1995 792/1924/1996 679/1923/1997
f 680/1930/1998 792/1929/1999 790/1928/2000 681/1927/2001
f 676/1934/2002 424/1933/2003 681/1932/2004 790/1931/2005
f 678/1938/2006 423/1937/2007 677/1936/2008 791/1935/2009
f 680/1942/2010 422/1941/2011 679/1940/2012 792/1939/2013
f 682/1946/2014 793/1945/2015 794/1944/2016 683/1943/2017
f 684/1950/2018 794/1949/2019 795/1948/2020 685/1947/2021
f 686/1954/2022 795/1953/2023 793/1952/2024 687/1951/2025
f 682/1958/2026 427/1957/2027 687/1956/2028 793/1955/2029
f 684/1962/2030 426/1961/2031 683/1960/2032 794/1959/2033
f 686/1966/2034 425/1965/2035 685/1964/2036 795/1963/2037
f 688/1970/2038 796/1969/2039 797/1968/2040 689/1967/2041
f 690/1974/2042 797/1973/2043 798/1972/2044 691/1971/2045
f 692/1978/2046 798/1977/2047 796/1976/2048 693/1975/2049
f 688/1982/2050 432/1981/2051 693/1980/2052 796/1979/2053
f 690/1986/2054 431/1985/2055 689/1984/2056 797/1983/2057
f 692/1990/2058 430/1989/2059 691/1988/2060 798/1987/2061
f 694/1994/2062 799/1993/2063 800/1992/2064 695/1991/2065
f 696/1998/2066 800/1997/2067 801/1996/2068 697/1995/2069
f 698/2002/2070 801/2001/2071 799/2000/2072 699/1999/2073
f 694/2006/2074 435/2005/2075 699/2004/2076 799/2003/2077
f 696/2010/2078 434/2009/2079 695/2008/2080 800/2007/2081
f 698/2014/2082 433/2013/2083 697/2012/2084 801/2011/2085
f 700/2018/2086 802/2017/2087 803/2016/2088 701/2015/2089
f 702/2022/2090 803/2021/2091 804/2020/2092 703/2019/2093
f 704/2026/2094 804/2025/2095 802/2024/2096 705/2023/2097
f 700/2030/2098 440/2029/2099 705/2028/2100 802/2027/2101
f 702/2034/2102 439/2033/2103 701/2032/2104 803/2031/2105
f 704/2038/2106 438/2037/2107 703/2036/2108 804/2035/2109
f 730/2042/2110 805/2041/2111 806/2040/2112 731/2039/2113
f 732/2046/2114 806/2045/2115 807/2044/2116 733/2043/2117
f 734/2050/2118 807/2049/2119 805/2048/2120 735/2047/2121
f 730/2054/2122 459/2053/2123 735/2052/2124 805/2051/2125
f 732/2058/2126 458/2057/2127 731/2056/2128 806/2055/2129
f 734/2062/2130 457/2061/2131 733/2060/2132 807/2059/2133
f 809/2066/2134 808/2065/2135 644/2064/2136 645/2063/2137
f 808/2070/2138 392/2069/2139 400/2068/2140 644/2067/2141
f 642/2074/2142 643/2073/2143 702/2072/2144 703/2071/2145
f 643/2078/2146 400/2077/2147 439/2076/2148 702/2075/2149
f 700/2082/2150 701/2081/2151 811/2080/2152 810/2079/2153
f 701/2086/2154 439/2085/2155 444/2084/2156 811/2083/2157
f 813/2090/2158 812/2089/2159 815/2088/2160 814/2087/2161
f 812/2094/2162 418/2093/2163 626/2092/2164 815/2091/2165
f 817/2098/2166 816/2097/2167 819/2096/2168 818/2095/2169
f 816/2102/2170 586/2101/2171 436/2100/2172 819/2099/2173
f 744/2106/2174 745/2105/2175 660/2104/2176 661/2103/2177
f 745/2110/2178 463/2109/2179 410/2108/2180 660/2107/2181
f 658/2114/2182 659/2113/2183 812/2112/2184 813/2111/2185
f 659/2118/2186 410/2117/2187 418/2116/2188 812/2115/2189
f 818/2122/2190 819/2121/2191 746/2120/2192 747/2119/2193
f 819/2126/2194 436/2125/2195 463/2124/2196 746/2123/2197
f 742/2130/2198 743/2129/2199 740/2128/2200 741/2127/2201
f 743/2134/2202 464/2133/2203 460/2132/2204 740/2131/2205
f 738/2138/2206 739/2137/2207 654/2136/2208 655/2135/2209
f 739/2142/2210 460/2141/2211 407/2140/2212 654/2139/2213
f 652/2146/2214 653/2145/2215 662/2144/2216 663/2143/2217
f 653/2150/2218 407/2149/2219 409/2148/2220 662/2147/2221
f 690/2154/2222 691/2153/2223 648/2152/2224 649/2151/2225
f 691/2158/2226 430/2157/2227 404/2156/2228 648/2155/2229
f 646/2162/2230 647/2161/2231 674/2160/2232 675/2159/2233
f 647/2166/2234 404/2165/2235 415/2164/2236 674/2163/2237
f 672/2170/2238 673/2169/2239 720/2168/2240 721/2167/2241
f 673/2174/2242 415/2173/2243 452/2172/2244 720/2171/2245
f 718/2178/2246 719/2177/2247 692/2176/2248 693/2175/2249
f 719/2182/2250 452/2181/2251 430/2180/2252 692/2179/2253
f 678/2186/2254 679/2185/2255 696/2184/2256 697/2183/2257
f 679/2190/2258 422/2189/2259 434/2188/2260 696/2187/2261
f 694/2194/2262 695/2193/2263 734/2192/2264 735/2191/2265
f 695/2198/2266 434/2197/2267 457/2196/2268 734/2195/2269
f 732/2202/2270 733/2201/2271 636/2200/2272 637/2199/2273
f 733/2206/2274 457/2205/2275 398/2204/2276 636/2203/2277
f 634/2210/2278 635/2209/2279 680/2208/2280 681/2207/2281
f 635/2214/2282 398/2213/2283 422/2212/2284 680/2211/2285
f 810/2218/2286 811/2217/2287 821/2216/2288 820/2215/2289
f 811/2222/2290 444/2221/2291 546/2220/2292 821/2219/2293
f 823/2226/2294 822/2225/2295 808/2224/2296 809/2223/2297
f 822/2230/2298 506/2229/2299 392/2228/2300 808/2227/2301
f 630/2234/2302 631/2233/2303 726/2232/2304 727/2231/2305
f 631/2238/2306 394/2237/2307 455/2236/2308 726/2235/2309
f 724/2242/2310 725/2241/2311 825/2240/2312 824/2239/2313
f 725/2246/2314 455/2245/2315 466/2244/2316 825/2243/2317
f 827/2250/2318 826/2249/2319 632/2248/2320 633/2247/2321
f 826/2254/2322 428/2253/2323 394/2252/2324 632/2251/2325
f 736/2258/2326 737/2257/2327 716/2256/2328 717/2255/2329
f 737/2262/2330 461/2261/2331 448/2260/2332 716/2259/2333
f 714/2266/2334 715/2265/2335 666/2264/2336 667/2263/2337
f 715/2270/2338 448/2269/2339 413/2268/2340 666/2267/2341
f 664/2274/2342 665/2273/2343 656/2272/2344 657/2271/2345
f 665/2278/2346 413/2277/2347 406/2276/2348 656/2275/2349
f 688/2282/2350 689/2281/2351 704/2280/2352 705/2279/2353
f 689/2286/2354 431/2285/2355 438/2284/2356 704/2283/2357
f 640/2290/2358 641/2289/2359 650/2288/2360 651/2287/2361
f 641/2294/2362 401/2293/2363 403/2292/2364 650/2291/2365
f 829/2298/2366 828/2297/2367 710/2296/2368 711/2295/2369
f 828/2302/2370 446/2301/2371 441/2300/2372 710/2299/2373
f 708/2306/2374 709/2305/2375 684/2304/2376 685/2303/2377
f 709/2310/2378 441/2309/2379 426/2308/2380 684/2307/2381
f 682/2314/2382 683/2313/2383 831/2312/2384 830/2311/2385
f 683/2318/2386 426/2317/2387 420/2316/2388 831/2315/2389
f 712/2322/2390 713/2321/2391 722/2320/2392 723/2319/2393
f 713/2326/2394 449/2325/2395 451/2324/2396 722/2323/2397
f 670/2330/2398 671/2329/2399 668/2328/2400 669/2327/2401
f 671/2334/2402 416/2333/2403 412/2332/2404 668/2331/2405
f 676/2338/2406 677/2337/2407 686/2336/2408 687/2335/2409
f 677/2342/2410 423/2341/2411 425/2340/2412 686/2339/2413
f 706/2346/2414 707/2345/2415 698/2344/2416 699/2343/2417
f 707/2350/2418 442/2349/2419 433/2348/2420 698/2347/2421
f 628/2354/2422 629/2353/2423 638/2352/2424 639/2351/2425
f 629/2358/2426 395/2357/2427 397/2356/2428 638/2355/2429
f 730/2362/2430 731/2361/2431 728/2360/2432 729/2359/2433
f 731/2366/2434 458/2365/2435 454/2364/2436 728/2363/2437
f 833/2370/2438 832/2369/2439 830/2368/2440 831/2367/2441
f 832/2374/2442 468/2373/2443 421/2372/2444 830/2371/2445
f 826/2378/2446 827/2377/2447 835/2376/2448 834/2375/2449
f 827/2382/2450 429/2381/2451 588/2380/2452 835/2379/2453
f 837/2386/2454 836/2385/2455 832/2384/2456 833/2383/2457
f 836/2390/2458 470/2389/2459 468/2388/2460 832/2387/2461
f 839/2394/2462 838/2393/2463 836/2392/2464 837/2391/2465
f 838/2398/2466 472/2397/2467 470/2396/2468 836/2395/2469
f 841/2402/2470 840/2401/2471 838/2400/2472 839/2399/2473
f 840/2406/2474 474/2405/2475 472/2404/2476 838/2403/2477
f 843/2410/2478 842/2409/2479 840/2408/2480 841/2407/2481
f 842/2414/2482 476/2413/2483 474/2412/2484 840/2411/2485
f 845/2418/2486 844/2417/2487 842/2416/2488 843/2415/2489
f 844/2422/2490 478/2421/2491 476/2420/2492 842/2419/2493
f 847/2426/2494 846/2425/2495 844/2424/2496 845/2423/2497
f 846/2430/2498 480/2429/2499 478/2428/2500 844/2427/2501
f 849/2434/2502 848/2433/2503 846/2432/2504 847/2431/2505
f 848/2438/2506 482/2437/2507 480/2436/2508 846/2435/2509
f 851/2442/2510 850/2441/2511 848/2440/2512 849/2439/2513
f 850/2446/2514 484/2445/2515 482/2444/2516 848/2443/2517
f 853/2450/2518 852/2449/2519 850/2448/2520 851/2447/2521
f 852/2454/2522 486/2453/2523 484/2452/2524 850/2451/2525
f 855/2458/2526 854/2457/2527 852/2456/2528 853/2455/2529
f 854/2462/2530 488/2461/2531 486/2460/2532 852/2459/2533
f 857/2466/2534 856/2465/2535 854/2464/2536 855/2463/2537
f 856/2470/2538 490/2469/2539 488/2468/2540 854/2467/2541
f 859/2474/2542 858/2473/2543 856/2472/2544 857/2471/2545
f 858/2478/2546 492/2477/2547 490/2476/2548 856/2475/2549
f 861/2482/2550 860/2481/2551 858/2480/2552 859/2479/2553
f 860/2486/2554 494/2485/2555 492/2484/2556 858/2483/2557
f 863/2490/2558 862/2489/2559 860/2488/2560 861/2487/2561
f 862/2494/2562 496/2493/2563 494/2492/2564 860/2491/2565
f 865/2498/2566 864/2497/2567 862/2496/2568 863/2495/2569
f 864/2502/2570 498/2501/2571 496/2500/2572 862/2499/2573
f 867/2506/2574 866/2505/2575 864/2504/2576 865/2503/2577
f 866/2510/2578 500/2509/2579 498/2508/2580 864/2507/2581
f 869/2514/2582 868/2513/2583 866/2512/2584 867/2511/2585
f 868/2518/2586 502/2517/2587 500/2516/2588 866/2515/2589
f 871/2522/2590 870/2521/2591 868/2520/2592 869/2519/2593
f 870/2526/2594 504/2525/2595 502/2524/2596 868/2523/2597
f 822/2530/2598 823/2529/2599 870/2528/2600 871/2527/2601
f 823/2534/2602 507/2533/2603 504/2532/2604 870/2531/2605
f 873/2538/2606 872/2537/2607 828/2536/2608 829/2535/2609
f 872/2542/2610 508/2541/2611 446/2540/2612 828/2539/2613
f 875/2546/2614 874/2545/2615 872/2544/2616 873/2543/2617
f 874/2550/2618 510/2549/2619 508/2548/2620 872/2547/2621
f 390/2554/2622 391/2553/2623 874/2552/2624 875/2551/2625
f 391/2558/2626 512/2557/2627 510/2556/2628 874/2555/2629
f 388/2562/2630 389/2561/2631 391/2560/2632 390/2559/2633
f 389/2566/2634 514/2565/2635 512/2564/2636 391/2563/2637
f 386/2570/2638 387/2569/2639 389/2568/2640 388/2567/2641
f 387/2574/2642 516/2573/2643 514/2572/2644 389/2571/2645
f 384/2578/2646 385/2577/2647 387/2576/2648 386/2575/2649
f 385/2582/2650 518/2581/2651 516/2580/2652 387/2579/2653
f 382/2586/2654 383/2585/2655 385/2584/2656 384/2583/2657
f 383/2590/2658 520/2589/2659 518/2588/2660 385/2587/2661
f 380/2594/2662 381/2593/2663 383/2592/2664 382/2591/2665
f 381/2598/2666 522/2597/2667 520/2596/2668 383/2595/2669
f 378/2602/2670 379/2601/2671 381/2600/2672 380/2599/2673
f 379/2606/2674 524/2605/2675 522/2604/2676 381/2603/2677
f 376/2610/2678 377/2609/2679 379/2608/2680 378/2607/2681
f 377/2614/2682 526/2613/2683 524/2612/2684 379/2611/2685
f 374/2618/2686 375/2617/2687 377/2616/2688 376/2615/2689
f 375/2622/2690 528/2621/2691 526/2620/2692 377/2619/2693
f 372/2626/2694 373/2625/2695 375/2624/2696 374/2623/2697
f 373/2630/2698 530/2629/2699 528/2628/2700 375/2627/2701
f 370/2634/2702 371/2633/2703 373/2632/2704 372/2631/2705
f 371/2638/2706 532/2637/2707 530/2636/2708 373/2635/2709
f 368/2642/2710 369/2641/2711 371/2640/2712 370/2639/2713
f 369/2646/2714 534/2645/2715 532/2644/2716 371/2643/2717
f 366/2650/2718 367/2649/2719 369/2648/2720 368/2647/2721
f 367/2654/2722 536/2653/2723 534/2652/2724 369/2651/2725
f 364/2658/2726 365/2657/2727 367/2656/2728 366/2655/2729
f 365/2662/2730 538/2661/2731 536/2660/2732 367/2659/2733
f 362/2666/2734 363/2665/2735 365/2664/2736 364/2663/2737
f 363/2670/2738 540/2669/2739 538/2668/2740 365/2667/2741
f 360/2674/2742 361/2673/2743 363/2672/2744 362/2671/2745
f 361/2678/2746 542/2677/2747 540/2676/2748 363/2675/2749
f 358/2682/2750 359/2681/2751 361/2680/2752 360/2679/2753
f 359/2686/2754 544/2685/2755 542/2684/2756 361/2683/2757
f 820/2690/2758 821/2689/2759 359/2688/2760 358/2687/2761
f 821/2694/2762 546/2693/2763 544/2692/2764 359/2691/2765
f 356/2698/2766 357/2697/2767 824/2696/2768 825/2695/2769
f 357/2702/2770 548/2701/2771 467/2700/2772 824/2699/2773
f 354/2706/2774 355/2705/2775 357/2704/2776 356/2703/2777
f 355/2710/2778 550/2709/2779 548/2708/2780 357/2707/2781
f 352/2714/2782 353/2713/2783 355/2712/2784 354/2711/2785
f 353/2718/2786 552/2717/2787 550/2716/2788 355/2715/2789
f 310/2722/2790 311/2721/2791 353/2720/2792 352/2719/2793
f 311/2726/2794 554/2725/2795 552/2724/2796 353/2723/2797
f 308/2730/2798 309/2729/2799 311/2728/2800 310/2727/2801
f 309/2734/2802 556/2733/2803 554/2732/2804 311/2731/2805
f 306/2738/2806 307/2737/2807 309/2736/2808 308/2735/2809
f 307/2742/2810 558/2741/2811 556/2740/2812 309/2739/2813
f 304/2746/2814 305/2745/2815 307/2744/2816 306/2743/2817
f 305/2750/2818 560/2749/2819 558/2748/2820 307/2747/2821
f 302/2754/2822 303/2753/2823 305/2752/2824 304/2751/2825
f 303/2758/2826 562/2757/2827 560/2756/2828 305/2755/2829
f 300/2762/2830 301/2761/2831 303/2760/2832 302/2759/2833
f 301/2766/2834 564/2765/2835 562/2764/2836 303/2763/2837
f 298/2770/2838 299/2769/2839 301/2768/2840 300/2767/2841
f 299/2774/2842 566/2773/2843 564/2772/2844 301/2771/2845
f 296/2778/2846 297/2777/2847 299/2776/2848 298/2775/2849
f 297/2782/2850 568/2781/2851 566/2780/2852 299/2779/2853
f 294/2786/2854 295/2785/2855 297/2784/2856 296/2783/2857
f 295/2790/2858 570/2789/2859 568/2788/2860 297/2787/2861
f 292/2794/2862 293/2793/2863 295/2792/2864 294/2791/2865
f 293/2798/2866 572/2797/2867 570/2796/2868 295/2795/2869
f 290/2802/2870 291/2801/2871 293/2800/2872 292/2799/2873
f 291/2806/2874 574/2805/2875 572/2804/2876 293/2803/2877
f 288/2810/2878 289/2809/2879 291/2808/2880 290/2807/2881
f 289/2814/2882 576/2813/2883 574/2812/2884 291/2811/2885
f 286/2818/2886 287/2817/2887 289/2816/2888 288/2815/2889
f 287/2822/2890 578/2821/2891 576/2820/2892 289/2819/2893
f 284/2826/2894 285/2825/2895 287/2824/2896 286/2823/2897
f 285/2830/2898 580/2829/2899 578/2828/2900 287/2827/2901
f 282/2834/2902 283/2833/2903 285/2832/2904 284/2831/2905
f 283/2838/2906 582/2837/2907 580/2836/2908 285/2835/2909
f 280/2842/2910 281/2841/2911 283/2840/2912 282/2839/2913
f 281/2846/2914 584/2845/2915 582/2844/2916 283/2843/2917
f 816/2850/2918 817/2849/2919 281/2848/2920 280/2847/2921
f 817/2854/2922 587/2853/2923 584/2852/2924 281/2851/2925
f 278/2858/2926 279/2857/2927 834/2856/2928 835/2855/2929
f 279/2862/2930 590/2861/2931 589/2860/2932 834/2859/2933
f 276/2866/2934 277/2865/2935 279/2864/2936 278/2863/2937
f 277/2870/2938 592/2869/2939 590/2868/2940 279/2867/2941
f 274/2874/2942 275/2873/2943 277/2872/2944 276/2871/2945
f 275/2878/2946 594/2877/2947 592/2876/2948 277/2875/2949
f 272/2882/2950 273/2881/2951 275/2880/2952 274/2879/2953
f 273/2886/2954 596/2885/2955 594/2884/2956 275/2883/2957
f 228/2890/2958 230/2889/2959 273/2888/2960 272/2887/2961
f 230/2894/2962 598/2893/2963 596/2892/2964 273/2891/2965
f 224/2898/2966 226/2897/2967 230/2896/2968 228/2895/2969
f 226/2902/2970 600/2901/2971 598/2900/2972 230/2899/2973
f 220/2906/2974 222/2905/2975 226/2904/2976 224/2903/2977
f 222/2910/2978 602/2909/2979 600/2908/2980 226/2907/2981
f 216/2914/2982 218/2913/2983 222/2912/2984 220/2911/2985
f 218/2918/2986 604/2917/2987 602/2916/2988 222/2915/2989
f 212/2922/2990 214/2921/2991 218/2920/2992 216/2919/2993
f 214/2926/2994 606/2925/2995 604/2924/2996 218/2923/2997
f 208/2930/2998 210/2929/2999 214/2928/3000 212/2927/3001
f 210/2934/3002 608/2933/3003 606/2932/3004 214/2931/3005
f 204/2938/3006 206/2937/3007 210/2936/3008 208/2935/3009
f 206/2942/3010 610/2941/3011 608/2940/3012 210/2939/3013
f 200/2946/3014 202/2945/3015 206/2944/3016 204/2943/3017
f 202/2950/3018 612/2949/3019 610/2948/3020 206/2947/3021
f 196/2954/3022 198/2953/3023 202/2952/3024 200/2951/3025
f 198/2958/3026 614/2957/3027 612/2956/3028 202/2955/3029
f 192/2962/3030 194/2961/3031 198/2960/3032 196/2959/3033
f 194/2966/3034 616/2965/3035 614/2964/3036 198/2963/3037
f 188/2970/3038 190/2969/3039 194/2968/3040 192/2967/3041
f 190/2974/3042 618/2973/3043 616/2972/3044 194/2971/3045
f 184/2978/3046 186/2977/3047 190/2976/3048 188/2975/3049
f 186/2982/3050 620/2981/3051 618/2980/3052 190/2979/3053
f 180/2986/3054 182/2985/3055 186/2984/3056 184/2983/3057
f 182/2990/3058 622/2989/3059 620/2988/3060 186/2987/3061
f 176/2994/3062 178/2993/3063 182/2992/3064 180/2991/3065
f 178/2998/3066 624/2997/3067 622/2996/3068 182/2995/3069
f 814/3002/3070 815/3001/3071 178/3000/3072 176/2999/3073
f 815/3006/3074 626/3005/3075 624/3004/3076 178/3003/3077
f 895/3007/3078 897/3008/3079 886/3009/3080 880/3010/3081
f 886/3011/3082 884/3012/3083 876/3013/3084 880/3014/3085
f 901/3015/3086 902/3016/3087 878/3017/3088 882/3018/3089
f 889/3019/3090 890/3020/3091 879/3021/3092 883/3022/3093
f 894/3023/3094 892/3024/3095 877/3025/3096 881/3026/3097
f 886/3027/3098 887/3028/3099 885/3029/3100 884/3030/3101
f 887/3031/3102 882/3032/3103 878/3033/3104 885/3034/3105
f 897/3035/3106 899/3036/3107 887/3037/3108 886/3038/3109
f 899/3039/3110 901/3040/3111 882/3041/3112 887/3042/3113
f 888/3043/3114 881/3044/3115 877/3045/3116 891/3046/3117
f 889/3047/3118 888/3048/3119 891/3049/3120 890/3050/3121
f 894/3051/3122 895/3052/3123 893/3053/3124 892/3054/3125
f 895/3055/3126 880/3056/3127 876/3057/3128 893/3058/3129
f 894/3059/3130 881/3060/3131 888/3061/3132 896/3062/3133
f 895/3063/3134 894/3064/3135 896/3065/3136 897/3066/3137
f 896/3067/3138 888/3068/3139 889/3069/3140 898/3070/3141
f 897/3071/3142 896/3072/3143 898/3073/3144 899/3074/3145
f 898/3075/3146 889/3076/3147 883/3077/3148 900/3078/3149
f 899/3079/3150 898/3080/3151 900/3081/3152 901/3082/3153
f 900/3083/3154 883/3084/3155 879/3085/3156 903/3086/3157
f 901/3087/3158 900/3088/3159 903/3089/3160 902/3090/3161
f 907/3091/3162 920/3092/3163 919/3093/3164 915/3094/3165
f 922/3095/3166 909/3096/3167 918/3097/3168 916/3098/3169
f 919/3099/3170 920/3100/3171 904/3101/3172
f 914/3102/3173 905/3103/3174 906/3104/3175
f 906/3105/3176 921/3106/3177 911/3107/3178
f 905/3108/3179 912/3109/3180 921/3110/3181
f 905/3111/3182 921/3112/3183 906/3113/3184
f 915/3114/3185 908/3115/3186 907/3116/3187
f 919/3117/3188 911/3118/3189 913/3119/3190 915/3120/3191
f 910/3121/3192 913/3122/3193 912/3123/3194 923/3124/3195
f 924/3125/3196 923/3126/3197 912/3127/3198 917/3128/3199
f 913/3129/3200 921/3130/3201 912/3131/3202
f 913/3132/3203 911/3133/3204 921/3134/3205
f 926/3135/3206 937/3136/3207 941/3137/3208 930/3138/3209
f 947/3139/3210 932/3140/3211 933/3141/3212
f 928/3142/3213 927/3143/3214 945/3144/3215 946/3145/3216
f 935/3146/3217 933/3147/3218 932/3148/3219
f 940/3149/3220 927/3150/3221 928/3151/3222
f 938/3152/3223 941/3153/3224 937/3154/3225
f 930/3155/3226 925/3156/3227 926/3157/3228
f 929/3158/3229 930/3159/3230 941/3160/3231 952/3161/3232
f 945/3162/3233 950/3163/3234 952/3164/3235
f 949/3165/3236 950/3166/3237 945/3167/3238 931/3168/3239
f 945/3169/3240 952/3170/3241 941/3171/3242 946/3172/3243
f 936/3173/3244 934/3174/3245 932/3175/3246 947/3176/3247
f 948/3177/3248 947/3178/3249 933/3179/3250 939/3180/3251
f 943/3181/3252 939/3182/3253 933/3183/3254 942/3184/3255
f 944/3185/3256 942/3186/3257 933/3187/3258 951/3188/3259
f 953/3189/3260 955/3190/3261 954/3191/3262
f 966/3192/3263 960/3193/3264 970/3194/3265
f 970/3195/3266 968/3196/3267 974/3197/3268 969/3198/3269
f 960/3199/3270 968/3200/3271 970/3201/3272
f 962/3202/3273 953/3203/3274 969/3204/3275 974/3205/3276
f 977/3206/3277 975/3207/3278 962/3208/3279
f 972/3209/3280 977/3210/3281 961/3211/3282 971/3212/3283
f 961/3213/3284 977/3214/3285 962/3215/3286 974/3216/3287
f 970/3217/3288 969/3218/3289 953/3219/3290 954/3220/3291
f 976/3221/3292 966/3222/3293 970/3223/3294 959/3224/3295
f 956/3225/3296 963/3226/3297 966/3227/3298 976/3228/3299
f 959/3229/3300 964/3230/3301 976/3231/3302
f 957/3232/3303 959/3233/3304 970/3234/3305 958/3235/3306
f 967/3236/3307 958/3237/3308 970/3238/3309 973/3239/3310
f 965/3240/3311 973/3241/3312 970/3242/3313 954/3243/3314
g default
v -9.331906 0.045033 -2.062969
v -7.878308 0.045033 -2.062969
v -9.331906 2.019696 -2.062969
v -7.878308 2.019696 -2.062969
v -9.331906 2.019696 -3.062969
v -7.878308 2.019696 -3.062969
v -9.331906 0.045033 -3.062969
v -7.878308 0.045033 -3.062969
vt 0.375000 0.000000
vt 0.625000 0.000000
vt 0.375000 0.250000
vt 0.625000 0.250000
vt 0.375000 0.500000
vt 0.625000 0.500000
vt 0.375000 0.750000
vt 0.625000 0.750000
vt 0.375000 1.000000
vt 0.625000 1.000000
vt 0.875000 0.000000
vt 0.875000 0.250000
vt 0.125000 0.000000
vt 0.125000 0.250000
vn 0.000000 0.000000 1.000000
vn 0.000000 0.000000 1.000000
vn 0.000000 0.000000 1.000000
vn 0.000000 0.000000 1.000000
vn 0.000000 1.000000 0.000000
vn 0.000000 1.000000 0.000000
vn 0.000000 1.000000 0.000000
vn 0.000000 1.000000 0.000000
vn 0.000000 0.000000 -1.000000
vn 0.000000 0.000000 -1.000000
vn 0.000000 0.000000 -1.000000
vn 0.000000 0.000000 -1.000000
vn 0.000000 -1.000000 0.000000
vn 0.000000 -1.000000 0.000000
vn 0.000000 -1.000000 0.000000
vn 0.000000 -1.000000 0.000000
vn 1.000000 0.000000 0.000000
vn 1.000000 0.000000 0.000000
vn 1.000000 0.000000 0.000000
vn 1.000000 0.000000 0.000000
vn -1.000000 0.000000 0.000000
vn -1.000000 0.000000 0.000000
vn -1.000000 0.000000 0.000000
vn -1.000000 0.000000 0.000000
s off
g pCube4
usemtl initialShadingGroup
f 978/3244/3315 979/3245/3316 981/3247/3317 980/3246/3318
f 980/3246/3319 981/3247/3320 983/3249/3321 982/3248/3322
f 982/3248/3323 983/3249/3324 985/3251/3325 984/3250/3326
f 984/3250/3327 985/3251/3328 979/3253/3329 978/3252/3330
f 979/3245/3331 985/3254/3332 983/3255/3333 981/3247/3334
f 984/3256/3335 978/3244/3336 980/3246/3337 982/3257/3338
g default
v -9.217360 2.460738 -0.064214
v -9.229461 2.460738 -0.122143
v -9.248307 2.460738 -0.168115
v -9.272057 2.460738 -0.197631
v -9.298383 2.460738 -0.207802
v -9.324709 2.460738 -0.197631
v -9.348458 2.460738 -0.168115
v -9.367305 2.460738 -0.122143
v -9.379406 2.460738 -0.064214
v -9.383575 2.460738 0.000000
v -9.379406 2.460738 0.064214
v -9.367305 2.460738 0.122143
v -9.348458 2.460738 0.168115
v -9.324709 2.460738 0.197631
v -9.298383 2.460738 0.207802
v -9.272057 2.460738 0.197631
v -9.248307 2.460738 0.168115
v -9.229461 2.460738 0.122143
v -9.217360 2.460738 0.064214
v -9.213190 2.460738 0.000000
v -9.217360 3.774972 -0.064214
v -9.229461 3.774972 -0.122143
v -9.248307 3.774972 -0.168115
v -9.272057 3.774972 -0.197631
v -9.298383 3.774972 -0.207802
v -9.324709 3.774972 -0.197631
v -9.348458 3.774972 -0.168115
v -9.367305 3.774972 -0.122143
v -9.379406 3.774972 -0.064214
v -9.383575 3.774972 0.000000
v -9.379406 3.774972 0.064214
v -9.367305 3.774972 0.122143
v -9.348458 3.774972 0.168115
v -9.324709 3.774972 0.197631
v -9.298383 3.774972 0.207802
v -9.272057 3.774972 0.197631
v -9.248307 3.774972 0.168115
v -9.229461 3.774972 0.122143
v -9.217360 3.774972 0.064214
v -9.213190 3.774972 0.000000
v -9.298383 2.460738 0.000000
v -9.298383 3.774972 0.000000
v -9.543407 3.741531 1.637695
v -9.294790 3.741531 1.637695
v -9.543407 5.954924 1.637695
v -9.294790 5.954924 1.637695
v -9.543407 5.954924 -1.637695
v -9.294790 5.954924 -1.637695
v -9.543407 3.741531 -1.637695
v -9.294790 3.741531 -1.637695
v -9.543407 5.733584 1.637695
v -9.543407 5.733584 -1.637695
v -9.294790 5.733584 -1.637695
v -9.294790 5.733584 1.637695
v -9.543407 3.940736 1.637695
v -9.543407 3.940736 -1.637695
v -9.294790 3.940736 -1.637695
v -9.294790 3.940736 1.637695
v -9.543407 5.954924 1.310156
v -9.543407 5.733584 1.310156
v -9.543407 3.940736 1.310156
v -9.543407 3.741531 1.310156
v -9.294790 3.741531 1.310156
v -9.294790 3.940736 1.310156
v -9.294790 5.733584 1.310156
v -9.294790 5.954924 1.310156
v -9.543407 3.741531 -1.342910
v -9.543407 3.940736 -1.342910
v -9.543407 5.733584 -1.342910
v -9.543407 5.954924 -1.342910
v -9.294790 5.954924 -1.342910
v -9.294790 5.733584 -1.342910
v -9.294790 3.940736 -1.342910
v -9.294790 3.741531 -1.342910
v -9.122949 3.741531 1.310156
v -9.122949 3.741531 1.637695
v -9.122949 3.940736 1.310156
v -9.122949 3.940736 1.637695
v -9.122949 5.733584 1.310156
v -9.122949 5.733584 1.637695
v -9.122949 5.954924 1.310156
v -9.122949 5.954924 1.637695
v -9.122949 3.940736 -1.342910
v -9.122949 3.741531 -1.342910
v -9.122949 3.741531 -1.637695
v -9.122949 3.940736 -1.637695
v -9.122949 5.733584 -1.342910
v -9.122949 5.733584 -1.637695
v -9.122949 5.954924 -1.342910
v -9.122949 5.954924 -1.637695
v -9.371566 3.741531 -1.342910
v -9.371566 3.940736 -1.342910
v -9.371566 3.741531 1.310156
v -9.371566 3.940736 1.310156
vt 0.648603 0.107966
vt 0.626409 0.064408
vt 0.591842 0.029841
vt 0.548284 0.007647
vt 0.500000 -0.000000
vt 0.451716 0.007647
vt 0.408159 0.029841
vt 0.373591 0.064409
vt 0.351397 0.107966
vt 0.343750 0.156250
vt 0.351397 0.204534
vt 0.373591 0.248091
vt 0.408159 0.282659
vt 0.451716 0.304853
vt 0.500000 0.312500
vt 0.548284 0.304853
vt 0.591841 0.282659
vt 0.626409 0.248091
vt 0.648603 0.204534
vt 0.656250 0.156250
vt 0.375000 0.312500
vt 0.387500 0.312500
vt 0.400000 0.312500
vt 0.412500 0.312500
vt 0.425000 0.312500
vt 0.437500 0.312500
vt 0.450000 0.312500
vt 0.462500 0.312500
vt 0.475000 0.312500
vt 0.487500 0.312500
vt 0.500000 0.312500
vt 0.512500 0.312500
vt 0.525000 0.312500
vt 0.537500 0.312500
vt 0.550000 0.312500
vt 0.562500 0.312500
vt 0.575000 0.312500
vt 0.587500 0.312500
vt 0.600000 0.312500
vt 0.612500 0.312500
vt 0.625000 0.312500
vt 0.375000 0.687500
vt 0.387500 0.687500
vt 0.400000 0.687500
vt 0.412500 0.687500
vt 0.425000 0.687500
vt 0.437500 0.687500
vt 0.450000 0.687500
vt 0.462500 0.687500
vt 0.475000 0.687500
vt 0.487500 0.687500
vt 0.500000 0.687500
vt 0.512500 0.687500
vt 0.525000 0.687500
vt 0.537500 0.687500
vt 0.550000 0.687500
vt 0.562500 0.687500
vt 0.575000 0.687500
vt 0.587500 0.687500
vt 0.600000 0.687500
vt 0.612500 0.687500
vt 0.625000 0.687500
vt 0.648603 0.795466
vt 0.626409 0.751908
vt 0.591842 0.717341
vt 0.548284 0.695147
vt 0.500000 0.687500
vt 0.451716 0.695147
vt 0.408159 0.717341
vt 0.373591 0.751909
vt 0.351397 0.795466
vt 0.343750 0.843750
vt 0.351397 0.892034
vt 0.373591 0.935591
vt 0.408159 0.970159
vt 0.451716 0.992353
vt 0.500000 1.000000
vt 0.548284 0.992353
vt 0.591841 0.970159
vt 0.626409 0.935591
vt 0.648603 0.892034
vt 0.656250 0.843750
vt 0.500000 0.156250
vt 0.500000 0.843750
vt 0.375000 0.000000
vt 0.625000 0.000000
vt 0.625000 0.022500
vt 0.375000 0.022500
vt 0.375000 0.250000
vt 0.625000 0.250000
vt 0.625000 0.275000
vt 0.375000 0.275000
vt 0.375000 0.727500
vt 0.625000 0.727500
vt 0.625000 0.750000
vt 0.375000 0.750000
vt 0.375000 0.975000
vt 0.625000 0.975000
vt 0.625000 1.000000
vt 0.375000 1.000000
vt 0.625000 0.000000
vt 0.650000 0.000000
vt 0.650000 0.022500
vt 0.625000 0.022500
vt 0.350000 0.022500
vt 0.350000 0.000000
vt 0.350000 0.250000
vt 0.350000 0.225000
vt 0.375000 0.225000
vt 0.375000 0.500000
vt 0.625000 0.500000
vt 0.625000 0.525000
vt 0.375000 0.525000
vt 0.625000 0.225000
vt 0.650000 0.225000
vt 0.650000 0.250000
vt 0.625000 0.250000
vt 0.625000 0.225000
vt 0.125000 0.225000
vt 0.147500 0.225000
vt 0.147500 0.250000
vt 0.125000 0.250000
vt 0.125000 0.022500
vt 0.147500 0.022500
vt 0.125000 0.000000
vt 0.147500 0.000000
vt 0.625000 0.772500
vt 0.375000 0.772500
vt 0.852500 0.022500
vt 0.852500 0.000000
vt 0.875000 0.000000
vt 0.875000 0.022500
vt 0.852500 0.225000
vt 0.875000 0.225000
vt 0.852500 0.250000
vt 0.875000 0.250000
vt 0.375000 0.477500
vt 0.625000 0.477500
vt 0.147500 0.022500
vt 0.147500 0.000000
vt 0.350000 0.000000
vt 0.350000 0.022500
vt 0.650000 0.225000
vt 0.650000 0.022500
vt 0.852500 0.022500
vt 0.852500 0.225000
vt 0.375000 0.772500
vt 0.625000 0.772500
vt 0.625000 0.975000
vt 0.375000 0.975000
vt 0.650000 0.000000
vt 0.650000 0.250000
vt 0.852500 0.000000
vt 0.875000 0.000000
vt 0.875000 0.022500
vt 0.875000 0.225000
vt 0.875000 0.250000
vt 0.852500 0.250000
vn 0.991244 0.000000 -0.132043
vn 0.958390 0.000000 -0.285464
vn 0.958390 0.000000 -0.285464
vn 0.991244 0.000000 -0.132043
vn 0.870916 0.000000 -0.491432
vn 0.870916 0.000000 -0.491432
vn 0.621121 0.000000 -0.783715
vn 0.621121 0.000000 -0.783715
vn -0.000000 0.000000 -1.000000
vn -0.000000 0.000000 -1.000000
vn -0.621122 0.000000 -0.783714
vn -0.621122 0.000000 -0.783714
vn -0.870916 0.000000 -0.491432
vn -0.870916 0.000000 -0.491432
vn -0.958390 0.000000 -0.285464
vn -0.958390 0.000000 -0.285464
vn -0.991244 0.000000 -0.132043
vn -0.991244 0.000000 -0.132043
vn -1.000000 0.000000 0.000000
vn -1.000000 0.000000 0.000000
vn -0.991244 0.000000 0.132043
vn -0.991244 0.000000 0.132043
vn -0.958390 0.000000 0.285464
vn -0.958390 0.000000 0.285464
vn -0.870916 0.000000 0.491432
vn -0.870916 0.000000 0.491432
vn -0.621121 0.000000 0.783714
vn -0.621121 0.000000 0.783714
vn 0.000000 0.000000 1.000000
vn 0.000000 0.000000 1.000000
vn 0.621121 0.000000 0.783714
vn 0.621121 0.000000 0.783714
vn 0.870916 0.000000 0.491432
vn 0.870916 0.000000 0.491432
vn 0.958390 0.000000 0.285464
vn 0.958390 0.000000 0.285464
vn 0.991244 0.000000 0.132043
vn 0.991244 0.000000 0.132043
vn 1.000000 0.000000 0.000000
vn 1.000000 0.000000 0.000000
vn 0.000000 -1.000000 0.000000
vn 0.000000 -1.000000 0.000000
vn 0.000000 -1.000000 0.000000
vn 0.000000 -1.000000 0.000000
vn 0.000000 -1.000000 0.000000
vn 0.000000 -1.000000 0.000000
vn 0.000000 -1.000000 0.000000
vn 0.000000 -1.000000 0.000000
vn 0.000000 -1.000000 0.000000
vn 0.000000 -1.000000 0.000000
vn 0.000000 -1.000000 0.000000
vn 0.000000 -1.000000 0.000000
vn 0.000000 -1.000000 0.000000
vn 0.000000 -1.000000 0.000000
vn 0.000000 -1.000000 0.000000
vn 0.000000 -1.000000 0.000000
vn 0.000000 -1.000000 0.000000
vn 0.000000 -1.000000 0.000000
vn 0.000000 -1.000000 0.000000
vn 0.000000 -1.000000 0.000000
vn 0.000000 -1.000000 0.000000
vn 0.000000 1.000000 0.000007
vn 0.000000 1.000000 0.000003
vn 0.000000 1.000000 0.000000
vn 0.000000 1.000000 0.000000
vn 0.000000 1.000000 0.000000
vn 0.000000 1.000000 0.000000
vn 0.000000 1.000000 -0.000001
vn 0.000000 1.000000 -0.000002
vn 0.000000 1.000000 0.000003
vn 0.000000 1.000000 0.000007
vn 0.000000 1.000000 0.000000
vn 0.000000 1.000000 -0.000007
vn 0.000000 1.000000 -0.000003
vn 0.000000 1.000000 0.000000
vn 0.000000 1.000000 0.000000
vn 0.000000 1.000000 0.000000
vn 0.000000 1.000000 0.000001
vn 0.000000 1.000000 0.000002
vn 0.000000 1.000000 -0.000003
vn 0.000000 1.000000 -0.000007
vn 0.000000 1.000000 0.000000
vn 0.000000 0.000000 1.000000
vn 0.000000 0.000000 1.000000
vn 0.000000 0.000000 1.000000
vn 0.000000 0.000000 1.000000
vn 0.000000 1.000000 0.000000
vn 0.000000 1.000000 0.000000
vn 0.000000 1.000000 0.000000
vn 0.000000 1.000000 0.000000
vn 0.000000 0.000000 -1.000000
vn 0.000000 0.000000 -1.000000
vn 0.000000 0.000000 -1.000000
vn 0.000000 0.000000 -1.000000
vn 0.000000 -1.000000 0.000000
vn 0.000000 -1.000000 0.000000
vn 0.000000 -1.000000 0.000000
vn 0.000000 -1.000000 0.000000
vn 1.000000 0.000000 0.000000
vn 1.000000 0.000000 0.000000
vn 1.000000 0.000000 0.000000
vn 1.000000 0.000000 0.000000
vn -1.000000 0.000000 0.000000
vn -1.000000 0.000000 0.000000
vn -1.000000 0.000000 0.000000
vn -1.000000 0.000000 0.000000
vn -1.000000 0.000000 0.000000
vn -1.000000 0.000000 0.000000
vn -1.000000 0.000000 0.000000
vn -1.000000 0.000000 0.000000
vn 0.000000 0.000000 -1.000000
vn 0.000000 0.000000 -1.000000
vn 0.000000 0.000000 -1.000000
vn 0.000000 0.000000 -1.000000
vn 1.000000 0.000000 0.000000
vn 1.000000 0.000000 0.000000
vn 1.000000 0.000000 0.000000
vn 1.000000 0.000000 0.000000
vn 0.000000 0.000000 1.000000
vn 0.000000 0.000000 1.000000
vn 0.000000 0.000000 1.000000
vn 0.000000 0.000000 1.000000
vn -1.000000 0.000000 0.000000
vn -1.000000 0.000000 0.000000
vn -1.000000 0.000000 0.000000
vn -1.000000 0.000000 0.000000
vn -1.000000 0.000000 0.000000
vn -1.000000 0.000000 0.000000
vn -1.000000 0.000004 0.000000
vn -1.000000 0.000004 0.000000
vn 0.000000 -1.000000 0.000000
vn 0.000000 -1.000000 0.000000
vn 0.000000 -1.000000 0.000000
vn 0.000000 -1.000000 0.000000
vn 1.000000 0.000000 0.000000
vn 1.000000 0.000000 0.000000
vn 1.000000 0.000000 0.000000
vn 1.000000 0.000000 0.000000
vn 1.000000 0.000000 0.000000
vn 1.000000 0.000000 0.000000
vn 1.000000 0.000000 0.000000
vn 1.000000 0.000000 0.000000
vn 0.000000 1.000000 0.000000
vn 0.000000 1.000000 0.000000
vn 0.000000 1.000000 0.000000
vn 0.000000 1.000000 0.000000
vn -1.000000 0.000000 0.000000
vn -1.000000 0.000000 0.000000
vn -1.000000 0.000000 0.000000
vn -1.000000 0.000000 0.000000
vn 1.000000 0.000000 0.000000
vn 1.000000 0.000000 0.000000
vn 1.000000 0.000000 0.000000
vn 1.000000 0.000000 0.000000
vn 0.000000 -1.000000 0.000000
vn 0.000000 -1.000000 0.000000
vn 0.000000 -1.000000 0.000000
vn 0.000000 -1.000000 0.000000
vn 0.000000 -1.000000 0.000000
vn 0.000000 -1.000000 0.000000
vn 0.000000 -1.000000 0.000000
vn 0.000000 -1.000000 0.000000
vn 0.000000 0.000000 1.000000
vn 0.000000 0.000000 1.000000
vn 0.000000 0.000000 1.000000
vn 0.000000 0.000000 1.000000
vn 0.000000 1.000000 0.000000
vn 0.000000 1.000000 0.000000
vn 0.000000 1.000000 0.000000
vn 0.000000 1.000000 0.000000
vn 0.000000 0.000000 1.000000
vn 0.000000 0.000000 1.000000
vn 0.000000 0.000000 1.000000
vn 0.000000 0.000000 1.000000
vn 0.000000 0.000000 -1.000000
vn 0.000000 0.000000 -1.000000
vn 0.000000 0.000000 -1.000000
vn 0.000000 0.000000 -1.000000
vn 0.000000 0.000000 1.000000
vn 0.000000 0.000000 1.000000
vn 0.000000 0.000000 1.000000
vn 0.000000 0.000000 1.000000
vn 0.000000 -1.000000 0.000000
vn 0.000000 -1.000000 0.000000
vn 0.000000 -1.000000 0.000000
vn 0.000000 -1.000000 0.000000
vn 0.000000 0.000000 -1.000000
vn 0.000000 0.000000 -1.000000
vn 0.000000 0.000000 -1.000000
vn 0.000000 0.000000 -1.000000
vn 0.000000 0.000000 1.000000
vn 0.000000 0.000000 1.000000
vn 0.000000 0.000000 1.000000
vn 0.000000 0.000000 1.000000
vn 0.000000 0.000000 -1.000000
vn 0.000000 0.000000 -1.000000
vn 0.000000 0.000000 -1.000000
vn 0.000000 0.000000 -1.000000
vn 0.000000 0.000000 -1.000000
vn 0.000000 0.000000 -1.000000
vn 0.000000 0.000000 -1.000000
vn 0.000000 0.000000 -1.000000
vn 0.000000 1.000000 0.000000
vn 0.000000 1.000000 0.000000
vn 0.000000 1.000000 0.000000
vn 0.000000 1.000000 0.000000
vn 0.000000 -0.000001 1.000000
vn 0.000000 -0.000001 1.000000
vn 0.000000 -0.000001 1.000000
vn 0.000000 -0.000001 1.000000
vn 0.000000 0.000000 -1.000000
vn 0.000000 0.000000 -1.000000
vn 0.000000 0.000000 -1.000000
vn 0.000000 0.000000 -1.000000
vn 0.000000 -1.000000 0.000000
vn 0.000000 -1.000000 0.000000
vn 0.000000 -1.000000 0.000000
vn 0.000000 -1.000000 0.000000
vn 0.000000 -1.000000 0.000000
vn 0.000000 -1.000000 0.000000
vn 0.000000 -1.000000 0.000000
vn 0.000000 -1.000000 0.000000
vn 0.000000 1.000000 0.000000
vn 0.000000 1.000000 0.000000
vn 0.000000 1.000000 0.000000
vn 0.000000 1.000000 0.000000
vn 0.000000 1.000000 0.000000
vn 0.000000 1.000000 0.000000
vn 0.000000 1.000000 0.000000
vn 0.000000 1.000000 0.000000
vn 0.000000 0.000000 0.000000
vn 0.000000 0.000000 0.000000
vn 0.000000 0.000000 0.000000
vn 0.000000 0.000000 0.000000
vn 0.000000 0.000000 0.000000
vn 0.000000 0.000000 0.000000
vn 0.000000 0.000000 0.000000
vn 0.000000 0.000000 0.000000
s 1
g pCylinder2
usemtl initialShadingGroup
f 986/3278/3339 987/3279/3340 1007/3300/3341 1006/3299/3342
f 987/3279/3340 988/3280/3343 1008/3301/3344 1007/3300/3341
f 988/3280/3343 989/3281/3345 1009/3302/3346 1008/3301/3344
f 989/3281/3345 990/3282/3347 1010/3303/3348 1009/3302/3346
f 990/3282/3347 991/3283/3349 1011/3304/3350 1010/3303/3348
f 991/3283/3349 992/3284/3351 1012/3305/3352 1011/3304/3350
f 992/3284/3351 993/3285/3353 1013/3306/3354 1012/3305/3352
f 993/3285/3353 994/3286/3355 1014/3307/3356 1013/3306/3354
f 994/3286/3355 995/3287/3357 1015/3308/3358 1014/3307/3356
f 995/3287/3357 996/3288/3359 1016/3309/3360 1015/3308/3358
f 996/3288/3359 997/3289/3361 1017/3310/3362 1016/3309/3360
f 997/3289/3361 998/3290/3363 1018/3311/3364 1017/3310/3362
f 998/3290/3363 999/3291/3365 1019/3312/3366 1018/3311/3364
f 999/3291/3365 1000/3292/3367 1020/3313/3368 1019/3312/3366
f 1000/3292/3367 1001/3293/3369 1021/3314/3370 1020/3313/3368
f 1001/3293/3369 1002/3294/3371 1022/3315/3372 1021/3314/3370
f 1002/3294/3371 1003/3295/3373 1023/3316/3374 1022/3315/3372
f 1003/3295/3373 1004/3296/3375 1024/3317/3376 1023/3316/3374
f 1004/3296/3375 1005/3297/3377 1025/3318/3378 1024/3317/3376
f 1005/3297/3377 986/3298/3339 1006/3319/3342 1025/3318/3378
s 2
f 987/3259/3379 986/3258/3380 1026/3340/3381
f 988/3260/3382 987/3259/3379 1026/3340/3381
f 989/3261/3383 988/3260/3382 1026/3340/3381
f 990/3262/3384 989/3261/3383 1026/3340/3381
f 991/3263/3385 990/3262/3384 1026/3340/3381
f 992/3264/3386 991/3263/3385 1026/3340/3381
f 993/3265/3387 992/3264/3386 1026/3340/3381
f 994/3266/3388 993/3265/3387 1026/3340/3381
f 995/3267/3389 994/3266/3388 1026/3340/3381
f 996/3268/3390 995/3267/3389 1026/3340/3381
f 997/3269/3391 996/3268/3390 1026/3340/3381
f 998/3270/3392 997/3269/3391 1026/3340/3381
f 999/3271/3393 998/3270/3392 1026/3340/3381
f 1000/3272/3394 999/3271/3393 1026/3340/3381
f 1001/3273/3395 1000/3272/3394 1026/3340/3381
f 1002/3274/3396 1001/3273/3395 1026/3340/3381
f 1003/3275/3397 1002/3274/3396 1026/3340/3381
f 1004/3276/3398 1003/3275/3397 1026/3340/3381
f 1005/3277/3399 1004/3276/3398 1026/3340/3381
f 986/3258/3380 1005/3277/3399 1026/3340/3381
s 3
f 1006/3338/3400 1007/3337/3401 1027/3341/3402
f 1007/3337/3401 1008/3336/3403 1027/3341/3402
f 1008/3336/3403 1009/3335/3404 1027/3341/3402
f 1009/3335/3404 1010/3334/3405 1027/3341/3402
f 1010/3334/3405 1011/3333/3406 1027/3341/3402
f 1011/3333/3406 1012/3332/3407 1027/3341/3402
f 1012/3332/3407 1013/3331/3408 1027/3341/3402
f 1013/3331/3408 1014/3330/3409 1027/3341/3402
f 1014/3330/3409 1015/3329/3410 1027/3341/3402
f 1015/3329/3410 1016/3328/3411 1027/3341/3402
f 1016/3328/3411 1017/3327/3412 1027/3341/3402
f 1017/3327/3412 1018/3326/3413 1027/3341/3402
f 1018/3326/3413 1019/3325/3414 1027/3341/3402
f 1019/3325/3414 1020/3324/3415 1027/3341/3402
f 1020/3324/3415 1021/3323/3416 1027/3341/3402
f 1021/3323/3416 1022/3322/3417 1027/3341/3402
f 1022/3322/3417 1023/3321/3418 1027/3341/3402
f 1023/3321/3418 1024/3320/3419 1027/3341/3402
f 1024/3320/3419 1025/3339/3420 1027/3341/3402
f 1025/3339/3420 1006/3338/3400 1027/3341/3402
s 4
f 1028/3342/3421 1029/3343/3422 1043/3344/3423 1040/3345/3424
s 5
f 1030/3346/3425 1031/3347/3426 1051/3348/3427 1044/3349/3428
s 6
f 1041/3350/3429 1042/3351/3430 1035/3352/3431 1034/3353/3432
s off
f 1047/3354/3433 1048/3355/3434 1029/3356/3435 1028/3357/3436
s 7
f 1061/3358/3437 1060/3359/3438 1062/3360/3439 1063/3361/3440
s 8
f 1046/3362/3441 1047/3363/3442 1028/3342/3443 1040/3345/3444
f 1044/3364/3445 1045/3365/3446 1036/3366/3447 1030/3346/3448
s 6
f 1032/3367/3449 1033/3368/3450 1038/3369/3451 1037/3370/3452
s 7
f 1065/3371/3453 1064/3372/3454 1066/3373/3455 1067/3374/3456
s 4
f 1036/3366/3457 1039/3375/3458 1031/3347/3459 1030/3346/3460
s 8
f 1045/3365/3446 1046/3362/3441 1040/3345/3444 1036/3366/3447
s 6
f 1037/3370/3452 1038/3369/3451 1042/3351/3430 1041/3350/3429
s 7
f 1063/3361/3440 1062/3360/3439 1064/3372/3454 1065/3371/3453
s 4
f 1040/3345/3424 1043/3344/3423 1039/3375/3458 1036/3366/3457
s 8
f 1037/3376/3461 1054/3377/3462 1055/3378/3463 1032/3379/3464
f 1041/3380/3465 1053/3381/3466 1054/3377/3462 1037/3376/3461
f 1034/3382/3467 1052/3383/3468 1053/3381/3466 1041/3380/3465
s off
f 1034/3353/3469 1035/3352/3470 1059/3384/3471 1052/3385/3472
s 7
f 1068/3386/3473 1069/3387/3474 1070/3388/3475 1071/3389/3476
f 1072/3390/3477 1068/3386/3473 1071/3389/3476 1073/3391/3478
f 1074/3392/3479 1072/3390/3477 1073/3391/3478 1075/3393/3480
s 5
f 1055/3394/3481 1056/3395/3482 1033/3368/3483 1032/3367/3484
s off
f 1077/3396/3485 1076/3397/3486 1078/3398/3487 1079/3399/3488
s 8
f 1054/3377/3462 1053/3381/3466 1046/3362/3441 1045/3365/3446
f 1055/3378/3463 1054/3377/3462 1045/3365/3446 1044/3364/3445
s 5
f 1044/3349/3428 1051/3348/3427 1056/3395/3482 1055/3394/3481
s 7
f 1066/3373/3455 1064/3372/3454 1072/3390/3477 1074/3392/3479
s off
f 1050/3400/3489 1049/3401/3490 1058/3402/3491 1057/3403/3492
s 7
f 1062/3360/3439 1060/3359/3438 1069/3387/3474 1068/3386/3473
s off
f 1076/3404/3493 1069/3405/3494 1060/3406/3495 1078/3407/3496
f 1029/3343/3497 1048/3408/3498 1060/3359/3499 1061/3358/3500
f 1043/3344/3501 1029/3343/3502 1061/3358/3503 1063/3361/3504
f 1051/3409/3505 1031/3347/3506 1067/3374/3507 1066/3373/3508
f 1031/3347/3509 1039/3375/3510 1065/3371/3511 1067/3374/3512
f 1049/3401/3513 1050/3400/3514 1064/3372/3515 1062/3360/3516
f 1039/3375/3517 1043/3344/3518 1063/3361/3519 1065/3371/3520
f 1059/3410/3521 1035/3411/3522 1070/3388/3523 1069/3387/3524
f 1035/3411/3525 1042/3412/3526 1071/3389/3527 1070/3388/3528
f 1057/3403/3529 1058/3402/3530 1068/3386/3531 1072/3390/3532
f 1042/3412/3533 1038/3413/3534 1073/3391/3535 1071/3389/3536
f 1038/3413/3537 1033/3414/3538 1075/3393/3539 1073/3391/3540
f 1033/3414/3541 1056/3415/3542 1074/3392/3543 1075/3393/3544
f 1053/3381/3545 1052/3383/3546 1076/3397/3547 1077/3396/3548
f 1047/3363/3549 1046/3362/3550 1079/3399/3551 1078/3398/3552
f 1046/3362/3553 1053/3381/3554 1077/3396/3555 1079/3399/3556
f 1050/3400/3557 1057/3403/3558 1072/3390/3559 1064/3372/3560
f 1056/3415/3561 1051/3409/3562 1066/3373/3563 1074/3392/3564
f 1058/3402/3565 1049/3401/3566 1062/3360/3567 1068/3386/3568
f 1052/3385/3569 1059/3384/3570 1069/3405/3571 1076/3404/3572
f 1048/3355/3573 1047/3354/3574 1078/3407/3575 1060/3406/3576
g default
v -11.935521 0.041339 -6.618258
v 11.935521 0.041339 -6.618258
v -11.935521 11.385430 -6.618258
v 11.935521 11.385430 -6.618258
v -11.935521 11.385430 -7.600465
v 11.935521 11.385430 -7.600465
v -11.935521 0.041339 -7.600465
v 11.935521 0.041339 -7.600465
vt 0.375000 0.000000
vt 0.625000 0.000000
vt 0.375000 0.250000
vt 0.625000 0.250000
vt 0.375000 0.500000
vt 0.625000 0.500000
vt 0.375000 0.750000
vt 0.625000 0.750000
vt 0.375000 1.000000
vt 0.625000 1.000000
vt 0.875000 0.000000
vt 0.875000 0.250000
vt 0.125000 0.000000
vt 0.125000 0.250000
vn 0.000000 0.000000 1.000000
vn 0.000000 0.000000 1.000000
vn 0.000000 0.000000 1.000000
vn 0.000000 0.000000 1.000000
vn 0.000000 1.000000 0.000000
vn 0.000000 1.000000 0.000000
vn 0.000000 1.000000 0.000000
vn 0.000000 1.000000 0.000000
vn 0.000000 0.000000 -1.000000
vn 0.000000 0.000000 -1.000000
vn 0.000000 0.000000 -1.000000
vn 0.000000 0.000000 -1.000000
vn 0.000000 -1.000000 0.000000
vn 0.000000 -1.000000 0.000000
vn 0.000000 -1.000000 0.000000
vn 0.000000 -1.000000 0.000000
vn 1.000000 0.000000 0.000000
vn 1.000000 0.000000 0.000000
vn 1.000000 0.000000 0.000000
vn 1.000000 0.000000 0.000000
vn -1.000000 0.000000 0.000000
vn -1.000000 0.000000 0.000000
vn -1.000000 0.000000 0.000000
vn -1.000000 0.000000 0.000000
s off
g pasted__pCube1 group
usemtl standardSurface2SG
f 1080/3416/3577 1081/3417/3578 1083/3419/3579 1082/3418/3580
f 1082/3418/3581 1083/3419/3582 1085/3421/3583 1084/3420/3584
f 1084/3420/3585 1085/3421/3586 1087/3423/3587 1086/3422/3588
f 1086/3422/3589 1087/3423/3590 1081/3425/3591 1080/3424/3592
f 1081/3417/3593 1087/3426/3594 1085/3427/3595 1083/3419/3596
f 1086/3428/3597 1080/3416/3598 1082/3418/3599 1084/3429/3600
g default
v -7.359965 0.725178 4.884492
v -7.359965 0.693404 4.884492
v -7.334221 0.725178 4.884492
v -7.334221 0.693404 4.884492
v -7.359965 0.693404 4.826070
v -7.359965 0.725178 4.826070
v -7.359965 0.693404 4.826070
v -7.334221 0.693404 4.869162
v -7.356015 0.693404 4.836472
v -7.351239 0.693404 4.845844
v -7.346032 0.693404 4.854560
v -7.340435 0.693404 4.862550
v -7.334221 0.725178 4.869162
v -7.359965 0.725178 4.826070
v -7.340435 0.725178 4.862550
v -7.346034 0.725178 4.854556
v -7.351241 0.725178 4.845840
v -7.356015 0.725178 4.836471
v -7.359965 2.236005 4.884492
v -7.359965 2.204232 4.884492
v -7.334221 2.236005 4.884492
v -7.334221 2.204232 4.884492
v -7.359965 2.204232 4.826070
v -7.359965 2.236005 4.826070
v -7.359965 2.204232 4.826070
v -7.334221 2.204232 4.869162
v -7.356015 2.204232 4.836472
v -7.351239 2.204232 4.845844
v -7.346031 2.204232 4.854560
v -7.340434 2.204232 4.862550
v -7.334221 2.236005 4.869162
v -7.359965 2.236005 4.826070
v -7.340435 2.236005 4.862550
v -7.346034 2.236005 4.854556
v -7.351241 2.236005 4.845840
v -7.356015 2.236005 4.836471
v -7.359964 3.746832 4.884492
v -7.359964 3.715059 4.884492
v -7.334220 3.746832 4.884492
v -7.334220 3.715059 4.884492
v -7.359964 3.715059 4.826070
v -7.359964 3.746832 4.826070
v -7.359964 3.715059 4.826070
v -7.334220 3.715059 4.869162
v -7.356014 3.715059 4.836472
v -7.351238 3.715059 4.845844
v -7.346031 3.715059 4.854560
v -7.340434 3.715059 4.862550
v -7.334220 3.746832 4.869162
v -7.359964 3.746832 4.826070
v -7.340434 3.746832 4.862550
v -7.346034 3.746832 4.854556
v -7.351241 3.746832 4.845840
v -7.356014 3.746832 4.836471
v -7.308581 0.709421 5.323622
v -7.304403 0.709421 5.272096
v -7.304403 0.709421 5.011565
v -7.308581 0.709421 4.960039
v -7.308581 0.695801 5.323622
v -7.304403 0.694356 5.272096
v -7.304403 0.694356 5.011565
v -7.308581 0.695801 4.960039
v -7.308581 0.723042 5.323622
v -7.304403 0.724487 5.272096
v -7.304403 0.724487 5.011565
v -7.308581 0.723042 4.960039
v -7.306492 0.695079 4.985802
v -7.306492 0.723764 4.985802
v -7.305448 0.709421 4.998684
v -7.307537 0.709421 4.972921
v -7.306492 0.695079 5.297859
v -7.306492 0.723764 5.297859
v -7.307537 0.709421 5.310741
v -7.305448 0.709421 5.284978
v -7.356492 0.723764 4.985802
v -7.357537 0.709421 4.972921
v -7.356492 0.723764 5.297859
v -7.355448 0.709421 5.284978
v -7.356492 0.695079 4.985802
v -7.355448 0.709421 4.998684
v -7.356492 0.695079 5.297859
v -7.357537 0.709421 5.310741
v -7.305448 0.717661 5.284978
v -7.305971 0.723944 5.291440
v -7.305448 0.730590 5.284978
v -7.304925 0.724306 5.278537
v -7.305601 0.722179 5.286870
v -7.307013 0.723584 5.304279
v -7.307537 0.716939 5.310741
v -7.308061 0.723222 5.317202
v -7.307537 0.729889 5.310741
v -7.307383 0.721563 5.308848
v -7.307537 0.701904 5.310741
v -7.307013 0.695259 5.304279
v -7.307537 0.688976 5.310741
v -7.308059 0.695621 5.317181
v -7.307383 0.697280 5.308848
v -7.307537 0.716939 4.972921
v -7.307013 0.723584 4.979383
v -7.307537 0.729867 4.972921
v -7.308059 0.723222 4.966480
v -7.307383 0.721563 4.974813
v -7.305971 0.723944 4.992222
v -7.305448 0.717661 4.998684
v -7.304924 0.724307 5.005145
v -7.305448 0.730611 4.998684
v -7.305601 0.722179 4.996791
v -7.305448 0.701182 4.998684
v -7.305972 0.694899 4.992222
v -7.305448 0.688253 4.998684
v -7.304925 0.694537 5.005124
v -7.305601 0.696664 4.996791
v -7.307013 0.695259 4.979383
v -7.307537 0.701904 4.972921
v -7.308061 0.695621 4.966459
v -7.307537 0.688954 4.972921
v -7.307383 0.697280 4.974813
v -7.305972 0.694899 5.291440
v -7.305448 0.701182 5.284978
v -7.304924 0.694536 5.278516
v -7.305448 0.688232 5.284978
v -7.305601 0.696664 5.286870
v -7.355972 0.723944 5.291440
v -7.355448 0.717661 5.284978
v -7.355601 0.722179 5.286870
v -7.357537 0.716939 5.310741
v -7.357013 0.723584 5.304279
v -7.357383 0.721563 5.308848
v -7.357013 0.695259 5.304279
v -7.357537 0.701904 5.310741
v -7.357383 0.697280 5.308848
v -7.357013 0.723584 4.979383
v -7.357537 0.716939 4.972921
v -7.357383 0.721563 4.974813
v -7.355448 0.717661 4.998684
v -7.355972 0.723944 4.992222
v -7.355601 0.722179 4.996791
v -7.355972 0.694899 4.992222
v -7.355448 0.701182 4.998684
v -7.355601 0.696664 4.996791
v -7.357537 0.701904 4.972921
v -7.357013 0.695259 4.979383
v -7.357383 0.697280 4.974813
v -7.355448 0.701182 5.284978
v -7.355972 0.694899 5.291440
v -7.355601 0.696664 5.286870
v -7.308581 0.731366 5.323622
v -7.303266 0.736662 5.323622
v -7.307869 0.734014 5.323622
v -7.305923 0.735953 5.323622
v -7.304403 0.734255 5.272096
v -7.299087 0.739552 5.272096
v -7.303691 0.736903 5.272096
v -7.301745 0.738842 5.272096
v -7.300738 0.738346 5.210629
v -7.295423 0.743643 5.210629
v -7.300026 0.740994 5.210629
v -7.298080 0.742933 5.210629
v -7.298910 0.741524 5.141831
v -7.293594 0.746821 5.141831
v -7.298198 0.744172 5.141831
v -7.296252 0.746111 5.141831
v -7.300738 0.738346 5.073032
v -7.295423 0.743643 5.073032
v -7.300026 0.740994 5.073032
v -7.298080 0.742933 5.073032
v -7.304403 0.734255 5.011565
v -7.299087 0.739552 5.011565
v -7.303691 0.736903 5.011565
v -7.301745 0.738842 5.011565
v -7.303266 0.736662 4.960039
v -7.308581 0.731365 4.960039
v -7.305923 0.735953 4.960039
v -7.307869 0.734014 4.960039
v -7.281696 0.687498 5.323622
v -7.287048 0.682181 5.323622
v -7.282413 0.684839 5.323622
v -7.284372 0.682893 5.323622
v -7.275505 0.684608 5.272096
v -7.280858 0.679291 5.272096
v -7.276222 0.681950 5.272096
v -7.278182 0.680004 5.272096
v -7.270214 0.680517 5.210629
v -7.275567 0.675200 5.210629
v -7.270931 0.677859 5.210629
v -7.272891 0.675913 5.210629
v -7.268157 0.677339 5.141831
v -7.273509 0.672022 5.141831
v -7.268874 0.674681 5.141831
v -7.270833 0.672735 5.141831
v -7.270214 0.680517 5.073032
v -7.275567 0.675200 5.073032
v -7.270931 0.677859 5.073032
v -7.272891 0.675913 5.073032
v -7.275505 0.684608 5.011565
v -7.280858 0.679291 5.011565
v -7.276222 0.681950 5.011565
v -7.278182 0.680004 5.011565
v -7.287048 0.682181 4.960039
v -7.281696 0.687498 4.960039
v -7.284372 0.682893 4.960039
v -7.282413 0.684839 4.960039
v -7.306492 0.732810 5.297859
v -7.301211 0.738083 5.298286
v -7.305785 0.735455 5.297916
v -7.303852 0.737385 5.298073
v -7.306492 0.732810 4.985802
v -7.301211 0.738083 4.985375
v -7.305785 0.735455 4.985745
v -7.303852 0.737385 4.985589
v -7.300167 0.738805 5.285405
v -7.305448 0.733532 5.284978
v -7.302807 0.738108 5.285191
v -7.304740 0.736178 5.285035
v -7.302256 0.737361 4.972494
v -7.307537 0.732088 4.972921
v -7.304896 0.736663 4.972707
v -7.306829 0.734733 4.972864
v -7.302256 0.737361 5.311167
v -7.307537 0.732088 5.310741
v -7.304896 0.736663 5.310954
v -7.306829 0.734733 5.310798
v -7.300167 0.738805 4.998257
v -7.305448 0.733532 4.998684
v -7.302807 0.738108 4.998470
v -7.304740 0.736178 4.998626
v -7.308581 0.687477 4.960039
v -7.303266 0.682181 4.960039
v -7.307869 0.684829 4.960039
v -7.305923 0.682890 4.960039
v -7.304403 0.684588 5.011565
v -7.299087 0.679291 5.011565
v -7.303691 0.681940 5.011565
v -7.301745 0.680001 5.011565
v -7.300738 0.680497 5.073032
v -7.295423 0.675200 5.073032
v -7.300026 0.677849 5.073032
v -7.298080 0.675910 5.073032
v -7.298910 0.677319 5.141831
v -7.293594 0.672022 5.141831
v -7.298198 0.674671 5.141831
v -7.296252 0.672732 5.141831
v -7.300738 0.680497 5.210629
v -7.295423 0.675200 5.210629
v -7.300026 0.677849 5.210629
v -7.298080 0.675910 5.210629
v -7.304403 0.684588 5.272096
v -7.299087 0.679291 5.272096
v -7.303691 0.681940 5.272096
v -7.301745 0.680001 5.272096
v -7.303266 0.682181 5.323622
v -7.308581 0.687477 5.323622
v -7.305923 0.682890 5.323622
v -7.307869 0.684829 5.323622
v -7.281696 0.731345 4.960039
v -7.287048 0.736662 4.960039
v -7.282413 0.734004 4.960039
v -7.284372 0.735950 4.960039
v -7.275505 0.734235 5.011565
v -7.280858 0.739552 5.011565
v -7.276222 0.736893 5.011565
v -7.278182 0.738839 5.011565
v -7.270214 0.738326 5.073032
v -7.275567 0.743643 5.073032
v -7.270931 0.740984 5.073032
v -7.272891 0.742930 5.073032
v -7.268157 0.741504 5.141831
v -7.273509 0.746821 5.141831
v -7.268874 0.744162 5.141831
v -7.270833 0.746108 5.141831
v -7.270214 0.738326 5.210629
v -7.275567 0.743643 5.210629
v -7.270931 0.740984 5.210629
v -7.272891 0.742930 5.210629
v -7.275505 0.734235 5.272096
v -7.280858 0.739552 5.272096
v -7.276222 0.736893 5.272096
v -7.278182 0.738839 5.272096
v -7.287048 0.736662 5.323622
v -7.281696 0.731345 5.323622
v -7.284372 0.735950 5.323622
v -7.282413 0.734004 5.323622
v -7.306492 0.686033 4.985802
v -7.301211 0.680760 4.985375
v -7.305785 0.683388 4.985745
v -7.303852 0.681458 4.985589
v -7.306492 0.686033 5.297859
v -7.301211 0.680760 5.298286
v -7.305785 0.683388 5.297916
v -7.303852 0.681458 5.298073
v -7.300167 0.680038 4.998257
v -7.305448 0.685310 4.998684
v -7.302807 0.680735 4.998470
v -7.304740 0.682665 4.998626
v -7.302256 0.681482 5.311167
v -7.307537 0.686755 5.310741
v -7.304896 0.682180 5.310954
v -7.306829 0.684110 5.310798
v -7.302256 0.681482 4.972494
v -7.307537 0.686755 4.972921
v -7.304896 0.682180 4.972707
v -7.306829 0.684110 4.972864
v -7.300167 0.680038 5.285405
v -7.305448 0.685310 5.284978
v -7.302807 0.680735 5.285191
v -7.304740 0.682665 5.285035
v -7.293329 0.683113 5.373367
v -7.293961 0.685108 5.375339
v -7.293617 0.683713 5.374762
v -7.287977 0.688430 5.373367
v -7.290299 0.688745 5.375339
v -7.288760 0.688538 5.374762
v -7.290653 0.683826 5.373367
v -7.292036 0.685620 5.375339
v -7.291161 0.684367 5.374762
v -7.288694 0.685772 5.373367
v -7.290814 0.686834 5.375339
v -7.289418 0.686098 5.374762
v -7.308599 0.735729 5.373367
v -7.308661 0.733735 5.375339
v -7.308705 0.735130 5.374762
v -7.313915 0.730433 5.373367
v -7.312283 0.730126 5.375339
v -7.313524 0.730328 5.374762
v -7.311257 0.735020 5.373367
v -7.310566 0.733226 5.375339
v -7.311142 0.734479 5.374762
v -7.313202 0.733081 5.373367
v -7.311772 0.732024 5.375339
v -7.312871 0.732757 5.374762
v -7.287977 0.688430 4.910294
v -7.290299 0.688745 4.908322
v -7.288760 0.688538 4.908899
v -7.293329 0.683113 4.910294
v -7.293961 0.685108 4.908322
v -7.293617 0.683713 4.908899
v -7.288694 0.685772 4.910294
v -7.290814 0.686834 4.908322
v -7.289418 0.686098 4.908899
v -7.290653 0.683826 4.910294
v -7.292036 0.685620 4.908322
v -7.291161 0.684367 4.908899
v -7.313915 0.730433 4.910294
v -7.312283 0.730126 4.908322
v -7.313524 0.730328 4.908899
v -7.308599 0.735729 4.910294
v -7.308661 0.733735 4.908322
v -7.308705 0.735130 4.908899
v -7.313202 0.733081 4.910294
v -7.311772 0.732024 4.908322
v -7.312871 0.732757 4.908899
v -7.311257 0.735020 4.910294
v -7.310566 0.733226 4.908322
v -7.311142 0.734479 4.908899
v -7.287977 0.730412 5.373367
v -7.290299 0.730098 5.375339
v -7.288760 0.730305 5.374762
v -7.293329 0.735729 5.373367
v -7.293961 0.733735 5.375339
v -7.293617 0.735130 5.374762
v -7.288694 0.733071 5.373367
v -7.290814 0.732009 5.375339
v -7.289418 0.732745 5.374762
v -7.290653 0.735017 5.373367
v -7.292036 0.733223 5.375339
v -7.291161 0.734476 5.374762
v -7.313915 0.688410 5.373367
v -7.312283 0.688717 5.375339
v -7.313524 0.688515 5.374762
v -7.308599 0.683113 5.373367
v -7.308661 0.685108 5.375339
v -7.308705 0.683713 5.374762
v -7.313203 0.685762 5.373367
v -7.311772 0.686818 5.375339
v -7.312871 0.686086 5.374762
v -7.311257 0.683823 5.373367
v -7.310566 0.685616 5.375339
v -7.311142 0.684364 5.374762
v -7.293329 0.735729 4.910294
v -7.293961 0.733735 4.908322
v -7.293617 0.735130 4.908899
v -7.287977 0.730412 4.910294
v -7.290299 0.730098 4.908322
v -7.288760 0.730305 4.908899
v -7.290653 0.735017 4.910294
v -7.292036 0.733223 4.908322
v -7.291161 0.734476 4.908899
v -7.288694 0.733071 4.910294
v -7.290814 0.732009 4.908322
v -7.289418 0.732745 4.908899
v -7.308599 0.683113 4.910294
v -7.308661 0.685108 4.908322
v -7.308705 0.683713 4.908899
v -7.313915 0.688410 4.910294
v -7.312283 0.688717 4.908322
v -7.313524 0.688515 4.908899
v -7.311257 0.683823 4.910294
v -7.310566 0.685616 4.908322
v -7.311142 0.684364 4.908899
v -7.313203 0.685762 4.910294
v -7.311772 0.686818 4.908322
v -7.312871 0.686086 4.908899
v -7.308581 2.220350 5.323622
v -7.304403 2.220350 5.272096
v -7.304403 2.220350 5.011565
v -7.308581 2.220350 4.960039
v -7.308581 2.206729 5.323622
v -7.304403 2.205285 5.272096
v -7.304403 2.205285 5.011565
v -7.308581 2.206729 4.960039
v -7.308581 2.233970 5.323622
v -7.304403 2.235415 5.272096
v -7.304403 2.235415 5.011565
v -7.308581 2.233970 4.960039
v -7.306492 2.206007 4.985802
v -7.306492 2.234693 4.985802
v -7.305447 2.220350 4.998684
v -7.307536 2.220350 4.972921
v -7.306492 2.206007 5.297859
v -7.306492 2.234693 5.297859
v -7.307536 2.220350 5.310741
v -7.305447 2.220350 5.284978
v -7.356492 2.234693 4.985802
v -7.357536 2.220350 4.972921
v -7.356492 2.234693 5.297859
v -7.355447 2.220350 5.284978
v -7.356492 2.206007 4.985802
v -7.355447 2.220350 4.998684
v -7.356492 2.206007 5.297859
v -7.357536 2.220350 5.310741
v -7.305447 2.228589 5.284978
v -7.305971 2.234873 5.291440
v -7.305447 2.241518 5.284978
v -7.304925 2.235234 5.278537
v -7.305601 2.233107 5.286870
v -7.307012 2.234513 5.304279
v -7.307536 2.227867 5.310741
v -7.308060 2.234150 5.317202
v -7.307536 2.240817 5.310741
v -7.307383 2.232491 5.308848
v -7.307536 2.212833 5.310741
v -7.307012 2.206187 5.304279
v -7.307536 2.199904 5.310741
v -7.308058 2.206549 5.317181
v -7.307383 2.208209 5.308848
v -7.307536 2.227867 4.972921
v -7.307012 2.234513 4.979383
v -7.307536 2.240796 4.972921
v -7.308058 2.234151 4.966480
v -7.307383 2.232491 4.974813
v -7.305971 2.234873 4.992222
v -7.305447 2.228589 4.998684
v -7.304923 2.235235 5.005145
v -7.305447 2.241539 4.998684
v -7.305601 2.233107 4.996791
v -7.305447 2.212110 4.998684
v -7.305971 2.205827 4.992222
v -7.305447 2.199182 4.998684
v -7.304925 2.205465 5.005124
v -7.305601 2.207592 4.996791
v -7.307012 2.206187 4.979383
v -7.307536 2.212833 4.972921
v -7.308060 2.206549 4.966459
v -7.307536 2.199883 4.972921
v -7.307383 2.208209 4.974813
v -7.305971 2.205827 5.291440
v -7.305447 2.212110 5.284978
v -7.304923 2.205465 5.278516
v -7.305447 2.199160 5.284978
v -7.305601 2.207592 5.286870
v -7.355971 2.234873 5.291440
v -7.355447 2.228589 5.284978
v -7.355601 2.233107 5.286870
v -7.357536 2.227867 5.310741
v -7.357012 2.234513 5.304279
v -7.357383 2.232491 5.308848
v -7.357012 2.206187 5.304279
v -7.357536 2.212833 5.310741
v -7.357383 2.208209 5.308848
v -7.357012 2.234513 4.979383
v -7.357536 2.227867 4.972921
v -7.357383 2.232491 4.974813
v -7.355447 2.228589 4.998684
v -7.355971 2.234873 4.992222
v -7.355601 2.233107 4.996791
v -7.355971 2.205827 4.992222
v -7.355447 2.212110 4.998684
v -7.355601 2.207592 4.996791
v -7.357536 2.212833 4.972921
v -7.357012 2.206187 4.979383
v -7.357383 2.208209 4.974813
v -7.355447 2.212110 5.284978
v -7.355971 2.205827 5.291440
v -7.355601 2.207592 5.286870
v -7.308581 2.242294 5.323622
v -7.303265 2.247591 5.323622
v -7.307869 2.244942 5.323622
v -7.305923 2.246881 5.323622
v -7.304403 2.245183 5.272096
v -7.299087 2.250480 5.272096
v -7.303690 2.247832 5.272096
v -7.301745 2.249770 5.272096
v -7.300738 2.249274 5.210629
v -7.295422 2.254571 5.210629
v -7.300026 2.251923 5.210629
v -7.298080 2.253861 5.210629
v -7.298910 2.252452 5.141831
v -7.293594 2.257749 5.141831
v -7.298197 2.255101 5.141831
v -7.296252 2.257039 5.141831
v -7.300738 2.249274 5.073032
v -7.295422 2.254571 5.073032
v -7.300026 2.251923 5.073032
v -7.298080 2.253861 5.073032
v -7.304403 2.245183 5.011565
v -7.299087 2.250480 5.011565
v -7.303690 2.247832 5.011565
v -7.301745 2.249770 5.011565
v -7.303265 2.247591 4.960039
v -7.308581 2.242294 4.960039
v -7.305923 2.246881 4.960039
v -7.307869 2.244942 4.960039
v -7.281695 2.198426 5.323622
v -7.287048 2.193109 5.323622
v -7.282412 2.195768 5.323622
v -7.284372 2.193821 5.323622
v -7.275505 2.195537 5.272096
v -7.280857 2.190220 5.272096
v -7.276222 2.192878 5.272096
v -7.278181 2.190932 5.272096
v -7.270214 2.191446 5.210629
v -7.275566 2.186129 5.210629
v -7.270931 2.188787 5.210629
v -7.272890 2.186841 5.210629
v -7.268156 2.188268 5.141831
v -7.273509 2.182951 5.141831
v -7.268873 2.185609 5.141831
v -7.270833 2.183663 5.141831
v -7.270214 2.191446 5.073032
v -7.275566 2.186129 5.073032
v -7.270931 2.188787 5.073032
v -7.272890 2.186841 5.073032
v -7.275505 2.195537 5.011565
v -7.280857 2.190220 5.011565
v -7.276222 2.192878 5.011565
v -7.278181 2.190932 5.011565
v -7.287048 2.193109 4.960039
v -7.281695 2.198426 4.960039
v -7.284372 2.193821 4.960039
v -7.282412 2.195768 4.960039
v -7.306492 2.243739 5.297859
v -7.301211 2.249011 5.298286
v -7.305784 2.246384 5.297916
v -7.303851 2.248314 5.298073
v -7.306492 2.243739 4.985802
v -7.301211 2.249011 4.985375
v -7.305784 2.246384 4.985745
v -7.303851 2.248314 4.985589
v -7.300166 2.249734 5.285405
v -7.305447 2.244461 5.284978
v -7.302807 2.249036 5.285191
v -7.304740 2.247106 5.285035
v -7.302255 2.248289 4.972494
v -7.307536 2.243016 4.972921
v -7.304896 2.247591 4.972707
v -7.306829 2.245661 4.972864
v -7.302255 2.248289 5.311167
v -7.307536 2.243016 5.310741
v -7.304896 2.247591 5.310954
v -7.306829 2.245661 5.310798
v -7.300166 2.249734 4.998257
v -7.305447 2.244461 4.998684
v -7.302807 2.249036 4.998470
v -7.304740 2.247106 4.998626
v -7.308581 2.198406 4.960039
v -7.303265 2.193109 4.960039
v -7.307869 2.195757 4.960039
v -7.305923 2.193819 4.960039
v -7.304403 2.195516 5.011565
v -7.299087 2.190220 5.011565
v -7.303690 2.192868 5.011565
v -7.301745 2.190929 5.011565
v -7.300738 2.191425 5.073032
v -7.295422 2.186129 5.073032
v -7.300026 2.188777 5.073032
v -7.298080 2.186838 5.073032
v -7.298910 2.188247 5.141831
v -7.293594 2.182951 5.141831
v -7.298197 2.185599 5.141831
v -7.296252 2.183660 5.141831
v -7.300738 2.191425 5.210629
v -7.295422 2.186129 5.210629
v -7.300026 2.188777 5.210629
v -7.298080 2.186838 5.210629
v -7.304403 2.195516 5.272096
v -7.299087 2.190220 5.272096
v -7.303690 2.192868 5.272096
v -7.301745 2.190929 5.272096
v -7.303265 2.193109 5.323622
v -7.308581 2.198406 5.323622
v -7.305923 2.193819 5.323622
v -7.307869 2.195757 5.323622
v -7.281695 2.242274 4.960039
v -7.287048 2.247591 4.960039
v -7.282412 2.244932 4.960039
v -7.284372 2.246878 4.960039
v -7.275505 2.245163 5.011565
v -7.280857 2.250480 5.011565
v -7.276222 2.247822 5.011565
v -7.278181 2.249768 5.011565
v -7.270214 2.249254 5.073032
v -7.275566 2.254571 5.073032
v -7.270931 2.251913 5.073032
v -7.272890 2.253859 5.073032
v -7.268156 2.252432 5.141831
v -7.273509 2.257749 5.141831
v -7.268873 2.255091 5.141831
v -7.270833 2.257037 5.141831
v -7.270214 2.249254 5.210629
v -7.275566 2.254571 5.210629
v -7.270931 2.251913 5.210629
v -7.272890 2.253859 5.210629
v -7.275505 2.245163 5.272096
v -7.280857 2.250480 5.272096
v -7.276222 2.247822 5.272096
v -7.278181 2.249768 5.272096
v -7.287048 2.247591 5.323622
v -7.281695 2.242274 5.323622
v -7.284372 2.246878 5.323622
v -7.282412 2.244932 5.323622
v -7.306492 2.196961 4.985802
v -7.301211 2.191688 4.985375
v -7.305784 2.194316 4.985745
v -7.303851 2.192386 4.985589
v -7.306492 2.196961 5.297859
v -7.301211 2.191688 5.298286
v -7.305784 2.194316 5.297916
v -7.303851 2.192386 5.298073
v -7.300166 2.190966 4.998257
v -7.305447 2.196239 4.998684
v -7.302807 2.191664 4.998470
v -7.304740 2.193594 4.998626
v -7.302255 2.192411 5.311167
v -7.307536 2.197684 5.310741
v -7.304896 2.193108 5.310954
v -7.306829 2.195038 5.310798
v -7.302255 2.192411 4.972494
v -7.307536 2.197684 4.972921
v -7.304896 2.193108 4.972707
v -7.306829 2.195038 4.972864
v -7.300166 2.190966 5.285405
v -7.305447 2.196239 5.284978
v -7.302807 2.191664 5.285191
v -7.304740 2.193594 5.285035
v -7.293329 2.194042 5.373367
v -7.293960 2.196036 5.375339
v -7.293617 2.194641 5.374762
v -7.287976 2.199359 5.373367
v -7.290298 2.199673 5.375339
v -7.288760 2.199466 5.374762
v -7.290652 2.194754 5.373367
v -7.292035 2.196549 5.375339
v -7.291161 2.195295 5.374762
v -7.288693 2.196700 5.373367
v -7.290814 2.197762 5.375339
v -7.289418 2.197027 5.374762
v -7.308599 2.246658 5.373367
v -7.308660 2.244663 5.375339
v -7.308704 2.246058 5.374762
v -7.313914 2.241362 5.373367
v -7.312282 2.241054 5.375339
v -7.313524 2.241256 5.374762
v -7.311256 2.245948 5.373367
v -7.310565 2.244155 5.375339
v -7.311142 2.245408 5.374762
v -7.313202 2.244010 5.373367
v -7.311772 2.242953 5.375339
v -7.312871 2.243685 5.374762
v -7.287976 2.199359 4.910294
v -7.290298 2.199673 4.908322
v -7.288760 2.199466 4.908899
v -7.293329 2.194042 4.910294
v -7.293960 2.196036 4.908322
v -7.293617 2.194641 4.908899
v -7.288693 2.196700 4.910294
v -7.290814 2.197762 4.908322
v -7.289418 2.197027 4.908899
v -7.290652 2.194754 4.910294
v -7.292035 2.196549 4.908322
v -7.291161 2.195295 4.908899
v -7.313914 2.241362 4.910294
v -7.312282 2.241054 4.908322
v -7.313524 2.241256 4.908899
v -7.308599 2.246658 4.910294
v -7.308660 2.244663 4.908322
v -7.308704 2.246058 4.908899
v -7.313202 2.244010 4.910294
v -7.311772 2.242953 4.908322
v -7.312871 2.243685 4.908899
v -7.311256 2.245948 4.910294
v -7.310565 2.244155 4.908322
v -7.311142 2.245408 4.908899
v -7.287976 2.241341 5.373367
v -7.290298 2.241027 5.375339
v -7.288759 2.241234 5.374762
v -7.293329 2.246658 5.373367
v -7.293960 2.244663 5.375339
v -7.293617 2.246058 5.374762
v -7.288693 2.243999 5.373367
v -7.290814 2.242938 5.375339
v -7.289418 2.243673 5.374762
v -7.290652 2.245946 5.373367
v -7.292035 2.244151 5.375339
v -7.291161 2.245405 5.374762
v -7.313914 2.199338 5.373367
v -7.312282 2.199646 5.375339
v -7.313524 2.199443 5.374762
v -7.308599 2.194042 5.373367
v -7.308660 2.196036 5.375339
v -7.308704 2.194641 5.374762
v -7.313202 2.196690 5.373367
v -7.311772 2.197747 5.375339
v -7.312871 2.197015 5.374762
v -7.311256 2.194751 5.373367
v -7.310565 2.196545 5.375339
v -7.311142 2.195292 5.374762
v -7.293329 2.246658 4.910294
v -7.293960 2.244663 4.908322
v -7.293617 2.246058 4.908899
v -7.287976 2.241341 4.910294
v -7.290298 2.241027 4.908322
v -7.288759 2.241234 4.908899
v -7.290652 2.245946 4.910294
v -7.292035 2.244151 4.908322
v -7.291161 2.245405 4.908899
v -7.288693 2.243999 4.910294
v -7.290814 2.242938 4.908322
v -7.289418 2.243673 4.908899
v -7.308599 2.194042 4.910294
v -7.308660 2.196036 4.908322
v -7.308704 2.194641 4.908899
v -7.313914 2.199338 4.910294
v -7.312282 2.199646 4.908322
v -7.313524 2.199443 4.908899
v -7.311256 2.194751 4.910294
v -7.310565 2.196545 4.908322
v -7.311142 2.195292 4.908899
v -7.313202 2.196690 4.910294
v -7.311772 2.197747 4.908322
v -7.312871 2.197015 4.908899
v -7.308580 3.731278 5.323622
v -7.304402 3.731278 5.272096
v -7.304402 3.731278 5.011565
v -7.308580 3.731278 4.960039
v -7.308580 3.717658 5.323622
v -7.304402 3.716213 5.272096
v -7.304402 3.716213 5.011565
v -7.308580 3.717658 4.960039
v -7.308580 3.744899 5.323622
v -7.304402 3.746343 5.272096
v -7.304402 3.746343 5.011565
v -7.308580 3.744899 4.960039
v -7.306491 3.716936 4.985802
v -7.306491 3.745621 4.985802
v -7.305447 3.731278 4.998684
v -7.307536 3.731278 4.972921
v -7.306491 3.716936 5.297859
v -7.306491 3.745621 5.297859
v -7.307536 3.731278 5.310741
v -7.305447 3.731278 5.284978
v -7.356491 3.745621 4.985802
v -7.357536 3.731278 4.972921
v -7.356491 3.745621 5.297859
v -7.355447 3.731278 5.284978
v -7.356491 3.716936 4.985802
v -7.355447 3.731278 4.998684
v -7.356491 3.716936 5.297859
v -7.357536 3.731278 5.310741
v -7.305447 3.739518 5.284978
v -7.305971 3.745801 5.291440
v -7.305447 3.752447 5.284978
v -7.304924 3.746163 5.278537
v -7.305600 3.744036 5.286870
v -7.307012 3.745441 5.304279
v -7.307536 3.738795 5.310741
v -7.308060 3.745079 5.317202
v -7.307536 3.751745 5.310741
v -7.307382 3.743420 5.308848
v -7.307536 3.723761 5.310741
v -7.307012 3.717116 5.304279
v -7.307536 3.710832 5.310741
v -7.308058 3.717477 5.317181
v -7.307382 3.719137 5.308848
v -7.307536 3.738795 4.972921
v -7.307012 3.745441 4.979383
v -7.307536 3.751724 4.972921
v -7.308058 3.745079 4.966480
v -7.307382 3.743420 4.974813
v -7.305971 3.745801 4.992222
v -7.305447 3.739518 4.998684
v -7.304923 3.746163 5.005145
v -7.305447 3.752468 4.998684
v -7.305600 3.744036 4.996791
v -7.305447 3.723039 4.998684
v -7.305971 3.716756 4.992222
v -7.305447 3.710110 4.998684
v -7.304924 3.716394 5.005124
v -7.305600 3.718521 4.996791
v -7.307012 3.717116 4.979383
v -7.307536 3.723761 4.972921
v -7.308060 3.717478 4.966459
v -7.307536 3.710811 4.972921
v -7.307382 3.719137 4.974813
v -7.305971 3.716756 5.291440
v -7.305447 3.723039 5.284978
v -7.304923 3.716393 5.278516
v -7.305447 3.710089 5.284978
v -7.305600 3.718521 5.286870
v -7.355971 3.745801 5.291440
v -7.355447 3.739518 5.284978
v -7.355600 3.744036 5.286870
v -7.357536 3.738795 5.310741
v -7.357012 3.745441 5.304279
v -7.357382 3.743420 5.308848
v -7.357012 3.717116 5.304279
v -7.357536 3.723761 5.310741
v -7.357382 3.719137 5.308848
v -7.357012 3.745441 4.979383
v -7.357536 3.738795 4.972921
v -7.357382 3.743420 4.974813
v -7.355447 3.739518 4.998684
v -7.355971 3.745801 4.992222
v -7.355600 3.744036 4.996791
v -7.355971 3.716756 4.992222
v -7.355447 3.723039 4.998684
v -7.355600 3.718521 4.996791
v -7.357536 3.723761 4.972921
v -7.357012 3.717116 4.979383
v -7.357382 3.719137 4.974813
v -7.355447 3.723039 5.284978
v -7.355971 3.716756 5.291440
v -7.355600 3.718521 5.286870
v -7.308580 3.753223 5.323622
v -7.303265 3.758519 5.323622
v -7.307868 3.755871 5.323622
v -7.305922 3.757810 5.323622
v -7.304402 3.756112 5.272096
v -7.299087 3.761408 5.272096
v -7.303690 3.758760 5.272096
v -7.301744 3.760699 5.272096
v -7.300737 3.760203 5.210629
v -7.295422 3.765499 5.210629
v -7.300025 3.762851 5.210629
v -7.298080 3.764790 5.210629
v -7.298909 3.763381 5.141831
v -7.293594 3.768678 5.141831
v -7.298197 3.766029 5.141831
v -7.296251 3.767968 5.141831
v -7.300737 3.760203 5.073032
v -7.295422 3.765499 5.073032
v -7.300025 3.762851 5.073032
v -7.298080 3.764790 5.073032
v -7.304402 3.756112 5.011565
v -7.299087 3.761408 5.011565
v -7.303690 3.758760 5.011565
v -7.301744 3.760699 5.011565
v -7.303265 3.758519 4.960039
v -7.308580 3.753222 4.960039
v -7.305922 3.757809 4.960039
v -7.307868 3.755871 4.960039
v -7.281695 3.709355 5.323622
v -7.287047 3.704038 5.323622
v -7.282412 3.706696 5.323622
v -7.284371 3.704750 5.323622
v -7.275504 3.706465 5.272096
v -7.280857 3.701148 5.272096
v -7.276221 3.703807 5.272096
v -7.278181 3.701861 5.272096
v -7.270213 3.702374 5.210629
v -7.275566 3.697057 5.210629
v -7.270930 3.699715 5.210629
v -7.272890 3.697770 5.210629
v -7.268156 3.699196 5.141831
v -7.273508 3.693879 5.141831
v -7.268873 3.696538 5.141831
v -7.270832 3.694591 5.141831
v -7.270213 3.702374 5.073032
v -7.275566 3.697057 5.073032
v -7.270930 3.699715 5.073032
v -7.272890 3.697770 5.073032
v -7.275504 3.706465 5.011565
v -7.280857 3.701148 5.011565
v -7.276221 3.703807 5.011565
v -7.278181 3.701861 5.011565
v -7.287047 3.704038 4.960039
v -7.281695 3.709355 4.960039
v -7.284371 3.704750 4.960039
v -7.282412 3.706696 4.960039
v -7.306491 3.754667 5.297859
v -7.301210 3.759940 5.298286
v -7.305784 3.757312 5.297916
v -7.303851 3.759242 5.298073
v -7.306491 3.754667 4.985802
v -7.301210 3.759940 4.985375
v -7.305784 3.757312 4.985745
v -7.303851 3.759242 4.985589
v -7.300166 3.760662 5.285405
v -7.305447 3.755389 5.284978
v -7.302806 3.759965 5.285191
v -7.304739 3.758035 5.285035
v -7.302255 3.759217 4.972494
v -7.307536 3.753945 4.972921
v -7.304895 3.758520 4.972707
v -7.306828 3.756590 4.972864
v -7.302255 3.759217 5.311167
v -7.307536 3.753945 5.310741
v -7.304895 3.758520 5.310954
v -7.306828 3.756590 5.310798
v -7.300166 3.760662 4.998257
v -7.305447 3.755389 4.998684
v -7.302806 3.759965 4.998470
v -7.304739 3.758035 4.998626
v -7.308580 3.709334 4.960039
v -7.303265 3.704038 4.960039
v -7.307868 3.706686 4.960039
v -7.305922 3.704747 4.960039
v -7.304402 3.706445 5.011565
v -7.299087 3.701148 5.011565
v -7.303690 3.703797 5.011565
v -7.301744 3.701858 5.011565
v -7.300737 3.702354 5.073032
v -7.295422 3.697057 5.073032
v -7.300025 3.699705 5.073032
v -7.298080 3.697767 5.073032
v -7.298909 3.699176 5.141831
v -7.293594 3.693879 5.141831
v -7.298197 3.696527 5.141831
v -7.296251 3.694589 5.141831
v -7.300737 3.702354 5.210629
v -7.295422 3.697057 5.210629
v -7.300025 3.699705 5.210629
v -7.298080 3.697767 5.210629
v -7.304402 3.706445 5.272096
v -7.299087 3.701148 5.272096
v -7.303690 3.703797 5.272096
v -7.301744 3.701858 5.272096
v -7.303265 3.704038 5.323622
v -7.308580 3.709334 5.323622
v -7.305922 3.704747 5.323622
v -7.307868 3.706686 5.323622
v -7.281695 3.753202 4.960039
v -7.287047 3.758519 4.960039
v -7.282412 3.755860 4.960039
v -7.284371 3.757807 4.960039
v -7.275504 3.756091 5.011565
v -7.280857 3.761408 5.011565
v -7.276221 3.758750 5.011565
v -7.278181 3.760696 5.011565
v -7.270213 3.760182 5.073032
v -7.275566 3.765499 5.073032
v -7.270930 3.762841 5.073032
v -7.272890 3.764787 5.073032
v -7.268156 3.763360 5.141831
v -7.273508 3.768678 5.141831
v -7.268873 3.766019 5.141831
v -7.270832 3.767965 5.141831
v -7.270213 3.760182 5.210629
v -7.275566 3.765499 5.210629
v -7.270930 3.762841 5.210629
v -7.272890 3.764787 5.210629
v -7.275504 3.756091 5.272096
v -7.280857 3.761408 5.272096
v -7.276221 3.758750 5.272096
v -7.278181 3.760696 5.272096
v -7.287047 3.758519 5.323622
v -7.281695 3.753202 5.323622
v -7.284371 3.757807 5.323622
v -7.282412 3.755860 5.323622
v -7.306491 3.707890 4.985802
v -7.301210 3.702617 4.985375
v -7.305784 3.705244 4.985745
v -7.303851 3.703314 4.985589
v -7.306491 3.707890 5.297859
v -7.301210 3.702617 5.298286
v -7.305784 3.705244 5.297916
v -7.303851 3.703314 5.298073
v -7.300166 3.701894 4.998257
v -7.305447 3.707167 4.998684
v -7.302806 3.702592 4.998470
v -7.304739 3.704522 4.998626
v -7.302255 3.703339 5.311167
v -7.307536 3.708612 5.310741
v -7.304895 3.704037 5.310954
v -7.306828 3.705967 5.310798
v -7.302255 3.703339 4.972494
v -7.307536 3.708612 4.972921
v -7.304895 3.704037 4.972707
v -7.306828 3.705967 4.972864
v -7.300166 3.701894 5.285405
v -7.305447 3.707167 5.284978
v -7.302806 3.702592 5.285191
v -7.304739 3.704522 5.285035
v -7.293328 3.704970 5.373367
v -7.293960 3.706965 5.375339
v -7.293616 3.705570 5.374762
v -7.287976 3.710287 5.373367
v -7.290298 3.710601 5.375339
v -7.288759 3.710395 5.374762
v -7.290652 3.705683 5.373367
v -7.292035 3.707477 5.375339
v -7.291160 3.706224 5.374762
v -7.288693 3.707629 5.373367
v -7.290813 3.708691 5.375339
v -7.289417 3.707955 5.374762
v -7.308598 3.757586 5.373367
v -7.308660 3.755592 5.375339
v -7.308704 3.756987 5.374762
v -7.313914 3.752290 5.373367
v -7.312282 3.751983 5.375339
v -7.313523 3.752185 5.374762
v -7.311256 3.756877 5.373367
v -7.310565 3.755083 5.375339
v -7.311141 3.756336 5.374762
v -7.313202 3.754938 5.373367
v -7.311771 3.753881 5.375339
v -7.312870 3.754613 5.374762
v -7.287976 3.710287 4.910294
v -7.290298 3.710601 4.908322
v -7.288759 3.710395 4.908899
v -7.293328 3.704970 4.910294
v -7.293960 3.706965 4.908322
v -7.293616 3.705570 4.908899
v -7.288693 3.707629 4.910294
v -7.290813 3.708691 4.908322
v -7.289417 3.707955 4.908899
v -7.290652 3.705683 4.910294
v -7.292035 3.707477 4.908322
v -7.291160 3.706224 4.908899
v -7.313914 3.752290 4.910294
v -7.312282 3.751983 4.908322
v -7.313523 3.752185 4.908899
v -7.308598 3.757586 4.910294
v -7.308660 3.755592 4.908322
v -7.308704 3.756987 4.908899
v -7.313202 3.754938 4.910294
v -7.311771 3.753881 4.908322
v -7.312870 3.754613 4.908899
v -7.311256 3.756877 4.910294
v -7.310565 3.755083 4.908322
v -7.311141 3.756336 4.908899
v -7.287976 3.752269 5.373367
v -7.290298 3.751955 5.375339
v -7.288759 3.752162 5.374762
v -7.293328 3.757586 5.373367
v -7.293960 3.755592 5.375339
v -7.293616 3.756987 5.374762
v -7.288693 3.754928 5.373367
v -7.290813 3.753866 5.375339
v -7.289417 3.754602 5.374762
v -7.290652 3.756874 5.373367
v -7.292035 3.755080 5.375339
v -7.291160 3.756333 5.374762
v -7.313914 3.710266 5.373367
v -7.312282 3.710574 5.375339
v -7.313523 3.710372 5.374762
v -7.308598 3.704970 5.373367
v -7.308660 3.706965 5.375339
v -7.308704 3.705570 5.374762
v -7.313202 3.707618 5.373367
v -7.311771 3.708675 5.375339
v -7.312870 3.707943 5.374762
v -7.311256 3.705680 5.373367
v -7.310565 3.707473 5.375339
v -7.311141 3.706221 5.374762
v -7.293328 3.757586 4.910294
v -7.293960 3.755592 4.908322
v -7.293616 3.756987 4.908899
v -7.287976 3.752269 4.910294
v -7.290298 3.751955 4.908322
v -7.288759 3.752162 4.908899
v -7.290652 3.756874 4.910294
v -7.292035 3.755080 4.908322
v -7.291160 3.756333 4.908899
v -7.288693 3.754928 4.910294
v -7.290813 3.753866 4.908322
v -7.289417 3.754602 4.908899
v -7.308598 3.704970 4.910294
v -7.308660 3.706965 4.908322
v -7.308704 3.705570 4.908899
v -7.313914 3.710266 4.910294
v -7.312282 3.710574 4.908322
v -7.313523 3.710372 4.908899
v -7.311256 3.705680 4.910294
v -7.310565 3.707473 4.908322
v -7.311141 3.706221 4.908899
v -7.313202 3.707618 4.910294
v -7.311771 3.708675 4.908322
v -7.312870 3.707943 4.908899
v -9.304082 0.313303 4.194805
v -7.355446 0.313303 4.194805
v -7.355446 0.313303 6.088857
v -9.304082 0.313303 6.088856
v -9.304081 1.906032 4.194805
v -7.355446 1.906032 4.194805
v -9.304082 1.906032 6.088856
v -7.355446 1.906032 6.088857
v -9.289648 0.342023 4.209238
v -7.369880 0.342022 4.209238
v -7.369880 0.342022 6.074423
v -9.289649 0.342023 6.074422
v -9.286404 1.906032 4.212482
v -7.373123 1.906032 4.212482
v -9.286405 1.906032 6.071179
v -7.373123 1.906032 6.071180
v -9.304081 1.913996 4.194805
v -7.355446 1.913995 4.194805
v -7.355446 1.913995 6.088857
v -9.304082 1.913996 6.088856
v -9.304081 3.506725 4.194805
v -7.355445 3.506724 4.194805
v -9.304081 3.506725 6.088856
v -7.355445 3.506724 6.088857
v -9.289648 1.942715 4.209238
v -7.369879 1.942715 4.209238
v -7.369880 1.942715 6.074423
v -9.289648 1.942715 6.074422
v -9.286404 3.506725 4.212482
v -7.373122 3.506724 4.212482
v -9.286404 3.506725 6.071179
v -7.373122 3.506724 6.071180
v -9.303805 3.514781 4.194805
v -7.355169 3.514780 4.194805
v -7.355170 3.514780 6.088857
v -9.303806 3.514781 6.088856
v -9.303805 3.968602 4.194805
v -7.355169 3.968602 4.194805
v -9.303805 3.968602 6.088856
v -7.355169 3.968602 6.088857
v -9.289371 3.543499 4.209238
v -7.369603 3.543499 4.209238
v -7.369603 3.543499 6.074423
v -9.289372 3.543499 6.074422
v -9.286128 3.968602 4.212482
v -7.372846 3.968602 4.212482
v -9.286128 3.968602 6.071179
v -7.372846 3.968602 6.071180
v -9.304082 2.710361 6.088856
v -7.355446 2.710360 6.088857
v -7.355445 2.710360 4.194805
v -9.304081 2.710361 4.194805
v -9.304082 1.109668 6.088856
v -7.355446 1.109667 6.088857
v -7.355446 1.109667 4.194805
v -9.304082 1.109668 4.194805
v -9.304081 1.913996 5.141830
v -7.355446 1.913995 5.141831
v -9.304081 3.506725 5.141830
v -7.355445 3.506724 5.141831
v -9.289648 1.942715 5.141830
v -7.369879 1.942715 5.141831
v -9.286404 3.506725 5.141830
v -7.373122 3.506724 5.141831
v -9.304081 2.710361 5.141830
v -7.355445 2.710360 5.141831
v -9.304082 0.313303 5.141830
v -7.355446 0.313303 5.141831
v -9.304081 1.906032 5.141830
v -7.355446 1.906032 5.141831
v -9.289648 0.342023 5.141830
v -7.369880 0.342022 5.141831
v -9.286405 1.906032 5.141830
v -7.373123 1.906032 5.141831
v -9.304082 1.109668 5.141830
v -7.355446 1.109667 5.141831
v -8.329763 1.913996 4.194805
v -8.329764 1.913996 6.088856
v -8.329763 3.506725 4.194805
v -8.329763 3.506725 6.088856
v -8.329763 1.942715 4.209238
v -8.329764 1.942715 6.074423
v -8.329763 3.506725 4.212482
v -8.329763 3.506725 6.071179
v -8.329763 2.710360 4.194805
v -8.329764 2.710360 6.088856
v -8.329764 1.942715 5.141831
v -8.329764 1.913996 5.141831
v -8.329764 0.313303 4.194805
v -8.329764 0.313303 6.088856
v -8.329763 1.906032 4.194805
v -8.329764 1.906032 6.088856
v -8.329764 0.342022 4.209238
v -8.329764 0.342022 6.074423
v -8.329763 1.906032 4.212482
v -8.329764 1.906032 6.071179
v -8.329764 1.109668 4.194805
v -8.329764 1.109668 6.088856
v -8.329764 0.342022 5.141831
v -8.329764 0.313303 5.141831
v -8.329487 3.514780 4.194805
v -8.329488 3.514780 6.088856
v -8.329487 3.968602 4.194805
v -8.329487 3.968602 6.088856
v -8.329487 3.543499 4.209238
v -8.329488 3.543499 6.074423
v -8.329487 3.968602 4.212482
v -8.329487 3.968602 6.071179
v -9.303805 3.514781 5.141830
v -7.355169 3.514780 5.141831
v -9.303805 3.968602 5.141830
v -7.355169 3.968602 5.141831
v -9.289371 3.543499 5.141830
v -7.369603 3.543499 5.141831
v -9.286128 3.968602 5.141830
v -7.372846 3.968602 5.141831
v -8.329487 3.543499 5.141831
v -8.329487 3.514780 5.141831
v -9.288026 2.724720 6.072801
v -7.371501 2.724719 6.072801
v -7.371501 2.724719 4.210860
v -9.288026 2.724720 4.210860
v -9.288026 2.724720 5.141830
v -7.371501 2.724719 5.141831
v -8.329763 2.724720 4.210860
v -8.329764 2.724720 6.072801
v -9.288027 1.124028 6.072801
v -7.371501 1.124027 6.072801
v -7.371501 1.124027 4.210860
v -9.288026 1.124028 4.210860
v -9.288026 1.124028 5.141830
v -7.371501 1.124027 5.141831
v -8.329764 1.124027 4.210860
v -8.329764 1.124027 6.072801
v -9.378610 3.986514 4.158935
v -9.378612 0.138756 4.158935
v -7.340763 3.986513 4.158935
v -7.340764 0.138755 4.158935
v -9.378610 3.986514 6.124726
v -9.378612 0.138756 6.124726
v -7.340763 3.986513 6.124726
v -7.340764 0.138755 6.124726
v -9.303611 3.974471 4.197907
v -9.303612 0.306204 4.197907
v -7.340763 3.974470 4.197907
v -7.340764 0.306203 4.197907
v -9.303611 3.974471 6.085755
v -9.303612 0.306204 6.085755
v -7.340763 3.974470 6.085755
v -7.340764 0.306203 6.085755
v -7.391221 4.030515 4.207609
v -7.391221 4.030515 6.076052
v -9.328153 4.030515 4.207609
v -9.328153 4.030515 6.076052
v -7.323471 3.986140 4.142255
v -7.323471 3.986140 6.141406
v -9.395902 3.986141 4.142255
v -9.395902 3.986141 6.141406
v -7.323471 4.026657 4.142255
v -7.327776 4.030795 4.146408
v -7.324732 4.029622 4.143472
v -7.327776 4.030795 6.137253
v -7.323471 4.026657 6.141406
v -7.324732 4.029622 6.140190
v -9.395902 4.026658 4.142255
v -9.391597 4.030796 4.146408
v -9.394641 4.029622 4.143472
v -9.395902 4.026658 6.141406
v -9.391597 4.030796 6.137253
v -9.394641 4.029622 6.140190
v -7.340763 2.703927 4.158935
v -7.340763 1.421341 4.158935
v -9.378611 2.703928 4.158935
v -9.378611 1.421342 4.158935
v -9.378611 2.703928 6.124726
v -9.378611 1.421342 6.124726
v -7.340763 1.421341 6.124726
v -7.340763 2.703927 6.124726
v -7.340763 2.751714 4.197907
v -7.340763 1.528959 4.197907
v -9.303611 2.751715 4.197907
v -9.303611 1.528959 4.197907
v -9.303611 2.751715 6.085755
v -9.303611 1.528959 6.085755
v -7.340763 1.528959 6.085755
v -7.340763 2.751714 6.085755
v -8.359686 3.986514 4.158935
v -8.359688 0.138756 4.158935
v -8.359687 3.986514 6.124726
v -8.359688 0.138756 6.124726
v -8.359687 4.030515 4.207609
v -8.359687 4.030515 6.076052
v -8.359687 3.986140 4.142255
v -8.359687 3.986140 6.141406
v -8.359686 4.030796 4.146408
v -8.359687 4.029622 4.143472
v -8.359687 4.026658 4.142255
v -8.359687 4.030796 6.137253
v -8.359687 4.029622 6.140190
v -8.359687 4.026658 6.141406
v -8.359687 1.421342 6.124726
v -8.359687 2.703927 6.124726
v -8.359687 1.421341 4.158935
v -8.359687 2.703927 4.158935
v -7.340763 3.986513 5.141831
v -7.340764 0.138755 5.141831
v -9.378610 3.986514 5.141831
v -9.378612 0.138756 5.141831
v -7.340763 3.974470 5.141831
v -7.340764 0.306203 5.141831
v -9.303611 3.974471 5.141831
v -9.303612 0.306204 5.141831
v -7.391221 4.030515 5.141831
v -9.328153 4.030515 5.141831
v -7.323471 3.986140 5.141831
v -9.395902 3.986141 5.141831
v -7.327776 4.030795 5.141831
v -7.324732 4.029622 5.141831
v -7.323471 4.026657 5.141831
v -9.391597 4.030796 5.141831
v -9.394641 4.029622 5.141831
v -9.395902 4.026658 5.141831
v -9.303611 1.528959 5.141831
v -9.303611 2.751715 5.141831
v -9.378611 1.421342 5.141831
v -9.378611 2.703928 5.141831
v -8.359687 4.030515 5.141831
v -8.359688 0.138756 5.141831
vt 0.281601 0.926848
vt 0.427099 0.243862
vt 0.465977 0.230367
vt 0.281601 0.470542
vt 0.420568 0.262571
vt 0.139690 0.448188
vt 0.426924 0.165232
vt 0.446490 0.242919
vt 0.438753 0.187708
vt 0.281601 0.285793
vt 0.416343 0.275755
vt 0.444375 0.227177
vt 0.461918 0.276171
vt 0.460951 0.259421
vt 0.429575 0.242798
vt 0.460129 0.167364
vt 0.465873 0.210821
vt 0.459655 0.268784
vt 0.436644 0.227023
vt 0.436845 0.201749
vt 0.446306 0.169659
vt 0.426619 0.174615
vt 0.467569 0.180524
vt 0.438473 0.183997
vt 0.146859 0.629090
vt 0.452772 0.259505
vt 0.453763 0.259606
vt 0.449699 0.276633
vt 0.140523 0.503706
vt 0.446243 0.262626
vt 0.343024 0.715747
vt 0.786083 0.847972
vt 0.437618 0.157939
vt 0.466400 0.226805
vt 0.420568 0.223265
vt 0.430813 0.169659
vt 0.147057 0.285781
vt 0.438433 0.223312
vt 0.140619 0.490135
vt 0.436962 0.262626
vt 0.455265 0.276287
vt 0.446564 0.163361
vt 0.428192 0.184924
vt 0.453763 0.269071
vt 0.417380 0.230682
vt 0.547008 0.424800
vt 0.728363 0.555754
vt 0.664200 0.847860
vt 0.467019 0.200752
vt 0.459984 0.230195
vt 0.420286 0.236451
vt 0.416552 0.218833
vt 0.482178 0.004125
vt 0.426654 0.218884
vt 0.437378 0.161521
vt 0.430450 0.225171
vt 0.428735 0.187708
vt 0.448203 0.276512
vt 0.445284 0.187708
vt 0.456350 0.276287
vt 0.447049 0.157838
vt 0.452568 0.268847
vt 0.420435 0.197248
vt 0.429668 0.241544
vt 0.427742 0.262626
vt 0.436787 0.262626
vt 0.458304 0.230195
vt 0.427116 0.227023
vt 0.445870 0.236568
vt 0.445729 0.270021
vt 0.670644 0.696053
vt 0.608218 0.426073
vt 0.452587 0.246662
vt 0.429727 0.183997
vt 0.446830 0.240151
vt 0.140538 0.474246
vt 0.141788 0.360402
vt 0.429715 0.164769
vt 0.467268 0.186393
vt 0.430082 0.265410
vt 0.139866 0.466952
vt 0.417099 0.236454
vt 0.455807 0.279888
vt 0.105644 0.921688
vt 0.271607 0.848488
vt 0.793467 0.002881
vt 0.446470 0.208622
vt 0.460552 0.176825
vt 0.438803 0.236468
vt 0.430273 0.236468
vt 0.430083 0.201764
vt 0.445699 0.191291
vt 0.436466 0.174615
vt 0.427353 0.157939
vt 0.420966 0.218833
vt 0.430450 0.163373
vt 0.420839 0.258134
vt 0.430323 0.263554
vt 0.427778 0.264020
vt 0.451340 0.221415
vt 0.436953 0.200836
vt 0.439081 0.270021
vt 0.459999 0.200754
vt 0.452610 0.250093
vt 0.442756 0.276459
vt 0.146859 0.923381
vt 0.896250 0.555750
vt 0.670644 0.771957
vt 0.452495 0.249969
vt 0.459405 0.186415
vt 0.427178 0.157939
vt 0.141019 0.484368
vt 0.426829 0.258199
vt 0.460951 0.268794
vt 0.427360 0.157838
vt 0.670592 0.285770
vt 0.737284 0.285770
vt 0.346310 0.562038
vt 0.548013 0.077479
vt 0.926142 0.984388
vt 0.437483 0.218884
vt 0.452314 0.198577
vt 0.417125 0.183958
vt 0.428735 0.226095
vt 0.429230 0.162449
vt 0.447161 0.236468
vt 0.452456 0.158184
vt 0.931411 0.982252
vt 0.211596 0.629090
vt 0.211596 0.555737
vt 0.249866 0.923390
vt 0.906982 0.424033
vt 0.142118 0.280011
vt 0.452712 0.237217
vt 0.437965 0.253244
vt 0.427754 0.204085
vt 0.140523 0.500105
vt 0.460129 0.186354
vt 0.670644 0.625902
vt 0.545896 0.916068
vt 0.467383 0.987026
vt 0.650798 0.847860
vt 0.798707 0.354882
vt 0.459143 0.220808
vt 0.451740 0.207180
vt 0.437915 0.169659
vt 0.446834 0.161521
vt 0.417125 0.223264
vt 0.141017 0.483264
vt 0.427195 0.163377
vt 0.460853 0.189886
vt 0.446760 0.265414
vt 0.420405 0.230687
vt 0.452776 0.157938
vt 0.906982 0.285770
vt 0.478431 0.373846
vt 0.898368 0.071089
vt 0.788198 0.073059
vt 0.436423 0.197253
vt 0.444377 0.199238
vt 0.430275 0.185852
vt 0.437493 0.157939
vt 0.417099 0.197149
vt 0.002635 0.461902
vt 0.465873 0.197251
vt 0.429278 0.263554
vt 0.420966 0.179527
vt 0.438964 0.270021
vt 0.429680 0.202692
vt 0.139807 0.462525
vt 0.139487 0.447256
vt 0.417009 0.226992
vt 0.598347 0.916068
vt 0.675913 0.772039
vt 0.889089 0.841969
vt 0.524155 0.920846
vt 0.420873 0.174564
vt 0.436600 0.230605
vt 0.437649 0.236468
vt 0.146859 0.848488
vt 0.427020 0.225171
vt 0.430848 0.253244
vt 0.427178 0.236568
vt 0.427116 0.266337
vt 0.430295 0.236568
vt 0.449382 0.276287
vt 0.453948 0.265592
vt 0.451740 0.197153
vt 0.438235 0.242904
vt 0.430545 0.243862
vt 0.430370 0.223312
vt 0.453297 0.167303
vt 0.426619 0.213929
vt 0.139723 0.446301
vt 0.430639 0.169659
vt 0.929743 0.212227
vt 0.728363 0.842207
vt 0.142118 0.002889
vt 0.466846 0.170963
vt 0.441325 0.276334
vt 0.138926 0.480113
vt 0.426654 0.208974
vt 0.420308 0.197244
vt 0.427387 0.186780
vt 0.417368 0.236548
vt 0.452456 0.167315
vt 0.438223 0.179570
vt 0.444371 0.253244
vt 0.139228 0.503716
vt 0.430355 0.240151
vt 0.139558 0.448188
vt 0.427742 0.243862
vt 0.427068 0.201760
vt 0.436787 0.243862
vt 0.141788 0.435031
vt 0.433806 0.279990
vt 0.429633 0.200836
vt 0.452452 0.240675
vt 0.444691 0.179570
vt 0.427360 0.236468
vt 0.446550 0.262626
vt 0.452534 0.256263
vt 0.438684 0.162445
vt 0.438613 0.185856
vt 0.452499 0.161370
vt 0.411019 0.562894
vt 0.054139 0.921688
vt 0.146859 0.555737
vt 0.430813 0.208974
vt 0.428735 0.161521
vt 0.452754 0.176678
vt 0.460853 0.171033
vt 0.420376 0.226987
vt 0.416681 0.218829
vt 0.666869 0.919853
vt 0.452776 0.161440
vt 0.420662 0.248227
vt 0.139794 0.467910
vt 0.139723 0.500115
vt 0.139723 0.503716
vt 0.427068 0.265414
vt 0.438410 0.242919
vt 0.465873 0.200851
vt 0.416820 0.223269
vt 0.545844 0.355921
vt 0.608218 0.424800
vt 0.446470 0.207180
vt 0.420308 0.236550
vt 0.427360 0.191391
vt 0.453871 0.157975
vt 0.420376 0.266293
vt 0.427838 0.227023
vt 0.426619 0.253244
vt 0.460151 0.268784
vt 0.438442 0.266337
vt 0.452456 0.170916
vt 0.415879 0.702838
vt 0.408453 0.562027
vt 0.446883 0.270021
vt 0.615656 0.002881
vt 0.788198 0.002888
vt 0.482178 0.002881
vt 0.002635 0.002881
vt 0.430545 0.262626
vt 0.459405 0.190015
vt 0.430848 0.213929
vt 0.467019 0.197153
vt 0.466132 0.236468
vt 0.446469 0.209847
vt 0.461051 0.157838
vt 0.427178 0.230605
vt 0.430295 0.230605
vt 0.446883 0.236468
vt 0.064058 0.710533
vt 0.445995 0.248289
vt 0.447165 0.157838
vt 0.429633 0.187708
vt 0.427099 0.262626
vt 0.437914 0.258199
vt 0.458600 0.220808
vt 0.420131 0.269988
vt 0.465977 0.220868
vt 0.728363 0.916160
vt 0.728363 0.984340
vt 0.458703 0.197163
vt 0.460552 0.167402
vt 0.452553 0.246799
vt 0.430082 0.226095
vt 0.459706 0.186392
vt 0.417368 0.197242
vt 0.438798 0.191291
vt 0.467268 0.189992
vt 0.426445 0.253244
vt 0.141423 0.452615
vt 0.466423 0.167402
vt 0.445695 0.236568
vt 0.453767 0.157838
vt 0.912251 0.354902
vt 0.438307 0.163346
vt 0.446470 0.197153
vt 0.446470 0.209260
vt 0.459007 0.207133
vt 0.427068 0.241075
vt 0.427242 0.226095
vt 0.429691 0.203154
vt 0.446180 0.174615
vt 0.139224 0.440793
vt 0.427099 0.183997
vt 0.454136 0.167315
vt 0.465253 0.220807
vt 0.427199 0.230706
vt 0.445810 0.217956
vt 0.420308 0.157938
vt 0.437780 0.230605
vt 0.650798 0.916068
vt 0.540627 0.843122
vt 0.467268 0.170925
vt 0.453867 0.265505
vt 0.420376 0.187682
vt 0.428240 0.265410
vt 0.453762 0.246537
vt 0.421176 0.174570
vt 0.430275 0.202692
vt 0.438341 0.165232
vt 0.453925 0.269023
vt 0.437653 0.157838
vt 0.803976 0.423791
vt 0.658931 0.847952
vt 0.405940 0.709985
vt 0.426972 0.203615
vt 0.429575 0.164168
vt 0.417198 0.191276
vt 0.446527 0.187708
vt 0.453982 0.259243
vt 0.139690 0.466952
vt 0.427195 0.225167
vt 0.444377 0.209266
vt 0.139653 0.445374
vt 0.452769 0.255902
vt 0.459009 0.200754
vt 0.209233 0.778346
vt 0.793467 0.279162
vt 0.446630 0.265425
vt 0.417122 0.165201
vt 0.417104 0.191382
vt 0.788198 0.143230
vt 0.129920 0.630256
vt 0.427895 0.185061
vt 0.430083 0.241079
vt 0.454083 0.256250
vt 0.417122 0.243813
vt 0.447045 0.270021
vt 0.837586 0.842090
vt 0.656067 0.997119
vt 0.428735 0.240151
vt 0.438610 0.242002
vt 0.417009 0.187686
vt 0.140116 0.462525
vt 0.139224 0.474346
vt 0.452538 0.158198
vt 0.656067 0.922490
vt 0.460151 0.259411
vt 0.460151 0.255810
vt 0.427790 0.264482
vt 0.416855 0.169616
vt 0.438090 0.258199
vt 0.454136 0.189667
vt 0.417005 0.240122
vt 0.276332 0.280002
vt 0.054139 0.854636
vt 0.429644 0.240613
vt 0.438608 0.204547
vt 0.437301 0.213929
vt 0.454083 0.249795
vt 0.459655 0.255810
vt 0.427147 0.203619
vt 0.141241 0.448188
vt 0.436291 0.253244
vt 0.459686 0.226582
vt 0.446490 0.263569
vt 0.436784 0.225171
vt 0.446699 0.266337
vt 0.446471 0.197910
vt 0.430323 0.242934
vt 0.436312 0.230706
vt 0.526823 0.992808
vt 0.427360 0.197153
vt 0.427195 0.242006
vt 0.446468 0.200309
vt 0.427116 0.240151
vt 0.438798 0.157939
vt 0.438195 0.200836
vt 0.449504 0.276424
vt 0.453741 0.268970
vt 0.429691 0.163839
vt 0.420662 0.169616
vt 0.453840 0.180279
vt 0.138927 0.480870
vt 0.452534 0.259245
vt 0.281601 0.853971
vt 0.002635 0.779645
vt 0.002635 0.280003
vt 0.002635 0.187629
vt 0.417442 0.004125
vt 0.411074 0.187632
vt 0.417193 0.236550
vt 0.430813 0.218884
vt 0.427936 0.241215
vt 0.465572 0.210852
vt 0.445873 0.174615
vt 0.427242 0.162449
vt 0.437813 0.191391
vt 0.139277 0.470663
vt 0.441250 0.279629
vt 0.460951 0.246447
vt 0.465554 0.230329
vt 0.438162 0.262626
vt 0.438971 0.269920
vt 0.452667 0.250003
vt 0.459655 0.250038
vt 0.421176 0.253181
vt 0.139417 0.468812
vt 0.466400 0.220906
vt 0.445733 0.191391
vt 0.460303 0.197163
vt 0.453434 0.211388
vt 0.427199 0.236468
vt 0.460863 0.240068
vt 0.427838 0.187708
vt 0.460646 0.268784
vt 0.436953 0.227023
vt 0.452456 0.180291
vt 0.427936 0.265273
vt 0.669427 0.355921
vt 0.615656 0.141911
vt 0.793467 0.145292
vt 0.284167 0.385918
vt 0.064058 0.848758
vt 0.554446 0.073032
vt 0.793467 0.071089
vt 0.068389 0.699986
vt 0.546914 0.077478
vt 0.446071 0.227177
vt 0.452456 0.186066
vt 0.417005 0.200816
vt 0.540575 0.461901
vt 0.441250 0.276647
vt 0.446070 0.217207
vt 0.427242 0.265410
vt 0.458600 0.226582
vt 0.453925 0.259558
vt 0.453948 0.259381
vt 0.460646 0.246437
vt 0.427020 0.163373
vt 0.896252 0.984388
vt 0.664200 0.991846
vt 0.427389 0.162449
vt 0.429535 0.201900
vt 0.428735 0.162449
vt 0.445894 0.191391
vt 0.446071 0.229465
vt 0.438964 0.236468
vt 0.735748 0.143227
vt 0.554446 0.141911
vt 0.249866 0.854492
vt 0.427742 0.165232
vt 0.140218 0.440793
vt 0.427826 0.226560
vt 0.442479 0.276287
vt 0.417309 0.200811
vt 0.451340 0.220311
vt 0.453741 0.259505
vt 0.416551 0.208927
vt 0.417214 0.197145
vt 0.411019 0.470519
vt 0.540575 0.373835
vt 0.798707 0.285770
vt 0.427838 0.200836
vt 0.430082 0.186780
vt 0.437306 0.208974
vt 0.446764 0.162445
vt 0.438412 0.184940
vt 0.837586 0.773075
vt 0.427790 0.185852
vt 0.139548 0.446317
vt 0.459686 0.220808
vt 0.466122 0.176794
vt 0.427353 0.230605
vt 0.416855 0.208921
vt 0.445733 0.157838
vt 0.438445 0.161521
vt 0.427838 0.266337
vt 0.346310 0.562905
vt 0.411074 0.280008
vt 0.427826 0.187245
vt 0.444378 0.198600
vt 0.420664 0.179522
vt 0.429727 0.204547
vt 0.444551 0.174615
vt 0.931408 0.624882
vt 0.417198 0.269888
vt 0.446875 0.269920
vt 0.426924 0.262626
vt 0.452769 0.259606
vt 0.786083 0.984330
vt 0.650798 0.984276
vt 0.780813 0.842204
vt 0.478431 0.285781
vt 0.658735 0.847860
vt 0.466701 0.226828
vt 0.417134 0.200812
vt 0.453434 0.200256
vt 0.430402 0.241075
vt 0.459143 0.226582
vt 0.436789 0.183997
vt 0.901745 0.145292
vt 0.249866 0.992288
vt 0.448388 0.279990
vt 0.430228 0.186780
vt 0.140619 0.494343
vt 0.466718 0.207145
vt 0.438540 0.242930
vt 0.281601 0.715747
vt 0.931408 0.694014
vt 0.670644 0.701815
vt 0.281601 0.002881
vt 0.427754 0.243400
vt 0.793467 0.212227
vt 0.438552 0.186795
vt 0.553282 0.143184
vt 0.427147 0.263554
vt 0.445153 0.219259
vt 0.466846 0.186355
vt 0.420503 0.266297
vt 0.417380 0.269988
vt 0.430120 0.191291
vt 0.446554 0.165232
vt 0.438091 0.179570
vt 0.838533 0.984340
vt 0.945862 0.704051
vt 0.452571 0.161317
vt 0.437374 0.240151
vt 0.459416 0.236597
vt 0.420138 0.230580
vt 0.427754 0.184461
vt 0.452495 0.265538
vt 0.452651 0.161404
vt 0.844972 0.279279
vt 0.408453 0.473962
vt 0.459655 0.265183
vt 0.452568 0.265591
vt 0.460129 0.189954
vt 0.466701 0.220937
vt 0.430129 0.164305
vt 0.427290 0.200836
vt 0.139409 0.444476
vt 0.418436 0.275755
vt 0.466423 0.189916
vt 0.460129 0.170964
vt 0.460552 0.180425
vt 0.459352 0.268794
vt 0.429575 0.263690
vt 0.430355 0.266337
vt 0.429680 0.242006
vt 0.453867 0.259468
vt 0.467569 0.170903
vt 0.420966 0.258138
vt 0.420197 0.200811
vt 0.415879 0.772980
vt 0.780813 0.772033
vt 0.838531 0.625925
vt 0.940248 0.286000
vt 0.281601 0.993755
vt 0.408453 0.297830
vt 0.658735 0.922490
vt 0.276332 0.461902
vt 0.461051 0.160127
vt 0.417064 0.197248
vt 0.438968 0.191391
vt 0.445869 0.253244
vt 0.435899 0.275783
vt 0.417134 0.161506
vt 0.431022 0.253244
vt 0.449617 0.276647
vt 0.436591 0.230706
vt 0.139794 0.447229
vt 0.452772 0.265468
vt 0.453741 0.256003
vt 0.446315 0.263585
vt 0.855479 0.354897
vt 0.429230 0.226095
vt 0.429278 0.224239
vt 0.436608 0.169659
vt 0.343024 0.784859
vt 0.436466 0.253244
vt 0.140412 0.440894
vt 0.140489 0.474346
vt 0.452452 0.256248
vt 0.441325 0.279943
vt 0.139063 0.474346
vt 0.466701 0.230428
vt 0.896250 0.625922
vt 0.889089 0.773070
vt 0.427290 0.240151
vt 0.460853 0.167433
vt 0.446423 0.183997
vt 0.147057 0.373846
vt 0.141788 0.285773
vt 0.658931 0.997029
vt 0.430497 0.263558
vt 0.456350 0.279888
vt 0.456649 0.279900
vt 0.780814 0.847991
vt 0.453026 0.237892
vt 0.459007 0.210734
vt 0.460303 0.207122
vt 0.458304 0.226594
vt 0.429535 0.186644
vt 0.427826 0.201300
vt 0.894358 0.704155
vt 0.446070 0.221415
vt 0.427895 0.242798
vt 0.436432 0.248289
vt 0.416472 0.253177
vt 0.446690 0.264486
vt 0.415879 0.987147
vt 0.669427 0.287043
vt 0.845918 0.139297
vt 0.284167 0.297852
vt 0.526823 0.848884
vt 0.420197 0.161505
vt 0.426924 0.243862
vt 0.466846 0.176863
vt 0.430228 0.162449
vt 0.438307 0.185883
vt 0.926139 0.625924
vt 0.437615 0.236568
vt 0.437810 0.270021
vt 0.449504 0.279853
vt 0.446419 0.262626
vt 0.141019 0.480865
vt 0.465253 0.226698
vt 0.445046 0.183997
vt 0.452495 0.256073
vt 0.139723 0.468838
vt 0.139056 0.474246
vt 0.428735 0.186780
vt 0.436915 0.225182
vt 0.453982 0.268708
vt 0.452567 0.256126
vt 0.467268 0.167326
vt 0.676866 0.004154
vt 0.002635 0.988623
vt 0.002635 0.921688
vt 0.002635 0.549967
vt 0.006859 0.630256
vt 0.006859 0.699986
vt 0.002635 0.095255
vt 0.429644 0.187244
vt 0.453434 0.210284
vt 0.438339 0.243862
vt 0.459999 0.197153
vt 0.146859 0.702443
vt 0.427242 0.186780
vt 0.427826 0.265875
vt 0.141019 0.482188
vt 0.141241 0.466952
vt 0.437813 0.157838
vt 0.669480 0.694781
vt 0.786083 0.916151
vt 0.838531 0.555754
vt 0.675861 0.423994
vt 0.894358 0.837968
vt 0.666869 0.991846
vt 0.459405 0.170903
vt 0.140653 0.470663
vt 0.429691 0.185390
vt 0.452460 0.218631
vt 0.139120 0.285773
vt 0.453765 0.246437
vt 0.466122 0.171032
vt 0.140218 0.474346
vt 0.428735 0.184924
vt 0.438020 0.227023
vt 0.125481 0.779645
vt 0.064058 0.779645
vt 0.676866 0.073032
vt 0.068389 0.555958
vt 0.416343 0.077479
vt 0.430370 0.204547
vt 0.420197 0.240116
vt 0.446419 0.243862
vt 0.445280 0.240151
vt 0.416343 0.152076
vt 0.452495 0.246609
vt 0.417375 0.157838
vt 0.140412 0.474246
vt 0.728363 0.847981
vt 0.737284 0.423994
vt 0.658931 0.922490
vt 0.427147 0.224239
vt 0.139409 0.470663
vt 0.416472 0.213871
vt 0.438377 0.186811
vt 0.442457 0.279889
vt 0.438090 0.248289
vt 0.438550 0.265425
vt 0.438803 0.270021
vt 0.430273 0.270021
vt 0.460646 0.255810
vt 0.453297 0.189655
vt 0.445894 0.157838
vt 0.416288 0.373857
vt 0.133951 0.630256
vt 0.997365 0.703947
vt 0.134144 0.630254
vt 0.417373 0.191275
vt 0.438480 0.241991
vt 0.427802 0.162914
vt 0.447049 0.191391
vt 0.420693 0.204513
vt 0.454968 0.276299
vt 0.417134 0.240118
vt 0.429633 0.266337
vt 0.453888 0.250003
vt 0.417064 0.157942
vt 0.460129 0.176863
vt 0.417104 0.269993
vt 0.427802 0.202229
vt 0.448068 0.276635
vt 0.454968 0.279900
vt 0.437585 0.197153
vt 0.445496 0.218631
vt 0.438932 0.213929
vt 0.459997 0.210734
vt 0.420500 0.200816
vt 0.453952 0.161316
vt 0.445729 0.236468
vt 0.926139 0.555752
vt 0.460151 0.250038
vt 0.417009 0.266297
vt 0.418436 0.279963
vt 0.460853 0.180394
vt 0.437789 0.253244
vt 0.436607 0.248289
vt 0.429575 0.185061
vt 0.420839 0.179523
vt 0.430113 0.157838
vt 0.430273 0.230706
vt 0.436854 0.224243
vt 0.430295 0.197253
vt 0.427178 0.197253
vt 0.438341 0.183997
vt 0.420313 0.191276
vt 0.140802 0.854519
vt 0.427195 0.264482
vt 0.452000 0.197902
vt 0.437057 0.223312
vt 0.417099 0.157843
vt 0.417122 0.204507
vt 0.452613 0.161494
vt 0.454087 0.161194
vt 0.608270 0.701815
vt 0.728363 0.625925
vt 0.945862 0.771074
vt 0.420201 0.187680
vt 0.438470 0.243862
vt 0.444375 0.174615
vt 0.140378 0.474346
vt 0.453840 0.167303
vt 0.133951 0.704554
vt 0.420693 0.243818
vt 0.446455 0.241048
vt 0.428240 0.186780
vt 0.454083 0.259258
vt 0.446703 0.161521
vt 0.444375 0.220311
vt 0.428735 0.262626
vt 0.429680 0.264482
vt 0.416472 0.174566
vt 0.445695 0.269920
vt 0.670592 0.426073
vt 0.276332 0.629090
vt 0.346338 0.187632
vt 0.608270 0.842098
vt 0.136849 0.002889
vt 0.427790 0.242006
vt 0.420393 0.183958
vt 0.430273 0.197153
vt 0.460863 0.236468
vt 0.446554 0.183997
vt 0.786082 0.555750
vt 0.437161 0.224270
vt 0.438790 0.208974
vt 0.426654 0.258199
vt 0.420693 0.165207
vt 0.427020 0.202688
vt 0.453982 0.256265
vt 0.449583 0.276510
vt 0.420201 0.226986
vt 0.420837 0.208923
vt 0.452609 0.265414
vt 0.482178 0.150831
vt 0.430113 0.197153
vt 0.417313 0.187680
vt 0.437306 0.218884
vt 0.140238 0.440894
vt 0.615656 0.143184
vt 0.460951 0.250048
vt 0.458304 0.220820
vt 0.459655 0.246437
vt 0.478253 0.772980
vt 0.281601 0.568679
vt 0.068389 0.630256
vt 0.428735 0.183997
vt 0.465554 0.220831
vt 0.445699 0.157939
vt 0.430120 0.157939
vt 0.453434 0.201361
vt 0.437780 0.197253
vt 0.416857 0.179522
vt 0.452794 0.246538
vt 0.437856 0.230706
vt 0.140828 0.444476
vt 0.444377 0.199825
vt 0.444378 0.207185
vt 0.454001 0.249780
vt 0.436430 0.197153
vt 0.429230 0.201764
vt 0.444871 0.183997
vt 0.683299 0.143223
vt 0.343024 0.853971
vt 0.420291 0.269989
vt 0.437203 0.187708
vt 0.427754 0.164770
vt 0.466423 0.176826
vt 0.444375 0.221415
vt 0.420291 0.191378
vt 0.442479 0.279990
vt 0.436925 0.223312
vt 0.441489 0.279889
vt 0.459717 0.236574
vt 0.436915 0.202676
vt 0.426829 0.218884
vt 0.430113 0.230706
vt 0.420313 0.230582
vt 0.131909 0.549975
vt 0.540575 0.285770
vt 0.452772 0.256003
vt 0.139618 0.467895
vt 0.446471 0.211440
vt 0.437161 0.203589
vt 0.427099 0.165232
vt 0.427290 0.227023
vt 0.281601 0.784859
vt 0.446523 0.240151
vt 0.459405 0.180524
vt 0.444378 0.197915
vt 0.420696 0.183963
vt 0.437199 0.240151
vt 0.446879 0.157939
vt 0.438097 0.174615
vt 0.417069 0.230586
vt 0.901745 0.212227
vt 0.346338 0.095257
vt 0.430639 0.179570
vt 0.442584 0.276424
vt 0.449617 0.279629
vt 0.452651 0.157975
vt 0.608270 0.555750
vt 0.997365 0.771087
vt 0.903637 0.071060
vt 0.404448 0.715747
vt 0.527019 0.848969
vt 0.198362 0.992401
vt 0.146859 0.992513
vt 0.459009 0.197153
vt 0.446471 0.207937
vt 0.438618 0.240151
vt 0.426924 0.183997
vt 0.426972 0.164301
vt 0.429278 0.203619
vt 0.445284 0.161521
vt 0.417069 0.269892
vt 0.465253 0.230298
vt 0.444378 0.208627
vt 0.427339 0.242934
vt 0.427387 0.265410
vt 0.444378 0.201418
vt 0.454001 0.246797
vt 0.429668 0.225629
vt 0.006859 0.560526
vt 0.959408 0.848217
vt 0.454039 0.259434
vt 0.420664 0.258133
vt 0.446471 0.201413
vt 0.446834 0.187708
vt 0.416857 0.218827
vt 0.545896 0.696053
vt 0.997365 0.838226
vt 0.384609 0.994013
vt 0.548013 0.152076
vt 0.138945 0.474346
vt 0.430120 0.197253
vt 0.428240 0.162449
vt 0.446879 0.191291
vt 0.427068 0.226099
vt 0.453297 0.176678
vt 0.437057 0.204547
vt 0.140238 0.474246
vt 0.415879 0.848884
vt 0.448111 0.279818
vt 0.446171 0.258199
vt 0.453967 0.249916
vt 0.427802 0.225629
vt 0.462219 0.279794
vt 0.441363 0.279853
vt 0.438622 0.161521
vt 0.855479 0.423912
vt 0.209225 0.280007
vt 0.416288 0.285792
vt 0.666869 0.847860
vt 0.430497 0.242930
vt 0.436784 0.202688
vt 0.452772 0.246437
vt 0.140242 0.457570
vt 0.448226 0.279943
vt 0.427290 0.161521
vt 0.427826 0.161985
vt 0.416949 0.262571
vt 0.442584 0.279853
vt 0.420965 0.248232
vt 0.444375 0.200314
vt 0.467019 0.210722
vt 0.431022 0.213929
vt 0.452571 0.158061
vt 0.438410 0.263569
vt 0.416551 0.169621
vt 0.429644 0.161984
vt 0.444687 0.248289
vt 0.139478 0.445389
vt 0.452452 0.268725
vt 0.598347 0.847860
vt 0.404448 0.784859
vt 0.675913 0.847972
vt 0.803976 0.285995
vt 0.441485 0.276287
vt 0.437233 0.204547
vt 0.454136 0.176691
vt 0.445874 0.157939
vt 0.427099 0.223312
vt 0.139585 0.470663
vt 0.438684 0.186784
vt 0.209233 0.708205
vt 0.678030 0.143184
vt 0.134144 0.555737
vt 0.428735 0.263554
vt 0.452754 0.189654
vt 0.429680 0.225167
vt 0.139277 0.444476
vt 0.417219 0.269989
vt 0.437483 0.208974
vt 0.430181 0.266337
vt 0.458703 0.210724
vt 0.429535 0.265273
vt 0.437615 0.269920
vt 0.845918 0.071089
vt 0.459502 0.207133
vt 0.460129 0.180463
vt 0.460552 0.171002
vt 0.459706 0.189992
vt 0.131909 0.373845
vt 0.276332 0.002881
vt 0.437649 0.270021
vt 0.446385 0.241976
vt 0.429668 0.202229
vt 0.420393 0.223264
vt 0.442641 0.279943
vt 0.429715 0.263089
vt 0.786083 0.773079
vt 0.545844 0.426073
vt 0.926142 0.847972
vt 0.146859 0.854250
vt 0.428735 0.164305
vt 0.429715 0.243398
vt 0.452587 0.249915
vt 0.453888 0.246574
vt 0.430113 0.236468
vt 0.453929 0.157885
vt 0.463064 0.279870
vt 0.429715 0.223774
vt 0.420873 0.253176
vt 0.459352 0.255820
vt 0.420393 0.262569
vt 0.446175 0.179570
vt 0.430129 0.242934
vt 0.430450 0.202688
vt 0.141565 0.457570
vt 0.438164 0.183997
vt 0.420390 0.165201
vt 0.437905 0.230605
vt 0.436433 0.169659
vt 0.438482 0.185868
vt 0.452499 0.158009
vt 0.446875 0.236568
vt 0.441211 0.279819
vt 0.446694 0.185856
vt 0.430275 0.163377
vt 0.438222 0.248289
vt 0.416552 0.179527
vt 0.453867 0.256040
vt 0.417219 0.191378
vt 0.959405 0.693784
vt 0.931411 0.915112
vt 0.465554 0.217231
vt 0.281601 0.562917
vt 0.459984 0.220820
vt 0.430402 0.186784
vt 0.438543 0.164301
vt 0.447045 0.236468
vt 0.437745 0.230706
vt 0.416343 0.253181
vt 0.449699 0.279644
vt 0.437915 0.179570
vt 0.444378 0.207942
vt 0.438339 0.262626
vt 0.416681 0.179523
vt 0.430497 0.184929
vt 0.608218 0.287043
vt 0.786082 0.625922
vt 0.429715 0.184459
vt 0.466122 0.189885
vt 0.463064 0.276270
vt 0.467569 0.167303
vt 0.139056 0.440894
vt 0.465873 0.207221
vt 0.460951 0.265193
vt 0.427353 0.236568
vt 0.454039 0.256074
vt 0.452772 0.250141
vt 0.139487 0.467884
vt 0.141066 0.448188
vt 0.426829 0.169659
vt 0.446494 0.164289
vt 0.445874 0.191291
vt 0.466423 0.186317
vt 0.437433 0.213929
vt 0.439081 0.236468
vt 0.140802 0.924691
vt 0.448388 0.276287
vt 0.435899 0.279990
vt 0.436430 0.230706
vt 0.427147 0.184924
vt 0.454039 0.265539
vt 0.284167 0.562049
vt 0.417064 0.236554
vt 0.346338 0.002881
vt 0.454083 0.265715
vt 0.444516 0.169659
vt 0.438750 0.240151
vt 0.439106 0.157939
vt 0.445046 0.165232
vt 0.455265 0.279888
vt 0.438618 0.266337
vt 0.447161 0.270021
vt 0.333105 0.926861
vt 0.780813 0.984349
vt 0.527019 0.992718
vt 0.898368 0.139297
vt 0.448068 0.279643
vt 0.446171 0.248289
vt 0.437020 0.226126
vt 0.444516 0.179570
vt 0.452609 0.255949
vt 0.438164 0.165232
vt 0.417313 0.266292
vt 0.416855 0.248227
vt 0.465554 0.226729
vt 0.427199 0.270021
vt 0.427195 0.202692
vt 0.428192 0.263554
vt 0.429633 0.161521
vt 0.446315 0.242904
vt 0.460853 0.186286
vt 0.462641 0.279832
vt 0.448111 0.276459
vt 0.455807 0.276287
vt 0.445455 0.266337
vt 0.669480 0.557023
vt 0.547008 0.287043
vt 0.139120 0.360402
vt 0.454136 0.170916
vt 0.430497 0.164301
vt 0.420133 0.157937
vt 0.430813 0.248289
vt 0.428735 0.203619
vt 0.420503 0.226992
vt 0.445459 0.161521
vt 0.459655 0.259411
vt 0.430813 0.179570
vt 0.896476 0.145059
vt 0.105644 0.988856
vt 0.271607 0.778346
vt 0.276332 0.187629
vt 0.445999 0.169659
vt 0.452754 0.170904
vt 0.427199 0.197153
vt 0.146859 0.778346
vt 0.728363 0.701864
vt 0.068389 0.704554
vt 0.670644 0.555750
vt 0.428735 0.241079
vt 0.427389 0.241079
vt 0.448203 0.279765
vt 0.452534 0.268711
vt 0.427360 0.270021
vt 0.437585 0.230706
vt 0.417373 0.269886
vt 0.465253 0.217207
vt 0.436433 0.179570
vt 0.453929 0.161494
vt 0.780813 0.625922
vt 0.430181 0.240151
vt 0.439106 0.213929
vt 0.437174 0.218884
vt 0.446527 0.161521
vt 0.430323 0.224239
vt 0.459352 0.246447
vt 0.427778 0.224705
vt 0.427742 0.223312
vt 0.446389 0.185883
vt 0.453986 0.158200
vt 0.959405 0.624886
vt 0.138924 0.483270
vt 0.438550 0.241063
vt 0.441284 0.276510
vt 0.449656 0.276458
vt 0.448169 0.276649
vt 0.444512 0.248289
vt 0.333105 0.859838
vt 0.131909 0.285780
vt 0.140218 0.500115
vt 0.140218 0.503716
vt 0.427936 0.186644
vt 0.439085 0.191391
vt 0.438375 0.265440
vt 0.428735 0.227023
vt 0.420133 0.236548
vt 0.446385 0.264513
vt 0.417138 0.266293
vt 0.448283 0.276424
vt 0.728363 0.696096
vt 0.547061 0.557023
vt 0.411019 0.285770
vt 0.524155 0.848884
vt 0.446887 0.191391
vt 0.459984 0.226594
vt 0.446624 0.164301
vt 0.417219 0.230684
vt 0.482178 0.152076
vt 0.448169 0.279628
vt 0.447183 0.236568
vt 0.437790 0.269920
vt 0.426829 0.179570
vt 0.105644 0.854519
vt 0.276332 0.555737
vt 0.898368 0.002881
vt 0.678030 0.002881
vt 0.683299 0.002881
vt 0.903637 0.002881
vt 0.411074 0.002881
vt 0.546914 0.004125
vt 0.548013 0.002881
vt 0.437745 0.197153
vt 0.420405 0.191382
vt 0.430402 0.201760
vt 0.458703 0.200764
vt 0.437965 0.174615
vt 0.441284 0.279766
vt 0.139228 0.500115
vt 0.426972 0.263558
vt 0.438610 0.264486
vt 0.453840 0.186054
vt 0.416288 0.549989
vt 0.428240 0.201764
vt 0.446564 0.185868
vt 0.139417 0.446328
vt 0.442799 0.276635
vt 0.139478 0.469751
vt 0.427020 0.264486
vt 0.436714 0.226099
vt 0.453765 0.250140
vt 0.460951 0.255820
vt 0.430181 0.200836
vt 0.429278 0.184924
vt 0.442698 0.276649
vt 0.417442 0.077478
vt 0.430275 0.242006
vt 0.420500 0.161511
vt 0.428735 0.223312
vt 0.426445 0.213929
vt 0.430545 0.183997
vt 0.438445 0.187708
vt 0.416343 0.279963
vt 0.453035 0.221415
vt 0.430402 0.265414
vt 0.427895 0.224376
vt 0.448410 0.276387
vt 0.139063 0.440793
vt 0.427936 0.162585
vt 0.439085 0.157838
vt 0.452769 0.269071
vt 0.459405 0.176924
vt 0.427099 0.204547
vt 0.427838 0.161521
vt 0.420133 0.197242
vt 0.446560 0.241991
vt 0.442641 0.276334
vt 0.465572 0.197283
vt 0.427802 0.241544
vt 0.436776 0.227023
vt 0.416552 0.258138
vt 0.420286 0.197145
vt 0.676866 0.141911
vt 0.465572 0.207252
vt 0.437605 0.197253
vt 0.427838 0.240151
vt 0.209233 0.848488
vt 0.855479 0.285882
vt 0.436608 0.179570
vt 0.460151 0.265183
vt 0.428192 0.242934
vt 0.441168 0.276633
vt 0.452117 0.219259
vt 0.416343 0.174570
vt 0.452452 0.259260
vt 0.428735 0.165232
vt 0.420696 0.262575
vt 0.430181 0.187708
vt 0.803976 0.354893
vt 0.453738 0.239095
vt 0.429691 0.242469
vt 0.430130 0.224239
vt 0.426654 0.169659
vt 0.430813 0.258199
vt 0.430323 0.184924
vt 0.429644 0.265874
vt 0.458600 0.217207
vt 0.054139 0.988739
vt 0.466296 0.200813
vt 0.417214 0.236451
vt 0.436291 0.174615
vt 0.437653 0.191391
vt 0.478458 0.697077
vt 0.453840 0.176678
vt 0.427778 0.163839
vt 0.459352 0.250048
vt 0.139653 0.469766
vt 0.466423 0.180425
vt 0.463365 0.276300
vt 0.446045 0.253244
vt 0.438753 0.161521
vt 0.438473 0.165232
vt 0.675913 0.625928
vt 0.140802 0.994862
vt 0.798707 0.423994
vt 0.896252 0.916180
vt 0.427742 0.183997
vt 0.436312 0.197153
vt 0.428192 0.224239
vt 0.427790 0.163377
vt 0.436964 0.165232
vt 0.140045 0.491559
vt 0.438795 0.269920
vt 0.416647 0.213870
vt 0.429715 0.204083
vt 0.416818 0.243818
vt 0.211596 0.702443
vt 0.209225 0.002885
vt 0.453967 0.246661
vt 0.416680 0.248228
vt 0.427802 0.264944
vt 0.460646 0.265183
vt 0.141066 0.466952
vt 0.420664 0.218827
vt 0.446620 0.242930
vt 0.547061 0.694780
vt 0.545896 0.984276
vt 0.198362 0.854371
vt 0.467828 0.238756
vt 0.453926 0.246484
vt 0.140828 0.470663
vt 0.138945 0.440793
vt 0.429727 0.165232
vt 0.438375 0.241048
vt 0.452794 0.250040
vt 0.430275 0.225167
vt 0.449542 0.276334
vt 0.452456 0.161195
vt 0.912251 0.424034
vt 0.527019 0.920844
vt 0.460303 0.210724
vt 0.459504 0.197153
vt 0.140378 0.440793
vt 0.417373 0.230580
vt 0.430370 0.183997
vt 0.437618 0.191291
vt 0.428192 0.164305
vt 0.446049 0.174615
vt 0.438790 0.218884
vt 0.459706 0.176900
vt 0.454040 0.246608
vt 0.446243 0.243862
vt 0.439106 0.191291
vt 0.438552 0.162434
vt 0.446459 0.186811
vt 0.454136 0.186066
vt 0.454083 0.246783
vt 0.438795 0.236568
vt 0.459984 0.217219
vt 0.420965 0.169621
vt 0.449656 0.279819
vt 0.446247 0.165232
vt 0.446302 0.248289
vt 0.445890 0.270021
vt 0.675913 0.916151
vt 0.420372 0.200812
vt 0.420662 0.208921
vt 0.453025 0.199780
vt 0.458304 0.217219
vt 0.416820 0.183963
vt 0.452610 0.246484
vt 0.140116 0.452615
vt 0.427341 0.224239
vt 0.420440 0.191280
vt 0.466718 0.197176
vt 0.442664 0.276512
vt 0.430181 0.227023
vt 0.446468 0.210336
vt 0.466132 0.238756
vt 0.438540 0.263558
vt 0.438680 0.265414
vt 0.436986 0.224255
vt 0.453948 0.256127
vt 0.141423 0.462525
vt 0.346310 0.285781
vt 0.675861 0.285770
vt 0.446764 0.186784
vt 0.444378 0.197158
vt 0.416647 0.174564
vt 0.416818 0.204513
vt 0.896476 0.212227
vt 0.138924 0.360403
vt 0.929743 0.279396
vt 0.453867 0.268933
vt 0.438195 0.227023
vt 0.139807 0.452615
vt 0.429680 0.163377
vt 0.427199 0.157838
vt 0.675913 0.696099
vt 0.675913 0.984330
vt 0.838533 0.847981
vt 0.333105 0.993884
vt 0.408453 0.385896
vt 0.417375 0.236449
vt 0.436291 0.230605
vt 0.427778 0.203154
vt 0.131909 0.461910
vt 0.436644 0.200836
vt 0.453982 0.265730
vt 0.139939 0.452615
vt 0.427754 0.263090
vt 0.437793 0.191291
vt 0.446176 0.253244
vt 0.430355 0.187708
vt 0.417104 0.230687
vt 0.411019 0.378145
vt 0.437788 0.174615
vt 0.460303 0.200764
vt 0.459706 0.167327
vt 0.447055 0.191291
vt 0.428735 0.201764
vt 0.459356 0.160126
vt 0.444687 0.258199
vt 0.452456 0.176690
vt 0.421048 0.174566
vt 0.449542 0.279943
vt 0.438470 0.262626
vt 0.453035 0.217207
vt 0.444377 0.209853
vt 0.452647 0.256039
vt 0.460139 0.236536
vt 0.452754 0.167303
vt 0.669480 0.625902
vt 0.608270 0.771957
vt 0.416551 0.248232
vt 0.427195 0.185852
vt 0.417214 0.157839
vt 0.427742 0.204547
vt 0.417309 0.240116
vt 0.445455 0.240151
vt 0.281601 0.095257
vt 0.912252 0.285770
vt 0.420565 0.165203
vt 0.478458 0.555750
vt 0.467383 0.918011
vt 0.524155 0.992808
vt 0.554446 0.004154
vt 0.735748 0.002884
vt 0.002828 0.630256
vt 0.540575 0.549967
vt 0.459997 0.207132
vt 0.453297 0.170904
vt 0.430120 0.230605
vt 0.445042 0.243862
vt 0.427068 0.186784
vt 0.438482 0.163361
vt 0.890983 0.916170
vt 0.780813 0.701861
vt 0.452567 0.259382
vt 0.416818 0.165207
vt 0.429230 0.186780
vt 0.429691 0.264020
vt 0.427242 0.241079
vt 0.427068 0.162445
vt 0.452609 0.269024
vt 0.894358 0.771062
vt 0.134144 0.704771
vt 0.442457 0.276387
vt 0.438162 0.243862
vt 0.416947 0.204509
vt 0.198362 0.923386
vt 0.428735 0.200836
vt 0.462641 0.276232
vt 0.454040 0.249969
vt 0.427290 0.266337
vt 0.459686 0.230183
vt 0.438305 0.241976
vt 0.442664 0.279765
vt 0.447183 0.269920
vt 0.683299 0.073052
vt 0.478253 0.702838
vt 0.553282 0.073032
vt 0.110913 0.994864
vt 0.430497 0.224243
vt 0.417309 0.161505
vt 0.452452 0.236468
vt 0.452754 0.180279
vt 0.416949 0.183959
vt 0.417138 0.226987
vt 0.420126 0.157838
vt 0.428192 0.203619
vt 0.444378 0.211445
vt 0.426654 0.248289
vt 0.453763 0.265367
vt 0.608270 0.696053
vt 0.780813 0.916170
vt 0.931411 0.847972
vt 0.346310 0.297841
vt 0.454043 0.161370
vt 0.437793 0.157939
vt 0.429278 0.164305
vt 0.546914 0.150831
vt 0.430639 0.248289
vt 0.466718 0.210745
vt 0.459717 0.240174
vt 0.449378 0.279889
vt 0.141598 0.462525
vt 0.138925 0.482781
vt 0.438608 0.223312
vt 0.417138 0.187682
vt 0.446630 0.241063
vt 0.670592 0.355921
vt 0.460562 0.236498
vt 0.453025 0.209807
vt 0.447055 0.157939
vt 0.446175 0.169659
vt 0.427199 0.191391
vt 0.453952 0.158063
vt 0.608270 0.557023
vt 0.146859 0.708205
vt 0.545896 0.625902
vt 0.448410 0.279889
vt 0.429668 0.186315
vt 0.446703 0.187708
vt 0.438442 0.240151
vt 0.438305 0.264513
vt 0.426445 0.279990
vt 0.427353 0.269920
vt 0.452452 0.249793
vt 0.420201 0.266292
vt 0.446455 0.265440
vt 0.454147 0.239571
vt 0.452456 0.189667
vt 0.421176 0.213876
vt 0.458600 0.230183
vt 0.427290 0.187708
vt 0.444785 0.219834
vt 0.416947 0.165203
vt 0.452773 0.157838
vt 0.404448 0.853971
vt 0.430181 0.161521
vt 0.430402 0.226099
vt 0.446459 0.162418
vt 0.421048 0.213871
vt 0.453745 0.161441
vt 0.284167 0.473983
vt 0.442756 0.279818
vt 0.139347 0.469739
vt 0.459352 0.265193
vt 0.426829 0.208974
vt 0.452538 0.161180
vt 0.890981 0.625928
vt 0.890983 0.847991
vt 0.540627 0.702838
vt 0.129920 0.560526
vt 0.136849 0.187637
vt 0.405940 0.568679
vt 0.547008 0.355921
vt 0.438377 0.162418
vt 0.437091 0.202661
vt 0.452773 0.161541
vt 0.343771 0.709985
vt 0.430228 0.241079
vt 0.421048 0.253177
vt 0.438096 0.253244
vt 0.427178 0.191291
vt 0.430273 0.157838
vt 0.002635 0.704771
vt 0.420837 0.248228
vt 0.427778 0.185390
vt 0.452667 0.246574
vt 0.420131 0.191377
vt 0.429644 0.201299
vt 0.438091 0.169659
vt 0.441363 0.276424
vt 0.420372 0.161506
vt 0.428735 0.266337
vt 0.439102 0.236568
vt 0.448283 0.279853
vt 0.428240 0.241079
vt 0.416680 0.208923
vt 0.959408 0.915124
vt 0.675913 0.555757
vt 0.142118 0.187637
vt 0.667064 0.991758
vt 0.139934 0.457570
vt 0.429633 0.240151
vt 0.430228 0.265410
vt 0.447051 0.236568
vt 0.138924 0.440894
vt 0.453948 0.268846
vt 0.453840 0.189655
vt 0.430355 0.200836
vt 0.069742 0.280007
vt 0.446470 0.199233
vt 0.429230 0.265410
vt 0.459686 0.217207
vt 0.451749 0.219834
vt 0.138926 0.481555
vt 0.433806 0.275783
vt 0.138924 0.493239
vt 0.438750 0.266337
vt 0.437790 0.236568
vt 0.420390 0.204507
vt 0.459416 0.240197
vt 0.460552 0.186316
vt 0.429680 0.185852
vt 0.430545 0.204547
vt 0.453745 0.157938
vt 0.844972 0.212227
vt 0.343771 0.568679
vt 0.420500 0.240122
vt 0.456649 0.276299
vt 0.438613 0.163373
vt 0.844972 0.145176
vt 0.780813 0.555750
vt 0.669427 0.424800
vt 0.417198 0.230582
vt 0.276332 0.549967
vt 0.437375 0.266337
vt 0.452495 0.259435
vt 0.420126 0.236449
vt 0.441489 0.276387
vt 0.442698 0.279628
vt 0.459504 0.200754
vt 0.460646 0.250038
vt 0.417125 0.262569
vt 0.452647 0.265505
vt 0.142118 0.095263
vt 0.429668 0.162914
vt 0.438223 0.169659
vt 0.417442 0.150831
vt 0.430120 0.269920
vt 0.426972 0.242930
vt 0.417069 0.191280
vt 0.427802 0.186315
vt 0.442799 0.279643
vt 0.427790 0.202692
vt 0.438622 0.187708
vt 0.545896 0.701815
vt 0.890981 0.555757
vt 0.940248 0.354898
vt 0.416680 0.169617
vt 0.465977 0.226767
vt 0.427360 0.230706
vt 0.138924 0.434941
vt 0.416288 0.697077
vt 0.430639 0.258199
vt 0.437199 0.266337
vt 0.466846 0.167364
vt 0.138924 0.503706
vt 0.437203 0.161521
vt 0.446523 0.266337
vt 0.446302 0.258199
vt 0.384609 0.926873
vt 0.460853 0.176794
vt 0.466701 0.217336
vt 0.430848 0.174615
vt 0.139232 0.474246
vt 0.438412 0.164289
vt 0.441485 0.279990
vt 0.459352 0.259421
vt 0.417313 0.226986
vt 0.420695 0.223269
vt 0.452613 0.157885
vt 0.415879 0.918015
vt 0.664200 0.919853
vt 0.675913 0.842210
vt 0.430545 0.165232
vt 0.436291 0.197253
vt 0.436845 0.226110
vt 0.427387 0.226095
vt 0.466122 0.167433
vt 0.430355 0.161521
vt 0.430273 0.191391
vt 0.141019 0.481550
vt 0.430275 0.264482
vt 0.446694 0.163373
vt 0.427341 0.184924
vt 0.452657 0.199205
vt 0.441168 0.279644
vt 0.465977 0.217268
vt 0.384609 0.859733
vt 0.933527 0.139244
vt 0.540627 0.772980
vt 0.845918 0.002881
vt 0.615656 0.004154
vt 0.933527 0.002886
vt 0.002828 0.555958
vt 0.429727 0.243862
vt 0.438806 0.191391
vt 0.940248 0.423796
vt 0.889089 0.704172
vt 0.436986 0.203604
vt 0.416857 0.258133
vt 0.453297 0.186053
vt 0.460646 0.259411
vt 0.430295 0.191291
vt 0.926142 0.916180
vt 0.780813 0.696093
vt 0.545896 0.847860
vt 0.896476 0.279396
vt 0.545896 0.842098
vt 0.140359 0.490884
vt 0.420568 0.183959
vt 0.452452 0.246785
vt 0.437810 0.236468
vt 0.446389 0.163346
vt 0.426972 0.184929
vt 0.438974 0.157939
vt 0.430113 0.191391
vt 0.428537 0.275783
vt 0.454147 0.240675
vt 0.428735 0.242934
vt 0.426654 0.179570
vt 0.276332 0.285773
vt 0.735748 0.073055
vt 0.933527 0.071065
vt 0.678030 0.073032
vt 0.411074 0.095257
vt 0.068389 0.560526
vt 0.068389 0.555737
vt 0.069742 0.095259
vt 0.138924 0.494343
vt 0.141018 0.482775
vt 0.437605 0.230605
vt 0.467268 0.180501
vt 0.466400 0.217306
vt 0.346338 0.280008
vt 0.426445 0.275783
vt 0.449583 0.279766
vt 0.429535 0.162585
vt 0.430113 0.270021
vt 0.427353 0.191291
vt 0.452647 0.268934
vt 0.460151 0.246437
vt 0.430450 0.185856
vt 0.890981 0.696100
vt 0.901745 0.279162
vt 0.540627 0.555750
vt 0.890983 0.984349
vt 0.446699 0.240151
vt 0.437091 0.225198
vt 0.453369 0.238520
vt 0.430083 0.162449
vt 0.139120 0.435031
vt 0.518886 0.918007
vt 0.427754 0.223775
vt 0.453763 0.255902
vt 0.427790 0.225167
vt 0.466296 0.197214
vt 0.430355 0.227023
vt 0.929743 0.145059
vt 0.281601 0.378167
vt 0.446470 0.198594
vt 0.436423 0.230605
vt 0.139585 0.444476
vt 0.139232 0.440894
vt 0.466423 0.171001
vt 0.453840 0.170904
vt 0.416647 0.253176
vt 0.436607 0.258199
vt 0.466846 0.189954
vt 0.445999 0.179570
vt 0.420390 0.243813
vt 0.545896 0.771957
vt 0.545896 0.555750
vt 0.903638 0.139239
vt 0.675913 0.701868
vt 0.670644 0.842098
vt 0.478431 0.461912
vt 0.437378 0.187708
vt 0.141019 0.480108
vt 0.417193 0.157938
vt 0.420286 0.157839
vt 0.427242 0.201764
vt 0.427936 0.225959
vt 0.429535 0.225959
vt 0.428735 0.204547
vt 0.466122 0.180394
vt 0.426924 0.223312
vt 0.667064 0.847948
vt 0.428537 0.279990
vt 0.427178 0.269920
vt 0.444375 0.229465
vt 0.430130 0.263554
vt 0.438235 0.263585
vt 0.140066 0.457570
vt 0.445042 0.262626
vt 0.459143 0.217207
vt 0.430295 0.269920
vt 0.460139 0.240136
vt 0.786083 0.703947
vt 0.467268 0.176901
vt 0.452775 0.217956
vt 0.436962 0.243862
vt 0.453297 0.180279
vt 0.452553 0.249778
vt 0.436591 0.197153
vt 0.446247 0.183997
vt 0.438433 0.204547
vt 0.431022 0.174615
vt 0.453871 0.161404
vt 0.896252 0.847972
vt 0.139618 0.447244
vt 0.449382 0.279990
vt 0.138927 0.484373
vt 0.427020 0.242002
vt 0.427116 0.187708
vt 0.444867 0.262626
vt 0.454039 0.268899
vt 0.420126 0.197144
vt 0.838533 0.916160
vt 0.598347 0.984276
vt 0.926139 0.696095
vt 0.136849 0.095263
vt 0.427339 0.164305
vt 0.420565 0.204509
vt 0.438974 0.191291
vt 0.147058 0.549975
vt 0.068389 0.704771
vt 0.420372 0.240118
vt 0.466846 0.180463
vt 0.420435 0.157942
vt 0.452647 0.259468
vt 0.452769 0.265367
vt 0.608218 0.285770
vt 0.276332 0.702443
vt 0.553282 0.002881
vt 0.416343 0.002881
vt 0.002635 0.630254
vt 0.427826 0.240615
vt 0.139702 0.492187
vt 0.452314 0.208604
vt 0.454136 0.180292
vt 0.417380 0.191377
vt 0.416947 0.243814
vt 0.453762 0.250040
vt 0.438480 0.264497
vt 0.430323 0.203619
vt 0.427147 0.242934
vt 0.445459 0.187708
vt 0.446830 0.266337
vt 0.437174 0.208974
vt 0.441211 0.276458
vt 0.608270 0.694780
vt 0.959408 0.982030
vt 0.427147 0.164305
vt 0.438543 0.184929
vt 0.454087 0.158186
vt 0.281601 0.187632
vt 0.446423 0.165232
vt 0.430129 0.203619
vt 0.426829 0.248289
vt 0.430370 0.262626
vt 0.453767 0.161541
vt 0.786082 0.696093
vt 0.444375 0.210342
vt 0.428735 0.243862
vt 0.466296 0.210783
vt 0.466122 0.186286
vt 0.438680 0.241075
vt 0.436854 0.203615
vt 0.429644 0.226559
vt 0.446634 0.162434
vt 0.459706 0.180500
vt 0.420565 0.243814
vt 0.427895 0.164168
vt 0.420138 0.191275
vt 0.138926 0.482194
vt 0.428735 0.224239
vt 0.417375 0.197144
vt 0.459356 0.157838
vt 0.139347 0.445400
vt 0.453741 0.265468
vt 0.420435 0.236554
vt 0.439102 0.269920
vt 0.459405 0.167303
vt 0.420440 0.269892
vt 0.945862 0.838097
vt 0.837586 0.704059
vt 0.526823 0.920846
vt 0.540627 0.697076
vt 0.138924 0.285864
vt 0.429691 0.224705
vt 0.436925 0.204547
vt 0.446690 0.242002
vt 0.445890 0.236468
vt 0.209225 0.095259
vt 0.667064 0.919853
vt 0.141739 0.457570
vt 0.437020 0.201733
vt 0.138924 0.474246
vt 0.420131 0.230682
vt 0.437541 0.157838
vt 0.438968 0.157838
vt 0.453925 0.265415
vt 0.737284 0.354882
vt 0.415880 0.843122
vt 0.896250 0.696093
vt 0.466718 0.200775
vt 0.430370 0.243862
vt 0.467019 0.207122
vt 0.430545 0.223312
vt 0.426445 0.174615
vt 0.728363 0.772036
vt 0.416820 0.262575
vt 0.454083 0.268723
vt 0.545844 0.285770
vt 0.209225 0.187633
vt 0.656067 0.847860
vt 0.420837 0.169617
vt 0.420839 0.218829
vt 0.446494 0.184940
vt 0.452609 0.259559
vt 0.420138 0.269886
vt 0.430370 0.165232
vt 0.438965 0.218884
vt 0.430130 0.184924
vt 0.420965 0.208927
vt 0.427020 0.185856
vt 0.110913 0.924693
vt 0.430497 0.203615
vt 0.430639 0.208974
vt 0.447187 0.157939
vt 0.452534 0.265728
vt 0.416681 0.258134
vt 0.428735 0.265410
vt 0.458703 0.207123
vt 0.438020 0.200836
vt 0.430120 0.236568
vt 0.446319 0.164274
vt 0.547061 0.625902
vt 0.959405 0.555988
vt 0.518886 0.849109
vt 0.420440 0.230586
vt 0.436964 0.183997
vt 0.467569 0.190015
vt 0.426972 0.224243
vt 0.444867 0.243862
vt 0.420291 0.230684
vt 0.276332 0.095255
vt 0.427116 0.200836
vt 0.429230 0.241079
vt 0.139333 0.492762
vt 0.427339 0.203619
vt 0.420873 0.213870
vt 0.429575 0.224376
vt 0.463365 0.279900
vt 0.436789 0.165232
vt 0.461918 0.279771
vt 0.002635 0.848758
vt 0.427389 0.201764
vt 0.429535 0.241215
vt 0.436714 0.201760
vt 0.139548 0.468823
vt 0.446550 0.243862
vt 0.446760 0.241075
vt 0.430295 0.157939
vt 0.133951 0.555958
vt 0.462219 0.276194
vt 0.429575 0.203483
vt 0.451740 0.211388
vt 0.427341 0.263554
vt 0.437233 0.223312
vt 0.000000 0.000000
vt 0.438965 0.208974
vt 0.420405 0.269993
vt 0.436776 0.200836
vt 0.438806 0.157838
vt 0.436600 0.197253
vt 0.444691 0.169659
vt 0.138924 0.500105
vt 0.460562 0.240098
vt 0.478431 0.549978
vt 0.444547 0.253244
vt 0.446319 0.184955
vt 0.427895 0.203483
vt 0.141598 0.452615
vt 0.436432 0.258199
vt 0.430402 0.162445
vt 0.793467 0.139297
vt 0.416288 0.555750
vt 0.147058 0.461910
vt 0.110913 0.854521
vt 0.069742 0.187633
vt 0.452657 0.209232
vt 0.430228 0.201764
vt 0.449378 0.276387
vt 0.429633 0.227023
vt 0.437914 0.248289
vt 0.438971 0.236568
vt 0.429278 0.242934
vt 0.453926 0.250094
vt 0.445995 0.258199
vt 0.446560 0.264497
vt 0.452495 0.268900
vt 0.786083 0.842210
vt 0.417193 0.197244
vt 0.139558 0.466952
vt 0.446624 0.184929
vt 0.467569 0.186415
vt 0.427778 0.242469
vt 0.430450 0.242002
vt 0.428240 0.226095
vt 0.427936 0.201900
vt 0.453986 0.161179
vt 0.438222 0.258199
vt 0.453925 0.255950
vt 0.445280 0.266337
vt 0.444512 0.258199
vt 0.675861 0.354882
vt 0.478253 0.843122
vt 0.271607 0.708205
vt 0.416288 0.461923
vt 0.136849 0.280011
vt 0.452772 0.268970
vt 0.465572 0.200882
vt 0.420503 0.187686
vt 0.447187 0.191291
vt 0.140653 0.444476
vt 0.430228 0.226095
vt 0.416343 0.213876
vt 0.452754 0.186053
vt 0.438237 0.164274
vt 0.931408 0.555750
vt 0.276332 0.373838
vt 0.437609 0.213929
vt 0.459502 0.210734
vt 0.417005 0.161511
vt 0.426924 0.204547
vt 0.416949 0.223265
vt 0.420313 0.269888
vt 0.459143 0.230183
vt 0.466400 0.230405
vt 0.446620 0.263558
vt 0.429727 0.262626
vt 0.427895 0.263690
vt 0.417368 0.157937
vt 0.906982 0.354902
vt 0.125481 0.710533
vt 0.281601 0.859942
vt 0.518886 0.986906
vt 0.466296 0.207183
vt 0.467569 0.176924
vt 0.129920 0.699986
vt 0.446306 0.179570
vt 0.444871 0.165232
vt 0.446634 0.186795
vt 0.430450 0.264486
vt 0.452452 0.265713
vt 0.467383 0.848996
vt 0.658735 0.997119
vt 0.445870 0.269920
vt 0.838531 0.696096
vt 0.427353 0.197253
vt 0.430323 0.164305
vt 0.459706 0.170927
vt 0.460552 0.189916
vt 0.454043 0.158010
vt 0.281601 0.280008
vt 0.139939 0.462525
vt 0.447051 0.269920
vt 0.139866 0.448188
vt 0.446887 0.157838
vt 0.438237 0.184955
vt 0.448226 0.276334
vt 0.429668 0.264944
vt 0.452000 0.207929
vt 0.467828 0.236468
vt 0.125481 0.848758
vt 0.002635 0.710533
vt 0.002635 0.854753
vt 0.002828 0.704554
vt 0.002635 0.555737
vt 0.002635 0.285773
vt 0.002635 0.373837
vt 0.069742 0.002885
vt 0.447165 0.191391
vt 0.427116 0.161521
vt 0.451740 0.201361
vt 0.430639 0.218884
vt 0.429727 0.223312
vt 0.281601 0.709985
vt 0.446469 0.199820
vt 0.452452 0.236468
vt 0.453035 0.217207
vt 0.000000 0.000000
vt 0.000000 0.000000
vt 0.000000 0.000000
vt 0.451740 0.207180
vt 0.140619 0.490135
vt 0.000000 0.000000
vt 0.000000 0.000000
vt 0.000000 0.000000
vt 0.000000 0.000000
vt 0.451740 0.197153
vt 0.446070 0.217207
vt 0.000000 0.000000
vt 0.000000 0.000000
vt 0.000000 0.000000
vt 0.000000 0.000000
vn 0.000000 0.000000 1.000000
vn 0.000000 0.000000 1.000000
vn 0.000000 0.000000 1.000000
vn 0.000000 0.000000 1.000000
vn -1.000000 0.000000 0.000000
vn -1.000000 0.000000 0.000000
vn -1.000000 0.000000 0.000000
vn -1.000000 0.000000 0.000000
vn 1.000000 -0.000000 0.000000
vn 1.000000 -0.000000 0.000000
vn 1.000000 -0.000000 0.000000
vn 1.000000 -0.000000 0.000000
vn -0.000000 -1.000000 -0.000000
vn -0.000000 -1.000000 -0.000000
vn -0.000000 -1.000000 -0.000000
vn -0.000000 -1.000000 -0.000000
vn -0.000000 -1.000000 -0.000000
vn -0.000000 -1.000000 -0.000000
vn -0.000000 -1.000000 -0.000000
vn -0.000000 -1.000000 -0.000000
vn -0.000000 -1.000000 -0.000000
vn 0.000000 1.000000 0.000000
vn 0.000000 1.000000 0.000001
vn 0.000000 1.000000 0.000001
vn 0.000000 1.000000 0.000001
vn 0.000000 1.000000 0.000001
vn 0.000000 1.000000 0.000001
vn 0.000000 1.000000 0.000001
vn 0.000000 1.000000 0.000001
vn 0.000000 1.000000 0.000000
vn 0.728678 -0.000001 -0.684856
vn 0.728678 -0.000001 -0.684856
vn 0.775863 -0.000002 -0.630902
vn 0.775863 -0.000002 -0.630901
vn 0.775863 -0.000002 -0.630901
vn 0.775863 -0.000002 -0.630902
vn 0.839313 -0.000001 -0.543648
vn 0.839317 -0.000001 -0.543642
vn 0.839317 -0.000001 -0.543642
vn 0.839313 -0.000001 -0.543648
vn 0.875219 0.000002 -0.483728
vn 0.875222 0.000002 -0.483722
vn 0.875222 0.000002 -0.483722
vn 0.875219 0.000002 -0.483728
vn 0.914263 0.000002 -0.405120
vn 0.914264 0.000002 -0.405119
vn 0.914264 0.000002 -0.405119
vn 0.914263 0.000002 -0.405120
vn 0.934859 -0.000000 -0.355019
vn 0.934859 -0.000000 -0.355019
vn 0.000000 1.000000 0.000000
vn 0.000000 1.000000 0.000000
vn 0.000000 1.000000 0.000000
vn 0.000000 1.000000 0.000000
vn 0.000000 0.000000 1.000000
vn 0.000000 0.000000 1.000000
vn 0.000000 0.000000 1.000000
vn 0.000000 0.000000 1.000000
vn -1.000000 0.000000 0.000000
vn -1.000000 0.000000 0.000000
vn -1.000000 0.000000 0.000000
vn -1.000000 0.000000 0.000000
vn 1.000000 -0.000000 0.000000
vn 1.000000 -0.000000 0.000000
vn 1.000000 -0.000000 0.000000
vn 1.000000 -0.000000 0.000000
vn -0.000000 -1.000000 0.000001
vn -0.000000 -1.000000 0.000001
vn -0.000000 -1.000000 0.000001
vn -0.000000 -1.000000 0.000001
vn -0.000000 -1.000000 0.000001
vn -0.000000 -1.000000 0.000001
vn -0.000000 -1.000000 0.000001
vn -0.000000 -1.000000 0.000001
vn -0.000000 -1.000000 0.000001
vn 0.000000 1.000000 0.000000
vn 0.000000 1.000000 0.000000
vn 0.000000 1.000000 0.000000
vn 0.000000 1.000000 0.000000
vn 0.000000 1.000000 0.000000
vn 0.000000 1.000000 0.000000
vn 0.000000 1.000000 0.000000
vn 0.000000 1.000000 0.000000
vn 0.000000 1.000000 0.000000
vn 0.728678 -0.000001 -0.684856
vn 0.728678 -0.000001 -0.684856
vn 0.775863 -0.000002 -0.630902
vn 0.775864 -0.000002 -0.630901
vn 0.775864 -0.000002 -0.630901
vn 0.775863 -0.000002 -0.630902
vn 0.839313 -0.000001 -0.543648
vn 0.839317 -0.000001 -0.543642
vn 0.839317 -0.000001 -0.543642
vn 0.839313 -0.000001 -0.543648
vn 0.875218 0.000002 -0.483728
vn 0.875221 0.000002 -0.483722
vn 0.875221 0.000002 -0.483722
vn 0.875218 0.000002 -0.483728
vn 0.914263 0.000002 -0.405120
vn 0.914264 0.000002 -0.405119
vn 0.914264 0.000002 -0.405119
vn 0.914263 0.000002 -0.405120
vn 0.934859 -0.000000 -0.355019
vn 0.934859 -0.000000 -0.355019
vn 0.000000 1.000000 0.000000
vn 0.000000 1.000000 0.000000
vn 0.000000 1.000000 0.000000
vn 0.000000 1.000000 0.000000
vn 0.000000 0.000000 1.000000
vn 0.000000 0.000000 1.000000
vn 0.000000 0.000000 1.000000
vn 0.000000 0.000000 1.000000
vn -1.000000 0.000000 0.000000
vn -1.000000 0.000000 0.000000
vn -1.000000 0.000000 0.000000
vn -1.000000 0.000000 0.000000
vn 1.000000 -0.000000 0.000000
vn 1.000000 -0.000000 0.000000
vn 1.000000 -0.000000 0.000000
vn 1.000000 -0.000000 0.000000
vn -0.000000 -1.000000 0.000004
vn -0.000000 -1.000000 0.000004
vn -0.000000 -1.000000 0.000004
vn -0.000000 -1.000000 0.000004
vn -0.000000 -1.000000 0.000004
vn -0.000000 -1.000000 0.000004
vn -0.000000 -1.000000 0.000004
vn -0.000000 -1.000000 0.000004
vn -0.000000 -1.000000 0.000004
vn 0.000000 1.000000 -0.000001
vn 0.000000 1.000000 -0.000001
vn 0.000000 1.000000 -0.000001
vn 0.000000 1.000000 -0.000001
vn 0.000000 1.000000 -0.000001
vn 0.000000 1.000000 -0.000001
vn 0.000000 1.000000 -0.000001
vn 0.000000 1.000000 -0.000001
vn 0.000000 1.000000 -0.000001
vn 0.728679 -0.000001 -0.684855
vn 0.728679 -0.000001 -0.684855
vn 0.775863 -0.000002 -0.630902
vn 0.775864 -0.000002 -0.630900
vn 0.775864 -0.000002 -0.630900
vn 0.775863 -0.000002 -0.630902
vn 0.839312 -0.000001 -0.543650
vn 0.839316 -0.000001 -0.543644
vn 0.839316 -0.000001 -0.543644
vn 0.839312 -0.000001 -0.543650
vn 0.875218 0.000002 -0.483729
vn 0.875221 0.000002 -0.483723
vn 0.875221 0.000002 -0.483723
vn 0.875218 0.000002 -0.483729
vn 0.914263 0.000002 -0.405121
vn 0.914264 0.000002 -0.405120
vn 0.914264 0.000002 -0.405120
vn 0.914263 0.000002 -0.405121
vn 0.934859 -0.000000 -0.355021
vn 0.934859 -0.000000 -0.355021
vn 0.000000 1.000000 0.000000
vn 0.000000 1.000000 -0.000001
vn 0.000000 1.000000 -0.000001
vn 0.000000 1.000000 0.000000
vn -0.493271 0.855758 0.156084
vn -0.705292 0.707866 -0.038583
vn -0.705215 0.707794 -0.041227
vn -0.860070 0.498044 0.110598
vn -0.996728 -0.000005 0.080823
vn -0.996728 -0.000006 0.080823
vn -0.996729 0.000000 0.080815
vn -0.988747 -0.130681 0.072818
vn -0.988747 -0.130681 0.072818
vn -0.996729 0.000000 0.080815
vn -0.996729 0.000000 0.080815
vn -0.995601 0.000000 0.093694
vn -0.987687 -0.129126 0.088322
vn -0.988747 -0.130681 0.072818
vn 0.478242 -0.836847 0.266405
vn 0.496875 -0.862733 0.093845
vn 0.859352 -0.495963 0.124639
vn 0.823803 -0.479608 0.302200
vn 0.125952 0.966258 -0.224680
vn -0.127783 0.972397 -0.195230
vn -0.129219 0.991300 -0.025026
vn 0.129860 0.990108 -0.053134
vn 0.129859 -0.990108 -0.053134
vn -0.129219 -0.991300 -0.025026
vn -0.127813 -0.972394 -0.195229
vn 0.125952 -0.966265 -0.224651
vn 0.129859 -0.990108 -0.053134
vn 0.125952 -0.966265 -0.224651
vn 0.478229 -0.836856 -0.266399
vn 0.496875 -0.862733 -0.093845
vn -0.989536 0.130437 0.061678
vn -0.988747 0.130682 0.072818
vn -0.996729 0.000000 0.080815
vn -0.996729 0.000000 0.080815
vn -0.997536 0.000000 0.070163
vn 0.985485 0.129857 -0.109349
vn 0.989210 0.131506 -0.064578
vn 0.989210 -0.131506 -0.064578
vn 0.985485 -0.129858 -0.109349
vn -0.997536 0.000000 0.070163
vn -0.996729 0.000000 0.080815
vn -0.996729 0.000000 0.080815
vn -0.988747 -0.130681 0.072818
vn -0.989536 -0.130440 0.061680
vn 0.131600 -0.991303 0.000000
vn -0.127449 -0.991845 -0.000000
vn -0.128515 -0.990430 -0.050326
vn 0.131508 -0.989285 -0.063419
vn -0.988747 0.130682 -0.072818
vn -0.989536 0.130441 -0.061680
vn -0.997536 0.000000 -0.070163
vn -0.996729 0.000000 -0.080815
vn -0.996729 0.000000 -0.080815
vn -0.987687 0.129126 -0.088322
vn -0.988747 0.130682 -0.072818
vn -0.996729 0.000000 -0.080815
vn -0.996729 0.000000 -0.080815
vn -0.995601 0.000000 -0.093694
vn 0.125952 -0.966265 0.224651
vn 0.129859 -0.990108 0.053134
vn 0.496875 -0.862733 0.093845
vn 0.478242 -0.836847 0.266405
vn 0.131508 0.989284 0.063419
vn -0.128515 0.990430 0.050326
vn -0.129155 0.990276 0.051699
vn 0.130654 0.988646 0.074223
vn 0.131600 0.991303 0.000000
vn -0.127448 0.991845 0.000000
vn -0.128515 0.990430 0.050326
vn 0.131508 0.989284 0.063419
vn 0.131508 0.989284 -0.063419
vn -0.128515 0.990430 -0.050326
vn -0.127448 0.991845 0.000000
vn 0.131600 0.991303 0.000000
vn 0.130654 0.988646 -0.074223
vn -0.129155 0.990276 -0.051699
vn -0.128515 0.990430 -0.050326
vn 0.131508 0.989284 -0.063419
vn 0.129860 0.990108 -0.053134
vn -0.129219 0.991300 -0.025026
vn -0.130010 0.990492 -0.044985
vn -0.130010 0.990492 -0.044985
vn -0.130010 0.990492 -0.044985
vn -0.129155 0.990276 -0.051699
vn 0.130654 0.988646 -0.074223
vn -0.988747 0.130682 -0.072818
vn -0.988747 0.130682 -0.072818
vn -0.996729 0.000000 -0.080815
vn -0.996729 -0.000005 -0.080821
vn -0.996728 0.000001 -0.080823
vn -0.129219 0.991300 -0.025026
vn -0.127783 0.972397 -0.195230
vn -0.493278 0.855757 -0.156069
vn -0.257946 0.966102 -0.010493
vn -0.990637 0.131902 0.035219
vn -0.989536 0.130437 0.061678
vn -0.997536 0.000000 0.070163
vn -0.997536 0.000000 0.070163
vn -0.997536 0.000000 0.070163
vn -0.989536 -0.130440 0.061680
vn -0.990637 -0.131902 0.035219
vn -0.990839 0.135048 0.000000
vn -0.990637 0.131902 0.035219
vn -0.990637 -0.131902 0.035219
vn -0.990839 -0.135048 -0.000000
vn -0.990637 0.131902 -0.035219
vn -0.990839 0.135048 0.000000
vn -0.990839 -0.135048 -0.000000
vn -0.990637 -0.131902 -0.035219
vn -0.989536 0.130441 -0.061680
vn -0.990637 0.131902 -0.035219
vn -0.990637 -0.131902 -0.035219
vn -0.989536 -0.130436 -0.061678
vn -0.997536 0.000000 -0.070163
vn -0.997536 0.000000 -0.070163
vn -0.997536 0.000000 -0.070163
vn -0.996729 0.000000 -0.080815
vn -0.996729 0.000000 -0.080815
vn -0.997536 0.000000 -0.070163
vn -0.989536 -0.130436 -0.061678
vn -0.988747 -0.130681 -0.072818
vn -0.995601 0.000000 -0.093694
vn -0.996729 0.000000 -0.080815
vn -0.996729 0.000000 -0.080815
vn -0.988747 -0.130681 -0.072818
vn -0.987687 -0.129126 -0.088322
vn 0.859352 -0.495963 -0.124639
vn 0.823810 -0.479613 -0.302173
vn 0.942151 -0.124823 -0.311080
vn 0.983653 -0.128698 -0.125951
vn 0.000000 0.000000 -1.000000
vn -0.000000 -0.195071 -0.980789
vn -0.000000 -0.199000 -0.980000
vn 0.000000 0.000000 -1.000000
vn 0.985485 0.129857 0.109349
vn 0.983653 0.128698 0.125951
vn 0.983653 -0.128698 0.125951
vn 0.985485 -0.129858 0.109349
vn 0.989210 0.131506 0.064578
vn 0.985485 0.129857 0.109349
vn 0.985485 -0.129858 0.109349
vn 0.989210 -0.131506 0.064578
vn 0.990876 0.134774 0.000000
vn 0.989210 0.131506 0.064578
vn 0.989210 -0.131506 0.064578
vn 0.990876 -0.134774 0.000000
vn 0.989210 0.131506 -0.064578
vn 0.990876 0.134774 0.000000
vn 0.990876 -0.134774 0.000000
vn 0.989210 -0.131506 -0.064578
vn -0.996729 0.000000 -0.080815
vn -0.996729 -0.000006 -0.080822
vn -0.996728 -0.000005 -0.080824
vn -0.988747 -0.130681 -0.072818
vn -0.988747 -0.130681 -0.072818
vn -0.000000 -0.999607 -0.028023
vn -0.000000 -0.983782 0.179369
vn -0.000000 -0.987174 0.159649
vn -0.000000 -0.999607 -0.028022
vn 0.000000 0.999607 -0.028029
vn 0.000000 0.977486 -0.211003
vn 0.000000 0.973209 -0.229924
vn 0.000000 0.999607 -0.028028
vn -0.000000 -0.999607 0.028023
vn -0.000000 -0.977486 0.210999
vn -0.000000 -0.973209 0.229921
vn -0.000000 -0.999607 0.028022
vn 0.983653 0.128698 -0.125951
vn 0.985485 0.129857 -0.109349
vn 0.985485 -0.129858 -0.109349
vn 0.983653 -0.128698 -0.125951
vn 0.000000 0.000000 1.000000
vn 0.000000 0.194896 0.980824
vn 0.000000 0.191122 0.981566
vn 0.000000 0.000000 1.000000
vn -0.995601 0.000000 -0.093694
vn -0.996729 -0.000001 -0.080821
vn -0.996729 -0.000002 -0.080820
vn -0.996729 0.000000 -0.080815
vn -0.995601 0.000000 -0.093694
vn -0.996729 -0.000005 -0.080820
vn -0.996729 0.000000 -0.080815
vn -0.997536 0.000000 -0.070163
vn -0.997536 0.000000 -0.070163
vn -0.996729 -0.000002 -0.080821
vn -0.988747 0.130682 -0.072818
vn -0.988747 0.130682 -0.072818
vn -0.996728 0.000001 -0.080823
vn -0.996729 0.000004 -0.080823
vn -0.996729 0.000000 -0.080815
vn -0.988747 0.130682 0.072818
vn -0.988747 0.130682 0.072818
vn -0.996729 0.000000 0.080815
vn -0.996729 0.000004 0.080820
vn -0.996728 0.000000 0.080823
vn 0.000000 0.977486 0.211003
vn 0.000000 0.999607 0.028029
vn 0.000000 0.999607 0.028028
vn 0.000000 0.973209 0.229924
vn 0.130653 -0.988646 0.074223
vn -0.129156 -0.990276 0.051699
vn -0.128515 -0.990430 0.050326
vn 0.131508 -0.989285 0.063419
vn -0.000000 -0.194896 0.980824
vn 0.000000 0.000000 1.000000
vn 0.000000 0.000000 1.000000
vn -0.000000 -0.191122 0.981566
vn 0.000000 0.194896 -0.980824
vn 0.000000 0.000000 -1.000000
vn 0.000000 0.000000 -1.000000
vn 0.000000 0.191122 -0.981566
vn 0.131508 -0.989285 0.063419
vn -0.128515 -0.990430 0.050326
vn -0.127449 -0.991845 -0.000000
vn 0.131600 -0.991303 0.000000
vn -0.996729 0.000000 0.080820
vn -0.996729 0.000000 0.080815
vn -0.995601 0.000000 0.093694
vn -0.995601 0.000000 0.093694
vn -0.996729 0.000000 0.080820
vn -0.988747 0.130682 0.072818
vn -0.988747 0.130682 0.072818
vn -0.996728 0.000000 0.080823
vn -0.996729 -0.000003 0.080823
vn -0.996729 0.000000 0.080815
vn 0.000000 0.983782 0.179366
vn 0.000000 0.999607 -0.028029
vn 0.000000 0.999607 -0.028028
vn 0.000000 0.987174 0.159647
vn -0.988747 0.130682 0.072818
vn -0.987687 0.129126 0.088322
vn -0.995601 0.000000 0.093694
vn -0.996729 0.000000 0.080815
vn -0.996729 0.000000 0.080815
vn -0.000000 -0.195071 0.980789
vn 0.000000 0.000000 1.000000
vn 0.000000 0.000000 1.000000
vn -0.000000 -0.199000 0.980000
vn -0.996728 -0.000005 -0.080824
vn -0.996728 0.000000 -0.080824
vn -0.996729 0.000000 -0.080815
vn -0.988747 -0.130681 -0.072818
vn -0.988747 -0.130681 -0.072818
vn 0.000000 0.195071 -0.980789
vn 0.000000 0.000000 -1.000000
vn 0.000000 0.000000 -1.000000
vn 0.000000 0.199000 -0.980000
vn -0.996729 0.000000 0.080820
vn -0.995601 0.000000 0.093694
vn -0.995601 0.000000 0.093694
vn -0.996729 0.000000 0.080815
vn -0.996729 0.000000 0.080821
vn 0.130653 -0.988646 -0.074223
vn -0.129156 -0.990276 -0.051699
vn -0.130011 -0.990492 -0.044985
vn -0.130011 -0.990492 -0.044985
vn -0.130011 -0.990492 -0.044985
vn -0.129219 -0.991300 -0.025026
vn 0.129859 -0.990108 -0.053134
vn -0.000000 -0.977486 -0.210999
vn -0.000000 -0.999607 -0.028023
vn -0.000000 -0.999607 -0.028022
vn -0.000000 -0.973209 -0.229921
vn -0.996729 -0.000002 -0.080821
vn -0.997536 0.000000 -0.070163
vn -0.997536 0.000000 -0.070163
vn -0.996729 0.000000 -0.080815
vn -0.996729 0.000000 -0.080821
vn -0.995601 0.000000 -0.093694
vn -0.996729 0.000000 -0.080815
vn -0.996729 0.000000 -0.080821
vn -0.996729 -0.000001 -0.080821
vn -0.995601 0.000000 -0.093694
vn -0.000000 -0.983782 -0.179369
vn -0.000000 -0.999607 0.028023
vn -0.000000 -0.999607 0.028022
vn -0.000000 -0.987174 -0.159649
vn 0.131508 -0.989285 -0.063419
vn -0.128515 -0.990430 -0.050326
vn -0.129156 -0.990276 -0.051699
vn 0.130653 -0.988646 -0.074223
vn -0.997536 0.000000 0.070163
vn -0.996729 0.000000 0.080815
vn -0.996729 0.000000 0.080821
vn -0.996729 0.000002 0.080821
vn -0.997536 0.000000 0.070163
vn -0.996729 0.000000 0.080815
vn -0.996729 0.000002 0.080821
vn -0.996728 -0.000005 0.080823
vn -0.988747 -0.130681 0.072818
vn -0.988747 -0.130681 0.072818
vn 0.130654 0.988646 0.074223
vn -0.129155 0.990276 0.051699
vn -0.130010 0.990492 0.044985
vn -0.130010 0.990492 0.044985
vn -0.130010 0.990492 0.044985
vn -0.129219 0.991300 0.025026
vn 0.129860 0.990108 0.053134
vn 0.000000 0.000000 -1.000000
vn -0.000000 -0.194896 -0.980824
vn -0.000000 -0.191122 -0.981566
vn 0.000000 0.000000 -1.000000
vn -0.997536 0.000000 0.070163
vn -0.996729 0.000002 0.080821
vn -0.996729 0.000004 0.080820
vn -0.996729 0.000000 0.080815
vn -0.997536 0.000000 0.070163
vn 0.000000 0.000000 1.000000
vn 0.000000 0.195071 0.980789
vn 0.000000 0.199000 0.980000
vn 0.000000 0.000000 1.000000
vn 0.129859 -0.990108 0.053134
vn -0.129219 -0.991300 0.025026
vn -0.130011 -0.990492 0.044985
vn -0.130011 -0.990492 0.044985
vn -0.130011 -0.990492 0.044985
vn -0.129156 -0.990276 0.051699
vn 0.130653 -0.988646 0.074223
vn -0.996729 -0.000005 -0.080820
vn -0.996729 -0.000006 -0.080818
vn -0.996729 -0.000005 -0.080821
vn -0.996729 0.000000 -0.080815
vn -0.996729 0.000000 -0.080815
vn -0.996729 0.000004 -0.080823
vn -0.996728 0.000000 -0.080824
vn -0.996729 0.000000 -0.080821
vn -0.996729 0.000000 -0.080815
vn -0.996729 0.000000 -0.080815
vn -0.996729 -0.000002 -0.080820
vn -0.996729 0.000000 -0.080818
vn -0.996729 -0.000006 -0.080822
vn -0.996729 0.000000 -0.080815
vn -0.996729 0.000000 -0.080815
vn -0.996729 0.000000 0.080820
vn -0.996729 0.000000 0.080816
vn -0.996729 0.000004 0.080820
vn -0.996729 0.000000 0.080815
vn -0.996729 0.000000 0.080815
vn -0.996729 -0.000003 0.080823
vn -0.996728 0.000000 0.080823
vn -0.996729 0.000000 0.080821
vn -0.996729 0.000000 0.080815
vn -0.996729 0.000000 0.080815
vn -0.996729 0.000004 0.080820
vn -0.996729 0.000007 0.080817
vn -0.996729 0.000002 0.080821
vn -0.996729 0.000000 0.080815
vn -0.996729 0.000000 0.080815
vn -0.996728 -0.000006 0.080823
vn -0.996728 0.000000 0.080824
vn -0.996729 0.000000 0.080821
vn -0.996729 0.000000 0.080815
vn -0.996729 0.000000 0.080815
vn -0.996728 0.000000 -0.080824
vn -0.996728 0.000000 -0.080823
vn -0.996729 0.000000 -0.080821
vn -0.996729 0.000000 -0.080815
vn -0.996729 0.000000 -0.080815
vn 0.000000 0.195071 -0.980789
vn 0.000000 0.199000 -0.980000
vn 0.000000 0.386382 -0.922339
vn 0.000000 0.386382 -0.922339
vn 0.000000 0.932806 -0.360380
vn 0.000000 0.932806 -0.360380
vn 0.000000 0.987174 -0.159647
vn 0.000000 0.983782 -0.179366
vn -0.000000 -0.191122 -0.981566
vn -0.000000 -0.194896 -0.980824
vn -0.000000 -0.378796 -0.925480
vn -0.000000 -0.378796 -0.925480
vn -0.000000 -0.914499 -0.404588
vn -0.000000 -0.914499 -0.404588
vn -0.000000 -0.977486 -0.210999
vn -0.000000 -0.973209 -0.229921
vn 0.000000 0.977486 0.211003
vn 0.000000 0.973209 0.229924
vn 0.000000 0.914499 0.404588
vn 0.000000 0.914499 0.404588
vn 0.000000 0.378796 0.925480
vn 0.000000 0.378796 0.925480
vn 0.000000 0.191122 0.981566
vn 0.000000 0.194896 0.980824
vn -0.000000 -0.194896 0.980824
vn -0.000000 -0.191122 0.981566
vn -0.000000 -0.378796 0.925480
vn -0.000000 -0.378796 0.925480
vn -0.000000 -0.914499 0.404588
vn -0.000000 -0.914499 0.404588
vn -0.000000 -0.973209 0.229921
vn -0.000000 -0.977486 0.210999
vn -0.000000 -0.983782 -0.179369
vn -0.000000 -0.987174 -0.159649
vn -0.000000 -0.932806 -0.360380
vn -0.000000 -0.932806 -0.360380
vn -0.000000 -0.386382 -0.922339
vn -0.000000 -0.386382 -0.922339
vn -0.000000 -0.199000 -0.980000
vn -0.000000 -0.195071 -0.980789
vn 0.000000 0.983782 0.179366
vn 0.000000 0.987174 0.159647
vn 0.000000 0.932806 0.360380
vn 0.000000 0.932806 0.360380
vn 0.000000 0.386382 0.922339
vn 0.000000 0.386382 0.922339
vn 0.000000 0.199000 0.980000
vn 0.000000 0.195071 0.980789
vn 0.000000 0.194896 -0.980824
vn 0.000000 0.191122 -0.981566
vn 0.000000 0.378796 -0.925480
vn 0.000000 0.378796 -0.925480
vn 0.000000 0.914499 -0.404588
vn 0.000000 0.914499 -0.404588
vn 0.000000 0.973209 -0.229924
vn 0.000000 0.977486 -0.211003
vn -0.000000 -0.195071 0.980789
vn -0.000000 -0.199000 0.980000
vn -0.000000 -0.386382 0.922339
vn -0.000000 -0.386382 0.922339
vn -0.000000 -0.932806 0.360380
vn -0.000000 -0.932806 0.360380
vn -0.000000 -0.987174 0.159649
vn -0.000000 -0.983782 0.179369
vn 0.000000 0.999607 0.028029
vn 0.000000 0.983782 -0.179366
vn 0.000000 0.987174 -0.159647
vn 0.000000 0.999607 0.028028
vn -0.705308 0.707850 0.038585
vn -0.493278 0.855757 -0.156069
vn -0.860075 0.498035 -0.110595
vn -0.705231 0.707778 0.041228
vn 0.859352 0.495963 0.124639
vn 0.823803 0.479608 0.302200
vn 0.942151 0.124822 0.311080
vn 0.983653 0.128698 0.125951
vn -0.987687 0.129126 0.088322
vn -0.987642 0.130559 -0.086703
vn -0.987642 -0.130558 -0.086703
vn -0.987687 -0.129126 0.088322
vn -0.995601 0.000000 0.093694
vn -0.995601 0.000000 0.093694
vn -0.995601 0.000000 0.093694
vn 0.496875 -0.862733 -0.093845
vn 0.478229 -0.836856 -0.266399
vn 0.823810 -0.479613 -0.302173
vn 0.859352 -0.495963 -0.124639
vn -0.962581 0.258839 0.080257
vn -0.860075 0.498035 -0.110595
vn -0.987642 0.130559 -0.086703
vn -0.987687 0.129126 0.088322
vn 0.942151 0.124822 -0.311080
vn 0.983653 0.128698 -0.125951
vn 0.983653 -0.128698 -0.125951
vn 0.942151 -0.124823 -0.311080
vn 0.129860 0.990108 0.053134
vn -0.129219 0.991300 0.025026
vn -0.127782 0.972392 0.195260
vn 0.125952 0.966258 0.224680
vn -0.228711 0.029604 -0.973044
vn -0.206978 0.116521 -0.971382
vn -0.117897 0.196667 -0.973356
vn -0.029298 0.209454 -0.977380
vn 0.024781 0.204904 -0.978468
vn 0.100987 0.183297 -0.977857
vn 0.174477 0.103276 -0.979230
vn 0.189800 0.025117 -0.981502
vn 0.189800 -0.025087 -0.981502
vn 0.174477 -0.103246 -0.979233
vn 0.100987 -0.183297 -0.977857
vn 0.024781 -0.204904 -0.978468
vn -0.029268 -0.209454 -0.977380
vn -0.117897 -0.196667 -0.973356
vn -0.206978 -0.116521 -0.971382
vn -0.228711 -0.029604 -0.973044
vn -0.987642 0.130559 0.086703
vn -0.987687 0.129126 -0.088322
vn -0.995601 0.000000 -0.093694
vn -0.995601 0.000000 -0.093694
vn -0.995601 0.000000 -0.093694
vn -0.987687 -0.129126 -0.088322
vn -0.987642 -0.130558 0.086703
vn -0.130010 0.990492 0.044985
vn -0.129155 0.990276 0.051699
vn -0.257756 0.965355 0.040643
vn -0.257823 0.965620 0.033244
vn -0.705726 0.708269 -0.017509
vn -0.705811 0.708378 -0.005554
vn -0.705807 0.708371 -0.006889
vn -0.705726 0.708269 -0.017509
vn -0.963743 0.259139 -0.063616
vn -0.964425 0.259317 -0.051370
vn -0.989536 0.130441 -0.061680
vn -0.988747 0.130682 -0.072818
vn -0.129155 0.990276 0.051699
vn -0.128515 0.990430 0.050326
vn -0.495999 0.867880 0.027755
vn -0.257756 0.965355 0.040643
vn -0.705811 0.708378 -0.005554
vn -0.495999 0.867880 0.027755
vn -0.705797 0.708353 0.009317
vn -0.705807 0.708371 -0.006889
vn -0.964425 0.259317 -0.051370
vn -0.965360 0.259583 -0.026407
vn -0.990637 0.131902 -0.035219
vn -0.989536 0.130441 -0.061680
vn -0.128515 0.990430 0.050326
vn -0.127448 0.991845 0.000000
vn -0.492311 0.870419 0.000000
vn -0.495999 0.867880 0.027755
vn -0.495999 0.867880 0.027755
vn -0.492311 0.870419 0.000000
vn -0.705846 0.708365 0.000000
vn -0.705797 0.708353 0.009317
vn -0.965360 0.259583 -0.026407
vn -0.965695 0.259680 -0.000001
vn -0.990839 0.135048 0.000000
vn -0.990637 0.131902 -0.035219
vn -0.127448 0.991845 0.000000
vn -0.128515 0.990430 -0.050326
vn -0.495999 0.867880 -0.027756
vn -0.492311 0.870419 0.000000
vn -0.492311 0.870419 0.000000
vn -0.495999 0.867880 -0.027756
vn -0.705797 0.708353 -0.009318
vn -0.705846 0.708365 0.000000
vn -0.965695 0.259680 -0.000001
vn -0.965360 0.259583 0.026406
vn -0.990637 0.131902 0.035219
vn -0.990839 0.135048 0.000000
vn -0.128515 0.990430 -0.050326
vn -0.129155 0.990276 -0.051699
vn -0.257756 0.965355 -0.040641
vn -0.495999 0.867880 -0.027756
vn -0.495999 0.867880 -0.027756
vn -0.705811 0.708378 0.005554
vn -0.705807 0.708371 0.006889
vn -0.705797 0.708353 -0.009318
vn -0.965360 0.259583 0.026406
vn -0.964425 0.259317 0.051368
vn -0.989536 0.130437 0.061678
vn -0.990637 0.131902 0.035219
vn -0.130010 0.990492 -0.044985
vn -0.129219 0.991300 -0.025026
vn -0.257946 0.966102 -0.010493
vn -0.257820 0.965621 -0.033240
vn -0.705744 0.708250 0.017511
vn -0.705308 0.707850 0.038585
vn -0.705231 0.707778 0.041228
vn -0.705744 0.708250 0.017511
vn -0.963743 0.259139 0.063613
vn -0.962581 0.258839 0.080257
vn -0.987687 0.129126 0.088322
vn -0.988747 0.130682 0.072818
vn 0.125952 -0.966265 0.224651
vn -0.127813 -0.972394 0.195229
vn -0.129219 -0.991300 0.025026
vn 0.129859 -0.990108 0.053134
vn -0.127782 0.972392 0.195260
vn -0.129219 0.991300 0.025026
vn -0.257946 0.966102 0.010493
vn -0.493271 0.855758 0.156084
vn 0.983653 0.128698 0.125951
vn 0.942151 0.124822 0.311080
vn 0.942151 -0.124823 0.311080
vn 0.983653 -0.128698 0.125951
vn 0.129859 -0.990108 0.053134
vn 0.130653 -0.988646 0.074223
vn 0.497185 -0.861369 0.104161
vn 0.496875 -0.862733 0.093845
vn 0.496875 -0.862733 0.093845
vn 0.497185 -0.861369 0.104161
vn 0.859716 -0.496756 0.118840
vn 0.859352 -0.495963 0.124639
vn 0.859352 -0.495963 0.124639
vn 0.859716 -0.496756 0.118840
vn 0.985485 -0.129858 0.109349
vn 0.983653 -0.128698 0.125951
vn 0.130653 -0.988646 0.074223
vn 0.131508 -0.989285 0.063419
vn 0.498934 -0.863185 0.077306
vn 0.497185 -0.861369 0.104161
vn 0.497185 -0.861369 0.104161
vn 0.498934 -0.863185 0.077306
vn 0.862645 -0.499800 0.077742
vn 0.859716 -0.496756 0.118840
vn 0.859716 -0.496756 0.118840
vn 0.862645 -0.499800 0.077742
vn 0.989210 -0.131506 0.064578
vn 0.985485 -0.129858 0.109349
vn 0.131508 -0.989285 0.063419
vn 0.131600 -0.991303 0.000000
vn 0.498224 -0.867048 0.000000
vn 0.498934 -0.863185 0.077306
vn 0.498934 -0.863185 0.077306
vn 0.498224 -0.867048 0.000000
vn 0.704728 -0.709477 0.000000
vn 0.862645 -0.499800 0.077742
vn 0.862645 -0.499800 0.077742
vn 0.965499 -0.260405 0.000000
vn 0.990876 -0.134774 0.000000
vn 0.989210 -0.131506 0.064578
vn 0.131600 -0.991303 0.000000
vn 0.131508 -0.989285 -0.063419
vn 0.498934 -0.863185 -0.077306
vn 0.498224 -0.867048 0.000000
vn 0.498224 -0.867048 0.000000
vn 0.498934 -0.863185 -0.077306
vn 0.862645 -0.499800 -0.077742
vn 0.704728 -0.709477 0.000000
vn 0.965499 -0.260405 0.000000
vn 0.862645 -0.499800 -0.077742
vn 0.989210 -0.131506 -0.064578
vn 0.990876 -0.134774 0.000000
vn 0.131508 -0.989285 -0.063419
vn 0.130653 -0.988646 -0.074223
vn 0.497185 -0.861369 -0.104161
vn 0.498934 -0.863185 -0.077306
vn 0.498934 -0.863185 -0.077306
vn 0.497185 -0.861369 -0.104161
vn 0.859716 -0.496756 -0.118840
vn 0.862645 -0.499800 -0.077742
vn 0.862645 -0.499800 -0.077742
vn 0.859716 -0.496756 -0.118840
vn 0.985485 -0.129858 -0.109349
vn 0.989210 -0.131506 -0.064578
vn 0.130653 -0.988646 -0.074223
vn 0.129859 -0.990108 -0.053134
vn 0.496875 -0.862733 -0.093845
vn 0.497185 -0.861369 -0.104161
vn 0.497185 -0.861369 -0.104161
vn 0.496875 -0.862733 -0.093845
vn 0.859352 -0.495963 -0.124639
vn 0.859716 -0.496756 -0.118840
vn 0.859716 -0.496756 -0.118840
vn 0.859352 -0.495963 -0.124639
vn 0.983653 -0.128698 -0.125951
vn 0.985485 -0.129858 -0.109349
vn -0.130010 0.990492 0.044985
vn -0.130010 0.990492 0.044985
vn -0.257826 0.965619 0.033241
vn -0.257820 0.965621 0.033239
vn -0.705737 0.708258 -0.017510
vn -0.705733 0.708262 -0.017509
vn -0.705733 0.708261 -0.017509
vn -0.705736 0.708258 -0.017510
vn -0.963742 0.259142 -0.063617
vn -0.963742 0.259141 -0.063613
vn -0.988747 0.130682 -0.072818
vn -0.988747 0.130682 -0.072818
vn -0.130010 0.990492 -0.044985
vn -0.130010 0.990492 -0.044985
vn -0.257826 0.965619 -0.033243
vn -0.257823 0.965620 -0.033242
vn -0.705726 0.708269 0.017509
vn -0.705733 0.708262 0.017508
vn -0.705733 0.708261 0.017508
vn -0.705725 0.708269 0.017509
vn -0.963743 0.259139 0.063615
vn -0.963742 0.259141 0.063613
vn -0.988747 0.130682 0.072818
vn -0.988747 0.130682 0.072818
vn -0.130010 0.990492 0.044985
vn -0.130010 0.990492 0.044985
vn -0.257823 0.965620 0.033244
vn -0.257826 0.965619 0.033241
vn -0.705733 0.708262 -0.017509
vn -0.705726 0.708269 -0.017509
vn -0.705726 0.708269 -0.017509
vn -0.705733 0.708261 -0.017509
vn -0.963742 0.259141 -0.063613
vn -0.963743 0.259139 -0.063616
vn -0.988747 0.130682 -0.072818
vn -0.988747 0.130682 -0.072818
vn -0.130010 0.990492 -0.044985
vn -0.130010 0.990492 -0.044985
vn -0.257820 0.965621 -0.033240
vn -0.257826 0.965619 -0.033243
vn -0.705733 0.708262 0.017508
vn -0.705744 0.708250 0.017511
vn -0.705744 0.708250 0.017511
vn -0.705733 0.708261 0.017508
vn -0.963742 0.259141 0.063613
vn -0.963743 0.259139 0.063613
vn -0.988747 0.130682 0.072818
vn -0.988747 0.130682 0.072818
vn -0.129219 0.991300 0.025026
vn -0.130010 0.990492 0.044985
vn -0.257820 0.965621 0.033239
vn -0.257946 0.966102 0.010493
vn -0.705292 0.707866 -0.038583
vn -0.705737 0.708258 -0.017510
vn -0.705736 0.708258 -0.017510
vn -0.705215 0.707794 -0.041227
vn -0.962579 0.258844 -0.080260
vn -0.963742 0.259142 -0.063617
vn -0.988747 0.130682 -0.072818
vn -0.987687 0.129126 -0.088322
vn -0.129155 0.990276 -0.051699
vn -0.130010 0.990492 -0.044985
vn -0.257823 0.965620 -0.033242
vn -0.257756 0.965355 -0.040641
vn -0.705811 0.708378 0.005554
vn -0.705726 0.708269 0.017509
vn -0.705725 0.708269 0.017509
vn -0.705807 0.708371 0.006889
vn -0.964425 0.259317 0.051368
vn -0.963743 0.259139 0.063615
vn -0.988747 0.130682 0.072818
vn -0.989536 0.130437 0.061678
vn 0.823803 -0.479608 0.302200
vn 0.859352 -0.495963 0.124639
vn 0.983653 -0.128698 0.125951
vn 0.942151 -0.124823 0.311080
vn -0.705309 -0.707849 -0.038586
vn -0.493278 -0.855759 0.156055
vn -0.860075 -0.498035 0.110598
vn -0.705232 -0.707777 -0.041230
vn 0.125952 0.966258 -0.224680
vn 0.129860 0.990108 -0.053134
vn 0.496875 0.862733 -0.093845
vn 0.478238 0.836840 -0.266434
vn -0.129219 -0.991300 0.025026
vn -0.127813 -0.972394 0.195229
vn -0.493278 -0.855759 0.156055
vn -0.257947 -0.966102 0.010498
vn 0.496875 0.862733 0.093845
vn 0.478238 0.836840 0.266434
vn 0.823803 0.479608 0.302200
vn 0.859352 0.495963 0.124639
vn -0.962581 -0.258838 -0.080258
vn -0.860075 -0.498035 0.110598
vn -0.987642 -0.130558 0.086703
vn -0.987687 -0.129126 -0.088322
vn 0.129860 0.990108 0.053134
vn 0.125952 0.966258 0.224680
vn 0.478238 0.836840 0.266434
vn 0.496875 0.862733 0.093845
vn -0.860070 -0.498041 -0.110611
vn -0.962579 -0.258843 0.080261
vn -0.987687 -0.129126 0.088322
vn -0.987642 -0.130558 -0.086703
vn -0.493270 -0.855762 -0.156063
vn -0.705292 -0.707866 0.038582
vn -0.705215 -0.707794 0.041226
vn -0.860070 -0.498041 -0.110611
vn -0.130011 -0.990492 -0.044985
vn -0.129156 -0.990276 -0.051699
vn -0.257756 -0.965355 -0.040641
vn -0.257824 -0.965620 -0.033244
vn -0.705726 -0.708268 0.017510
vn -0.705812 -0.708377 0.005555
vn -0.705808 -0.708370 0.006889
vn -0.705726 -0.708269 0.017510
vn -0.963743 -0.259138 0.063612
vn -0.964425 -0.259316 0.051368
vn -0.989536 -0.130440 0.061680
vn -0.988747 -0.130681 0.072818
vn -0.129156 -0.990276 -0.051699
vn -0.128515 -0.990430 -0.050326
vn -0.495999 -0.867879 -0.027755
vn -0.257756 -0.965355 -0.040641
vn -0.705812 -0.708377 0.005555
vn -0.495999 -0.867879 -0.027755
vn -0.705797 -0.708353 -0.009318
vn -0.705808 -0.708370 0.006889
vn -0.964425 -0.259316 0.051368
vn -0.965360 -0.259582 0.026406
vn -0.990637 -0.131902 0.035219
vn -0.989536 -0.130440 0.061680
vn -0.128515 -0.990430 -0.050326
vn -0.127449 -0.991845 -0.000000
vn -0.492312 -0.870419 -0.000000
vn -0.495999 -0.867879 -0.027755
vn -0.495999 -0.867879 -0.027755
vn -0.492312 -0.870419 -0.000000
vn -0.705847 -0.708365 -0.000000
vn -0.705797 -0.708353 -0.009318
vn -0.965360 -0.259582 0.026406
vn -0.965695 -0.259680 -0.000000
vn -0.990839 -0.135048 -0.000000
vn -0.990637 -0.131902 0.035219
vn -0.127449 -0.991845 -0.000000
vn -0.128515 -0.990430 0.050326
vn -0.495999 -0.867879 0.027755
vn -0.492312 -0.870419 -0.000000
vn -0.492312 -0.870419 -0.000000
vn -0.495999 -0.867879 0.027755
vn -0.705797 -0.708353 0.009318
vn -0.705847 -0.708365 -0.000000
vn -0.965695 -0.259680 -0.000000
vn -0.965360 -0.259582 -0.026406
vn -0.990637 -0.131902 -0.035219
vn -0.990839 -0.135048 -0.000000
vn -0.128515 -0.990430 0.050326
vn -0.129156 -0.990276 0.051699
vn -0.257756 -0.965355 0.040642
vn -0.495999 -0.867879 0.027755
vn -0.495999 -0.867879 0.027755
vn -0.705812 -0.708378 -0.005554
vn -0.705807 -0.708370 -0.006889
vn -0.705797 -0.708353 0.009318
vn -0.965360 -0.259582 -0.026406
vn -0.964426 -0.259316 -0.051367
vn -0.989536 -0.130436 -0.061678
vn -0.990637 -0.131902 -0.035219
vn -0.130011 -0.990492 0.044985
vn -0.129219 -0.991300 0.025026
vn -0.257947 -0.966102 0.010498
vn -0.257821 -0.965621 0.033240
vn -0.705745 -0.708250 -0.017511
vn -0.705309 -0.707849 -0.038586
vn -0.705232 -0.707777 -0.041230
vn -0.705745 -0.708250 -0.017512
vn -0.963743 -0.259139 -0.063614
vn -0.962581 -0.258838 -0.080258
vn -0.987687 -0.129126 -0.088322
vn -0.988747 -0.130681 -0.072818
vn 0.823803 0.479608 -0.302200
vn 0.859352 0.495963 -0.124639
vn 0.983653 0.128698 -0.125951
vn 0.942151 0.124822 -0.311080
vn -0.127813 -0.972394 -0.195229
vn -0.129219 -0.991300 -0.025026
vn -0.257947 -0.966102 -0.010500
vn -0.493270 -0.855762 -0.156063
vn 0.478238 0.836840 -0.266434
vn 0.496875 0.862733 -0.093845
vn 0.859352 0.495963 -0.124639
vn 0.823803 0.479608 -0.302200
vn 0.129860 0.990108 -0.053134
vn 0.130654 0.988646 -0.074223
vn 0.497186 0.861369 -0.104161
vn 0.496875 0.862733 -0.093845
vn 0.496875 0.862733 -0.093845
vn 0.497186 0.861369 -0.104161
vn 0.859716 0.496755 -0.118840
vn 0.859352 0.495963 -0.124639
vn 0.859352 0.495963 -0.124639
vn 0.859716 0.496755 -0.118840
vn 0.985485 0.129857 -0.109349
vn 0.983653 0.128698 -0.125951
vn 0.130654 0.988646 -0.074223
vn 0.131508 0.989284 -0.063419
vn 0.498934 0.863185 -0.077306
vn 0.497186 0.861369 -0.104161
vn 0.497186 0.861369 -0.104161
vn 0.498934 0.863185 -0.077306
vn 0.862645 0.499800 -0.077742
vn 0.859716 0.496755 -0.118840
vn 0.859716 0.496755 -0.118840
vn 0.862645 0.499800 -0.077742
vn 0.989210 0.131506 -0.064578
vn 0.985485 0.129857 -0.109349
vn 0.131508 0.989284 -0.063419
vn 0.131600 0.991303 0.000000
vn 0.498225 0.867048 0.000000
vn 0.498934 0.863185 -0.077306
vn 0.498934 0.863185 -0.077306
vn 0.498225 0.867048 0.000000
vn 0.704729 0.709477 0.000000
vn 0.862645 0.499800 -0.077742
vn 0.862645 0.499800 -0.077742
vn 0.965500 0.260405 0.000000
vn 0.990876 0.134774 0.000000
vn 0.989210 0.131506 -0.064578
vn 0.131600 0.991303 0.000000
vn 0.131508 0.989284 0.063419
vn 0.498934 0.863185 0.077306
vn 0.498225 0.867048 0.000000
vn 0.498225 0.867048 0.000000
vn 0.498934 0.863185 0.077306
vn 0.862645 0.499800 0.077741
vn 0.704729 0.709477 0.000000
vn 0.965500 0.260405 0.000000
vn 0.862645 0.499800 0.077741
vn 0.989210 0.131506 0.064578
vn 0.990876 0.134774 0.000000
vn 0.131508 0.989284 0.063419
vn 0.130654 0.988646 0.074223
vn 0.497186 0.861369 0.104161
vn 0.498934 0.863185 0.077306
vn 0.498934 0.863185 0.077306
vn 0.497186 0.861369 0.104161
vn 0.859716 0.496755 0.118840
vn 0.862645 0.499800 0.077741
vn 0.862645 0.499800 0.077741
vn 0.859716 0.496755 0.118840
vn 0.985485 0.129857 0.109349
vn 0.989210 0.131506 0.064578
vn 0.130654 0.988646 0.074223
vn 0.129860 0.990108 0.053134
vn 0.496875 0.862733 0.093845
vn 0.497186 0.861369 0.104161
vn 0.497186 0.861369 0.104161
vn 0.496875 0.862733 0.093845
vn 0.859352 0.495963 0.124639
vn 0.859716 0.496755 0.118840
vn 0.859716 0.496755 0.118840
vn 0.859352 0.495963 0.124639
vn 0.983653 0.128698 0.125951
vn 0.985485 0.129857 0.109349
vn -0.130011 -0.990492 -0.044985
vn -0.130011 -0.990492 -0.044985
vn -0.257827 -0.965619 -0.033242
vn -0.257821 -0.965621 -0.033243
vn -0.705737 -0.708258 0.017510
vn -0.705733 -0.708261 0.017508
vn -0.705734 -0.708261 0.017508
vn -0.705737 -0.708258 0.017510
vn -0.963742 -0.259141 0.063617
vn -0.963743 -0.259140 0.063611
vn -0.988747 -0.130681 0.072818
vn -0.988747 -0.130681 0.072818
vn -0.130011 -0.990492 0.044985
vn -0.130011 -0.990492 0.044985
vn -0.257827 -0.965619 0.033242
vn -0.257824 -0.965620 0.033247
vn -0.705726 -0.708269 -0.017510
vn -0.705733 -0.708261 -0.017508
vn -0.705734 -0.708261 -0.017508
vn -0.705726 -0.708269 -0.017510
vn -0.963743 -0.259138 -0.063612
vn -0.963743 -0.259140 -0.063612
vn -0.988747 -0.130681 -0.072818
vn -0.988747 -0.130681 -0.072818
vn -0.130011 -0.990492 -0.044985
vn -0.130011 -0.990492 -0.044985
vn -0.257824 -0.965620 -0.033244
vn -0.257827 -0.965619 -0.033242
vn -0.705733 -0.708261 0.017508
vn -0.705726 -0.708268 0.017510
vn -0.705726 -0.708269 0.017510
vn -0.705734 -0.708261 0.017508
vn -0.963743 -0.259140 0.063611
vn -0.963743 -0.259138 0.063612
vn -0.988747 -0.130681 0.072818
vn -0.988747 -0.130681 0.072818
vn -0.130011 -0.990492 0.044985
vn -0.130011 -0.990492 0.044985
vn -0.257821 -0.965621 0.033240
vn -0.257827 -0.965619 0.033242
vn -0.705733 -0.708261 -0.017508
vn -0.705745 -0.708250 -0.017511
vn -0.705745 -0.708250 -0.017512
vn -0.705734 -0.708261 -0.017508
vn -0.963743 -0.259140 -0.063612
vn -0.963743 -0.259139 -0.063614
vn -0.988747 -0.130681 -0.072818
vn -0.988747 -0.130681 -0.072818
vn -0.129219 -0.991300 -0.025026
vn -0.130011 -0.990492 -0.044985
vn -0.257821 -0.965621 -0.033243
vn -0.257947 -0.966102 -0.010500
vn -0.705292 -0.707866 0.038582
vn -0.705737 -0.708258 0.017510
vn -0.705737 -0.708258 0.017510
vn -0.705215 -0.707794 0.041226
vn -0.962579 -0.258843 0.080261
vn -0.963742 -0.259141 0.063617
vn -0.988747 -0.130681 0.072818
vn -0.987687 -0.129126 0.088322
vn -0.129156 -0.990276 0.051699
vn -0.130011 -0.990492 0.044985
vn -0.257824 -0.965620 0.033247
vn -0.257756 -0.965355 0.040642
vn -0.705812 -0.708378 -0.005554
vn -0.705726 -0.708269 -0.017510
vn -0.705726 -0.708269 -0.017510
vn -0.705807 -0.708370 -0.006889
vn -0.964426 -0.259316 -0.051367
vn -0.963743 -0.259138 -0.063612
vn -0.988747 -0.130681 -0.072818
vn -0.989536 -0.130436 -0.061678
vn -0.860070 0.498044 0.110598
vn -0.962579 0.258844 -0.080260
vn -0.987687 0.129126 -0.088322
vn -0.987642 0.130559 0.086703
vn -0.029298 0.209454 -0.977380
vn -0.117897 0.196667 -0.973356
vn -0.189431 0.337944 -0.921905
vn -0.047332 0.380906 -0.923401
vn -0.129704 0.914472 -0.383299
vn -0.483629 0.801943 -0.350699
vn -0.493278 0.855757 -0.156069
vn -0.127783 0.972397 -0.195230
vn -0.117897 0.196667 -0.973356
vn -0.206978 0.116521 -0.971382
vn -0.345685 0.203818 -0.915948
vn -0.189431 0.337944 -0.921905
vn -0.483629 0.801943 -0.350699
vn -0.830491 0.465619 -0.305752
vn -0.860075 0.498035 -0.110595
vn -0.493278 0.855757 -0.156069
vn -0.206978 0.116521 -0.971382
vn -0.228711 0.029604 -0.973044
vn -0.413763 0.055535 -0.908689
vn -0.345685 0.203818 -0.915948
vn -0.830491 0.465619 -0.305752
vn -0.953252 0.122871 -0.276067
vn -0.987642 0.130559 -0.086703
vn -0.860075 0.498035 -0.110595
vn 0.024781 -0.204904 -0.978468
vn 0.100987 -0.183297 -0.977857
vn 0.179851 -0.305424 -0.935077
vn 0.051463 -0.371266 -0.927099
vn 0.107623 -0.905126 -0.411297
vn 0.426987 -0.779721 -0.457948
vn 0.478229 -0.836856 -0.266399
vn 0.125952 -0.966265 -0.224651
vn 0.100987 -0.183297 -0.977857
vn 0.174477 -0.103246 -0.979233
vn 0.298332 -0.171152 -0.938991
vn 0.179851 -0.305424 -0.935077
vn 0.426987 -0.779721 -0.457948
vn 0.748385 -0.444200 -0.492550
vn 0.823810 -0.479613 -0.302173
vn 0.478229 -0.836856 -0.266399
vn 0.174477 -0.103246 -0.979233
vn 0.189800 -0.025087 -0.981502
vn 0.345660 -0.045844 -0.937239
vn 0.298332 -0.171152 -0.938991
vn 0.748385 -0.444200 -0.492550
vn 0.862408 -0.114112 -0.493185
vn 0.942151 -0.124823 -0.311080
vn 0.823810 -0.479613 -0.302173
vn -0.117894 0.196632 0.973364
vn -0.029268 0.209454 0.977380
vn -0.047330 0.380895 0.923406
vn -0.189420 0.337921 0.921916
vn -0.483624 0.801936 0.350724
vn -0.129701 0.914461 0.383327
vn -0.127782 0.972392 0.195260
vn -0.493271 0.855758 0.156084
vn -0.206978 0.116521 0.971382
vn -0.117894 0.196632 0.973364
vn -0.189420 0.337921 0.921916
vn -0.345678 0.203806 0.915953
vn -0.830486 0.465624 0.305757
vn -0.483624 0.801936 0.350724
vn -0.493271 0.855758 0.156084
vn -0.860070 0.498044 0.110598
vn -0.228711 0.029604 0.973044
vn -0.206978 0.116521 0.971382
vn -0.345678 0.203806 0.915953
vn -0.413762 0.055537 0.908689
vn -0.953250 0.122878 0.276071
vn -0.830486 0.465624 0.305757
vn -0.860070 0.498044 0.110598
vn -0.987642 0.130559 0.086703
vn 0.100987 -0.183297 0.977857
vn 0.024781 -0.204904 0.978468
vn 0.051463 -0.371266 0.927099
vn 0.179851 -0.305424 0.935077
vn 0.426981 -0.779718 0.457960
vn 0.107623 -0.905126 0.411297
vn 0.125952 -0.966265 0.224651
vn 0.478242 -0.836847 0.266405
vn 0.174477 -0.103246 0.979233
vn 0.100987 -0.183297 0.977857
vn 0.179851 -0.305424 0.935077
vn 0.298330 -0.171151 0.938992
vn 0.748379 -0.444198 0.492563
vn 0.426981 -0.779718 0.457960
vn 0.478242 -0.836847 0.266405
vn 0.823803 -0.479608 0.302200
vn 0.189800 -0.025087 0.981502
vn 0.174477 -0.103246 0.979233
vn 0.298330 -0.171151 0.938992
vn 0.345657 -0.045843 0.937240
vn 0.862408 -0.114112 0.493185
vn 0.748379 -0.444198 0.492563
vn 0.823803 -0.479608 0.302200
vn 0.942151 -0.124823 0.311080
vn -0.029298 -0.209483 0.977373
vn -0.117897 -0.196667 0.973356
vn -0.189432 -0.337944 0.921905
vn -0.047332 -0.380914 0.923398
vn -0.129707 -0.914483 0.383272
vn -0.483632 -0.801952 0.350675
vn -0.493278 -0.855759 0.156055
vn -0.127813 -0.972394 0.195229
vn -0.117897 -0.196667 0.973356
vn -0.206978 -0.116521 0.971382
vn -0.345681 -0.203817 0.915949
vn -0.189432 -0.337944 0.921905
vn -0.483632 -0.801952 0.350675
vn -0.830489 -0.465618 0.305759
vn -0.860075 -0.498035 0.110598
vn -0.493278 -0.855759 0.156055
vn -0.206978 -0.116521 0.971382
vn -0.228711 -0.029604 0.973044
vn -0.413759 -0.055534 0.908691
vn -0.345681 -0.203817 0.915949
vn -0.830489 -0.465618 0.305759
vn -0.953250 -0.122870 0.276074
vn -0.987642 -0.130558 0.086703
vn -0.860075 -0.498035 0.110598
vn 0.024781 0.204904 0.978468
vn 0.100987 0.183297 0.977857
vn 0.179856 0.305428 0.935075
vn 0.051463 0.371259 0.927102
vn 0.107619 0.905106 0.411340
vn 0.426976 0.779692 0.458009
vn 0.478238 0.836840 0.266434
vn 0.125952 0.966258 0.224680
vn 0.100987 0.183297 0.977857
vn 0.174477 0.103276 0.979230
vn 0.298339 0.171157 0.938989
vn 0.179856 0.305428 0.935075
vn 0.426976 0.779692 0.458009
vn 0.748381 0.444195 0.492561
vn 0.823803 0.479608 0.302200
vn 0.478238 0.836840 0.266434
vn 0.174477 0.103276 0.979230
vn 0.189800 0.025117 0.981502
vn 0.345662 0.045844 0.937238
vn 0.298339 0.171157 0.938989
vn 0.748381 0.444195 0.492561
vn 0.862408 0.114111 0.493184
vn 0.942151 0.124822 0.311080
vn 0.823803 0.479608 0.302200
vn -0.117897 -0.196667 -0.973356
vn -0.029268 -0.209454 -0.977380
vn -0.047330 -0.380903 -0.923403
vn -0.189430 -0.337931 -0.921911
vn -0.483625 -0.801950 -0.350690
vn -0.129707 -0.914483 -0.383272
vn -0.127813 -0.972394 -0.195229
vn -0.493270 -0.855762 -0.156063
vn -0.206978 -0.116521 -0.971382
vn -0.117897 -0.196667 -0.973356
vn -0.189430 -0.337931 -0.921911
vn -0.345689 -0.203817 -0.915946
vn -0.830482 -0.465616 -0.305781
vn -0.483625 -0.801950 -0.350690
vn -0.493270 -0.855762 -0.156063
vn -0.860070 -0.498041 -0.110611
vn -0.228711 -0.029604 -0.973044
vn -0.206978 -0.116521 -0.971382
vn -0.345689 -0.203817 -0.915946
vn -0.413763 -0.055535 -0.908689
vn -0.953248 -0.122869 -0.276081
vn -0.830482 -0.465616 -0.305781
vn -0.860070 -0.498041 -0.110611
vn -0.987642 -0.130558 -0.086703
vn 0.100987 0.183297 -0.977857
vn 0.024781 0.204904 -0.978468
vn 0.051466 0.371271 -0.927097
vn 0.179863 0.305443 -0.935069
vn 0.426974 0.779693 -0.458009
vn 0.107619 0.905106 -0.411340
vn 0.125952 0.966258 -0.224680
vn 0.478238 0.836840 -0.266434
vn 0.174477 0.103276 -0.979230
vn 0.100987 0.183297 -0.977857
vn 0.179863 0.305443 -0.935069
vn 0.298343 0.171161 -0.938987
vn 0.748379 0.444197 -0.492563
vn 0.426974 0.779693 -0.458009
vn 0.478238 0.836840 -0.266434
vn 0.823803 0.479608 -0.302200
vn 0.189800 0.025117 -0.981502
vn 0.174477 0.103276 -0.979230
vn 0.298343 0.171161 -0.938987
vn 0.345662 0.045844 -0.937238
vn 0.862408 0.114111 -0.493184
vn 0.748379 0.444197 -0.492563
vn 0.823803 0.479608 -0.302200
vn 0.942151 0.124822 -0.311080
vn -0.029268 0.209454 0.977380
vn 0.024781 0.204904 0.978468
vn 0.051463 0.371259 0.927102
vn -0.047330 0.380895 0.923406
vn -0.129701 0.914461 0.383327
vn 0.107619 0.905106 0.411340
vn 0.125952 0.966258 0.224680
vn -0.127782 0.972392 0.195260
vn 0.189800 0.025117 0.981502
vn 0.189800 -0.025087 0.981502
vn 0.345657 -0.045843 0.937240
vn 0.345662 0.045844 0.937238
vn 0.862408 0.114111 0.493184
vn 0.862408 -0.114112 0.493185
vn 0.942151 -0.124823 0.311080
vn 0.942151 0.124822 0.311080
vn -0.987642 0.130559 0.086703
vn -0.987642 -0.130558 0.086703
vn -0.953250 -0.122870 0.276074
vn -0.953250 0.122878 0.276071
vn -0.413762 0.055537 0.908689
vn -0.413759 -0.055534 0.908691
vn -0.228711 -0.029604 0.973044
vn -0.228711 0.029604 0.973044
vn -0.127813 -0.972394 0.195229
vn 0.125952 -0.966265 0.224651
vn 0.107623 -0.905126 0.411297
vn -0.129707 -0.914483 0.383272
vn -0.047332 -0.380914 0.923398
vn 0.051463 -0.371266 0.927099
vn 0.024781 -0.204904 0.978468
vn -0.029298 -0.209483 0.977373
vn 0.189800 -0.025087 -0.981502
vn 0.189800 0.025117 -0.981502
vn 0.345662 0.045844 -0.937238
vn 0.345660 -0.045844 -0.937239
vn 0.862408 -0.114112 -0.493185
vn 0.862408 0.114111 -0.493184
vn 0.942151 0.124822 -0.311080
vn 0.942151 -0.124823 -0.311080
vn -0.987642 -0.130558 -0.086703
vn -0.987642 0.130559 -0.086703
vn -0.953252 0.122871 -0.276067
vn -0.953248 -0.122869 -0.276081
vn -0.413763 -0.055535 -0.908689
vn -0.413763 0.055535 -0.908689
vn -0.228711 0.029604 -0.973044
vn -0.228711 -0.029604 -0.973044
vn -0.127783 0.972397 -0.195230
vn 0.125952 0.966258 -0.224680
vn 0.107619 0.905106 -0.411340
vn -0.129704 0.914472 -0.383299
vn -0.047332 0.380906 -0.923401
vn 0.051466 0.371271 -0.927097
vn 0.024781 0.204904 -0.978468
vn -0.029298 0.209454 -0.977380
vn 0.125952 -0.966265 -0.224651
vn -0.127813 -0.972394 -0.195229
vn -0.129707 -0.914483 -0.383272
vn 0.107623 -0.905126 -0.411297
vn 0.051463 -0.371266 -0.927099
vn -0.047330 -0.380903 -0.923403
vn -0.029268 -0.209454 -0.977380
vn 0.024781 -0.204904 -0.978468
vn 0.189800 0.025117 0.981502
vn 0.174477 0.103276 0.979230
vn 0.100987 0.183297 0.977857
vn 0.024781 0.204904 0.978468
vn -0.029268 0.209454 0.977380
vn -0.117894 0.196632 0.973364
vn -0.206978 0.116521 0.971382
vn -0.228711 0.029604 0.973044
vn -0.228711 -0.029604 0.973044
vn -0.206978 -0.116521 0.971382
vn -0.117897 -0.196667 0.973356
vn -0.029298 -0.209483 0.977373
vn 0.024781 -0.204904 0.978468
vn 0.100987 -0.183297 0.977857
vn 0.174477 -0.103246 0.979233
vn 0.189800 -0.025087 0.981502
vn -0.493271 0.855761 0.156069
vn -0.705292 0.707866 -0.038583
vn -0.705215 0.707794 -0.041226
vn -0.860067 0.498046 0.110609
vn -0.996728 -0.000005 0.080823
vn -0.996729 -0.000006 0.080823
vn -0.996729 0.000000 0.080815
vn -0.988747 -0.130681 0.072818
vn -0.988747 -0.130681 0.072818
vn -0.996729 0.000000 0.080815
vn -0.996729 0.000000 0.080815
vn -0.995601 0.000000 0.093694
vn -0.987687 -0.129126 0.088322
vn -0.988747 -0.130681 0.072818
vn 0.478238 -0.836840 0.266434
vn 0.496888 -0.862725 0.093847
vn 0.859352 -0.495963 0.124639
vn 0.823803 -0.479608 0.302200
vn 0.125953 0.966265 -0.224651
vn -0.127814 0.972399 -0.195200
vn -0.129219 0.991300 -0.025026
vn 0.129860 0.990108 -0.053134
vn 0.129859 -0.990108 -0.053134
vn -0.129219 -0.991300 -0.025026
vn -0.127814 -0.972399 -0.195200
vn 0.125952 -0.966265 -0.224651
vn 0.129859 -0.990108 -0.053134
vn 0.125952 -0.966265 -0.224651
vn 0.478238 -0.836840 -0.266434
vn 0.496888 -0.862725 -0.093847
vn -0.989536 0.130441 0.061680
vn -0.988747 0.130682 0.072818
vn -0.996729 0.000000 0.080815
vn -0.996729 0.000000 0.080815
vn -0.997536 0.000000 0.070163
vn 0.985485 0.129857 -0.109349
vn 0.989210 0.131506 -0.064578
vn 0.989210 -0.131506 -0.064578
vn 0.985485 -0.129858 -0.109349
vn -0.997536 0.000000 0.070163
vn -0.996729 0.000000 0.080815
vn -0.996729 0.000000 0.080815
vn -0.988747 -0.130681 0.072818
vn -0.989536 -0.130440 0.061680
vn 0.131600 -0.991303 0.000000
vn -0.127419 -0.991849 -0.000000
vn -0.128485 -0.990434 -0.050326
vn 0.131508 -0.989285 -0.063419
vn -0.988747 0.130682 -0.072818
vn -0.989536 0.130441 -0.061680
vn -0.997536 0.000000 -0.070163
vn -0.996729 0.000000 -0.080815
vn -0.996729 0.000000 -0.080815
vn -0.987687 0.129126 -0.088322
vn -0.988747 0.130682 -0.072818
vn -0.996729 0.000000 -0.080815
vn -0.996729 0.000000 -0.080815
vn -0.995601 0.000000 -0.093694
vn 0.125952 -0.966265 0.224651
vn 0.129859 -0.990108 0.053134
vn 0.496888 -0.862725 0.093847
vn 0.478238 -0.836840 0.266434
vn 0.131508 0.989284 0.063419
vn -0.128485 0.990434 0.050326
vn -0.129155 0.990276 0.051699
vn 0.130654 0.988646 0.074223
vn 0.131600 0.991303 0.000000
vn -0.127418 0.991849 0.000000
vn -0.128485 0.990434 0.050326
vn 0.131508 0.989284 0.063419
vn 0.131508 0.989284 -0.063419
vn -0.128485 0.990434 -0.050326
vn -0.127418 0.991849 0.000000
vn 0.131600 0.991303 0.000000
vn 0.130654 0.988646 -0.074223
vn -0.129155 0.990276 -0.051699
vn -0.128485 0.990434 -0.050326
vn 0.131508 0.989284 -0.063419
vn 0.129860 0.990108 -0.053134
vn -0.129219 0.991300 -0.025026
vn -0.130010 0.990492 -0.044985
vn -0.130010 0.990492 -0.044985
vn -0.130010 0.990492 -0.044985
vn -0.129155 0.990276 -0.051699
vn 0.130654 0.988646 -0.074223
vn -0.988747 0.130682 -0.072818
vn -0.988747 0.130682 -0.072818
vn -0.996729 0.000000 -0.080815
vn -0.996729 -0.000005 -0.080821
vn -0.996728 0.000001 -0.080823
vn -0.129219 0.991300 -0.025026
vn -0.127814 0.972399 -0.195200
vn -0.493275 0.855757 -0.156074
vn -0.257946 0.966102 -0.010493
vn -0.990637 0.131902 0.035219
vn -0.989536 0.130441 0.061680
vn -0.997536 0.000000 0.070163
vn -0.997536 0.000000 0.070163
vn -0.997536 0.000000 0.070163
vn -0.989536 -0.130440 0.061680
vn -0.990637 -0.131902 0.035219
vn -0.990839 0.135048 0.000000
vn -0.990637 0.131902 0.035219
vn -0.990637 -0.131902 0.035219
vn -0.990839 -0.135048 -0.000000
vn -0.990637 0.131902 -0.035219
vn -0.990839 0.135048 0.000000
vn -0.990839 -0.135048 -0.000000
vn -0.990637 -0.131902 -0.035219
vn -0.989536 0.130441 -0.061680
vn -0.990637 0.131902 -0.035219
vn -0.990637 -0.131902 -0.035219
vn -0.989536 -0.130440 -0.061680
vn -0.997536 0.000000 -0.070163
vn -0.997536 0.000000 -0.070163
vn -0.997536 0.000000 -0.070163
vn -0.996729 0.000000 -0.080815
vn -0.996729 0.000000 -0.080815
vn -0.997536 0.000000 -0.070163
vn -0.989536 -0.130440 -0.061680
vn -0.988747 -0.130681 -0.072818
vn -0.995601 0.000000 -0.093694
vn -0.996729 0.000000 -0.080815
vn -0.996729 0.000000 -0.080815
vn -0.988747 -0.130681 -0.072818
vn -0.987687 -0.129126 -0.088322
vn 0.859352 -0.495963 -0.124639
vn 0.823803 -0.479608 -0.302200
vn 0.942151 -0.124823 -0.311080
vn 0.983653 -0.128698 -0.125951
vn 0.000000 0.000000 -1.000000
vn -0.000000 -0.195072 -0.980789
vn -0.000000 -0.199001 -0.979999
vn 0.000000 0.000000 -1.000000
vn 0.985485 0.129857 0.109349
vn 0.983653 0.128698 0.125951
vn 0.983653 -0.128698 0.125951
vn 0.985485 -0.129858 0.109349
vn 0.989210 0.131506 0.064578
vn 0.985485 0.129857 0.109349
vn 0.985485 -0.129858 0.109349
vn 0.989210 -0.131506 0.064578
vn 0.990876 0.134774 0.000000
vn 0.989210 0.131506 0.064578
vn 0.989210 -0.131506 0.064578
vn 0.990876 -0.134774 0.000000
vn 0.989210 0.131506 -0.064578
vn 0.990876 0.134774 0.000000
vn 0.990876 -0.134774 0.000000
vn 0.989210 -0.131506 -0.064578
vn -0.996729 0.000000 -0.080815
vn -0.996729 -0.000006 -0.080820
vn -0.996728 -0.000005 -0.080823
vn -0.988747 -0.130681 -0.072818
vn -0.988747 -0.130681 -0.072818
vn -0.000000 -0.999607 -0.028027
vn -0.000000 -0.983783 0.179363
vn -0.000000 -0.987175 0.159644
vn -0.000000 -0.999607 -0.028027
vn 0.000000 0.999607 -0.028029
vn 0.000000 0.977486 -0.210999
vn 0.000000 0.973210 -0.229920
vn 0.000000 0.999607 -0.028030
vn -0.000000 -0.999607 0.028027
vn -0.000000 -0.977487 0.210995
vn -0.000000 -0.973210 0.229916
vn -0.000000 -0.999607 0.028027
vn 0.983653 0.128698 -0.125951
vn 0.985485 0.129857 -0.109349
vn 0.985485 -0.129858 -0.109349
vn 0.983653 -0.128698 -0.125951
vn 0.000000 0.000000 1.000000
vn 0.000000 0.194892 0.980825
vn 0.000000 0.191118 0.981567
vn 0.000000 0.000000 1.000000
vn -0.995601 0.000000 -0.093694
vn -0.996729 -0.000001 -0.080821
vn -0.996729 -0.000002 -0.080820
vn -0.996729 0.000000 -0.080815
vn -0.995601 0.000000 -0.093694
vn -0.996729 -0.000005 -0.080820
vn -0.996729 0.000000 -0.080815
vn -0.997536 0.000000 -0.070163
vn -0.997536 0.000000 -0.070163
vn -0.996729 -0.000002 -0.080821
vn -0.988747 0.130682 -0.072818
vn -0.988747 0.130682 -0.072818
vn -0.996728 0.000001 -0.080823
vn -0.996729 0.000004 -0.080823
vn -0.996729 0.000000 -0.080815
vn -0.988747 0.130682 0.072818
vn -0.988747 0.130682 0.072818
vn -0.996729 0.000000 0.080815
vn -0.996729 0.000004 0.080821
vn -0.996728 0.000000 0.080823
vn 0.000000 0.977486 0.210999
vn 0.000000 0.999607 0.028029
vn 0.000000 0.999607 0.028030
vn 0.000000 0.973210 0.229920
vn 0.130653 -0.988646 0.074223
vn -0.129156 -0.990276 0.051699
vn -0.128485 -0.990434 0.050326
vn 0.131508 -0.989285 0.063419
vn -0.000000 -0.194893 0.980825
vn 0.000000 0.000000 1.000000
vn 0.000000 0.000000 1.000000
vn -0.000000 -0.191120 0.981567
vn 0.000000 0.194892 -0.980825
vn 0.000000 0.000000 -1.000000
vn 0.000000 0.000000 -1.000000
vn 0.000000 0.191118 -0.981567
vn 0.131508 -0.989285 0.063419
vn -0.128485 -0.990434 0.050326
vn -0.127419 -0.991849 -0.000000
vn 0.131600 -0.991303 0.000000
vn -0.996729 0.000000 0.080820
vn -0.996729 0.000000 0.080815
vn -0.995601 0.000000 0.093694
vn -0.995601 0.000000 0.093694
vn -0.996729 0.000000 0.080821
vn -0.988747 0.130682 0.072818
vn -0.988747 0.130682 0.072818
vn -0.996728 0.000000 0.080823
vn -0.996729 -0.000003 0.080823
vn -0.996729 0.000000 0.080815
vn 0.000000 0.983782 0.179368
vn 0.000000 0.999607 -0.028029
vn 0.000000 0.999607 -0.028030
vn 0.000000 0.987174 0.159649
vn -0.988747 0.130682 0.072818
vn -0.987687 0.129126 0.088322
vn -0.995601 0.000000 0.093694
vn -0.996729 0.000000 0.080815
vn -0.996729 0.000000 0.080815
vn -0.000000 -0.195072 0.980789
vn 0.000000 0.000000 1.000000
vn 0.000000 0.000000 1.000000
vn -0.000000 -0.199001 0.979999
vn -0.996728 -0.000005 -0.080823
vn -0.996728 0.000000 -0.080823
vn -0.996729 0.000000 -0.080815
vn -0.988747 -0.130681 -0.072818
vn -0.988747 -0.130681 -0.072818
vn 0.000000 0.195072 -0.980789
vn 0.000000 0.000000 -1.000000
vn 0.000000 0.000000 -1.000000
vn 0.000000 0.199001 -0.979999
vn -0.996729 0.000000 0.080821
vn -0.995601 0.000000 0.093694
vn -0.995601 0.000000 0.093694
vn -0.996729 0.000000 0.080815
vn -0.996729 0.000000 0.080821
vn 0.130653 -0.988646 -0.074223
vn -0.129156 -0.990276 -0.051699
vn -0.130011 -0.990492 -0.044985
vn -0.130011 -0.990492 -0.044985
vn -0.130011 -0.990492 -0.044985
vn -0.129219 -0.991300 -0.025026
vn 0.129859 -0.990108 -0.053134
vn -0.000000 -0.977487 -0.210995
vn -0.000000 -0.999607 -0.028027
vn -0.000000 -0.999607 -0.028027
vn -0.000000 -0.973210 -0.229916
vn -0.996729 -0.000002 -0.080821
vn -0.997536 0.000000 -0.070163
vn -0.997536 0.000000 -0.070163
vn -0.996729 0.000000 -0.080815
vn -0.996729 0.000000 -0.080821
vn -0.995601 0.000000 -0.093694
vn -0.996729 0.000000 -0.080815
vn -0.996729 0.000000 -0.080821
vn -0.996729 -0.000001 -0.080821
vn -0.995601 0.000000 -0.093694
vn -0.000000 -0.983783 -0.179363
vn -0.000000 -0.999607 0.028027
vn -0.000000 -0.999607 0.028027
vn -0.000000 -0.987175 -0.159644
vn 0.131508 -0.989285 -0.063419
vn -0.128485 -0.990434 -0.050326
vn -0.129156 -0.990276 -0.051699
vn 0.130653 -0.988646 -0.074223
vn -0.997536 0.000000 0.070163
vn -0.996729 0.000000 0.080815
vn -0.996729 0.000000 0.080821
vn -0.996729 0.000002 0.080821
vn -0.997536 0.000000 0.070163
vn -0.996729 0.000000 0.080815
vn -0.996729 0.000002 0.080821
vn -0.996728 -0.000005 0.080823
vn -0.988747 -0.130681 0.072818
vn -0.988747 -0.130681 0.072818
vn 0.130654 0.988646 0.074223
vn -0.129155 0.990276 0.051699
vn -0.130010 0.990492 0.044985
vn -0.130010 0.990492 0.044985
vn -0.130010 0.990492 0.044985
vn -0.129219 0.991300 0.025026
vn 0.129860 0.990108 0.053134
vn 0.000000 0.000000 -1.000000
vn -0.000000 -0.194893 -0.980825
vn -0.000000 -0.191120 -0.981567
vn 0.000000 0.000000 -1.000000
vn -0.997536 0.000000 0.070163
vn -0.996729 0.000002 0.080821
vn -0.996729 0.000004 0.080820
vn -0.996729 0.000000 0.080815
vn -0.997536 0.000000 0.070163
vn 0.000000 0.000000 1.000000
vn 0.000000 0.195072 0.980789
vn 0.000000 0.199001 0.979999
vn 0.000000 0.000000 1.000000
vn 0.129859 -0.990108 0.053134
vn -0.129219 -0.991300 0.025026
vn -0.130011 -0.990492 0.044985
vn -0.130011 -0.990492 0.044985
vn -0.130011 -0.990492 0.044985
vn -0.129156 -0.990276 0.051699
vn 0.130653 -0.988646 0.074223
vn -0.996729 -0.000005 -0.080820
vn -0.996729 -0.000006 -0.080818
vn -0.996729 -0.000005 -0.080821
vn -0.996729 0.000000 -0.080815
vn -0.996729 0.000000 -0.080815
vn -0.996729 0.000004 -0.080823
vn -0.996728 0.000000 -0.080823
vn -0.996729 0.000000 -0.080821
vn -0.996729 0.000000 -0.080815
vn -0.996729 0.000000 -0.080815
vn -0.996729 -0.000002 -0.080820
vn -0.996729 0.000000 -0.080817
vn -0.996729 -0.000006 -0.080820
vn -0.996729 0.000000 -0.080815
vn -0.996729 0.000000 -0.080815
vn -0.996729 0.000000 0.080820
vn -0.996729 0.000000 0.080817
vn -0.996729 0.000004 0.080821
vn -0.996729 0.000000 0.080815
vn -0.996729 0.000000 0.080815
vn -0.996729 -0.000003 0.080823
vn -0.996728 0.000000 0.080823
vn -0.996729 0.000000 0.080821
vn -0.996729 0.000000 0.080815
vn -0.996729 0.000000 0.080815
vn -0.996729 0.000004 0.080820
vn -0.996729 0.000007 0.080817
vn -0.996729 0.000002 0.080821
vn -0.996729 0.000000 0.080815
vn -0.996729 0.000000 0.080815
vn -0.996729 -0.000006 0.080823
vn -0.996728 0.000000 0.080824
vn -0.996729 0.000000 0.080821
vn -0.996729 0.000000 0.080815
vn -0.996729 0.000000 0.080815
vn -0.996728 0.000000 -0.080823
vn -0.996728 0.000000 -0.080823
vn -0.996729 0.000000 -0.080821
vn -0.996729 0.000000 -0.080815
vn -0.996729 0.000000 -0.080815
vn 0.000000 0.195072 -0.980789
vn 0.000000 0.199001 -0.979999
vn 0.000000 0.386385 -0.922338
vn 0.000000 0.386385 -0.922338
vn 0.000000 0.932806 -0.360380
vn 0.000000 0.932806 -0.360380
vn 0.000000 0.987174 -0.159649
vn 0.000000 0.983782 -0.179368
vn -0.000000 -0.191120 -0.981567
vn -0.000000 -0.194893 -0.980825
vn -0.000000 -0.378791 -0.925482
vn -0.000000 -0.378791 -0.925482
vn -0.000000 -0.914505 -0.404575
vn -0.000000 -0.914505 -0.404575
vn -0.000000 -0.977487 -0.210995
vn -0.000000 -0.973210 -0.229916
vn 0.000000 0.977486 0.210999
vn 0.000000 0.973210 0.229920
vn 0.000000 0.914505 0.404575
vn 0.000000 0.914505 0.404575
vn 0.000000 0.378788 0.925483
vn 0.000000 0.378788 0.925483
vn 0.000000 0.191118 0.981567
vn 0.000000 0.194892 0.980825
vn -0.000000 -0.194893 0.980825
vn -0.000000 -0.191120 0.981567
vn -0.000000 -0.378791 0.925482
vn -0.000000 -0.378791 0.925482
vn -0.000000 -0.914505 0.404575
vn -0.000000 -0.914505 0.404575
vn -0.000000 -0.973210 0.229916
vn -0.000000 -0.977487 0.210995
vn -0.000000 -0.983783 -0.179363
vn -0.000000 -0.987175 -0.159644
vn -0.000000 -0.932808 -0.360373
vn -0.000000 -0.932808 -0.360373
vn -0.000000 -0.386385 -0.922338
vn -0.000000 -0.386385 -0.922338
vn -0.000000 -0.199001 -0.979999
vn -0.000000 -0.195072 -0.980789
vn 0.000000 0.983782 0.179368
vn 0.000000 0.987174 0.159649
vn 0.000000 0.932806 0.360380
vn 0.000000 0.932806 0.360380
vn 0.000000 0.386385 0.922338
vn 0.000000 0.386385 0.922338
vn 0.000000 0.199001 0.979999
vn 0.000000 0.195072 0.980789
vn 0.000000 0.194892 -0.980825
vn 0.000000 0.191118 -0.981567
vn 0.000000 0.378788 -0.925483
vn 0.000000 0.378788 -0.925483
vn 0.000000 0.914505 -0.404575
vn 0.000000 0.914505 -0.404575
vn 0.000000 0.973210 -0.229920
vn 0.000000 0.977486 -0.210999
vn -0.000000 -0.195072 0.980789
vn -0.000000 -0.199001 0.979999
vn -0.000000 -0.386385 0.922338
vn -0.000000 -0.386385 0.922338
vn -0.000000 -0.932808 0.360373
vn -0.000000 -0.932808 0.360373
vn -0.000000 -0.987175 0.159644
vn -0.000000 -0.983783 0.179363
vn 0.000000 0.999607 0.028029
vn 0.000000 0.983782 -0.179368
vn 0.000000 0.987174 -0.159649
vn 0.000000 0.999607 0.028030
vn -0.705303 0.707855 0.038582
vn -0.493275 0.855757 -0.156074
vn -0.860072 0.498037 -0.110615
vn -0.705226 0.707783 0.041226
vn 0.859352 0.495963 0.124639
vn 0.823803 0.479608 0.302200
vn 0.942142 0.124821 0.311107
vn 0.983653 0.128698 0.125951
vn -0.987687 0.129126 0.088322
vn -0.987642 0.130559 -0.086703
vn -0.987642 -0.130558 -0.086703
vn -0.987687 -0.129126 0.088322
vn -0.995601 0.000000 0.093694
vn -0.995601 0.000000 0.093694
vn -0.995601 0.000000 0.093694
vn 0.496888 -0.862725 -0.093847
vn 0.478238 -0.836840 -0.266434
vn 0.823803 -0.479608 -0.302200
vn 0.859352 -0.495963 -0.124639
vn -0.962582 0.258832 0.080260
vn -0.860072 0.498037 -0.110615
vn -0.987642 0.130559 -0.086703
vn -0.987687 0.129126 0.088322
vn 0.942142 0.124821 -0.311107
vn 0.983653 0.128698 -0.125951
vn 0.983653 -0.128698 -0.125951
vn 0.942151 -0.124823 -0.311080
vn 0.129860 0.990108 0.053134
vn -0.129219 0.991300 0.025026
vn -0.127814 0.972399 0.195200
vn 0.125953 0.966265 0.224651
vn -0.228711 0.029604 -0.973044
vn -0.206978 0.116521 -0.971382
vn -0.117897 0.196667 -0.973356
vn -0.029298 0.209454 -0.977380
vn 0.024782 0.204875 -0.978474
vn 0.100988 0.183267 -0.977862
vn 0.174477 0.103276 -0.979230
vn 0.189800 0.025117 -0.981502
vn 0.189800 -0.025117 -0.981502
vn 0.174477 -0.103276 -0.979230
vn 0.100987 -0.183297 -0.977857
vn 0.024781 -0.204904 -0.978468
vn -0.029299 -0.209454 -0.977380
vn -0.117897 -0.196667 -0.973356
vn -0.206978 -0.116521 -0.971382
vn -0.228711 -0.029604 -0.973044
vn -0.987642 0.130559 0.086703
vn -0.987687 0.129126 -0.088322
vn -0.995601 0.000000 -0.093694
vn -0.995601 0.000000 -0.093694
vn -0.995601 0.000000 -0.093694
vn -0.987687 -0.129126 -0.088322
vn -0.987642 -0.130558 0.086703
vn -0.130010 0.990492 0.044985
vn -0.129155 0.990276 0.051699
vn -0.257751 0.965356 0.040643
vn -0.257828 0.965619 0.033240
vn -0.705731 0.708264 -0.017512
vn -0.705820 0.708370 -0.005554
vn -0.705815 0.708363 -0.006889
vn -0.705731 0.708264 -0.017512
vn -0.963742 0.259143 -0.063613
vn -0.964424 0.259321 -0.051367
vn -0.989536 0.130441 -0.061680
vn -0.988747 0.130682 -0.072818
vn -0.129155 0.990276 0.051699
vn -0.128485 0.990434 0.050326
vn -0.495993 0.867883 0.027756
vn -0.257751 0.965356 0.040643
vn -0.705820 0.708370 -0.005554
vn -0.495993 0.867883 0.027756
vn -0.705810 0.708340 0.009318
vn -0.705815 0.708363 -0.006889
vn -0.964424 0.259321 -0.051367
vn -0.965359 0.259584 -0.026406
vn -0.990637 0.131902 -0.035219
vn -0.989536 0.130441 -0.061680
vn -0.128485 0.990434 0.050326
vn -0.127418 0.991849 0.000000
vn -0.492298 0.870427 0.000000
vn -0.495993 0.867883 0.027756
vn -0.495993 0.867883 0.027756
vn -0.492298 0.870427 0.000000
vn -0.705863 0.708349 0.000000
vn -0.705810 0.708340 0.009318
vn -0.965359 0.259584 -0.026406
vn -0.965695 0.259680 0.000000
vn -0.990839 0.135048 0.000000
vn -0.990637 0.131902 -0.035219
vn -0.127418 0.991849 0.000000
vn -0.128485 0.990434 -0.050326
vn -0.495993 0.867883 -0.027756
vn -0.492298 0.870427 0.000000
vn -0.492298 0.870427 0.000000
vn -0.495993 0.867883 -0.027756
vn -0.705810 0.708340 -0.009317
vn -0.705863 0.708349 0.000000
vn -0.965695 0.259680 0.000000
vn -0.965359 0.259584 0.026406
vn -0.990637 0.131902 0.035219
vn -0.990839 0.135048 0.000000
vn -0.128485 0.990434 -0.050326
vn -0.129155 0.990276 -0.051699
vn -0.257751 0.965356 -0.040642
vn -0.495993 0.867883 -0.027756
vn -0.495993 0.867883 -0.027756
vn -0.705820 0.708370 0.005554
vn -0.705815 0.708363 0.006889
vn -0.705810 0.708340 -0.009317
vn -0.965359 0.259584 0.026406
vn -0.964424 0.259321 0.051367
vn -0.989536 0.130441 0.061680
vn -0.990637 0.131902 0.035219
vn -0.130010 0.990492 -0.044985
vn -0.129219 0.991300 -0.025026
vn -0.257946 0.966102 -0.010493
vn -0.257810 0.965624 -0.033243
vn -0.705742 0.708253 0.017507
vn -0.705303 0.707855 0.038582
vn -0.705226 0.707783 0.041226
vn -0.705742 0.708253 0.017507
vn -0.963743 0.259137 0.063615
vn -0.962582 0.258832 0.080260
vn -0.987687 0.129126 0.088322
vn -0.988747 0.130682 0.072818
vn 0.125952 -0.966265 0.224651
vn -0.127814 -0.972399 0.195200
vn -0.129219 -0.991300 0.025026
vn 0.129859 -0.990108 0.053134
vn -0.127814 0.972399 0.195200
vn -0.129219 0.991300 0.025026
vn -0.257946 0.966102 0.010495
vn -0.493271 0.855761 0.156069
vn 0.983653 0.128698 0.125951
vn 0.942142 0.124821 0.311107
vn 0.942142 -0.124822 0.311107
vn 0.983653 -0.128698 0.125951
vn 0.129859 -0.990108 0.053134
vn 0.130653 -0.988646 0.074223
vn 0.497185 -0.861369 0.104161
vn 0.496888 -0.862725 0.093847
vn 0.496888 -0.862725 0.093847
vn 0.497185 -0.861369 0.104161
vn 0.859716 -0.496756 0.118840
vn 0.859352 -0.495963 0.124639
vn 0.859352 -0.495963 0.124639
vn 0.859716 -0.496756 0.118840
vn 0.985485 -0.129858 0.109349
vn 0.983653 -0.128698 0.125951
vn 0.130653 -0.988646 0.074223
vn 0.131508 -0.989285 0.063419
vn 0.498934 -0.863185 0.077306
vn 0.497185 -0.861369 0.104161
vn 0.497185 -0.861369 0.104161
vn 0.498934 -0.863185 0.077306
vn 0.862645 -0.499800 0.077742
vn 0.859716 -0.496756 0.118840
vn 0.859716 -0.496756 0.118840
vn 0.862645 -0.499800 0.077742
vn 0.989210 -0.131506 0.064578
vn 0.985485 -0.129858 0.109349
vn 0.131508 -0.989285 0.063419
vn 0.131600 -0.991303 0.000000
vn 0.498224 -0.867048 0.000000
vn 0.498934 -0.863185 0.077306
vn 0.498934 -0.863185 0.077306
vn 0.498224 -0.867048 0.000000
vn 0.704734 -0.709472 0.000000
vn 0.862645 -0.499800 0.077742
vn 0.862645 -0.499800 0.077742
vn 0.965499 -0.260408 0.000000
vn 0.990876 -0.134774 0.000000
vn 0.989210 -0.131506 0.064578
vn 0.131600 -0.991303 0.000000
vn 0.131508 -0.989285 -0.063419
vn 0.498933 -0.863183 -0.077336
vn 0.498224 -0.867048 0.000000
vn 0.498224 -0.867048 0.000000
vn 0.498933 -0.863183 -0.077336
vn 0.862645 -0.499800 -0.077742
vn 0.704734 -0.709472 0.000000
vn 0.965499 -0.260408 0.000000
vn 0.862645 -0.499800 -0.077742
vn 0.989210 -0.131506 -0.064578
vn 0.990876 -0.134774 0.000000
vn 0.131508 -0.989285 -0.063419
vn 0.130653 -0.988646 -0.074223
vn 0.497185 -0.861369 -0.104161
vn 0.498933 -0.863183 -0.077336
vn 0.498933 -0.863183 -0.077336
vn 0.497185 -0.861369 -0.104161
vn 0.859716 -0.496756 -0.118840
vn 0.862645 -0.499800 -0.077742
vn 0.862645 -0.499800 -0.077742
vn 0.859716 -0.496756 -0.118840
vn 0.985485 -0.129858 -0.109349
vn 0.989210 -0.131506 -0.064578
vn 0.130653 -0.988646 -0.074223
vn 0.129859 -0.990108 -0.053134
vn 0.496888 -0.862725 -0.093847
vn 0.497185 -0.861369 -0.104161
vn 0.497185 -0.861369 -0.104161
vn 0.496888 -0.862725 -0.093847
vn 0.859352 -0.495963 -0.124639
vn 0.859716 -0.496756 -0.118840
vn 0.859716 -0.496756 -0.118840
vn 0.859352 -0.495963 -0.124639
vn 0.983653 -0.128698 -0.125951
vn 0.985485 -0.129858 -0.109349
vn -0.130010 0.990492 0.044985
vn -0.130010 0.990492 0.044985
vn -0.257816 0.965622 0.033244
vn -0.257810 0.965624 0.033245
vn -0.705737 0.708258 -0.017509
vn -0.705736 0.708259 -0.017510
vn -0.705736 0.708259 -0.017510
vn -0.705736 0.708258 -0.017509
vn -0.963742 0.259142 -0.063617
vn -0.963742 0.259142 -0.063613
vn -0.988747 0.130682 -0.072818
vn -0.988747 0.130682 -0.072818
vn -0.130010 0.990492 -0.044985
vn -0.130010 0.990492 -0.044985
vn -0.257816 0.965622 -0.033245
vn -0.257828 0.965619 -0.033241
vn -0.705731 0.708264 0.017512
vn -0.705736 0.708259 0.017510
vn -0.705736 0.708258 0.017510
vn -0.705731 0.708264 0.017512
vn -0.963742 0.259143 0.063614
vn -0.963742 0.259142 0.063614
vn -0.988747 0.130682 0.072818
vn -0.988747 0.130682 0.072818
vn -0.130010 0.990492 0.044985
vn -0.130010 0.990492 0.044985
vn -0.257828 0.965619 0.033240
vn -0.257816 0.965622 0.033244
vn -0.705736 0.708259 -0.017510
vn -0.705731 0.708264 -0.017512
vn -0.705731 0.708264 -0.017512
vn -0.705736 0.708259 -0.017510
vn -0.963742 0.259142 -0.063613
vn -0.963742 0.259143 -0.063613
vn -0.988747 0.130682 -0.072818
vn -0.988747 0.130682 -0.072818
vn -0.130010 0.990492 -0.044985
vn -0.130010 0.990492 -0.044985
vn -0.257810 0.965624 -0.033243
vn -0.257816 0.965622 -0.033245
vn -0.705736 0.708259 0.017510
vn -0.705742 0.708253 0.017507
vn -0.705742 0.708253 0.017507
vn -0.705736 0.708258 0.017510
vn -0.963742 0.259142 0.063614
vn -0.963743 0.259137 0.063615
vn -0.988747 0.130682 0.072818
vn -0.988747 0.130682 0.072818
vn -0.129219 0.991300 0.025026
vn -0.130010 0.990492 0.044985
vn -0.257810 0.965624 0.033245
vn -0.257946 0.966102 0.010495
vn -0.705292 0.707866 -0.038583
vn -0.705737 0.708258 -0.017509
vn -0.705736 0.708258 -0.017509
vn -0.705215 0.707794 -0.041226
vn -0.962579 0.258845 -0.080261
vn -0.963742 0.259142 -0.063617
vn -0.988747 0.130682 -0.072818
vn -0.987687 0.129126 -0.088322
vn -0.129155 0.990276 -0.051699
vn -0.130010 0.990492 -0.044985
vn -0.257828 0.965619 -0.033241
vn -0.257751 0.965356 -0.040642
vn -0.705820 0.708370 0.005554
vn -0.705731 0.708264 0.017512
vn -0.705731 0.708264 0.017512
vn -0.705815 0.708363 0.006889
vn -0.964424 0.259321 0.051367
vn -0.963742 0.259143 0.063614
vn -0.988747 0.130682 0.072818
vn -0.989536 0.130441 0.061680
vn 0.823803 -0.479608 0.302200
vn 0.859352 -0.495963 0.124639
vn 0.983653 -0.128698 0.125951
vn 0.942142 -0.124822 0.311107
vn -0.705303 -0.707855 -0.038583
vn -0.493277 -0.855759 0.156060
vn -0.860072 -0.498038 0.110608
vn -0.705226 -0.707783 -0.041227
vn 0.125953 0.966265 -0.224651
vn 0.129860 0.990108 -0.053134
vn 0.496888 0.862725 -0.093847
vn 0.478238 0.836840 -0.266434
vn -0.129219 -0.991300 0.025026
vn -0.127814 -0.972399 0.195200
vn -0.493277 -0.855759 0.156060
vn -0.257946 -0.966102 0.010493
vn 0.496888 0.862725 0.093847
vn 0.478238 0.836840 0.266434
vn 0.823803 0.479608 0.302200
vn 0.859352 0.495963 0.124639
vn -0.962582 -0.258831 -0.080259
vn -0.860072 -0.498038 0.110608
vn -0.987642 -0.130558 0.086703
vn -0.987687 -0.129126 -0.088322
vn 0.129860 0.990108 0.053134
vn 0.125953 0.966265 0.224651
vn 0.478238 0.836840 0.266434
vn 0.496888 0.862725 0.093847
vn -0.860068 -0.498046 -0.110608
vn -0.962579 -0.258844 0.080261
vn -0.987687 -0.129126 0.088322
vn -0.987642 -0.130558 -0.086703
vn -0.493272 -0.855762 -0.156061
vn -0.705292 -0.707866 0.038583
vn -0.705215 -0.707794 0.041226
vn -0.860068 -0.498046 -0.110608
vn -0.130011 -0.990492 -0.044985
vn -0.129156 -0.990276 -0.051699
vn -0.257752 -0.965356 -0.040641
vn -0.257829 -0.965619 -0.033240
vn -0.705731 -0.708263 0.017512
vn -0.705820 -0.708369 0.005555
vn -0.705815 -0.708362 0.006889
vn -0.705731 -0.708263 0.017512
vn -0.963743 -0.259140 0.063614
vn -0.964424 -0.259320 0.051367
vn -0.989536 -0.130440 0.061680
vn -0.988747 -0.130681 0.072818
vn -0.129156 -0.990276 -0.051699
vn -0.128485 -0.990434 -0.050326
vn -0.495994 -0.867882 -0.027756
vn -0.257752 -0.965356 -0.040641
vn -0.705820 -0.708369 0.005555
vn -0.495994 -0.867882 -0.027756
vn -0.705811 -0.708339 -0.009317
vn -0.705815 -0.708362 0.006889
vn -0.964424 -0.259320 0.051367
vn -0.965360 -0.259583 0.026406
vn -0.990637 -0.131902 0.035219
vn -0.989536 -0.130440 0.061680
vn -0.128485 -0.990434 -0.050326
vn -0.127419 -0.991849 -0.000000
vn -0.492299 -0.870426 -0.000000
vn -0.495994 -0.867882 -0.027756
vn -0.495994 -0.867882 -0.027756
vn -0.492299 -0.870426 -0.000000
vn -0.705863 -0.708348 -0.000000
vn -0.705811 -0.708339 -0.009317
vn -0.965360 -0.259583 0.026406
vn -0.965695 -0.259680 -0.000000
vn -0.990839 -0.135048 -0.000000
vn -0.990637 -0.131902 0.035219
vn -0.127419 -0.991849 -0.000000
vn -0.128485 -0.990434 0.050326
vn -0.495994 -0.867882 0.027756
vn -0.492299 -0.870426 -0.000000
vn -0.492299 -0.870426 -0.000000
vn -0.495994 -0.867882 0.027756
vn -0.705811 -0.708339 0.009317
vn -0.705863 -0.708348 -0.000000
vn -0.965695 -0.259680 -0.000000
vn -0.965360 -0.259583 -0.026406
vn -0.990637 -0.131902 -0.035219
vn -0.990839 -0.135048 -0.000000
vn -0.128485 -0.990434 0.050326
vn -0.129156 -0.990276 0.051699
vn -0.257752 -0.965356 0.040640
vn -0.495994 -0.867882 0.027756
vn -0.495994 -0.867882 0.027756
vn -0.705820 -0.708369 -0.005555
vn -0.705815 -0.708362 -0.006889
vn -0.705811 -0.708339 0.009317
vn -0.965360 -0.259583 -0.026406
vn -0.964424 -0.259320 -0.051367
vn -0.989536 -0.130440 -0.061680
vn -0.990637 -0.131902 -0.035219
vn -0.130011 -0.990492 0.044985
vn -0.129219 -0.991300 0.025026
vn -0.257946 -0.966102 0.010493
vn -0.257811 -0.965623 0.033244
vn -0.705742 -0.708252 -0.017508
vn -0.705303 -0.707855 -0.038583
vn -0.705226 -0.707783 -0.041227
vn -0.705742 -0.708252 -0.017508
vn -0.963744 -0.259133 -0.063614
vn -0.962582 -0.258831 -0.080259
vn -0.987687 -0.129126 -0.088322
vn -0.988747 -0.130681 -0.072818
vn 0.823803 0.479608 -0.302200
vn 0.859352 0.495963 -0.124639
vn 0.983653 0.128698 -0.125951
vn 0.942142 0.124821 -0.311107
vn -0.127814 -0.972399 -0.195200
vn -0.129219 -0.991300 -0.025026
vn -0.257946 -0.966102 -0.010492
vn -0.493272 -0.855762 -0.156061
vn 0.478238 0.836840 -0.266434
vn 0.496888 0.862725 -0.093847
vn 0.859352 0.495963 -0.124639
vn 0.823803 0.479608 -0.302200
vn 0.129860 0.990108 -0.053134
vn 0.130654 0.988646 -0.074223
vn 0.497186 0.861369 -0.104161
vn 0.496888 0.862725 -0.093847
vn 0.496888 0.862725 -0.093847
vn 0.497186 0.861369 -0.104161
vn 0.859716 0.496755 -0.118840
vn 0.859352 0.495963 -0.124639
vn 0.859352 0.495963 -0.124639
vn 0.859716 0.496755 -0.118840
vn 0.985485 0.129857 -0.109349
vn 0.983653 0.128698 -0.125951
vn 0.130654 0.988646 -0.074223
vn 0.131508 0.989284 -0.063419
vn 0.498934 0.863185 -0.077306
vn 0.497186 0.861369 -0.104161
vn 0.497186 0.861369 -0.104161
vn 0.498934 0.863185 -0.077306
vn 0.862645 0.499800 -0.077741
vn 0.859716 0.496755 -0.118840
vn 0.859716 0.496755 -0.118840
vn 0.862645 0.499800 -0.077741
vn 0.989210 0.131506 -0.064578
vn 0.985485 0.129857 -0.109349
vn 0.131508 0.989284 -0.063419
vn 0.131600 0.991303 0.000000
vn 0.498225 0.867048 0.000000
vn 0.498934 0.863185 -0.077306
vn 0.498934 0.863185 -0.077306
vn 0.498225 0.867048 0.000000
vn 0.704734 0.709471 0.000000
vn 0.862645 0.499800 -0.077741
vn 0.862645 0.499800 -0.077741
vn 0.965499 0.260407 0.000000
vn 0.990876 0.134774 0.000000
vn 0.989210 0.131506 -0.064578
vn 0.131600 0.991303 0.000000
vn 0.131508 0.989284 0.063419
vn 0.498934 0.863185 0.077306
vn 0.498225 0.867048 0.000000
vn 0.498225 0.867048 0.000000
vn 0.498934 0.863185 0.077306
vn 0.862645 0.499800 0.077741
vn 0.704734 0.709471 0.000000
vn 0.965499 0.260407 0.000000
vn 0.862645 0.499800 0.077741
vn 0.989210 0.131506 0.064578
vn 0.990876 0.134774 0.000000
vn 0.131508 0.989284 0.063419
vn 0.130654 0.988646 0.074223
vn 0.497186 0.861369 0.104161
vn 0.498934 0.863185 0.077306
vn 0.498934 0.863185 0.077306
vn 0.497186 0.861369 0.104161
vn 0.859716 0.496755 0.118840
vn 0.862645 0.499800 0.077741
vn 0.862645 0.499800 0.077741
vn 0.859716 0.496755 0.118840
vn 0.985485 0.129857 0.109349
vn 0.989210 0.131506 0.064578
vn 0.130654 0.988646 0.074223
vn 0.129860 0.990108 0.053134
vn 0.496888 0.862725 0.093847
vn 0.497186 0.861369 0.104161
vn 0.497186 0.861369 0.104161
vn 0.496888 0.862725 0.093847
vn 0.859352 0.495963 0.124639
vn 0.859716 0.496755 0.118840
vn 0.859716 0.496755 0.118840
vn 0.859352 0.495963 0.124639
vn 0.983653 0.128698 0.125951
vn 0.985485 0.129857 0.109349
vn -0.130011 -0.990492 -0.044985
vn -0.130011 -0.990492 -0.044985
vn -0.257817 -0.965622 -0.033245
vn -0.257810 -0.965623 -0.033243
vn -0.705737 -0.708258 0.017509
vn -0.705736 -0.708258 0.017509
vn -0.705737 -0.708258 0.017509
vn -0.705737 -0.708258 0.017509
vn -0.963743 -0.259138 0.063615
vn -0.963744 -0.259136 0.063614
vn -0.988747 -0.130681 0.072818
vn -0.988747 -0.130681 0.072818
vn -0.130011 -0.990492 0.044985
vn -0.130011 -0.990492 0.044985
vn -0.257817 -0.965622 0.033247
vn -0.257829 -0.965619 0.033240
vn -0.705731 -0.708263 -0.017512
vn -0.705736 -0.708258 -0.017510
vn -0.705737 -0.708258 -0.017510
vn -0.705731 -0.708263 -0.017512
vn -0.963743 -0.259140 -0.063614
vn -0.963744 -0.259136 -0.063614
vn -0.988747 -0.130681 -0.072818
vn -0.988747 -0.130681 -0.072818
vn -0.130011 -0.990492 -0.044985
vn -0.130011 -0.990492 -0.044985
vn -0.257829 -0.965619 -0.033240
vn -0.257817 -0.965622 -0.033245
vn -0.705736 -0.708258 0.017509
vn -0.705731 -0.708263 0.017512
vn -0.705731 -0.708263 0.017512
vn -0.705737 -0.708258 0.017509
vn -0.963744 -0.259136 0.063614
vn -0.963743 -0.259140 0.063614
vn -0.988747 -0.130681 0.072818
vn -0.988747 -0.130681 0.072818
vn -0.130011 -0.990492 0.044985
vn -0.130011 -0.990492 0.044985
vn -0.257811 -0.965623 0.033244
vn -0.257817 -0.965622 0.033247
vn -0.705736 -0.708258 -0.017510
vn -0.705742 -0.708252 -0.017508
vn -0.705742 -0.708252 -0.017508
vn -0.705737 -0.708258 -0.017510
vn -0.963744 -0.259136 -0.063614
vn -0.963744 -0.259133 -0.063614
vn -0.988747 -0.130681 -0.072818
vn -0.988747 -0.130681 -0.072818
vn -0.129219 -0.991300 -0.025026
vn -0.130011 -0.990492 -0.044985
vn -0.257810 -0.965623 -0.033243
vn -0.257946 -0.966102 -0.010492
vn -0.705292 -0.707866 0.038583
vn -0.705737 -0.708258 0.017509
vn -0.705737 -0.708258 0.017509
vn -0.705215 -0.707794 0.041226
vn -0.962579 -0.258844 0.080261
vn -0.963743 -0.259138 0.063615
vn -0.988747 -0.130681 0.072818
vn -0.987687 -0.129126 0.088322
vn -0.129156 -0.990276 0.051699
vn -0.130011 -0.990492 0.044985
vn -0.257829 -0.965619 0.033240
vn -0.257752 -0.965356 0.040640
vn -0.705820 -0.708369 -0.005555
vn -0.705731 -0.708263 -0.017512
vn -0.705731 -0.708263 -0.017512
vn -0.705815 -0.708362 -0.006889
vn -0.964424 -0.259320 -0.051367
vn -0.963743 -0.259140 -0.063614
vn -0.988747 -0.130681 -0.072818
vn -0.989536 -0.130440 -0.061680
vn -0.860067 0.498046 0.110609
vn -0.962579 0.258845 -0.080261
vn -0.987687 0.129126 -0.088322
vn -0.987642 0.130559 0.086703
vn -0.029298 0.209454 -0.977380
vn -0.117897 0.196667 -0.973356
vn -0.189429 0.337938 -0.921908
vn -0.047330 0.380893 -0.923407
vn -0.129711 0.914497 -0.383237
vn -0.483630 0.801936 -0.350715
vn -0.493275 0.855757 -0.156074
vn -0.127814 0.972399 -0.195200
vn -0.117897 0.196667 -0.973356
vn -0.206978 0.116521 -0.971382
vn -0.345688 0.203819 -0.915946
vn -0.189429 0.337938 -0.921908
vn -0.483630 0.801936 -0.350715
vn -0.830481 0.465611 -0.305790
vn -0.860072 0.498037 -0.110615
vn -0.493275 0.855757 -0.156074
vn -0.206978 0.116521 -0.971382
vn -0.228711 0.029604 -0.973044
vn -0.413766 0.055536 -0.908688
vn -0.345688 0.203819 -0.915946
vn -0.830481 0.465611 -0.305790
vn -0.953248 0.122877 -0.276080
vn -0.987642 0.130559 -0.086703
vn -0.860072 0.498037 -0.110615
vn 0.024781 -0.204904 -0.978468
vn 0.100987 -0.183297 -0.977857
vn 0.179852 -0.305424 -0.935077
vn 0.051465 -0.371246 -0.927107
vn 0.107621 -0.905128 -0.411292
vn 0.426979 -0.779685 -0.458017
vn 0.478238 -0.836840 -0.266434
vn 0.125952 -0.966265 -0.224651
vn 0.100987 -0.183297 -0.977857
vn 0.174477 -0.103276 -0.979230
vn 0.298340 -0.171158 -0.938988
vn 0.179852 -0.305424 -0.935077
vn 0.426979 -0.779685 -0.458017
vn 0.748374 -0.444181 -0.492585
vn 0.823803 -0.479608 -0.302200
vn 0.478238 -0.836840 -0.266434
vn 0.174477 -0.103276 -0.979230
vn 0.189800 -0.025117 -0.981502
vn 0.345666 -0.045846 -0.937237
vn 0.298340 -0.171158 -0.938988
vn 0.748374 -0.444181 -0.492585
vn 0.862406 -0.114111 -0.493187
vn 0.942151 -0.124823 -0.311080
vn 0.823803 -0.479608 -0.302200
vn -0.117897 0.196667 0.973356
vn -0.029298 0.209454 0.977380
vn -0.047333 0.380887 0.923409
vn -0.189434 0.337931 0.921910
vn -0.483631 0.801941 0.350701
vn -0.129711 0.914497 0.383237
vn -0.127814 0.972399 0.195200
vn -0.493271 0.855761 0.156069
vn -0.206978 0.116521 0.971382
vn -0.117897 0.196667 0.973356
vn -0.189434 0.337931 0.921910
vn -0.345691 0.203818 0.915945
vn -0.830483 0.465616 0.305777
vn -0.483631 0.801941 0.350701
vn -0.493271 0.855761 0.156069
vn -0.860067 0.498046 0.110609
vn -0.228711 0.029604 0.973044
vn -0.206978 0.116521 0.971382
vn -0.345691 0.203818 0.915945
vn -0.413765 0.055536 0.908689
vn -0.953249 0.122871 0.276080
vn -0.830483 0.465616 0.305777
vn -0.860067 0.498046 0.110609
vn -0.987642 0.130559 0.086703
vn 0.100988 -0.183267 0.977862
vn 0.024781 -0.204904 0.978468
vn 0.051463 -0.371240 0.927110
vn 0.179851 -0.305419 0.935079
vn 0.426979 -0.779685 0.458017
vn 0.107621 -0.905128 0.411292
vn 0.125952 -0.966265 0.224651
vn 0.478238 -0.836840 0.266434
vn 0.174477 -0.103276 0.979230
vn 0.100988 -0.183267 0.977862
vn 0.179851 -0.305419 0.935079
vn 0.298339 -0.171158 0.938988
vn 0.748372 -0.444181 0.492588
vn 0.426979 -0.779685 0.458017
vn 0.478238 -0.836840 0.266434
vn 0.823803 -0.479608 0.302200
vn 0.189800 -0.025117 0.981502
vn 0.174477 -0.103276 0.979230
vn 0.298339 -0.171158 0.938988
vn 0.345665 -0.045846 0.937237
vn 0.862405 -0.114111 0.493190
vn 0.748372 -0.444181 0.492588
vn 0.823803 -0.479608 0.302200
vn 0.942142 -0.124822 0.311107
vn -0.029299 -0.209454 0.977380
vn -0.117897 -0.196667 0.973356
vn -0.189430 -0.337938 0.921908
vn -0.047330 -0.380893 0.923407
vn -0.129713 -0.914496 0.383240
vn -0.483636 -0.801944 0.350688
vn -0.493277 -0.855759 0.156060
vn -0.127814 -0.972399 0.195200
vn -0.117897 -0.196667 0.973356
vn -0.206978 -0.116521 0.971382
vn -0.345686 -0.203818 0.915947
vn -0.189430 -0.337938 0.921908
vn -0.483636 -0.801944 0.350688
vn -0.830485 -0.465613 0.305776
vn -0.860072 -0.498038 0.110608
vn -0.493277 -0.855759 0.156060
vn -0.206978 -0.116521 0.971382
vn -0.228711 -0.029604 0.973044
vn -0.413765 -0.055535 0.908689
vn -0.345686 -0.203818 0.915947
vn -0.830485 -0.465613 0.305776
vn -0.953248 -0.122877 0.276080
vn -0.987642 -0.130558 0.086703
vn -0.860072 -0.498038 0.110608
vn 0.024781 0.204904 0.978468
vn 0.100988 0.183267 0.977862
vn 0.179851 0.305419 0.935079
vn 0.051463 0.371240 0.927110
vn 0.107620 0.905131 0.411285
vn 0.426982 0.779683 0.458019
vn 0.478238 0.836840 0.266434
vn 0.125953 0.966265 0.224651
vn 0.100988 0.183267 0.977862
vn 0.174477 0.103276 0.979230
vn 0.298340 0.171158 0.938988
vn 0.179851 0.305419 0.935079
vn 0.426982 0.779683 0.458019
vn 0.748377 0.444185 0.492577
vn 0.823803 0.479608 0.302200
vn 0.478238 0.836840 0.266434
vn 0.174477 0.103276 0.979230
vn 0.189800 0.025117 0.981502
vn 0.345666 0.045846 0.937237
vn 0.298340 0.171158 0.938988
vn 0.748377 0.444185 0.492577
vn 0.862405 0.114110 0.493190
vn 0.942142 0.124821 0.311107
vn 0.823803 0.479608 0.302200
vn -0.117897 -0.196667 -0.973356
vn -0.029299 -0.209454 -0.977380
vn -0.047333 -0.380887 -0.923409
vn -0.189434 -0.337931 -0.921910
vn -0.483633 -0.801945 -0.350689
vn -0.129713 -0.914496 -0.383240
vn -0.127814 -0.972399 -0.195200
vn -0.493272 -0.855762 -0.156061
vn -0.206978 -0.116521 -0.971382
vn -0.117897 -0.196667 -0.973356
vn -0.189434 -0.337931 -0.921910
vn -0.345689 -0.203817 -0.915946
vn -0.830483 -0.465615 -0.305777
vn -0.483633 -0.801945 -0.350689
vn -0.493272 -0.855762 -0.156061
vn -0.860068 -0.498046 -0.110608
vn -0.228711 -0.029604 -0.973044
vn -0.206978 -0.116521 -0.971382
vn -0.345689 -0.203817 -0.915946
vn -0.413763 -0.055535 -0.908689
vn -0.953249 -0.122870 -0.276080
vn -0.830483 -0.465615 -0.305777
vn -0.860068 -0.498046 -0.110608
vn -0.987642 -0.130558 -0.086703
vn 0.100988 0.183267 -0.977862
vn 0.024782 0.204875 -0.978474
vn 0.051462 0.371234 -0.927112
vn 0.179850 0.305413 -0.935081
vn 0.426982 0.779683 -0.458019
vn 0.107620 0.905131 -0.411285
vn 0.125953 0.966265 -0.224651
vn 0.478238 0.836840 -0.266434
vn 0.174477 0.103276 -0.979230
vn 0.100988 0.183267 -0.977862
vn 0.179850 0.305413 -0.935081
vn 0.298340 0.171158 -0.938988
vn 0.748376 0.444184 -0.492579
vn 0.426982 0.779683 -0.458019
vn 0.478238 0.836840 -0.266434
vn 0.823803 0.479608 -0.302200
vn 0.189800 0.025117 -0.981502
vn 0.174477 0.103276 -0.979230
vn 0.298340 0.171158 -0.938988
vn 0.345666 0.045846 -0.937237
vn 0.862404 0.114110 -0.493192
vn 0.748376 0.444184 -0.492579
vn 0.823803 0.479608 -0.302200
vn 0.942142 0.124821 -0.311107
vn -0.029298 0.209454 0.977380
vn 0.024781 0.204904 0.978468
vn 0.051463 0.371240 0.927110
vn -0.047333 0.380887 0.923409
vn -0.129711 0.914497 0.383237
vn 0.107620 0.905131 0.411285
vn 0.125953 0.966265 0.224651
vn -0.127814 0.972399 0.195200
vn 0.189800 0.025117 0.981502
vn 0.189800 -0.025117 0.981502
vn 0.345665 -0.045846 0.937237
vn 0.345666 0.045846 0.937237
vn 0.862405 0.114110 0.493190
vn 0.862405 -0.114111 0.493190
vn 0.942142 -0.124822 0.311107
vn 0.942142 0.124821 0.311107
vn -0.987642 0.130559 0.086703
vn -0.987642 -0.130558 0.086703
vn -0.953248 -0.122877 0.276080
vn -0.953249 0.122871 0.276080
vn -0.413765 0.055536 0.908689
vn -0.413765 -0.055535 0.908689
vn -0.228711 -0.029604 0.973044
vn -0.228711 0.029604 0.973044
vn -0.127814 -0.972399 0.195200
vn 0.125952 -0.966265 0.224651
vn 0.107621 -0.905128 0.411292
vn -0.129713 -0.914496 0.383240
vn -0.047330 -0.380893 0.923407
vn 0.051463 -0.371240 0.927110
vn 0.024781 -0.204904 0.978468
vn -0.029299 -0.209454 0.977380
vn 0.189800 -0.025117 -0.981502
vn 0.189800 0.025117 -0.981502
vn 0.345666 0.045846 -0.937237
vn 0.345666 -0.045846 -0.937237
vn 0.862406 -0.114111 -0.493187
vn 0.862404 0.114110 -0.493192
vn 0.942142 0.124821 -0.311107
vn 0.942151 -0.124823 -0.311080
vn -0.987642 -0.130558 -0.086703
vn -0.987642 0.130559 -0.086703
vn -0.953248 0.122877 -0.276080
vn -0.953249 -0.122870 -0.276080
vn -0.413763 -0.055535 -0.908689
vn -0.413766 0.055536 -0.908688
vn -0.228711 0.029604 -0.973044
vn -0.228711 -0.029604 -0.973044
vn -0.127814 0.972399 -0.195200
vn 0.125953 0.966265 -0.224651
vn 0.107620 0.905131 -0.411285
vn -0.129711 0.914497 -0.383237
vn -0.047330 0.380893 -0.923407
vn 0.051462 0.371234 -0.927112
vn 0.024782 0.204875 -0.978474
vn -0.029298 0.209454 -0.977380
vn 0.125952 -0.966265 -0.224651
vn -0.127814 -0.972399 -0.195200
vn -0.129713 -0.914496 -0.383240
vn 0.107621 -0.905128 -0.411292
vn 0.051465 -0.371246 -0.927107
vn -0.047333 -0.380887 -0.923409
vn -0.029299 -0.209454 -0.977380
vn 0.024781 -0.204904 -0.978468
vn 0.189800 0.025117 0.981502
vn 0.174477 0.103276 0.979230
vn 0.100988 0.183267 0.977862
vn 0.024781 0.204904 0.978468
vn -0.029298 0.209454 0.977380
vn -0.117897 0.196667 0.973356
vn -0.206978 0.116521 0.971382
vn -0.228711 0.029604 0.973044
vn -0.228711 -0.029604 0.973044
vn -0.206978 -0.116521 0.971382
vn -0.117897 -0.196667 0.973356
vn -0.029299 -0.209454 0.977380
vn 0.024781 -0.204904 0.978468
vn 0.100988 -0.183267 0.977862
vn 0.174477 -0.103276 0.979230
vn 0.189800 -0.025117 0.981502
vn -0.493277 0.855751 0.156104
vn -0.705319 0.707839 -0.038585
vn -0.705242 0.707767 -0.041229
vn -0.860074 0.498036 0.110601
vn -0.996729 -0.000005 0.080822
vn -0.996729 -0.000006 0.080822
vn -0.996729 0.000000 0.080815
vn -0.988747 -0.130681 0.072818
vn -0.988747 -0.130681 0.072818
vn -0.996729 0.000000 0.080815
vn -0.996729 0.000000 0.080815
vn -0.995601 0.000000 0.093694
vn -0.987690 -0.129126 0.088292
vn -0.988747 -0.130681 0.072818
vn 0.478234 -0.836834 0.266462
vn 0.496888 -0.862725 0.093847
vn 0.859352 -0.495963 0.124639
vn 0.823810 -0.479613 0.302173
vn 0.125955 0.966250 -0.224716
vn -0.127814 0.972374 -0.195323
vn -0.129219 0.991300 -0.025026
vn 0.129860 0.990108 -0.053134
vn 0.129859 -0.990108 -0.053134
vn -0.129189 -0.991304 -0.025026
vn -0.127783 -0.972392 -0.195260
vn 0.125950 -0.966252 -0.224709
vn 0.129859 -0.990108 -0.053134
vn 0.125950 -0.966252 -0.224709
vn 0.478234 -0.836834 -0.266462
vn 0.496888 -0.862725 -0.093847
vn -0.989536 0.130441 0.061680
vn -0.988747 0.130682 0.072818
vn -0.996729 0.000000 0.080815
vn -0.996729 0.000000 0.080815
vn -0.997536 0.000000 0.070163
vn 0.985485 0.129857 -0.109349
vn 0.989210 0.131506 -0.064578
vn 0.989210 -0.131506 -0.064578
vn 0.985485 -0.129858 -0.109349
vn -0.997536 0.000000 0.070163
vn -0.996729 0.000000 0.080815
vn -0.996729 0.000000 0.080815
vn -0.988747 -0.130681 0.072818
vn -0.989536 -0.130440 0.061680
vn 0.131630 -0.991299 0.000000
vn -0.127449 -0.991845 -0.000000
vn -0.128515 -0.990430 -0.050326
vn 0.131538 -0.989281 -0.063419
vn -0.988747 0.130682 -0.072818
vn -0.989536 0.130441 -0.061680
vn -0.997536 0.000000 -0.070163
vn -0.996729 0.000000 -0.080815
vn -0.996729 0.000000 -0.080815
vn -0.987687 0.129126 -0.088322
vn -0.988747 0.130682 -0.072818
vn -0.996729 0.000000 -0.080815
vn -0.996729 0.000000 -0.080815
vn -0.995601 0.000000 -0.093694
vn 0.125950 -0.966252 0.224709
vn 0.129859 -0.990108 0.053134
vn 0.496888 -0.862725 0.093847
vn 0.478234 -0.836834 0.266462
vn 0.131538 0.989280 0.063419
vn -0.128515 0.990430 0.050326
vn -0.129125 0.990280 0.051699
vn 0.130654 0.988646 0.074223
vn 0.131630 0.991299 0.000000
vn -0.127448 0.991845 0.000000
vn -0.128515 0.990430 0.050326
vn 0.131538 0.989280 0.063419
vn 0.131538 0.989280 -0.063419
vn -0.128515 0.990430 -0.050326
vn -0.127448 0.991845 0.000000
vn 0.131630 0.991299 0.000000
vn 0.130654 0.988646 -0.074223
vn -0.129125 0.990280 -0.051699
vn -0.128515 0.990430 -0.050326
vn 0.131538 0.989280 -0.063419
vn 0.129860 0.990108 -0.053134
vn -0.129219 0.991300 -0.025026
vn -0.130010 0.990492 -0.044985
vn -0.130010 0.990492 -0.044985
vn -0.130010 0.990492 -0.044985
vn -0.129125 0.990280 -0.051699
vn 0.130654 0.988646 -0.074223
vn -0.988747 0.130682 -0.072818
vn -0.988747 0.130682 -0.072818
vn -0.996729 0.000000 -0.080815
vn -0.996729 -0.000005 -0.080820
vn -0.996729 0.000001 -0.080822
vn -0.129219 0.991300 -0.025026
vn -0.127814 0.972374 -0.195323
vn -0.493277 0.855751 -0.156103
vn -0.257966 0.966097 -0.010497
vn -0.990637 0.131902 0.035219
vn -0.989536 0.130441 0.061680
vn -0.997536 0.000000 0.070163
vn -0.997536 0.000000 0.070163
vn -0.997536 0.000000 0.070163
vn -0.989536 -0.130440 0.061680
vn -0.990637 -0.131902 0.035219
vn -0.990839 0.135048 0.000000
vn -0.990637 0.131902 0.035219
vn -0.990637 -0.131902 0.035219
vn -0.990839 -0.135048 -0.000000
vn -0.990637 0.131902 -0.035219
vn -0.990839 0.135048 0.000000
vn -0.990839 -0.135048 -0.000000
vn -0.990637 -0.131902 -0.035219
vn -0.989536 0.130441 -0.061680
vn -0.990637 0.131902 -0.035219
vn -0.990637 -0.131902 -0.035219
vn -0.989536 -0.130440 -0.061680
vn -0.997536 0.000000 -0.070163
vn -0.997536 0.000000 -0.070163
vn -0.997536 0.000000 -0.070163
vn -0.996729 0.000000 -0.080815
vn -0.996729 0.000000 -0.080815
vn -0.997536 0.000000 -0.070163
vn -0.989536 -0.130440 -0.061680
vn -0.988747 -0.130681 -0.072818
vn -0.995601 0.000000 -0.093694
vn -0.996729 0.000000 -0.080815
vn -0.996729 0.000000 -0.080815
vn -0.988747 -0.130681 -0.072818
vn -0.987687 -0.129126 -0.088322
vn 0.859352 -0.495963 -0.124639
vn 0.823810 -0.479613 -0.302173
vn 0.942142 -0.124822 -0.311107
vn 0.983649 -0.128728 -0.125951
vn 0.000000 0.000000 -1.000000
vn -0.000000 -0.195074 -0.980789
vn -0.000000 -0.199003 -0.979999
vn 0.000000 0.000000 -1.000000
vn 0.985485 0.129857 0.109349
vn 0.983649 0.128728 0.125951
vn 0.983649 -0.128728 0.125951
vn 0.985485 -0.129858 0.109349
vn 0.989210 0.131506 0.064578
vn 0.985485 0.129857 0.109349
vn 0.985485 -0.129858 0.109349
vn 0.989210 -0.131506 0.064578
vn 0.990876 0.134774 0.000000
vn 0.989210 0.131506 0.064578
vn 0.989210 -0.131506 0.064578
vn 0.990876 -0.134774 0.000000
vn 0.989210 0.131506 -0.064578
vn 0.990876 0.134774 0.000000
vn 0.990876 -0.134774 0.000000
vn 0.989210 -0.131506 -0.064578
vn -0.996729 0.000000 -0.080815
vn -0.996729 -0.000006 -0.080820
vn -0.996729 -0.000005 -0.080822
vn -0.988747 -0.130681 -0.072818
vn -0.988747 -0.130681 -0.072818
vn -0.000000 -0.999607 -0.028021
vn -0.000000 -0.983783 0.179363
vn -0.000000 -0.987175 0.159645
vn -0.000000 -0.999607 -0.028021
vn 0.000000 0.999607 -0.028031
vn 0.000000 0.977486 -0.211003
vn 0.000000 0.973209 -0.229924
vn 0.000000 0.999607 -0.028031
vn -0.000000 -0.999607 0.028021
vn -0.000000 -0.977486 0.210999
vn -0.000000 -0.973209 0.229921
vn -0.000000 -0.999607 0.028021
vn 0.983649 0.128728 -0.125951
vn 0.985485 0.129857 -0.109349
vn 0.985485 -0.129858 -0.109349
vn 0.983649 -0.128728 -0.125951
vn 0.000000 0.000000 1.000000
vn 0.000000 0.194893 0.980825
vn 0.000000 0.191120 0.981567
vn 0.000000 0.000000 1.000000
vn -0.995601 0.000000 -0.093694
vn -0.996729 -0.000001 -0.080821
vn -0.996729 -0.000002 -0.080819
vn -0.996729 0.000000 -0.080815
vn -0.995601 0.000000 -0.093694
vn -0.996729 -0.000005 -0.080820
vn -0.996729 0.000000 -0.080815
vn -0.997536 0.000000 -0.070163
vn -0.997536 0.000000 -0.070163
vn -0.996729 -0.000002 -0.080820
vn -0.988747 0.130682 -0.072818
vn -0.988747 0.130682 -0.072818
vn -0.996729 0.000001 -0.080822
vn -0.996728 0.000004 -0.080823
vn -0.996729 0.000000 -0.080815
vn -0.988747 0.130682 0.072818
vn -0.988747 0.130682 0.072818
vn -0.996729 0.000000 0.080815
vn -0.996729 0.000004 0.080820
vn -0.996729 0.000000 0.080822
vn 0.000000 0.977486 0.211003
vn 0.000000 0.999607 0.028031
vn 0.000000 0.999607 0.028031
vn 0.000000 0.973209 0.229924
vn 0.130653 -0.988646 0.074223
vn -0.129126 -0.990280 0.051699
vn -0.128515 -0.990430 0.050326
vn 0.131538 -0.989281 0.063419
vn -0.000000 -0.194887 0.980826
vn 0.000000 0.000000 1.000000
vn 0.000000 0.000000 1.000000
vn -0.000000 -0.191114 0.981568
vn 0.000000 0.194893 -0.980825
vn 0.000000 0.000000 -1.000000
vn 0.000000 0.000000 -1.000000
vn 0.000000 0.191120 -0.981567
vn 0.131538 -0.989281 0.063419
vn -0.128515 -0.990430 0.050326
vn -0.127449 -0.991845 -0.000000
vn 0.131630 -0.991299 0.000000
vn -0.996729 0.000000 0.080820
vn -0.996729 0.000000 0.080815
vn -0.995601 0.000000 0.093694
vn -0.995601 0.000000 0.093694
vn -0.996729 0.000000 0.080821
vn -0.988747 0.130682 0.072818
vn -0.988747 0.130682 0.072818
vn -0.996729 0.000000 0.080822
vn -0.996729 -0.000003 0.080822
vn -0.996729 0.000000 0.080815
vn 0.000000 0.983784 0.179357
vn 0.000000 0.999607 -0.028031
vn 0.000000 0.999607 -0.028031
vn 0.000000 0.987176 0.159638
vn -0.988747 0.130682 0.072818
vn -0.987687 0.129126 0.088322
vn -0.995601 0.000000 0.093694
vn -0.996729 0.000000 0.080815
vn -0.996729 0.000000 0.080815
vn -0.000000 -0.195074 0.980789
vn 0.000000 0.000000 1.000000
vn 0.000000 0.000000 1.000000
vn -0.000000 -0.199003 0.979999
vn -0.996729 -0.000005 -0.080822
vn -0.996728 0.000000 -0.080822
vn -0.996729 0.000000 -0.080815
vn -0.988747 -0.130681 -0.072818
vn -0.988747 -0.130681 -0.072818
vn 0.000000 0.195068 -0.980790
vn 0.000000 0.000000 -1.000000
vn 0.000000 0.000000 -1.000000
vn 0.000000 0.198997 -0.980000
vn -0.996729 0.000000 0.080821
vn -0.995601 0.000000 0.093694
vn -0.995601 0.000000 0.093694
vn -0.996729 0.000000 0.080815
vn -0.996729 0.000000 0.080822
vn 0.130653 -0.988646 -0.074223
vn -0.129126 -0.990280 -0.051699
vn -0.130011 -0.990492 -0.044985
vn -0.130011 -0.990492 -0.044985
vn -0.130011 -0.990492 -0.044985
vn -0.129189 -0.991304 -0.025026
vn 0.129859 -0.990108 -0.053134
vn -0.000000 -0.977486 -0.210999
vn -0.000000 -0.999607 -0.028021
vn -0.000000 -0.999607 -0.028021
vn -0.000000 -0.973209 -0.229921
vn -0.996729 -0.000002 -0.080820
vn -0.997536 0.000000 -0.070163
vn -0.997536 0.000000 -0.070163
vn -0.996729 0.000000 -0.080815
vn -0.996729 0.000000 -0.080821
vn -0.995601 0.000000 -0.093694
vn -0.996729 0.000000 -0.080815
vn -0.996729 0.000000 -0.080822
vn -0.996729 -0.000001 -0.080821
vn -0.995601 0.000000 -0.093694
vn -0.000000 -0.983783 -0.179363
vn -0.000000 -0.999607 0.028021
vn -0.000000 -0.999607 0.028021
vn -0.000000 -0.987175 -0.159645
vn 0.131538 -0.989281 -0.063419
vn -0.128515 -0.990430 -0.050326
vn -0.129126 -0.990280 -0.051699
vn 0.130653 -0.988646 -0.074223
vn -0.997536 0.000000 0.070163
vn -0.996729 0.000000 0.080815
vn -0.996729 0.000000 0.080821
vn -0.996729 0.000002 0.080820
vn -0.997536 0.000000 0.070163
vn -0.996729 0.000000 0.080815
vn -0.996729 0.000002 0.080821
vn -0.996729 -0.000005 0.080822
vn -0.988747 -0.130681 0.072818
vn -0.988747 -0.130681 0.072818
vn 0.130654 0.988646 0.074223
vn -0.129125 0.990280 0.051699
vn -0.130010 0.990492 0.044985
vn -0.130010 0.990492 0.044985
vn -0.130010 0.990492 0.044985
vn -0.129189 0.991304 0.025026
vn 0.129860 0.990108 0.053134
vn 0.000000 0.000000 -1.000000
vn -0.000000 -0.194887 -0.980826
vn -0.000000 -0.191114 -0.981568
vn 0.000000 0.000000 -1.000000
vn -0.997536 0.000000 0.070163
vn -0.996729 0.000002 0.080820
vn -0.996729 0.000004 0.080820
vn -0.996729 0.000000 0.080815
vn -0.997536 0.000000 0.070163
vn 0.000000 0.000000 1.000000
vn 0.000000 0.195068 0.980790
vn 0.000000 0.198997 0.980000
vn 0.000000 0.000000 1.000000
vn 0.129859 -0.990108 0.053134
vn -0.129219 -0.991300 0.025026
vn -0.130011 -0.990492 0.044985
vn -0.130011 -0.990492 0.044985
vn -0.130011 -0.990492 0.044985
vn -0.129126 -0.990280 0.051699
vn 0.130653 -0.988646 0.074223
vn -0.996729 -0.000005 -0.080820
vn -0.996729 -0.000006 -0.080819
vn -0.996729 -0.000005 -0.080820
vn -0.996729 0.000000 -0.080815
vn -0.996729 0.000000 -0.080815
vn -0.996728 0.000004 -0.080823
vn -0.996728 0.000000 -0.080823
vn -0.996729 0.000000 -0.080822
vn -0.996729 0.000000 -0.080815
vn -0.996729 0.000000 -0.080815
vn -0.996729 -0.000002 -0.080819
vn -0.996729 0.000000 -0.080816
vn -0.996729 -0.000006 -0.080820
vn -0.996729 0.000000 -0.080815
vn -0.996729 0.000000 -0.080815
vn -0.996729 0.000000 0.080820
vn -0.996729 0.000000 0.080816
vn -0.996729 0.000004 0.080820
vn -0.996729 0.000000 0.080815
vn -0.996729 0.000000 0.080815
vn -0.996729 -0.000003 0.080822
vn -0.996729 0.000000 0.080823
vn -0.996729 0.000000 0.080821
vn -0.996729 0.000000 0.080815
vn -0.996729 0.000000 0.080815
vn -0.996729 0.000004 0.080820
vn -0.996729 0.000007 0.080819
vn -0.996729 0.000002 0.080821
vn -0.996729 0.000000 0.080815
vn -0.996729 0.000000 0.080815
vn -0.996729 -0.000006 0.080822
vn -0.996728 0.000000 0.080825
vn -0.996729 0.000000 0.080822
vn -0.996729 0.000000 0.080815
vn -0.996729 0.000000 0.080815
vn -0.996728 0.000000 -0.080822
vn -0.996729 0.000000 -0.080823
vn -0.996729 0.000000 -0.080821
vn -0.996729 0.000000 -0.080815
vn -0.996729 0.000000 -0.080815
vn 0.000000 0.195068 -0.980790
vn 0.000000 0.198997 -0.980000
vn 0.000000 0.386377 -0.922341
vn 0.000000 0.386377 -0.922341
vn 0.000000 0.932811 -0.360367
vn 0.000000 0.932811 -0.360367
vn 0.000000 0.987176 -0.159638
vn 0.000000 0.983784 -0.179357
vn -0.000000 -0.191114 -0.981568
vn -0.000000 -0.194887 -0.980826
vn -0.000000 -0.378780 -0.925487
vn -0.000000 -0.378780 -0.925487
vn -0.000000 -0.914499 -0.404588
vn -0.000000 -0.914499 -0.404588
vn -0.000000 -0.977486 -0.210999
vn -0.000000 -0.973209 -0.229921
vn 0.000000 0.977486 0.211003
vn 0.000000 0.973209 0.229924
vn 0.000000 0.914499 0.404588
vn 0.000000 0.914499 0.404588
vn 0.000000 0.378791 0.925482
vn 0.000000 0.378791 0.925482
vn 0.000000 0.191120 0.981567
vn 0.000000 0.194893 0.980825
vn -0.000000 -0.194887 0.980826
vn -0.000000 -0.191114 0.981568
vn -0.000000 -0.378780 0.925487
vn -0.000000 -0.378780 0.925487
vn -0.000000 -0.914499 0.404588
vn -0.000000 -0.914499 0.404588
vn -0.000000 -0.973209 0.229921
vn -0.000000 -0.977486 0.210999
vn -0.000000 -0.983783 -0.179363
vn -0.000000 -0.987175 -0.159645
vn -0.000000 -0.932811 -0.360367
vn -0.000000 -0.932811 -0.360367
vn -0.000000 -0.386388 -0.922337
vn -0.000000 -0.386388 -0.922337
vn -0.000000 -0.199003 -0.979999
vn -0.000000 -0.195074 -0.980789
vn 0.000000 0.983784 0.179357
vn 0.000000 0.987176 0.159638
vn 0.000000 0.932811 0.360367
vn 0.000000 0.932811 0.360367
vn 0.000000 0.386377 0.922341
vn 0.000000 0.386377 0.922341
vn 0.000000 0.198997 0.980000
vn 0.000000 0.195068 0.980790
vn 0.000000 0.194893 -0.980825
vn 0.000000 0.191120 -0.981567
vn 0.000000 0.378791 -0.925482
vn 0.000000 0.378791 -0.925482
vn 0.000000 0.914499 -0.404588
vn 0.000000 0.914499 -0.404588
vn 0.000000 0.973209 -0.229924
vn 0.000000 0.977486 -0.211003
vn -0.000000 -0.195074 0.980789
vn -0.000000 -0.199003 0.979999
vn -0.000000 -0.386388 0.922337
vn -0.000000 -0.386388 0.922337
vn -0.000000 -0.932811 0.360367
vn -0.000000 -0.932811 0.360367
vn -0.000000 -0.987175 0.159645
vn -0.000000 -0.983783 0.179363
vn 0.000000 0.999607 0.028031
vn 0.000000 0.983784 -0.179357
vn 0.000000 0.987176 -0.159638
vn 0.000000 0.999607 0.028031
vn -0.705297 0.707861 0.038583
vn -0.493277 0.855751 -0.156103
vn -0.860072 0.498040 -0.110602
vn -0.705221 0.707788 0.041228
vn 0.859352 0.495963 0.124639
vn 0.823811 0.479612 0.302173
vn 0.942142 0.124821 0.311107
vn 0.983649 0.128728 0.125951
vn -0.987687 0.129126 0.088322
vn -0.987641 0.130563 -0.086706
vn -0.987641 -0.130562 -0.086706
vn -0.987690 -0.129126 0.088292
vn -0.995601 0.000000 0.093694
vn -0.995601 0.000000 0.093694
vn -0.995601 0.000000 0.093694
vn 0.496888 -0.862725 -0.093847
vn 0.478234 -0.836834 -0.266462
vn 0.823810 -0.479613 -0.302173
vn 0.859352 -0.495963 -0.124639
vn -0.962582 0.258834 0.080258
vn -0.860072 0.498040 -0.110602
vn -0.987641 0.130563 -0.086706
vn -0.987687 0.129126 0.088322
vn 0.942142 0.124821 -0.311107
vn 0.983649 0.128728 -0.125951
vn 0.983649 -0.128728 -0.125951
vn 0.942142 -0.124822 -0.311107
vn 0.129860 0.990108 0.053134
vn -0.129189 0.991304 0.025026
vn -0.127784 0.972378 0.195324
vn 0.125955 0.966250 0.224716
vn -0.228682 0.029604 -0.973051
vn -0.206978 0.116521 -0.971382
vn -0.117896 0.196697 -0.973350
vn -0.029298 0.209512 -0.977367
vn 0.024781 0.204933 -0.978462
vn 0.100987 0.183297 -0.977857
vn 0.174477 0.103246 -0.979233
vn 0.189800 0.025117 -0.981502
vn 0.189800 -0.025087 -0.981502
vn 0.174448 -0.103246 -0.979239
vn 0.100988 -0.183267 -0.977862
vn 0.024781 -0.204904 -0.978468
vn -0.029298 -0.209483 -0.977373
vn -0.117897 -0.196667 -0.973356
vn -0.206978 -0.116521 -0.971382
vn -0.228711 -0.029604 -0.973044
vn -0.987641 0.130563 0.086706
vn -0.987687 0.129126 -0.088322
vn -0.995601 0.000000 -0.093694
vn -0.995601 0.000000 -0.093694
vn -0.995601 0.000000 -0.093694
vn -0.987687 -0.129126 -0.088322
vn -0.987641 -0.130562 0.086706
vn -0.130010 0.990492 0.044985
vn -0.129125 0.990280 0.051699
vn -0.257721 0.965365 0.040631
vn -0.257798 0.965627 0.033239
vn -0.705736 0.708258 -0.017515
vn -0.705830 0.708359 -0.005553
vn -0.705826 0.708352 -0.006887
vn -0.705736 0.708258 -0.017515
vn -0.963744 0.259135 -0.063614
vn -0.964425 0.259318 -0.051369
vn -0.989536 0.130441 -0.061680
vn -0.988747 0.130682 -0.072818
vn -0.129125 0.990280 0.051699
vn -0.128515 0.990430 0.050326
vn -0.495994 0.867882 0.027758
vn -0.257721 0.965365 0.040631
vn -0.705830 0.708359 -0.005553
vn -0.495994 0.867882 0.027758
vn -0.705806 0.708344 0.009320
vn -0.705826 0.708352 -0.006887
vn -0.964425 0.259318 -0.051369
vn -0.965359 0.259584 -0.026408
vn -0.990637 0.131902 -0.035219
vn -0.989536 0.130441 -0.061680
vn -0.128515 0.990430 0.050326
vn -0.127448 0.991845 0.000000
vn -0.492298 0.870427 0.000000
vn -0.495994 0.867882 0.027758
vn -0.495994 0.867882 0.027758
vn -0.492298 0.870427 0.000000
vn -0.705841 0.708371 0.000001
vn -0.705806 0.708344 0.009320
vn -0.965359 0.259584 -0.026408
vn -0.965695 0.259680 -0.000001
vn -0.990839 0.135048 0.000000
vn -0.990637 0.131902 -0.035219
vn -0.127448 0.991845 0.000000
vn -0.128515 0.990430 -0.050326
vn -0.495994 0.867882 -0.027757
vn -0.492298 0.870427 0.000000
vn -0.492298 0.870427 0.000000
vn -0.495994 0.867882 -0.027757
vn -0.705806 0.708344 -0.009318
vn -0.705841 0.708371 0.000001
vn -0.965695 0.259680 -0.000001
vn -0.965359 0.259584 0.026407
vn -0.990637 0.131902 0.035219
vn -0.990839 0.135048 0.000000
vn -0.128515 0.990430 -0.050326
vn -0.129125 0.990280 -0.051699
vn -0.257721 0.965365 -0.040637
vn -0.495994 0.867882 -0.027757
vn -0.495994 0.867882 -0.027757
vn -0.705830 0.708359 0.005554
vn -0.705826 0.708352 0.006888
vn -0.705806 0.708344 -0.009318
vn -0.965359 0.259584 0.026407
vn -0.964425 0.259318 0.051369
vn -0.989536 0.130441 0.061680
vn -0.990637 0.131902 0.035219
vn -0.130010 0.990492 -0.044985
vn -0.129219 0.991300 -0.025026
vn -0.257966 0.966097 -0.010497
vn -0.257820 0.965621 -0.033244
vn -0.705737 0.708258 0.017505
vn -0.705297 0.707861 0.038583
vn -0.705221 0.707788 0.041228
vn -0.705736 0.708258 0.017505
vn -0.963745 0.259131 0.063614
vn -0.962582 0.258834 0.080258
vn -0.987687 0.129126 0.088322
vn -0.988747 0.130682 0.072818
vn 0.125950 -0.966252 0.224709
vn -0.127813 -0.972388 0.195259
vn -0.129219 -0.991300 0.025026
vn 0.129859 -0.990108 0.053134
vn -0.127784 0.972378 0.195324
vn -0.129189 0.991304 0.025026
vn -0.257926 0.966108 0.010497
vn -0.493277 0.855751 0.156104
vn 0.983649 0.128728 0.125951
vn 0.942142 0.124821 0.311107
vn 0.942142 -0.124822 0.311107
vn 0.983649 -0.128728 0.125951
vn 0.129859 -0.990108 0.053134
vn 0.130653 -0.988646 0.074223
vn 0.497221 -0.861348 0.104163
vn 0.496888 -0.862725 0.093847
vn 0.496888 -0.862725 0.093847
vn 0.497221 -0.861348 0.104163
vn 0.859716 -0.496756 0.118840
vn 0.859352 -0.495963 0.124639
vn 0.859352 -0.495963 0.124639
vn 0.859716 -0.496756 0.118840
vn 0.985485 -0.129858 0.109349
vn 0.983649 -0.128728 0.125951
vn 0.130653 -0.988646 0.074223
vn 0.131538 -0.989281 0.063419
vn 0.498934 -0.863185 0.077306
vn 0.497221 -0.861348 0.104163
vn 0.497221 -0.861348 0.104163
vn 0.498934 -0.863185 0.077306
vn 0.862641 -0.499808 0.077740
vn 0.859716 -0.496756 0.118840
vn 0.859716 -0.496756 0.118840
vn 0.862641 -0.499808 0.077740
vn 0.989210 -0.131506 0.064578
vn 0.985485 -0.129858 0.109349
vn 0.131538 -0.989281 0.063419
vn 0.131630 -0.991299 0.000000
vn 0.498224 -0.867048 0.000000
vn 0.498934 -0.863185 0.077306
vn 0.498934 -0.863185 0.077306
vn 0.498224 -0.867048 0.000000
vn 0.704712 -0.709493 0.000001
vn 0.862641 -0.499808 0.077740
vn 0.862641 -0.499808 0.077740
vn 0.965502 -0.260397 0.000000
vn 0.990876 -0.134774 0.000000
vn 0.989210 -0.131506 0.064578
vn 0.131630 -0.991299 0.000000
vn 0.131538 -0.989281 -0.063419
vn 0.498934 -0.863185 -0.077306
vn 0.498224 -0.867048 0.000000
vn 0.498224 -0.867048 0.000000
vn 0.498934 -0.863185 -0.077306
vn 0.862641 -0.499808 -0.077739
vn 0.704712 -0.709493 0.000001
vn 0.965502 -0.260397 0.000000
vn 0.862641 -0.499808 -0.077739
vn 0.989210 -0.131506 -0.064578
vn 0.990876 -0.134774 0.000000
vn 0.131538 -0.989281 -0.063419
vn 0.130653 -0.988646 -0.074223
vn 0.497221 -0.861348 -0.104163
vn 0.498934 -0.863185 -0.077306
vn 0.498934 -0.863185 -0.077306
vn 0.497221 -0.861348 -0.104163
vn 0.859716 -0.496756 -0.118840
vn 0.862641 -0.499808 -0.077739
vn 0.862641 -0.499808 -0.077739
vn 0.859716 -0.496756 -0.118840
vn 0.985485 -0.129858 -0.109349
vn 0.989210 -0.131506 -0.064578
vn 0.130653 -0.988646 -0.074223
vn 0.129859 -0.990108 -0.053134
vn 0.496888 -0.862725 -0.093847
vn 0.497221 -0.861348 -0.104163
vn 0.497221 -0.861348 -0.104163
vn 0.496888 -0.862725 -0.093847
vn 0.859352 -0.495963 -0.124639
vn 0.859716 -0.496756 -0.118840
vn 0.859716 -0.496756 -0.118840
vn 0.859352 -0.495963 -0.124639
vn 0.983649 -0.128728 -0.125951
vn 0.985485 -0.129858 -0.109349
vn -0.130010 0.990492 0.044985
vn -0.130010 0.990492 0.044985
vn -0.257806 0.965624 0.033255
vn -0.257800 0.965626 0.033245
vn -0.705747 0.708248 -0.017505
vn -0.705736 0.708259 -0.017512
vn -0.705736 0.708258 -0.017511
vn -0.705747 0.708247 -0.017505
vn -0.963744 0.259136 -0.063615
vn -0.963745 0.259131 -0.063615
vn -0.988747 0.130682 -0.072818
vn -0.988747 0.130682 -0.072818
vn -0.130010 0.990492 -0.044985
vn -0.130010 0.990492 -0.044985
vn -0.257806 0.965624 -0.033252
vn -0.257798 0.965627 -0.033243
vn -0.705737 0.708258 0.017511
vn -0.705736 0.708259 0.017511
vn -0.705736 0.708258 0.017511
vn -0.705736 0.708258 0.017511
vn -0.963744 0.259135 0.063614
vn -0.963745 0.259131 0.063612
vn -0.988747 0.130682 0.072818
vn -0.988747 0.130682 0.072818
vn -0.130010 0.990492 0.044985
vn -0.130010 0.990492 0.044985
vn -0.257798 0.965627 0.033239
vn -0.257806 0.965624 0.033255
vn -0.705736 0.708259 -0.017512
vn -0.705736 0.708258 -0.017515
vn -0.705736 0.708258 -0.017515
vn -0.705736 0.708258 -0.017511
vn -0.963745 0.259131 -0.063615
vn -0.963744 0.259135 -0.063614
vn -0.988747 0.130682 -0.072818
vn -0.988747 0.130682 -0.072818
vn -0.130010 0.990492 -0.044985
vn -0.130010 0.990492 -0.044985
vn -0.257820 0.965621 -0.033244
vn -0.257806 0.965624 -0.033252
vn -0.705736 0.708259 0.017511
vn -0.705737 0.708258 0.017505
vn -0.705736 0.708258 0.017505
vn -0.705736 0.708258 0.017511
vn -0.963745 0.259131 0.063612
vn -0.963745 0.259131 0.063614
vn -0.988747 0.130682 0.072818
vn -0.988747 0.130682 0.072818
vn -0.129189 0.991304 0.025026
vn -0.130010 0.990492 0.044985
vn -0.257800 0.965626 0.033245
vn -0.257926 0.966108 0.010497
vn -0.705319 0.707839 -0.038585
vn -0.705747 0.708248 -0.017505
vn -0.705747 0.708247 -0.017505
vn -0.705242 0.707767 -0.041229
vn -0.962579 0.258845 -0.080258
vn -0.963744 0.259136 -0.063615
vn -0.988747 0.130682 -0.072818
vn -0.987687 0.129126 -0.088322
vn -0.129125 0.990280 -0.051699
vn -0.130010 0.990492 -0.044985
vn -0.257798 0.965627 -0.033243
vn -0.257721 0.965365 -0.040637
vn -0.705830 0.708359 0.005554
vn -0.705737 0.708258 0.017511
vn -0.705736 0.708258 0.017511
vn -0.705826 0.708352 0.006888
vn -0.964425 0.259318 0.051369
vn -0.963744 0.259135 0.063614
vn -0.988747 0.130682 0.072818
vn -0.989536 0.130441 0.061680
vn 0.823810 -0.479613 0.302173
vn 0.859352 -0.495963 0.124639
vn 0.983649 -0.128728 0.125951
vn 0.942142 -0.124822 0.311107
vn -0.705297 -0.707861 -0.038587
vn -0.493282 -0.855753 0.156075
vn -0.860074 -0.498043 0.110571
vn -0.705221 -0.707788 -0.041231
vn 0.125955 0.966250 -0.224716
vn 0.129860 0.990108 -0.053134
vn 0.496887 0.862723 -0.093878
vn 0.478238 0.836840 -0.266434
vn -0.129219 -0.991300 0.025026
vn -0.127813 -0.972388 0.195259
vn -0.493282 -0.855753 0.156075
vn -0.257967 -0.966097 0.010493
vn 0.496888 0.862725 0.093847
vn 0.478238 0.836840 0.266434
vn 0.823811 0.479612 0.302173
vn 0.859352 0.495963 0.124639
vn -0.962582 -0.258834 -0.080262
vn -0.860074 -0.498043 0.110571
vn -0.987641 -0.130562 0.086706
vn -0.987687 -0.129126 -0.088322
vn 0.129860 0.990108 0.053134
vn 0.125955 0.966250 0.224716
vn 0.478238 0.836840 0.266434
vn 0.496888 0.862725 0.093847
vn -0.860074 -0.498035 -0.110604
vn -0.962579 -0.258845 0.080258
vn -0.987690 -0.129126 0.088292
vn -0.987641 -0.130562 -0.086706
vn -0.493277 -0.855751 -0.156104
vn -0.705319 -0.707839 0.038582
vn -0.705243 -0.707766 0.041226
vn -0.860074 -0.498035 -0.110604
vn -0.130011 -0.990492 -0.044985
vn -0.129126 -0.990280 -0.051699
vn -0.257721 -0.965364 -0.040645
vn -0.257799 -0.965626 -0.033249
vn -0.705737 -0.708258 0.017502
vn -0.705831 -0.708359 0.005556
vn -0.705826 -0.708352 0.006890
vn -0.705737 -0.708258 0.017501
vn -0.963744 -0.259134 0.063614
vn -0.964425 -0.259318 0.051370
vn -0.989536 -0.130440 0.061680
vn -0.988747 -0.130681 0.072818
vn -0.129126 -0.990280 -0.051699
vn -0.128515 -0.990430 -0.050326
vn -0.495994 -0.867882 -0.027756
vn -0.257721 -0.965364 -0.040645
vn -0.705831 -0.708359 0.005556
vn -0.495994 -0.867882 -0.027756
vn -0.705806 -0.708344 -0.009318
vn -0.705826 -0.708352 0.006890
vn -0.964425 -0.259318 0.051370
vn -0.965360 -0.259583 0.026405
vn -0.990637 -0.131902 0.035219
vn -0.989536 -0.130440 0.061680
vn -0.128515 -0.990430 -0.050326
vn -0.127449 -0.991845 -0.000000
vn -0.492299 -0.870426 -0.000000
vn -0.495994 -0.867882 -0.027756
vn -0.495994 -0.867882 -0.027756
vn -0.492299 -0.870426 -0.000000
vn -0.705841 -0.708370 -0.000000
vn -0.705806 -0.708344 -0.009318
vn -0.965360 -0.259583 0.026405
vn -0.965695 -0.259680 -0.000001
vn -0.990839 -0.135048 -0.000000
vn -0.990637 -0.131902 0.035219
vn -0.127449 -0.991845 -0.000000
vn -0.128515 -0.990430 0.050326
vn -0.495994 -0.867882 0.027756
vn -0.492299 -0.870426 -0.000000
vn -0.492299 -0.870426 -0.000000
vn -0.495994 -0.867882 0.027756
vn -0.705806 -0.708344 0.009318
vn -0.705841 -0.708370 -0.000000
vn -0.965695 -0.259680 -0.000001
vn -0.965360 -0.259583 -0.026404
vn -0.990637 -0.131902 -0.035219
vn -0.990839 -0.135048 -0.000000
vn -0.128515 -0.990430 0.050326
vn -0.129126 -0.990280 0.051699
vn -0.257721 -0.965364 0.040643
vn -0.495994 -0.867882 0.027756
vn -0.495994 -0.867882 0.027756
vn -0.705831 -0.708359 -0.005559
vn -0.705826 -0.708352 -0.006893
vn -0.705806 -0.708344 0.009318
vn -0.965360 -0.259583 -0.026404
vn -0.964425 -0.259318 -0.051369
vn -0.989536 -0.130440 -0.061680
vn -0.990637 -0.131902 -0.035219
vn -0.130011 -0.990492 0.044985
vn -0.129219 -0.991300 0.025026
vn -0.257967 -0.966097 0.010493
vn -0.257821 -0.965621 0.033241
vn -0.705737 -0.708258 -0.017505
vn -0.705297 -0.707861 -0.038587
vn -0.705221 -0.707788 -0.041231
vn -0.705737 -0.708258 -0.017505
vn -0.963745 -0.259130 -0.063620
vn -0.962582 -0.258834 -0.080262
vn -0.987687 -0.129126 -0.088322
vn -0.988747 -0.130681 -0.072818
vn 0.823811 0.479612 -0.302173
vn 0.859352 0.495963 -0.124639
vn 0.983649 0.128728 -0.125951
vn 0.942142 0.124821 -0.311107
vn -0.127783 -0.972392 -0.195260
vn -0.129189 -0.991304 -0.025026
vn -0.257926 -0.966108 -0.010497
vn -0.493277 -0.855751 -0.156104
vn 0.478238 0.836840 -0.266434
vn 0.496887 0.862723 -0.093878
vn 0.859352 0.495963 -0.124639
vn 0.823811 0.479612 -0.302173
vn 0.129860 0.990108 -0.053134
vn 0.130654 0.988646 -0.074223
vn 0.497222 0.861348 -0.104163
vn 0.496887 0.862723 -0.093878
vn 0.496887 0.862723 -0.093878
vn 0.497222 0.861348 -0.104163
vn 0.859716 0.496755 -0.118840
vn 0.859352 0.495963 -0.124639
vn 0.859352 0.495963 -0.124639
vn 0.859716 0.496755 -0.118840
vn 0.985485 0.129857 -0.109349
vn 0.983649 0.128728 -0.125951
vn 0.130654 0.988646 -0.074223
vn 0.131538 0.989280 -0.063419
vn 0.498934 0.863185 -0.077306
vn 0.497222 0.861348 -0.104163
vn 0.497222 0.861348 -0.104163
vn 0.498934 0.863185 -0.077306
vn 0.862641 0.499807 -0.077740
vn 0.859716 0.496755 -0.118840
vn 0.859716 0.496755 -0.118840
vn 0.862641 0.499807 -0.077740
vn 0.989210 0.131506 -0.064578
vn 0.985485 0.129857 -0.109349
vn 0.131538 0.989280 -0.063419
vn 0.131630 0.991299 0.000000
vn 0.498225 0.867048 0.000000
vn 0.498934 0.863185 -0.077306
vn 0.498934 0.863185 -0.077306
vn 0.498225 0.867048 0.000000
vn 0.704713 0.709493 -0.000001
vn 0.862641 0.499807 -0.077740
vn 0.862641 0.499807 -0.077740
vn 0.965502 0.260397 -0.000001
vn 0.990876 0.134774 0.000000
vn 0.989210 0.131506 -0.064578
vn 0.131630 0.991299 0.000000
vn 0.131538 0.989280 0.063419
vn 0.498934 0.863185 0.077306
vn 0.498225 0.867048 0.000000
vn 0.498225 0.867048 0.000000
vn 0.498934 0.863185 0.077306
vn 0.862641 0.499808 0.077740
vn 0.704713 0.709493 -0.000001
vn 0.965502 0.260397 -0.000001
vn 0.862641 0.499808 0.077740
vn 0.989210 0.131506 0.064578
vn 0.990876 0.134774 0.000000
vn 0.131538 0.989280 0.063419
vn 0.130654 0.988646 0.074223
vn 0.497222 0.861348 0.104163
vn 0.498934 0.863185 0.077306
vn 0.498934 0.863185 0.077306
vn 0.497222 0.861348 0.104163
vn 0.859716 0.496755 0.118840
vn 0.862641 0.499808 0.077740
vn 0.862641 0.499808 0.077740
vn 0.859716 0.496755 0.118840
vn 0.985485 0.129857 0.109349
vn 0.989210 0.131506 0.064578
vn 0.130654 0.988646 0.074223
vn 0.129860 0.990108 0.053134
vn 0.496888 0.862725 0.093847
vn 0.497222 0.861348 0.104163
vn 0.497222 0.861348 0.104163
vn 0.496888 0.862725 0.093847
vn 0.859352 0.495963 0.124639
vn 0.859716 0.496755 0.118840
vn 0.859716 0.496755 0.118840
vn 0.859352 0.495963 0.124639
vn 0.983649 0.128728 0.125951
vn 0.985485 0.129857 0.109349
vn -0.130011 -0.990492 -0.044985
vn -0.130011 -0.990492 -0.044985
vn -0.257807 -0.965624 -0.033245
vn -0.257800 -0.965626 -0.033245
vn -0.705748 -0.708247 0.017505
vn -0.705737 -0.708258 0.017498
vn -0.705737 -0.708258 0.017498
vn -0.705748 -0.708247 0.017505
vn -0.963744 -0.259136 0.063615
vn -0.963745 -0.259131 0.063609
vn -0.988747 -0.130681 0.072818
vn -0.988747 -0.130681 0.072818
vn -0.130011 -0.990492 0.044985
vn -0.130011 -0.990492 0.044985
vn -0.257807 -0.965624 0.033249
vn -0.257799 -0.965626 0.033249
vn -0.705737 -0.708258 -0.017508
vn -0.705737 -0.708258 -0.017502
vn -0.705737 -0.708258 -0.017502
vn -0.705737 -0.708258 -0.017508
vn -0.963744 -0.259134 -0.063618
vn -0.963745 -0.259131 -0.063615
vn -0.988747 -0.130681 -0.072818
vn -0.988747 -0.130681 -0.072818
vn -0.130011 -0.990492 -0.044985
vn -0.130011 -0.990492 -0.044985
vn -0.257799 -0.965626 -0.033249
vn -0.257807 -0.965624 -0.033245
vn -0.705737 -0.708258 0.017498
vn -0.705737 -0.708258 0.017502
vn -0.705737 -0.708258 0.017501
vn -0.705737 -0.708258 0.017498
vn -0.963745 -0.259131 0.063609
vn -0.963744 -0.259134 0.063614
vn -0.988747 -0.130681 0.072818
vn -0.988747 -0.130681 0.072818
vn -0.130011 -0.990492 0.044985
vn -0.130011 -0.990492 0.044985
vn -0.257821 -0.965621 0.033241
vn -0.257807 -0.965624 0.033249
vn -0.705737 -0.708258 -0.017502
vn -0.705737 -0.708258 -0.017505
vn -0.705737 -0.708258 -0.017505
vn -0.705737 -0.708258 -0.017502
vn -0.963745 -0.259131 -0.063615
vn -0.963745 -0.259130 -0.063620
vn -0.988747 -0.130681 -0.072818
vn -0.988747 -0.130681 -0.072818
vn -0.129189 -0.991304 -0.025026
vn -0.130011 -0.990492 -0.044985
vn -0.257800 -0.965626 -0.033245
vn -0.257926 -0.966108 -0.010497
vn -0.705319 -0.707839 0.038582
vn -0.705748 -0.708247 0.017505
vn -0.705748 -0.708247 0.017505
vn -0.705243 -0.707766 0.041226
vn -0.962579 -0.258845 0.080258
vn -0.963744 -0.259136 0.063615
vn -0.988747 -0.130681 0.072818
vn -0.987690 -0.129126 0.088292
vn -0.129126 -0.990280 0.051699
vn -0.130011 -0.990492 0.044985
vn -0.257799 -0.965626 0.033249
vn -0.257721 -0.965364 0.040643
vn -0.705831 -0.708359 -0.005559
vn -0.705737 -0.708258 -0.017508
vn -0.705737 -0.708258 -0.017508
vn -0.705826 -0.708352 -0.006893
vn -0.964425 -0.259318 -0.051369
vn -0.963744 -0.259134 -0.063618
vn -0.988747 -0.130681 -0.072818
vn -0.989536 -0.130440 -0.061680
vn -0.860074 0.498036 0.110601
vn -0.962579 0.258845 -0.080258
vn -0.987687 0.129126 -0.088322
vn -0.987641 0.130563 0.086706
vn -0.029298 0.209512 -0.977367
vn -0.117896 0.196697 -0.973350
vn -0.189457 0.338013 -0.921875
vn -0.047344 0.381011 -0.923358
vn -0.129690 0.914406 -0.383461
vn -0.483633 0.801916 -0.350757
vn -0.493277 0.855751 -0.156103
vn -0.127814 0.972374 -0.195323
vn -0.117896 0.196697 -0.973350
vn -0.206978 0.116521 -0.971382
vn -0.345691 0.203816 -0.915946
vn -0.189457 0.338013 -0.921875
vn -0.483633 0.801916 -0.350757
vn -0.830487 0.465614 -0.305770
vn -0.860072 0.498040 -0.110602
vn -0.493277 0.855751 -0.156103
vn -0.206978 0.116521 -0.971382
vn -0.228682 0.029604 -0.973051
vn -0.413756 0.055533 -0.908693
vn -0.345691 0.203816 -0.915946
vn -0.830487 0.465614 -0.305770
vn -0.953242 0.122876 -0.276099
vn -0.987641 0.130563 -0.086706
vn -0.860072 0.498040 -0.110602
vn 0.024781 -0.204904 -0.978468
vn 0.100988 -0.183267 -0.977862
vn 0.179843 -0.305407 -0.935085
vn 0.051460 -0.371274 -0.927096
vn 0.107612 -0.905086 -0.411387
vn 0.426976 -0.779666 -0.458053
vn 0.478234 -0.836834 -0.266462
vn 0.125950 -0.966252 -0.224709
vn 0.100988 -0.183267 -0.977862
vn 0.174448 -0.103246 -0.979239
vn 0.298316 -0.171152 -0.938996
vn 0.179843 -0.305407 -0.935085
vn 0.426976 -0.779666 -0.458053
vn 0.748391 -0.444207 -0.492535
vn 0.823810 -0.479613 -0.302173
vn 0.478234 -0.836834 -0.266462
vn 0.174448 -0.103246 -0.979239
vn 0.189800 -0.025087 -0.981502
vn 0.345650 -0.045842 -0.937243
vn 0.298316 -0.171152 -0.938996
vn 0.748391 -0.444207 -0.492535
vn 0.862408 -0.114100 -0.493187
vn 0.942142 -0.124822 -0.311107
vn 0.823810 -0.479613 -0.302173
vn -0.117896 0.196697 0.973350
vn -0.029298 0.209512 0.977367
vn -0.047342 0.380972 0.923374
vn -0.189453 0.337987 0.921885
vn -0.483635 0.801915 0.350756
vn -0.129692 0.914406 0.383461
vn -0.127784 0.972378 0.195324
vn -0.493277 0.855751 0.156104
vn -0.206978 0.116521 0.971382
vn -0.117896 0.196697 0.973350
vn -0.189453 0.337987 0.921885
vn -0.345691 0.203816 0.915946
vn -0.830487 0.465614 0.305770
vn -0.483635 0.801915 0.350756
vn -0.493277 0.855751 0.156104
vn -0.860074 0.498036 0.110601
vn -0.228682 0.029604 0.973051
vn -0.206978 0.116521 0.971382
vn -0.345691 0.203816 0.915946
vn -0.413756 0.055533 0.908693
vn -0.953242 0.122876 0.276099
vn -0.830487 0.465614 0.305770
vn -0.860074 0.498036 0.110601
vn -0.987641 0.130563 0.086706
vn 0.100987 -0.183297 0.977857
vn 0.024781 -0.204904 0.978468
vn 0.051467 -0.371284 0.927092
vn 0.179853 -0.305428 0.935076
vn 0.426980 -0.779664 0.458052
vn 0.107613 -0.905086 0.411387
vn 0.125950 -0.966252 0.224709
vn 0.478234 -0.836834 0.266462
vn 0.174477 -0.103246 0.979233
vn 0.100987 -0.183297 0.977857
vn 0.179853 -0.305428 0.935076
vn 0.298320 -0.171152 0.938995
vn 0.748391 -0.444207 0.492536
vn 0.426980 -0.779664 0.458052
vn 0.478234 -0.836834 0.266462
vn 0.823810 -0.479613 0.302173
vn 0.189800 -0.025087 0.981502
vn 0.174477 -0.103246 0.979233
vn 0.298320 -0.171152 0.938995
vn 0.345650 -0.045842 0.937243
vn 0.862406 -0.114101 0.493190
vn 0.748391 -0.444207 0.492536
vn 0.823810 -0.479613 0.302173
vn 0.942142 -0.124822 0.311107
vn -0.029298 -0.209483 0.977373
vn -0.117897 -0.196667 0.973356
vn -0.189453 -0.337971 0.921891
vn -0.047331 -0.380934 0.923390
vn -0.129690 -0.914446 0.383365
vn -0.483649 -0.801932 0.350697
vn -0.493282 -0.855753 0.156075
vn -0.127813 -0.972388 0.195259
vn -0.117897 -0.196667 0.973356
vn -0.207013 -0.116553 0.971371
vn -0.345709 -0.203829 0.915936
vn -0.189453 -0.337971 0.921891
vn -0.483649 -0.801932 0.350697
vn -0.830500 -0.465627 0.305716
vn -0.860074 -0.498043 0.110571
vn -0.493282 -0.855753 0.156075
vn -0.207013 -0.116553 0.971371
vn -0.228711 -0.029604 0.973044
vn -0.413763 -0.055535 0.908689
vn -0.345709 -0.203829 0.915936
vn -0.830500 -0.465627 0.305716
vn -0.953242 -0.122875 0.276099
vn -0.987641 -0.130562 0.086706
vn -0.860074 -0.498043 0.110571
vn 0.024781 0.204933 0.978462
vn 0.100987 0.183297 0.977857
vn 0.179858 0.305446 0.935069
vn 0.051467 0.371298 0.927086
vn 0.107617 0.905055 0.411454
vn 0.426984 0.779691 0.458004
vn 0.478238 0.836840 0.266434
vn 0.125955 0.966250 0.224716
vn 0.100987 0.183297 0.977857
vn 0.174477 0.103276 0.979230
vn 0.298348 0.171162 0.938985
vn 0.179858 0.305446 0.935069
vn 0.426984 0.779691 0.458004
vn 0.748386 0.444205 0.492545
vn 0.823811 0.479612 0.302173
vn 0.478238 0.836840 0.266434
vn 0.174477 0.103276 0.979230
vn 0.189800 0.025087 0.981502
vn 0.345669 0.045842 0.937236
vn 0.298348 0.171162 0.938985
vn 0.748386 0.444205 0.492545
vn 0.862402 0.114098 0.493198
vn 0.942142 0.124821 0.311107
vn 0.823811 0.479612 0.302173
vn -0.117897 -0.196667 -0.973356
vn -0.029298 -0.209483 -0.977373
vn -0.047336 -0.380949 -0.923384
vn -0.189436 -0.337950 -0.921902
vn -0.483635 -0.801915 -0.350756
vn -0.129692 -0.914446 -0.383365
vn -0.127783 -0.972392 -0.195260
vn -0.493277 -0.855751 -0.156104
vn -0.206978 -0.116521 -0.971382
vn -0.117897 -0.196667 -0.973356
vn -0.189436 -0.337950 -0.921902
vn -0.345694 -0.203809 -0.915946
vn -0.830487 -0.465614 -0.305770
vn -0.483635 -0.801915 -0.350756
vn -0.493277 -0.855751 -0.156104
vn -0.860074 -0.498035 -0.110604
vn -0.228711 -0.029604 -0.973044
vn -0.206978 -0.116521 -0.971382
vn -0.345694 -0.203809 -0.915946
vn -0.413770 -0.055537 -0.908686
vn -0.953242 -0.122875 -0.276099
vn -0.830487 -0.465614 -0.305770
vn -0.860074 -0.498035 -0.110604
vn -0.987641 -0.130562 -0.086706
vn 0.100987 0.183297 -0.977857
vn 0.024781 0.204933 -0.978462
vn 0.051467 0.371312 -0.927081
vn 0.179862 0.305437 -0.935071
vn 0.426988 0.779689 -0.458003
vn 0.107619 0.905055 -0.411454
vn 0.125955 0.966250 -0.224716
vn 0.478238 0.836840 -0.266434
vn 0.174477 0.103246 -0.979233
vn 0.100987 0.183297 -0.977857
vn 0.179862 0.305437 -0.935071
vn 0.298333 0.171161 -0.938989
vn 0.748385 0.444205 -0.492546
vn 0.426988 0.779689 -0.458003
vn 0.478238 0.836840 -0.266434
vn 0.823811 0.479612 -0.302173
vn 0.189800 0.025117 -0.981502
vn 0.174477 0.103246 -0.979233
vn 0.298333 0.171161 -0.938989
vn 0.345655 0.045843 -0.937241
vn 0.862401 0.114099 -0.493201
vn 0.748385 0.444205 -0.492546
vn 0.823811 0.479612 -0.302173
vn 0.942142 0.124821 -0.311107
vn -0.029298 0.209512 0.977367
vn 0.024781 0.204933 0.978462
vn 0.051467 0.371298 0.927086
vn -0.047342 0.380972 0.923374
vn -0.129692 0.914406 0.383461
vn 0.107617 0.905055 0.411454
vn 0.125955 0.966250 0.224716
vn -0.127784 0.972378 0.195324
vn 0.189800 0.025087 0.981502
vn 0.189800 -0.025087 0.981502
vn 0.345650 -0.045842 0.937243
vn 0.345669 0.045842 0.937236
vn 0.862402 0.114098 0.493198
vn 0.862406 -0.114101 0.493190
vn 0.942142 -0.124822 0.311107
vn 0.942142 0.124821 0.311107
vn -0.987641 0.130563 0.086706
vn -0.987641 -0.130562 0.086706
vn -0.953242 -0.122875 0.276099
vn -0.953242 0.122876 0.276099
vn -0.413756 0.055533 0.908693
vn -0.413763 -0.055535 0.908689
vn -0.228711 -0.029604 0.973044
vn -0.228682 0.029604 0.973051
vn -0.127813 -0.972388 0.195259
vn 0.125950 -0.966252 0.224709
vn 0.107613 -0.905086 0.411387
vn -0.129690 -0.914446 0.383365
vn -0.047331 -0.380934 0.923390
vn 0.051467 -0.371284 0.927092
vn 0.024781 -0.204904 0.978468
vn -0.029298 -0.209483 0.977373
vn 0.189800 -0.025087 -0.981502
vn 0.189800 0.025117 -0.981502
vn 0.345655 0.045843 -0.937241
vn 0.345650 -0.045842 -0.937243
vn 0.862408 -0.114100 -0.493187
vn 0.862401 0.114099 -0.493201
vn 0.942142 0.124821 -0.311107
vn 0.942142 -0.124822 -0.311107
vn -0.987641 -0.130562 -0.086706
vn -0.987641 0.130563 -0.086706
vn -0.953242 0.122876 -0.276099
vn -0.953242 -0.122875 -0.276099
vn -0.413770 -0.055537 -0.908686
vn -0.413756 0.055533 -0.908693
vn -0.228682 0.029604 -0.973051
vn -0.228711 -0.029604 -0.973044
vn -0.127814 0.972374 -0.195323
vn 0.125955 0.966250 -0.224716
vn 0.107619 0.905055 -0.411454
vn -0.129690 0.914406 -0.383461
vn -0.047344 0.381011 -0.923358
vn 0.051467 0.371312 -0.927081
vn 0.024781 0.204933 -0.978462
vn -0.029298 0.209512 -0.977367
vn 0.125950 -0.966252 -0.224709
vn -0.127783 -0.972392 -0.195260
vn -0.129692 -0.914446 -0.383365
vn 0.107612 -0.905086 -0.411387
vn 0.051460 -0.371274 -0.927096
vn -0.047336 -0.380949 -0.923384
vn -0.029298 -0.209483 -0.977373
vn 0.024781 -0.204904 -0.978468
vn 0.189800 0.025087 0.981502
vn 0.174477 0.103276 0.979230
vn 0.100987 0.183297 0.977857
vn 0.024781 0.204933 0.978462
vn -0.029298 0.209512 0.977367
vn -0.117896 0.196697 0.973350
vn -0.206978 0.116521 0.971382
vn -0.228682 0.029604 0.973051
vn -0.228711 -0.029604 0.973044
vn -0.207013 -0.116553 0.971371
vn -0.117897 -0.196667 0.973356
vn -0.029298 -0.209483 0.977373
vn 0.024781 -0.204904 0.978468
vn 0.100987 -0.183297 0.977857
vn 0.174477 -0.103246 0.979233
vn 0.189800 -0.025087 0.981502
vn -0.000000 -1.000000 0.000000
vn -0.000000 -1.000000 0.000000
vn -0.000000 -1.000000 0.000000
vn -0.000000 -1.000000 0.000000
vn -0.000000 0.000000 1.000000
vn -0.000000 0.000000 1.000000
vn -0.000000 0.000000 1.000000
vn -0.000000 0.000000 1.000000
vn 1.000000 -0.000000 0.000000
vn 1.000000 -0.000000 0.000000
vn 1.000000 -0.000000 0.000000
vn 1.000000 -0.000000 0.000000
vn -1.000000 0.000000 -0.000001
vn -1.000000 0.000000 -0.000001
vn -1.000000 0.000000 -0.000001
vn -1.000000 0.000000 -0.000001
vn 0.000000 0.000000 -1.000000
vn 0.000000 0.000000 -1.000000
vn 0.000000 0.000000 -1.000000
vn 0.000000 0.000000 -1.000000
vn 0.000000 1.000000 0.000000
vn 0.000000 1.000000 0.000000
vn 0.000000 1.000000 0.000000
vn 0.000000 1.000000 0.000000
vn 0.000000 -0.002074 -0.999998
vn 0.000000 -0.002074 -0.999998
vn 0.000000 -0.002074 -0.999998
vn 0.000000 -0.002074 -0.999998
vn -0.999998 -0.002073 -0.000000
vn -0.999998 -0.002073 -0.000000
vn -0.999998 -0.002073 -0.000000
vn -0.999998 -0.002073 -0.000000
vn 0.999998 -0.002074 0.000000
vn 0.999998 -0.002074 0.000000
vn 0.999998 -0.002074 0.000000
vn 0.999998 -0.002074 0.000000
vn -0.000000 -0.002074 0.999998
vn -0.000000 -0.002074 0.999998
vn -0.000000 -0.002074 0.999998
vn -0.000000 -0.002074 0.999998
vn 0.000000 1.000000 -0.000001
vn 0.000000 1.000000 -0.000001
vn 0.000000 1.000000 -0.000001
vn 0.000000 1.000000 -0.000001
vn 0.000000 1.000000 0.000000
vn 0.000000 1.000000 0.000000
vn 0.000000 1.000000 0.000000
vn 0.000000 1.000000 0.000000
vn 0.000000 1.000000 -0.000000
vn 0.000000 1.000000 -0.000000
vn 0.000000 1.000000 -0.000000
vn 0.000000 1.000000 -0.000000
vn 0.000000 1.000000 0.000000
vn 0.000000 1.000000 0.000000
vn 0.000000 1.000000 0.000000
vn 0.000000 1.000000 0.000000
vn -0.000000 -1.000000 0.000000
vn -0.000000 -1.000000 0.000000
vn -0.000000 -1.000000 0.000000
vn -0.000000 -1.000000 0.000000
vn -0.000000 0.000000 1.000000
vn -0.000000 0.000000 1.000000
vn -0.000000 0.000000 1.000000
vn -0.000000 0.000000 1.000000
vn 1.000000 -0.000000 0.000000
vn 1.000000 -0.000000 0.000000
vn 1.000000 -0.000000 0.000000
vn 1.000000 -0.000000 0.000000
vn -1.000000 0.000000 -0.000001
vn -1.000000 0.000000 -0.000001
vn -1.000000 0.000000 -0.000001
vn -1.000000 0.000000 -0.000001
vn 0.000000 0.000000 -1.000000
vn 0.000000 0.000000 -1.000000
vn 0.000000 0.000000 -1.000000
vn 0.000000 0.000000 -1.000000
vn 0.000000 1.000000 0.000000
vn 0.000000 1.000000 0.000000
vn 0.000000 1.000000 0.000000
vn 0.000000 1.000000 0.000000
vn 0.000000 -0.002074 -0.999998
vn 0.000000 -0.002074 -0.999998
vn 0.000000 -0.002074 -0.999998
vn 0.000000 -0.002074 -0.999998
vn -0.999998 -0.002073 -0.000000
vn -0.999998 -0.002073 -0.000000
vn -0.999998 -0.002073 -0.000000
vn -0.999998 -0.002073 -0.000000
vn 0.999998 -0.002074 0.000000
vn 0.999998 -0.002074 0.000000
vn 0.999998 -0.002074 0.000000
vn 0.999998 -0.002074 0.000000
vn -0.000000 -0.002074 0.999998
vn -0.000000 -0.002074 0.999998
vn -0.000000 -0.002074 0.999998
vn -0.000000 -0.002074 0.999998
vn 0.000000 1.000000 -0.000007
vn 0.000000 1.000000 -0.000007
vn 0.000000 1.000000 -0.000007
vn 0.000000 1.000000 -0.000007
vn 0.000000 1.000000 0.000000
vn 0.000000 1.000000 0.000000
vn 0.000000 1.000000 0.000000
vn 0.000000 1.000000 0.000000
vn 0.000000 1.000000 0.000000
vn 0.000000 1.000000 0.000000
vn 0.000000 1.000000 0.000000
vn 0.000000 1.000000 0.000000
vn 0.000000 1.000000 0.000000
vn 0.000000 1.000000 0.000000
vn 0.000000 1.000000 0.000000
vn 0.000000 1.000000 0.000000
vn -0.000000 -1.000000 -0.000000
vn -0.000000 -1.000000 -0.000000
vn -0.000000 -1.000000 -0.000000
vn -0.000000 -1.000000 -0.000000
vn -0.000000 0.000000 1.000000
vn -0.000000 0.000000 1.000000
vn -0.000000 0.000000 1.000000
vn -0.000000 0.000000 1.000000
vn 1.000000 -0.000000 0.000000
vn 1.000000 -0.000000 0.000000
vn 1.000000 -0.000000 0.000000
vn 1.000000 -0.000000 0.000000
vn -1.000000 0.000000 -0.000000
vn -1.000000 0.000000 -0.000000
vn -1.000000 0.000000 -0.000000
vn -1.000000 0.000000 -0.000000
vn 0.000000 0.000000 -1.000000
vn 0.000000 0.000000 -1.000000
vn 0.000000 0.000000 -1.000000
vn 0.000000 0.000000 -1.000000
vn 0.000000 1.000000 0.000000
vn 0.000000 1.000000 0.000000
vn 0.000000 1.000000 0.000000
vn 0.000000 1.000000 0.000000
vn 0.000000 -0.007629 -0.999971
vn 0.000000 -0.007629 -0.999971
vn 0.000000 -0.007629 -0.999971
vn 0.000000 -0.007629 -0.999971
vn -0.999971 -0.007629 -0.000000
vn -0.999971 -0.007629 -0.000000
vn -0.999971 -0.007629 -0.000000
vn -0.999971 -0.007629 -0.000000
vn 0.999971 -0.007629 0.000000
vn 0.999971 -0.007629 0.000000
vn 0.999971 -0.007629 0.000000
vn 0.999971 -0.007629 0.000000
vn -0.000000 -0.007629 0.999971
vn -0.000000 -0.007629 0.999971
vn -0.000000 -0.007629 0.999971
vn -0.000000 -0.007629 0.999971
vn 0.000000 1.000000 0.000000
vn 0.000000 1.000000 0.000000
vn 0.000000 1.000000 0.000000
vn 0.000000 1.000000 0.000000
vn 0.000000 1.000000 -0.000000
vn 0.000000 1.000000 -0.000000
vn 0.000000 1.000000 -0.000000
vn 0.000000 1.000000 -0.000000
vn 0.000000 1.000000 0.000000
vn 0.000000 1.000000 0.000000
vn 0.000000 1.000000 0.000000
vn 0.000000 1.000000 0.000000
vn 0.000000 1.000000 0.000000
vn 0.000000 1.000000 0.000000
vn 0.000000 1.000000 0.000000
vn 0.000000 1.000000 0.000000
vn 0.000000 0.000000 -1.000000
vn 0.000000 0.000000 -1.000000
vn 0.000000 0.000000 -1.000000
vn 0.000000 0.000000 -1.000000
vn -1.000000 0.000000 -0.000001
vn -1.000000 0.000000 -0.000001
vn -1.000000 0.000000 -0.000001
vn -1.000000 0.000000 -0.000001
vn 1.000000 -0.000000 0.000000
vn 1.000000 -0.000000 0.000000
vn 1.000000 -0.000000 0.000000
vn 1.000000 -0.000000 0.000000
vn -0.000000 0.000000 1.000000
vn -0.000000 0.000000 1.000000
vn -0.000000 0.000000 1.000000
vn -0.000000 0.000000 1.000000
vn 0.000000 0.000000 -1.000000
vn 0.000000 0.000000 -1.000000
vn 0.000000 0.000000 -1.000000
vn 0.000000 0.000000 -1.000000
vn -1.000000 0.000000 -0.000001
vn -1.000000 0.000000 -0.000001
vn -1.000000 0.000000 -0.000001
vn -1.000000 0.000000 -0.000001
vn 1.000000 -0.000000 0.000000
vn 1.000000 -0.000000 0.000000
vn 1.000000 -0.000000 0.000000
vn 1.000000 -0.000000 0.000000
vn -0.000000 0.000000 1.000000
vn -0.000000 0.000000 1.000000
vn -0.000000 0.000000 1.000000
vn -0.000000 0.000000 1.000000
vn 1.000000 -0.000000 0.000000
vn 1.000000 -0.000000 0.000000
vn 1.000000 -0.000000 0.000000
vn 1.000000 -0.000000 0.000000
vn -1.000000 0.000000 0.000000
vn -1.000000 0.000000 0.000000
vn -1.000000 0.000000 0.000000
vn -1.000000 0.000000 0.000000
vn 0.000000 1.000000 0.000000
vn 0.000000 1.000000 0.000000
vn 0.000000 1.000000 0.000000
vn 0.000000 1.000000 0.000000
vn 0.000000 1.000000 -0.000000
vn 0.000000 1.000000 -0.000000
vn 0.000000 1.000000 -0.000000
vn 0.000000 1.000000 -0.000000
vn 0.999998 -0.002074 0.000000
vn 0.999998 -0.002074 0.000000
vn 0.999998 -0.002074 0.000000
vn 0.999998 -0.002074 0.000000
vn -0.999998 -0.002073 -0.000000
vn -0.999998 -0.002073 -0.000000
vn -0.999998 -0.002073 -0.000000
vn -0.999998 -0.002073 -0.000000
vn 0.000000 1.000000 0.000000
vn 0.000000 1.000000 0.000000
vn 0.000000 1.000000 0.000000
vn 0.000000 1.000000 0.000000
vn -1.000000 0.000000 0.000000
vn -1.000000 0.000000 0.000000
vn -1.000000 0.000000 0.000000
vn -1.000000 0.000000 0.000000
vn 1.000000 -0.000000 0.000000
vn 1.000000 -0.000000 0.000000
vn 1.000000 -0.000000 0.000000
vn 1.000000 -0.000000 0.000000
vn -0.000000 -1.000000 0.000000
vn -0.000000 -1.000000 0.000000
vn -0.000000 -1.000000 0.000000
vn -0.000000 -1.000000 0.000000
vn 1.000000 -0.000000 0.000000
vn 1.000000 -0.000000 0.000000
vn 1.000000 -0.000000 0.000000
vn 1.000000 -0.000000 0.000000
vn -1.000000 0.000000 0.000000
vn -1.000000 0.000000 0.000000
vn -1.000000 0.000000 0.000000
vn -1.000000 0.000000 0.000000
vn 0.000000 1.000000 -0.000000
vn 0.000000 1.000000 -0.000000
vn 0.000000 1.000000 -0.000000
vn 0.000000 1.000000 -0.000000
vn 0.000000 1.000000 0.000000
vn 0.000000 1.000000 0.000000
vn 0.000000 1.000000 0.000000
vn 0.000000 1.000000 0.000000
vn 0.999998 -0.002074 0.000000
vn 0.999998 -0.002074 0.000000
vn 0.999998 -0.002074 0.000000
vn 0.999998 -0.002074 0.000000
vn -0.999998 -0.002073 -0.000000
vn -0.999998 -0.002073 -0.000000
vn -0.999998 -0.002073 -0.000000
vn -0.999998 -0.002073 -0.000000
vn 0.000000 1.000000 0.000000
vn 0.000000 1.000000 0.000000
vn 0.000000 1.000000 0.000000
vn 0.000000 1.000000 0.000000
vn -1.000000 0.000000 0.000000
vn -1.000000 0.000000 0.000000
vn -1.000000 0.000000 0.000000
vn -1.000000 0.000000 0.000000
vn 1.000000 -0.000000 0.000000
vn 1.000000 -0.000000 0.000000
vn 1.000000 -0.000000 0.000000
vn 1.000000 -0.000000 0.000000
vn -0.000000 -1.000000 0.000000
vn -0.000000 -1.000000 0.000000
vn -0.000000 -1.000000 0.000000
vn -0.000000 -1.000000 0.000000
vn -0.000000 -1.000000 0.000000
vn -0.000000 -1.000000 0.000000
vn -0.000000 -1.000000 0.000000
vn -0.000000 -1.000000 0.000000
vn 0.000000 1.000000 0.000000
vn 0.000000 1.000000 0.000000
vn 0.000000 1.000000 0.000000
vn 0.000000 1.000000 0.000000
vn -0.000000 0.000000 1.000000
vn -0.000000 0.000000 1.000000
vn -0.000000 0.000000 1.000000
vn -0.000000 0.000000 1.000000
vn 0.000000 0.000000 -1.000000
vn 0.000000 0.000000 -1.000000
vn 0.000000 0.000000 -1.000000
vn 0.000000 0.000000 -1.000000
vn 0.000000 1.000000 0.000007
vn 0.000000 1.000000 0.000007
vn 0.000000 1.000000 0.000007
vn 0.000000 1.000000 0.000007
vn 0.000000 1.000000 0.000000
vn 0.000000 1.000000 0.000000
vn 0.000000 1.000000 0.000000
vn 0.000000 1.000000 0.000000
vn -0.000000 -0.002074 0.999998
vn -0.000000 -0.002074 0.999998
vn -0.000000 -0.002074 0.999998
vn -0.000000 -0.002074 0.999998
vn 0.000000 -0.002074 -0.999998
vn 0.000000 -0.002074 -0.999998
vn 0.000000 -0.002074 -0.999998
vn 0.000000 -0.002074 -0.999998
vn 0.000000 1.000000 -0.000000
vn 0.000000 1.000000 -0.000000
vn 0.000000 1.000000 -0.000000
vn 0.000000 1.000000 -0.000000
vn 0.000000 0.000000 -1.000000
vn 0.000000 0.000000 -1.000000
vn 0.000000 0.000000 -1.000000
vn 0.000000 0.000000 -1.000000
vn -0.000000 0.000000 1.000000
vn -0.000000 0.000000 1.000000
vn -0.000000 0.000000 1.000000
vn -0.000000 0.000000 1.000000
vn -0.000000 -1.000000 0.000000
vn -0.000000 -1.000000 0.000000
vn -0.000000 -1.000000 0.000000
vn -0.000000 -1.000000 0.000000
vn -0.000000 -1.000000 -0.000000
vn -0.000000 -1.000000 -0.000000
vn -0.000000 -1.000000 -0.000000
vn -0.000000 -1.000000 -0.000000
vn 0.000000 1.000000 0.000000
vn 0.000000 1.000000 0.000000
vn 0.000000 1.000000 0.000000
vn 0.000000 1.000000 0.000000
vn -0.000000 0.000000 1.000000
vn -0.000000 0.000000 1.000000
vn -0.000000 0.000000 1.000000
vn -0.000000 0.000000 1.000000
vn 0.000000 0.000000 -1.000000
vn 0.000000 0.000000 -1.000000
vn 0.000000 0.000000 -1.000000
vn 0.000000 0.000000 -1.000000
vn 0.000000 1.000000 0.000001
vn 0.000000 1.000000 0.000001
vn 0.000000 1.000000 0.000001
vn 0.000000 1.000000 0.000001
vn 0.000000 1.000000 0.000000
vn 0.000000 1.000000 0.000000
vn 0.000000 1.000000 0.000000
vn 0.000000 1.000000 0.000000
vn -0.000000 -0.002074 0.999998
vn -0.000000 -0.002074 0.999998
vn -0.000000 -0.002074 0.999998
vn -0.000000 -0.002074 0.999998
vn 0.000000 -0.002074 -0.999998
vn 0.000000 -0.002074 -0.999998
vn 0.000000 -0.002074 -0.999998
vn 0.000000 -0.002074 -0.999998
vn 0.000000 1.000000 -0.000000
vn 0.000000 1.000000 -0.000000
vn 0.000000 1.000000 -0.000000
vn 0.000000 1.000000 -0.000000
vn 0.000000 0.000000 -1.000000
vn 0.000000 0.000000 -1.000000
vn 0.000000 0.000000 -1.000000
vn 0.000000 0.000000 -1.000000
vn -0.000000 0.000000 1.000000
vn -0.000000 0.000000 1.000000
vn -0.000000 0.000000 1.000000
vn -0.000000 0.000000 1.000000
vn -0.000000 -1.000000 0.000000
vn -0.000000 -1.000000 0.000000
vn -0.000000 -1.000000 0.000000
vn -0.000000 -1.000000 0.000000
vn 0.000000 1.000000 0.000000
vn 0.000000 1.000000 0.000000
vn 0.000000 1.000000 0.000000
vn 0.000000 1.000000 0.000000
vn 0.000000 1.000000 0.000000
vn 0.000000 1.000000 0.000000
vn 0.000000 1.000000 0.000000
vn 0.000000 1.000000 0.000000
vn -0.000000 -0.007629 0.999971
vn -0.000000 -0.007629 0.999971
vn -0.000000 -0.007629 0.999971
vn -0.000000 -0.007629 0.999971
vn 0.000000 -0.007629 -0.999971
vn 0.000000 -0.007629 -0.999971
vn 0.000000 -0.007629 -0.999971
vn 0.000000 -0.007629 -0.999971
vn 0.000000 1.000000 -0.000000
vn 0.000000 1.000000 -0.000000
vn 0.000000 1.000000 -0.000000
vn 0.000000 1.000000 -0.000000
vn 0.000000 0.000000 -1.000000
vn 0.000000 0.000000 -1.000000
vn 0.000000 0.000000 -1.000000
vn 0.000000 0.000000 -1.000000
vn -0.000000 0.000000 1.000000
vn -0.000000 0.000000 1.000000
vn -0.000000 0.000000 1.000000
vn -0.000000 0.000000 1.000000
vn -0.000000 -1.000000 -0.000000
vn -0.000000 -1.000000 -0.000000
vn -0.000000 -1.000000 -0.000000
vn -0.000000 -1.000000 -0.000000
vn -0.000000 -1.000000 -0.000000
vn -0.000000 -1.000000 -0.000000
vn -0.000000 -1.000000 -0.000000
vn -0.000000 -1.000000 -0.000000
vn 0.000000 1.000000 -0.000000
vn 0.000000 1.000000 -0.000000
vn 0.000000 1.000000 -0.000000
vn 0.000000 1.000000 -0.000000
vn 0.000000 1.000000 0.000000
vn 0.000000 1.000000 0.000000
vn 0.000000 1.000000 0.000000
vn 0.000000 1.000000 0.000000
vn 0.000000 1.000000 -0.000000
vn 0.000000 1.000000 -0.000000
vn 0.000000 1.000000 -0.000000
vn 0.000000 1.000000 -0.000000
vn 0.999971 -0.007629 0.000000
vn 0.999971 -0.007629 0.000000
vn 0.999971 -0.007629 0.000000
vn 0.999971 -0.007629 0.000000
vn -0.999971 -0.007629 -0.000000
vn -0.999971 -0.007629 -0.000000
vn -0.999971 -0.007629 -0.000000
vn -0.999971 -0.007629 -0.000000
vn 0.000000 1.000000 -0.000000
vn 0.000000 1.000000 -0.000000
vn 0.000000 1.000000 -0.000000
vn 0.000000 1.000000 -0.000000
vn -1.000000 0.000000 -0.000000
vn -1.000000 0.000000 -0.000000
vn -1.000000 0.000000 -0.000000
vn -1.000000 0.000000 -0.000000
vn 1.000000 -0.000000 0.000000
vn 1.000000 -0.000000 0.000000
vn 1.000000 -0.000000 0.000000
vn 1.000000 -0.000000 0.000000
vn -0.000000 -1.000000 -0.000000
vn -0.000000 -1.000000 -0.000000
vn -0.000000 -1.000000 -0.000000
vn -0.000000 -1.000000 -0.000000
vn 0.000000 -0.002074 -0.999998
vn 0.000000 -0.002074 -0.999998
vn 0.000000 -0.002074 -0.999998
vn 0.000000 -0.002074 -0.999998
vn -0.000000 -0.002074 0.999998
vn -0.000000 -0.002074 0.999998
vn -0.000000 -0.002074 0.999998
vn -0.000000 -0.002074 0.999998
vn -0.999998 -0.002073 -0.000000
vn -0.999998 -0.002073 -0.000000
vn -0.999998 -0.002073 -0.000000
vn -0.999998 -0.002073 -0.000000
vn 0.999998 -0.002074 0.000000
vn 0.999998 -0.002074 0.000000
vn 0.999998 -0.002074 0.000000
vn 0.999998 -0.002074 0.000000
vn -0.000000 -0.002074 0.999998
vn -0.000000 -0.002074 0.999998
vn -0.000000 -0.002074 0.999998
vn -0.000000 -0.002074 0.999998
vn 0.999998 -0.002074 0.000000
vn 0.999998 -0.002074 0.000000
vn 0.999998 -0.002074 0.000000
vn 0.999998 -0.002074 0.000000
vn -0.999998 -0.002073 -0.000000
vn -0.999998 -0.002073 -0.000000
vn -0.999998 -0.002073 -0.000000
vn -0.999998 -0.002073 -0.000000
vn 0.000000 -0.002074 -0.999998
vn 0.000000 -0.002074 -0.999998
vn 0.000000 -0.002074 -0.999998
vn 0.000000 -0.002074 -0.999998
vn 0.000000 -0.002074 -0.999998
vn 0.000000 -0.002074 -0.999998
vn 0.000000 -0.002074 -0.999998
vn 0.000000 -0.002074 -0.999998
vn -0.000000 -0.002074 0.999998
vn -0.000000 -0.002074 0.999998
vn -0.000000 -0.002074 0.999998
vn -0.000000 -0.002074 0.999998
vn -0.999998 -0.002073 -0.000000
vn -0.999998 -0.002073 -0.000000
vn -0.999998 -0.002073 -0.000000
vn -0.999998 -0.002073 -0.000000
vn 0.999998 -0.002074 0.000000
vn 0.999998 -0.002074 0.000000
vn 0.999998 -0.002074 0.000000
vn 0.999998 -0.002074 0.000000
vn -0.000000 -0.002074 0.999998
vn -0.000000 -0.002074 0.999998
vn -0.000000 -0.002074 0.999998
vn -0.000000 -0.002074 0.999998
vn 0.999998 -0.002074 0.000000
vn 0.999998 -0.002074 0.000000
vn 0.999998 -0.002074 0.000000
vn 0.999998 -0.002074 0.000000
vn -0.999998 -0.002073 -0.000000
vn -0.999998 -0.002073 -0.000000
vn -0.999998 -0.002073 -0.000000
vn -0.999998 -0.002073 -0.000000
vn 0.000000 -0.002074 -0.999998
vn 0.000000 -0.002074 -0.999998
vn 0.000000 -0.002074 -0.999998
vn 0.000000 -0.002074 -0.999998
vn -0.021588 -0.999767 -0.000000
vn -0.010713 -0.999879 0.011275
vn -0.011043 -0.999879 0.010933
vn -0.021588 -0.999767 -0.000000
vn -0.000000 -1.000000 -0.000000
vn -0.000000 -1.000000 -0.000000
vn -0.000000 -1.000000 -0.000000
vn -0.000000 -1.000000 -0.000000
vn 0.000000 0.000000 -1.000000
vn 0.000000 0.000000 -1.000000
vn 0.000000 0.000000 -1.000000
vn 0.000000 0.000000 -1.000000
vn -1.000000 0.000000 0.000000
vn -1.000000 0.000000 0.000000
vn -1.000000 0.000000 0.000000
vn -1.000000 0.000000 0.000000
vn 0.000000 0.000000 1.000000
vn 0.000000 0.000000 1.000000
vn 0.000000 0.000000 1.000000
vn 0.000000 -0.000000 1.000000
vn -0.000000 -1.000000 -0.000000
vn -0.000000 -1.000000 -0.000000
vn -0.000000 -1.000000 -0.000000
vn -0.000000 -1.000000 -0.000000
vn 0.000000 1.000000 0.000000
vn 0.000000 1.000000 0.000000
vn 0.000000 1.000000 0.000000
vn 0.000000 1.000000 0.000000
vn 0.000000 0.000000 1.000000
vn 0.000000 0.000000 1.000000
vn 0.000000 0.000000 1.000000
vn 0.000000 0.000000 1.000000
vn 1.000000 -0.000000 0.000000
vn 1.000000 -0.000000 0.000000
vn 1.000000 -0.000000 0.000000
vn 1.000000 -0.000000 0.000000
vn 0.000000 -0.000000 -1.000000
vn 0.000000 -0.000000 -1.000000
vn 0.000000 0.000000 -1.000000
vn 0.000000 0.000000 -1.000000
vn 1.000000 -0.000005 0.000000
vn 1.000000 -0.000001 0.000000
vn 1.000000 -0.000003 0.000000
vn 1.000000 -0.000005 0.000000
vn 1.000000 0.000000 0.000000
vn 1.000000 0.000000 0.000000
vn 1.000000 -0.000000 0.000000
vn 1.000000 0.000000 0.000000
vn 1.000000 -0.000000 0.000000
vn 1.000000 -0.000001 0.000000
vn 1.000000 -0.000003 0.000000
vn 1.000000 -0.000000 0.000000
vn 1.000000 -0.000000 0.000000
vn 1.000000 0.000000 0.000000
vn 1.000000 -0.000000 0.000000
vn 1.000000 -0.000000 0.000000
vn 0.000000 1.000000 0.000000
vn 0.000000 0.999997 -0.002289
vn -0.001617 0.999997 -0.001709
vn -0.002197 0.999998 0.000000
vn 0.021587 -0.999767 0.000000
vn 0.010712 -0.999879 -0.011282
vn 0.011042 -0.999879 -0.010940
vn 0.021587 -0.999767 0.000000
vn 1.000000 -0.000000 0.000000
vn 1.000000 -0.000000 0.000000
vn 0.984793 0.173731 0.000000
vn 0.979859 0.199689 0.000000
vn -1.000000 0.000000 0.000000
vn -1.000000 0.000000 0.000000
vn -0.984796 0.173717 0.000000
vn -0.979859 0.199689 0.000000
vn 0.000000 0.999997 0.002289
vn -0.001617 0.999997 0.001709
vn 0.137275 0.980057 -0.143683
vn 0.000000 0.982419 -0.186687
vn 0.002198 0.999998 0.000000
vn 0.001618 0.999997 0.001709
vn -0.137274 0.980057 -0.143683
vn -0.180762 0.983527 0.000000
vn 0.000000 0.999997 -0.002289
vn 0.001618 0.999997 -0.001709
vn -0.137274 0.980057 0.143683
vn 0.000000 0.982419 0.186687
vn 0.000000 0.000000 1.000000
vn 0.000000 0.000000 1.000000
vn 0.000000 0.167173 0.985928
vn 0.000000 0.193427 0.981115
vn -0.000000 -0.999749 -0.022383
vn -0.010713 -0.999879 -0.011275
vn -0.011043 -0.999879 -0.010933
vn -0.000000 -0.999749 -0.022383
vn 0.000000 0.000000 -1.000000
vn 0.000000 0.000000 -1.000000
vn 0.000000 0.167166 -0.985929
vn 0.000000 0.193427 -0.981115
vn -0.000000 -0.999749 0.022383
vn 0.010712 -0.999879 0.011282
vn 0.011042 -0.999879 0.010940
vn -0.000000 -0.999749 0.022383
vn 0.180763 0.983527 0.000000
vn 0.137274 0.980052 0.143713
vn 0.189979 0.963592 0.188143
vn 0.359714 0.933063 0.000000
vn 0.920231 0.391376 0.000000
vn 0.920237 0.391361 0.000000
vn 0.984796 0.173715 0.000000
vn 0.979859 0.199689 0.000000
vn 0.000000 0.982419 -0.186687
vn 0.137275 0.980057 -0.143683
vn 0.189975 0.963593 -0.188143
vn 0.000000 0.928602 -0.371076
vn 0.000000 0.379560 -0.925167
vn 0.000000 0.379560 -0.925167
vn 0.000000 0.167166 -0.985929
vn 0.000000 0.193427 -0.981115
vn -0.180762 0.983527 0.000000
vn -0.137274 0.980057 -0.143683
vn -0.189976 0.963595 -0.188134
vn -0.359701 0.933068 0.000000
vn -0.920237 0.391361 0.000000
vn -0.920237 0.391361 0.000000
vn -0.984796 0.173717 0.000000
vn -0.979859 0.199689 0.000000
vn 0.000000 0.982419 0.186687
vn -0.137274 0.980057 0.143683
vn -0.189976 0.963595 0.188135
vn 0.000000 0.928600 0.371083
vn 0.000000 0.379572 0.925162
vn 0.000000 0.379568 0.925164
vn 0.000000 0.167169 0.985928
vn 0.000000 0.193427 0.981115
vn -0.002197 0.999998 0.000000
vn -0.001617 0.999997 -0.001709
vn 0.137274 0.980052 0.143713
vn 0.180763 0.983527 0.000000
vn 1.000000 -0.000001 0.000000
vn 1.000000 -0.000000 0.000000
vn 1.000000 -0.000000 0.000000
vn 1.000000 -0.000003 0.000000
vn 1.000000 -0.000000 0.000000
vn 1.000000 -0.000000 0.000000
vn 1.000000 -0.000000 0.000000
vn 1.000000 -0.000000 0.000000
vn 1.000000 0.000000 0.000000
vn 1.000000 -0.000000 0.000000
vn 1.000000 -0.000000 0.000000
vn 1.000000 -0.000000 0.000000
vn 1.000000 -0.000000 0.000000
vn 1.000000 -0.000000 0.000000
vn 1.000000 -0.000000 0.000000
vn 1.000000 -0.000000 0.000000
vn 0.000000 -0.000000 -1.000000
vn 0.000000 -0.000000 -1.000000
vn 0.000000 -0.000000 -1.000000
vn 0.000000 -0.000000 -1.000000
vn 0.000000 -0.000000 -1.000000
vn 0.000000 -0.000000 -1.000000
vn 0.000000 -0.000000 -1.000000
vn 0.000000 -0.000000 -1.000000
vn 1.000000 -0.000000 0.000000
vn 1.000000 -0.000000 0.000000
vn 1.000000 -0.000000 0.000000
vn 1.000000 -0.000000 0.000000
vn 1.000000 -0.000000 0.000000
vn 1.000000 -0.000000 0.000000
vn 1.000000 -0.000000 0.000000
vn 1.000000 -0.000000 0.000000
vn 0.000000 0.000000 1.000000
vn 0.000000 0.000000 1.000000
vn 0.000000 0.000000 1.000000
vn 0.000000 0.000000 1.000000
vn 0.000000 0.000000 1.000000
vn 0.000000 0.000000 1.000000
vn 0.000000 0.000000 1.000000
vn 0.000000 0.000000 1.000000
vn -0.000000 0.000000 1.000000
vn 0.000000 0.000000 1.000000
vn 0.000000 -0.000000 1.000000
vn -0.000000 0.000000 1.000000
vn 0.000000 0.000000 1.000000
vn 0.000000 0.000000 1.000000
vn 0.000000 -0.000000 1.000000
vn 0.000000 -0.000000 1.000000
vn -1.000000 0.000000 0.000000
vn -1.000000 0.000000 0.000000
vn -1.000000 0.000000 0.000000
vn -1.000000 0.000000 0.000000
vn -1.000000 0.000000 0.000000
vn -1.000000 0.000000 0.000000
vn -1.000000 0.000000 0.000000
vn -1.000000 0.000000 0.000000
vn 0.000000 0.000000 -1.000000
vn 0.000000 0.000000 -1.000000
vn 0.000000 0.000000 -1.000000
vn 0.000000 0.000000 -1.000000
vn 0.000000 0.000000 -1.000000
vn 0.000000 0.000000 -1.000000
vn 0.000000 0.000000 -1.000000
vn 0.000000 0.000000 -1.000000
vn 0.000000 0.000000 -1.000000
vn 0.000000 0.000000 -1.000000
vn 0.000000 0.000000 -1.000000
vn 0.000000 0.000000 -1.000000
vn 0.000000 0.000000 -1.000000
vn 0.000000 0.000000 -1.000000
vn 0.000000 0.000000 -1.000000
vn 0.000000 0.000000 -1.000000
vn 0.000000 0.000000 1.000000
vn 0.000000 0.000000 1.000000
vn 0.000000 0.000000 1.000000
vn 0.000000 0.000000 1.000000
vn 0.000000 0.000000 1.000000
vn 0.000000 0.000000 1.000000
vn 0.000000 0.000000 1.000000
vn -0.000000 0.000000 1.000000
vn 0.000000 0.379576 0.925161
vn 0.000000 0.379572 0.925162
vn 0.000000 0.193427 0.981115
vn 0.000000 0.167173 0.985928
vn 0.137274 0.980052 0.143713
vn 0.000000 0.982419 0.186687
vn 0.000000 0.928600 0.371083
vn 0.189979 0.963592 0.188143
vn 0.000000 0.379560 -0.925167
vn 0.000000 0.379560 -0.925167
vn 0.000000 0.193427 -0.981115
vn 0.000000 0.167166 -0.985929
vn -0.137274 0.980057 -0.143683
vn 0.000000 0.982419 -0.186687
vn 0.000000 0.928602 -0.371076
vn -0.189976 0.963595 -0.188134
vn -0.010713 -0.999879 0.011275
vn -0.000000 -0.999749 0.022383
vn -0.000000 -0.999749 0.022383
vn -0.011043 -0.999879 0.010933
vn 0.000000 0.000000 -1.000000
vn 0.000000 0.000000 -1.000000
vn 0.000000 0.193427 -0.981115
vn 0.000000 0.167166 -0.985929
vn 0.010712 -0.999879 -0.011282
vn -0.000000 -0.999749 -0.022383
vn -0.000000 -0.999749 -0.022383
vn 0.011042 -0.999879 -0.010940
vn 0.000000 0.000000 1.000000
vn 0.000000 0.000000 1.000000
vn 0.000000 0.193427 0.981115
vn 0.000000 0.167169 0.985928
vn -0.001617 0.999997 -0.001709
vn 0.000000 0.999997 -0.002289
vn 0.000000 0.982419 0.186687
vn 0.137274 0.980052 0.143713
vn 0.001618 0.999997 0.001709
vn 0.000000 0.999997 0.002289
vn 0.000000 0.982419 -0.186687
vn -0.137274 0.980057 -0.143683
vn 0.002198 0.999998 0.000000
vn 0.001618 0.999997 -0.001709
vn 0.000000 0.999997 -0.002289
vn 0.000000 1.000000 0.000000
vn 0.000000 0.000000 1.000000
vn 0.000000 0.000000 1.000000
vn 0.000000 0.000000 1.000000
vn 0.000000 0.000000 1.000000
vn 0.000000 0.000000 -1.000000
vn 0.000000 0.000000 -1.000000
vn 0.000000 0.000000 -1.000000
vn 0.000000 0.000000 -1.000000
vn -0.000000 -1.000000 0.000000
vn -0.000000 -1.000000 -0.000000
vn -0.000000 -1.000000 -0.000000
vn -0.000000 -1.000000 -0.000000
vn -0.000000 -1.000000 0.000000
vn -0.000000 -1.000000 0.000000
vn -0.000000 -1.000000 -0.000000
vn -0.000000 -1.000000 0.000000
vn 0.001618 0.999997 0.001709
vn 0.002198 0.999998 0.000000
vn 0.000000 1.000000 0.000000
vn 0.000000 0.999997 0.002289
vn -1.000000 0.000000 0.000000
vn -1.000000 0.000000 0.000000
vn -1.000000 0.000000 0.000000
vn -1.000000 0.000000 0.000000
vn -1.000000 0.000000 0.000000
vn -1.000000 0.000000 0.000000
vn -1.000000 0.000000 0.000000
vn -1.000000 0.000000 0.000000
vn 1.000000 -0.000000 0.000000
vn 1.000000 -0.000000 0.000000
vn 1.000000 -0.000000 0.000000
vn 1.000000 -0.000000 0.000000
vn 1.000000 -0.000000 0.000000
vn 1.000000 -0.000000 0.000000
vn 1.000000 -0.000000 0.000000
vn 1.000000 -0.000000 0.000000
vn -0.001617 0.999997 0.001709
vn -0.002197 0.999998 0.000000
vn 0.180763 0.983527 0.000000
vn 0.137275 0.980057 -0.143683
vn -0.920237 0.391361 0.000000
vn -0.920237 0.391361 0.000000
vn -0.979859 0.199689 0.000000
vn -0.984796 0.173717 0.000000
vn -0.137274 0.980057 0.143683
vn -0.180762 0.983527 0.000000
vn -0.359701 0.933068 0.000000
vn -0.189976 0.963595 0.188135
vn 0.920224 0.391392 0.000000
vn 0.920231 0.391376 0.000000
vn 0.979859 0.199689 0.000000
vn 0.984793 0.173731 0.000000
vn 0.137275 0.980057 -0.143683
vn 0.180763 0.983527 0.000000
vn 0.359714 0.933063 0.000000
vn 0.189975 0.963593 -0.188143
vn 0.001618 0.999997 -0.001709
vn 0.002198 0.999998 0.000000
vn -0.180762 0.983527 0.000000
vn -0.137274 0.980057 0.143683
vn -1.000000 0.000000 0.000000
vn -1.000000 0.000000 0.000000
vn -0.979859 0.199689 0.000000
vn -0.984796 0.173717 0.000000
vn 1.000000 -0.000000 0.000000
vn 1.000000 -0.000000 0.000000
vn 0.979859 0.199689 0.000000
vn 0.984796 0.173715 0.000000
vn 0.010712 -0.999879 0.011282
vn 0.021587 -0.999767 0.000000
vn 0.021587 -0.999767 0.000000
vn 0.011042 -0.999879 0.010940
vn 0.000000 0.999997 0.002289
vn 0.000000 1.000000 0.000000
vn -0.002197 0.999998 0.000000
vn -0.001617 0.999997 0.001709
vn 1.000000 0.000000 0.000000
vn 1.000000 0.000000 0.000000
vn 1.000000 0.000000 0.000000
vn 1.000000 -0.000000 0.000000
vn 1.000000 -0.000001 0.000000
vn 1.000000 -0.000005 0.000000
vn 1.000000 -0.000005 0.000000
vn 1.000000 -0.000003 0.000000
vn 1.000000 -0.000000 0.000000
vn 1.000000 -0.000000 0.000000
vn 1.000000 -0.000000 0.000000
vn 1.000000 -0.000000 0.000000
vn 0.000000 1.000000 0.000000
vn 0.000000 1.000000 0.000000
vn 0.000000 1.000000 0.000000
vn 0.000000 1.000000 0.000000
vn -0.000000 -1.000000 -0.000000
vn -0.000000 -1.000000 -0.000000
vn -0.000000 -1.000000 -0.000000
vn -0.000000 -1.000000 -0.000000
vn -1.000000 0.000000 0.000000
vn -1.000000 0.000000 0.000000
vn -1.000000 0.000000 0.000000
vn -1.000000 0.000000 0.000000
vn -0.000000 -1.000000 0.000000
vn -0.000000 -1.000000 -0.000000
vn -0.000000 -1.000000 -0.000000
vn -0.000000 -1.000000 -0.000000
vn -0.010713 -0.999879 -0.011275
vn -0.021588 -0.999767 -0.000000
vn -0.021588 -0.999767 -0.000000
vn -0.011043 -0.999879 -0.010933
s off
g pasted__CubeFBXASC046000 group2
usemtl pasted__standardSurface2SG
f 1091/4812/3601 1090/5263/3602 1088/3699/3603 1089/4006/3604
f 1089/5120/3605 1088/5102/3606 1093/5173/3607 1092/4917/3608
f 1095/4362/3609 1100/3818/3610 1090/4325/3611 1091/4318/3612
f 1089/3647/3613 1092/4876/3614 1094/5476/3615 1096/3563/3616 1097/4043/3617 1098/5134/3618 1099/4670/3619 1095/4922/3620 1091/5103/3621
f 1093/4818/3622 1088/4634/3623 1090/3529/3624 1100/3900/3625 1102/4988/3626 1103/4663/3627 1104/4107/3628 1105/5185/3629 1101/5477/3630
f 1100/3818/3631 1095/4362/3632 1099/4254/3633 1102/5475/3634
f 1102/5475/3635 1099/4254/3636 1098/3589/3637 1103/4985/3638
f 1103/4985/3639 1098/3589/3640 1097/3925/3641 1104/5145/3642
f 1104/5145/3643 1097/3925/3644 1096/4287/3645 1105/3812/3646
f 1105/3812/3647 1096/4287/3648 1094/4778/3649 1101/3729/3650
f 1092/5356/3651 1093/5478/3652 1101/5479/3653 1094/5480/3654
f 1109/5175/3655 1108/3441/3656 1106/3872/3657 1107/3890/3658
f 1107/3440/3659 1106/3986/3660 1111/4171/3661 1110/4633/3662
f 1113/4563/3663 1118/3578/3664 1108/3541/3665 1109/5197/3666
f 1107/5353/3667 1110/3574/3668 1112/5481/3669 1114/5459/3670 1115/5224/3671 1116/5377/3672 1117/4904/3673 1113/4089/3674 1109/3855/3675
f 1111/3468/3676 1106/3949/3677 1108/5114/3678 1118/4991/3679 1120/5335/3680 1121/5223/3681 1122/4702/3682 1123/5094/3683 1119/5482/3684
f 1118/3578/3685 1113/4563/3686 1117/4898/3687 1120/5115/3688
f 1120/5115/3689 1117/4898/3690 1116/5260/3691 1121/4095/3692
f 1121/4095/3693 1116/5260/3694 1115/4989/3695 1122/5066/3696
f 1122/5066/3697 1115/4989/3698 1114/3827/3699 1123/4070/3700
f 1123/4070/3701 1114/3827/3702 1112/3630/3703 1119/5163/3704
f 1110/5483/3705 1111/5484/3706 1119/5485/3707 1112/5486/3708
f 1127/5460/3709 1126/4719/3710 1124/4769/3711 1125/3697/3712
f 1125/4990/3713 1124/4010/3714 1129/4480/3715 1128/3645/3716
f 1131/5248/3717 1136/4768/3718 1126/4280/3719 1127/4882/3720
f 1125/5471/3721 1128/3617/3722 1130/5487/3723 1132/4186/3724 1133/3551/3725 1134/5070/3726 1135/4758/3727 1131/3941/3728 1127/4248/3729
f 1129/3877/3730 1124/4050/3731 1126/4266/3732 1136/4206/3733 1138/4927/3734 1139/3961/3735 1140/4162/3736 1141/3741/3737 1137/5488/3738
f 1136/4768/3739 1131/5248/3740 1135/4819/3741 1138/3698/3742
f 1138/3698/3743 1135/4819/3744 1134/3766/3745 1139/3730/3746
f 1139/3730/3747 1134/3766/3748 1133/4315/3749 1140/3516/3750
f 1140/3516/3751 1133/4315/3752 1132/4454/3753 1141/4307/3754
f 1141/4307/3755 1132/4454/3756 1130/4255/3757 1137/3676/3758
f 1128/5489/3759 1129/5490/3760 1137/5491/3761 1130/5492/3762
f 1412/3847/3763 1237/4493/3764 1236/4992/3765 1415/5267/3766
f 1154/3993/3767 1200/3493/3768 1203/3778/3769 1387/4953/3770 1370/4627/3771
f 1203/3778/3772 1202/3800/3773 1149/4977/3774 1314/4552/3775 1387/4953/3776
f 1400/5214/3777 1265/4628/3778 1264/4966/3779 1403/3742/3780
f 1466/4993/3781 1433/4748/3782 1258/4915/3783 1343/3971/3784
f 1286/5320/3785 1315/3530/3786 1478/5361/3787 1421/4655/3788
f 1286/5320/3789 1421/4655/3790 1427/4249/3791 1288/3821/3792
f 1254/3431/3793 1311/5231/3794 1193/4316/3795 1192/3956/3796 1152/3641/3797
f 1346/3552/3798 1350/4250/3799 1278/3926/3800 1282/4217/3801
f 1148/5080/3802 1198/4414/3803 1197/4425/3804 1379/3813/3805 1318/5292/3806
f 1275/4163/3807 1327/5418/3808 1323/4391/3809 1279/4223/3810
f 1299/3960/3811 1238/3707/3812 1151/3494/3813 1173/4801/3814 1172/5354/3815
f 1234/4865/3816 1307/3878/3817 1178/4317/3818 1177/4094/3819 1150/3921/3820
f 1394/5116/3821 1263/4113/3822 1265/4785/3823 1400/3743/3824
f 1359/5152/3825 1243/3708/3826 1239/3846/3827 1363/3469/3828
f 1355/4024/3829 1247/4173/3830 1243/3708/3831 1359/5152/3832
f 1351/4174/3833 1251/5381/3834 1247/4173/3835 1355/4024/3836
f 1347/5186/3837 1255/4859/3838 1251/5381/3839 1351/4174/3840
f 1343/3971/3841 1258/4915/3842 1302/4724/3843 1295/4867/3844 1310/3618/3845 1255/4859/3846 1347/5186/3847
f 1290/4185/3848 1299/3960/3849 1172/5354/3850 1171/3528/3851 1159/3793/3852
f 1258/4915/3853 1433/4748/3854 1439/5382/3855 1260/4308/3856
f 1250/5244/3857 1254/3431/3858 1152/3641/3859 1144/5249/3860 1148/5080/3861 1318/5292/3862 1322/4893/3863
f 1246/3682/3864 1250/5244/3865 1322/4893/3866 1326/3611/3867
f 1242/3542/3868 1246/3682/3869 1326/3611/3870 1330/5038/3871
f 1238/3707/3872 1242/3542/3873 1330/5038/3874 1334/5245/3875 1147/5427/3876 1143/4207/3877 1151/3494/3878
f 1208/5176/3879 1207/4408/3880 1147/5427/3881 1334/5245/3882 1391/3527/3883
f 1146/4153/3884 1183/4676/3885 1182/3509/3886 1383/4978/3887 1339/4392/3888
f 1289/3748/3889 1424/4183/3890 1418/5259/3891 1287/4195/3892
f 1161/4337/3893 1206/4684/3894 1231/3826/3895 1165/5187/3896
f 1362/3773/3897 1367/4875/3898 1262/4060/3899 1266/4429/3900
f 1358/3794/3901 1362/3773/3902 1266/4429/3903 1270/3825/3904
f 1354/4779/3905 1358/3794/3906 1270/3825/3907 1274/3606/3908
f 1350/4250/3909 1354/4779/3910 1274/3606/3911 1278/3926/3912
f 1182/3509/3913 1181/5458/3914 1158/4208/3915 1374/5067/3916 1383/4978/3917
f 1154/5434/3918 1196/3950/3919 1225/4894/3920 1166/5250/3921
f 1155/3445/3922 1186/3715/3923 1219/4399/3924 1162/3988/3925
f 1158/5153/3926 1181/3987/3927 1216/4475/3928 1168/3962/3929
f 1342/4234/3930 1346/3552/3931 1282/4217/3932 1287/4195/3933
f 1160/4397/3934 1176/4841/3935 1213/4164/3936 1169/5419/3937
f 1142/4967/3938 1160/5318/3939 1180/4986/3940 1183/4676/3941 1146/4153/3942
f 1170/4510/3943 1173/4801/3944 1151/3494/3945 1143/4207/3946 1161/4386/3947
f 1307/3878/3948 1290/4185/3949 1159/3793/3950 1175/4711/3951 1178/4317/3952
f 1294/3817/3953 1303/4853/3954 1187/4542/3955 1186/4649/3956 1155/4216/3957
f 1175/3989/3958 1159/4398/3959 1164/4156/3960 1214/3517/3961
f 1267/3467/3962 1335/5355/3963 1331/3550/3964 1271/4739/3965
f 1180/3731/3966 1160/4397/3967 1169/5419/3968 1217/4044/3969
f 1185/3859/3970 1157/3683/3971 1163/4660/3972 1220/4712/3973
f 1271/4739/3974 1331/3550/3975 1327/5418/3976 1275/4163/3977
f 1185/4970/3978 1188/5222/3979 1153/4656/3980 1145/3784/3981 1157/4541/3982
f 1311/5231/3983 1294/3817/3984 1155/4216/3985 1190/5393/3986 1193/4316/3987
f 1190/4809/3988 1155/3445/3989 1162/3988/3990 1223/5448/3991
f 1303/4853/3992 1259/4033/3993 1153/4656/3994 1188/5222/3995 1187/4542/3996
f 1195/4677/3997 1156/5180/3998 1167/3573/3999 1226/3709/4000
f 1158/4208/4001 1205/4852/4002 1208/5176/4003 1391/3527/4004 1374/5067/4005
f 1170/3660/4006 1161/4337/4007 1165/5187/4008 1211/4877/4009
f 1157/4541/4010 1145/3784/4011 1149/4977/4012 1202/3800/4013 1201/5334/4014
f 1283/5191/4015 1319/4377/4016 1378/4281/4017 1371/4950/4018 1386/5282/4019 1315/3530/4020 1286/5320/4021
f 1200/4465/4022 1154/5434/4023 1166/5250/4024 1229/3446/4025
f 1161/4386/4026 1143/4207/4027 1147/5427/4028 1207/4408/4029 1206/3595/4030
f 1150/3921/4031 1177/4094/4032 1176/3749/4033 1160/5318/4034 1142/4967/4035
f 1205/3721/4036 1158/5153/4037 1168/3962/4038 1232/3508/4039
f 1279/4223/4040 1323/4391/4041 1319/4377/4042 1283/5191/4043
f 1152/3641/4044 1192/3956/4045 1191/4661/4046 1156/5104/4047 1144/5249/4048
f 1197/4425/4049 1196/4671/4050 1154/3993/4051 1370/4627/4052 1379/3813/4053
f 1363/3469/4054 1239/3846/4055 1298/5177/4056 1291/4916/4057 1306/4575/4058 1235/3684/4059 1366/5010/4060
f 1157/3683/4061 1201/3447/4062 1228/3979/4063 1163/4660/4064
f 1144/5249/4065 1156/5104/4066 1195/5383/4067 1198/4414/4068 1148/5080/4069
f 1156/5180/4070 1191/4987/4071 1222/3915/4072 1167/3573/4073
f 1263/4113/4074 1338/3860/4075 1382/4501/4076 1375/5133/4077 1390/4222/4078 1335/5355/4079 1267/3467/4080
f 1170/4510/4081 1174/5428/4082 1171/3528/4083 1172/5354/4084 1173/4801/4085
f 1175/4711/4086 1179/3862/4087 1176/3749/4088 1177/4094/4089 1178/4317/4090
f 1180/4986/4091 1184/4394/4092 1181/5458/4093 1182/3509/4094 1183/4676/4095
f 1185/4970/4096 1189/3837/4097 1186/4649/4098 1187/4542/4099 1188/5222/4100
f 1190/5393/4101 1194/4051/4102 1191/4661/4103 1192/3956/4104 1193/4316/4105
f 1195/5383/4106 1199/3444/4107 1196/4671/4108 1197/4425/4109 1198/4414/4110
f 1200/3493/4111 1204/5344/4112 1201/5334/4113 1202/3800/4114 1203/3778/4115
f 1205/4852/4116 1209/3991/4117 1206/3595/4118 1207/4408/4119 1208/5176/4120
f 1170/3660/4121 1211/4877/4122 1212/3861/4123 1174/4814/4124
f 1174/4286/4125 1212/4642/4126 1210/4740/4127 1171/5256/4128
f 1228/3979/4129 1201/3447/4130 1204/3990/4131 1230/4939/4132
f 1230/3838/4133 1204/4654/4134 1200/4465/4135 1229/3446/4136
f 1175/3989/4137 1214/3517/4138 1215/5046/4139 1179/4172/4140
f 1179/4045/4141 1215/4731/4142 1213/4164/4143 1176/4841/4144
f 1180/3731/4145 1217/4044/4146 1218/4393/4147 1184/5319/4148
f 1184/4461/4149 1218/5251/4150 1216/4475/4151 1181/3987/4152
f 1205/3721/4153 1232/3508/4154 1233/5392/4155 1209/5328/4156
f 1209/4378/4157 1233/5225/4158 1231/3826/4159 1206/4684/4160
f 1190/4809/4161 1223/5448/4162 1224/4104/4163 1194/5268/4164
f 1194/4749/4165 1224/4446/4166 1222/3915/4167 1191/4987/4168
f 1185/3859/4169 1220/4712/4170 1221/4466/4171 1189/3543/4172
f 1189/4034/4173 1221/3661/4174 1219/4399/4175 1186/3715/4176
f 1195/4677/4177 1226/3709/4178 1227/4239/4179 1199/4759/4180
f 1199/5293/4181 1227/4363/4182 1225/4894/4183 1196/3950/4184
f 1159/4398/4185 1171/5256/4186 1210/4740/4187 1164/4156/4188
f 1260/4308/4189 1439/5382/4190 1436/4968/4191 1261/4489/4192
f 1369/4011/4193 1448/5164/4194 1442/5429/4195 1367/4875/4196
f 1259/4033/4197 1430/4467/4198 1481/5321/4199 1314/4552/4200 1149/4977/4201 1145/3784/4202 1153/4656/4203
f 1288/5409/4204 1427/4764/4205 1424/4183/4206 1289/3748/4207
f 1261/3819/4208 1436/3612/4209 1430/4467/4210 1259/4033/4211
f 1469/4146/4212 1342/4234/4213 1287/4195/4214 1418/5259/4215
f 1366/5010/4216 1235/3684/4217 1406/4703/4218 1445/4592/4219
f 1431/4256/4220 1437/4343/4221 1440/4154/4222 1434/5228/4223 1467/4725/4224 1473/3848/4225 1476/4415/4226 1470/5188/4227 1419/3716/4228 1425/3502/4229 1428/4961/4230 1422/4251/4231 1479/3750/4232 1485/4416/4233 1488/4709/4234 1482/4319/4235
f 1409/4918/4236 1234/4865/4237 1150/3921/4238 1142/4967/4239 1146/4153/4240 1339/4392/4241 1454/5023/4242
f 1298/5177/4243 1239/3846/4244 1241/4455/4245 1300/4366/4246
f 1300/4366/4247 1241/4455/4248 1240/4817/4249 1301/4770/4250
f 1301/4610/4251 1240/3932/4252 1238/3707/4253 1299/3960/4254
f 1239/3846/4255 1243/3708/4256 1245/3795/4257 1241/4455/4258
f 1241/4455/4259 1245/3795/4260 1244/5398/4261 1240/4817/4262
f 1240/3932/4263 1244/4224/4264 1242/3542/4265 1238/3707/4266
f 1243/3708/4267 1247/4173/4268 1249/3564/4269 1245/3795/4270
f 1245/3795/4271 1249/3564/4272 1248/4955/4273 1244/5398/4274
f 1244/4224/4275 1248/3722/4276 1246/3682/4277 1242/3542/4278
f 1247/4173/4279 1251/5381/4280 1253/4135/4281 1249/3564/4282
f 1249/3564/4283 1253/4135/4284 1252/4438/4285 1248/4955/4286
f 1248/3722/4287 1252/4883/4288 1250/5244/4289 1246/3682/4290
f 1251/5381/4291 1255/4859/4292 1257/4090/4293 1253/4135/4294
f 1253/4135/4295 1257/4090/4296 1256/4196/4297 1252/4438/4298
f 1252/4883/4299 1256/4061/4300 1254/3431/4301 1250/5244/4302
f 1302/4724/4303 1258/4915/4304 1260/4308/4305 1304/4564/4306
f 1304/4564/4307 1260/4308/4308 1261/4489/4309 1305/5252/4310
f 1305/3732/4311 1261/3819/4312 1259/4033/4313 1303/4853/4314
f 1394/5116/4315 1457/3607/4316 1338/3860/4317 1263/4113/4318
f 1406/4703/4319 1235/3684/4320 1237/4493/4321 1412/3847/4322
f 1367/4875/4323 1442/5429/4324 1397/4523/4325 1262/4060/4326
f 1263/4113/4327 1267/3467/4328 1269/4899/4329 1265/4785/4330
f 1265/4628/4331 1269/4225/4332 1268/4833/4333 1264/4966/4334
f 1264/4966/4335 1268/4833/4336 1266/4429/4337 1262/4060/4338
f 1267/3467/4339 1271/4739/4340 1273/5308/4341 1269/4899/4342
f 1269/4225/4343 1273/4750/4344 1272/5302/4345 1268/4833/4346
f 1268/4833/4347 1272/5302/4348 1270/3825/4349 1266/4429/4350
f 1271/4739/4351 1275/4163/4352 1277/4553/4353 1273/5308/4354
f 1273/4750/4355 1277/3751/4356 1276/4815/4357 1272/5302/4358
f 1272/5302/4359 1276/4815/4360 1274/3606/4361 1270/3825/4362
f 1275/4163/4363 1279/4223/4364 1281/5357/4365 1277/4553/4366
f 1277/3751/4367 1281/3596/4368 1280/4176/4369 1276/4815/4370
f 1276/4815/4371 1280/4176/4372 1278/3926/4373 1274/3606/4374
f 1279/4223/4375 1283/5191/4376 1285/3801/4377 1281/5357/4378
f 1281/3596/4379 1285/4288/4380 1284/5095/4381 1280/4176/4382
f 1280/4176/4383 1284/5095/4384 1282/4217/4385 1278/3926/4386
f 1283/5191/4387 1286/5320/4388 1288/3821/4389 1285/3801/4390
f 1285/4288/4391 1288/5409/4392 1289/3748/4393 1284/5095/4394
f 1284/5095/4395 1289/3748/4396 1287/4195/4397 1282/4217/4398
f 1306/4575/4399 1291/4916/4400 1293/5229/4401 1308/4136/4402
f 1308/4136/4403 1293/5229/4404 1292/4611/4405 1309/4771/4406
f 1309/3670/4407 1292/4619/4408 1290/4185/4409 1307/3878/4410
f 1310/3618/4411 1295/4867/4412 1297/4147/4413 1312/3671/4414
f 1312/3671/4415 1297/4147/4416 1296/3785/4417 1313/3951/4418
f 1313/5024/4419 1296/5198/4420 1294/3817/4421 1311/5231/4422
f 1291/4916/4423 1298/5177/4424 1300/4366/4425 1293/5229/4426
f 1293/5229/4427 1300/4366/4428 1301/4770/4429 1292/4611/4430
f 1292/4619/4431 1301/4610/4432 1299/3960/4433 1290/4185/4434
f 1295/4867/4435 1302/4724/4436 1304/4564/4437 1297/4147/4438
f 1297/4147/4439 1304/4564/4440 1305/5252/4441 1296/3785/4442
f 1296/5198/4443 1305/3732/4444 1303/4853/4445 1294/3817/4446
f 1235/3684/4447 1306/4575/4448 1308/4136/4449 1237/4493/4450
f 1237/4493/4451 1308/4136/4452 1309/4771/4453 1236/4992/4454
f 1236/3613/4455 1309/3670/4456 1307/3878/4457 1234/4865/4458
f 1255/4859/4459 1310/3618/4460 1312/3671/4461 1257/4090/4462
f 1257/4090/4463 1312/3671/4464 1313/3951/4465 1256/4196/4466
f 1256/4061/4467 1313/5024/4468 1311/5231/4469 1254/3431/4470
f 1403/3742/4471 1264/4966/4472 1262/4060/4473 1397/4523/4474
f 1340/4650/4475 1463/5146/4476 1460/4795/4477 1341/3448/4478
f 1466/4993/4479 1343/3971/4480 1345/4289/4481 1472/4066/4482
f 1338/3860/4483 1457/3607/4484 1463/5146/4485 1340/4650/4486
f 1368/5420/4487 1451/4155/4488 1448/5164/4489 1369/4011/4490
f 1341/3992/4491 1460/5181/4492 1454/5023/4493 1339/4392/4494
f 1366/5010/4495 1445/4592/4496 1451/4395/4497 1368/5039/4498
f 1487/3614/4499 1316/3639/4500 1314/4552/4501 1481/5321/4502
f 1484/3588/4503 1317/5359/4504 1316/4798/4505 1487/5060/4506
f 1378/4281/4507 1319/4377/4508 1321/4338/4509 1380/5084/4510
f 1380/5084/4511 1321/4338/4512 1320/5276/4513 1381/5253/4514
f 1381/4352/4515 1320/3619/4516 1318/5292/4517 1379/3813/4518
f 1319/4377/4519 1323/4391/4520 1325/3909/4521 1321/4338/4522
f 1321/4338/4523 1325/3909/4524 1324/5234/4525 1320/5276/4526
f 1320/3619/4527 1324/4524/4528 1322/4893/4529 1318/5292/4530
f 1323/4391/4531 1327/5418/4532 1329/4476/4533 1325/3909/4534
f 1325/3909/4535 1329/4476/4536 1328/3802/4537 1324/5234/4538
f 1324/4524/4539 1328/4012/4540 1326/3611/4541 1322/4893/4542
f 1327/5418/4543 1331/3550/4544 1333/4235/4545 1329/4476/4546
f 1329/4476/4547 1333/4235/4548 1332/4554/4549 1328/3802/4550
f 1328/4012/4551 1332/4674/4552 1330/5038/4553 1326/3611/4554
f 1331/3550/4555 1335/5355/4556 1337/4187/4557 1333/4235/4558
f 1333/4235/4559 1337/4187/4560 1336/4269/4561 1332/4554/4562
f 1332/4674/4563 1336/3693/4564 1334/5245/4565 1330/5038/4566
f 1382/4501/4567 1338/3860/4568 1340/4650/4569 1384/5061/4570
f 1384/5061/4571 1340/4650/4572 1341/3448/4573 1385/4620/4574
f 1385/4635/4575 1341/3992/4576 1339/4392/4577 1383/4978/4578
f 1475/3761/4579 1344/4900/4580 1342/4234/4581 1469/4146/4582
f 1478/5361/4583 1315/3530/4584 1317/5359/4585 1484/3588/4586
f 1472/5025/4587 1345/3786/4588 1344/4900/4589 1475/3761/4590
f 1343/3971/4591 1347/5186/4592 1349/3643/4593 1345/4289/4594
f 1345/3786/4595 1349/4760/4596 1348/4878/4597 1344/4900/4598
f 1344/4900/4599 1348/4878/4600 1346/3552/4601 1342/4234/4602
f 1347/5186/4603 1351/4174/4604 1353/4052/4605 1349/3643/4606
f 1349/4760/4607 1353/4439/4608 1352/4456/4609 1348/4878/4610
f 1348/4878/4611 1352/4456/4612 1350/4250/4613 1346/3552/4614
f 1351/4174/4615 1355/4024/4616 1357/3807/4617 1353/4052/4618
f 1353/4439/4619 1357/4664/4620 1356/4209/4621 1352/4456/4622
f 1352/4456/4623 1356/4209/4624 1354/4779/4625 1350/4250/4626
f 1355/4024/4627 1359/5152/4628 1361/5370/4629 1357/3807/4630
f 1357/4664/4631 1361/4367/4632 1360/5033/4633 1356/4209/4634
f 1356/4209/4635 1360/5033/4636 1358/3794/4637 1354/4779/4638
f 1359/5152/4639 1363/3469/4640 1365/3495/4641 1361/5370/4642
f 1361/4367/4643 1365/4850/4644 1364/4928/4645 1360/5033/4646
f 1360/5033/4647 1364/4928/4648 1362/3773/4649 1358/3794/4650
f 1363/3469/4651 1366/5010/4652 1368/5039/4653 1365/3495/4654
f 1365/4850/4655 1368/5420/4656 1369/4011/4657 1364/4928/4658
f 1364/4928/4659 1369/4011/4660 1367/4875/4661 1362/3773/4662
f 1386/5282/4663 1371/4950/4664 1373/4272/4665 1388/3449/4666
f 1388/3449/4667 1373/4272/4668 1372/4353/4669 1389/5345/4670
f 1389/3942/4671 1372/5394/4672 1370/4627/4673 1387/4953/4674
f 1390/4222/4675 1375/5133/4676 1377/4077/4677 1392/4772/4678
f 1392/4772/4679 1377/4077/4680 1376/3810/4681 1393/4179/4682
f 1393/4039/4683 1376/5440/4684 1374/5067/4685 1391/3527/4686
f 1371/4950/4687 1378/4281/4688 1380/5084/4689 1373/4272/4690
f 1373/4272/4691 1380/5084/4692 1381/5253/4693 1372/4353/4694
f 1372/5394/4695 1381/4352/4696 1379/3813/4697 1370/4627/4698
f 1375/5133/4699 1382/4501/4700 1384/5061/4701 1377/4077/4702
f 1377/4077/4703 1384/5061/4704 1385/4620/4705 1376/3810/4706
f 1376/5440/4707 1385/4635/4708 1383/4978/4709 1374/5067/4710
f 1315/3530/4711 1386/5282/4712 1388/3449/4713 1317/5359/4714
f 1317/5359/4715 1388/3449/4716 1389/5345/4717 1316/4798/4718
f 1316/3639/4719 1389/3942/4720 1387/4953/4721 1314/4552/4722
f 1335/5355/4723 1390/4222/4724 1392/4772/4725 1337/4187/4726
f 1337/4187/4727 1392/4772/4728 1393/4179/4729 1336/4269/4730
f 1336/3693/4731 1393/4039/4732 1391/3527/4733 1334/5245/4734
f 1415/5174/4735 1236/3613/4736 1234/4865/4737 1409/4918/4738
f 1434/5228/4739 1440/4154/4740 1441/5384/4741 1435/4621/4742
f 1435/3518/4743 1441/3891/4744 1439/5382/4745 1433/4748/4746
f 1440/4154/4747 1437/4343/4748 1438/4864/4749 1441/5384/4750
f 1441/3891/4751 1438/4477/4752 1436/4968/4753 1439/5382/4754
f 1437/4343/4755 1431/4256/4756 1432/3803/4757 1438/4864/4758
f 1438/3856/4759 1432/3649/4760 1430/4467/4761 1436/3612/4762
f 1422/4251/4763 1428/4961/4764 1429/4761/4765 1423/4354/4766
f 1423/4161/4767 1429/4603/4768 1427/4249/4769 1421/4655/4770
f 1428/4961/4771 1425/3502/4772 1426/4124/4773 1429/4761/4774
f 1429/4604/4775 1426/4267/4776 1424/4183/4777 1427/4764/4778
f 1425/3502/4779 1419/3716/4780 1420/5096/4781 1426/4124/4782
f 1426/4267/4783 1420/4962/4784 1418/5259/4785 1424/4183/4786
f 1413/5215/4787 1407/3455/4788 1408/3933/4789 1414/5305/4790
f 1414/3597/4791 1408/4137/4792 1406/4703/4793 1412/3847/4794
f 1416/4849/4795 1413/5215/4796 1414/5305/4797 1417/5011/4798
f 1417/3531/4799 1414/3597/4800 1412/3847/4801 1415/5267/4802
f 1410/3828/4803 1416/4849/4804 1417/5011/4805 1411/4665/4806
f 1411/4545/4807 1417/4508/4808 1415/5174/4809 1409/4918/4810
f 1401/4440/4811 1395/4017/4812 1396/5139/4813 1402/5399/4814
f 1402/4450/4815 1396/4546/4816 1394/5116/4817 1400/3743/4818
f 1404/4773/4819 1401/4440/4820 1402/5399/4821 1405/4468/4822
f 1405/4252/4823 1402/4450/4824 1400/3743/4825 1403/4430/4826
f 1398/4227/4827 1404/4773/4828 1405/4468/4829 1399/3779/4830
f 1399/4880/4831 1405/5165/4832 1403/3742/4833 1397/4523/4834
f 1458/4278/4835 1464/4820/4836 1465/4503/4837 1459/3768/4838
f 1459/4014/4839 1465/4481/4840 1463/5146/4841 1457/3607/4842
f 1464/4820/4843 1461/4079/4844 1462/4073/4845 1465/4503/4846
f 1465/4481/4847 1462/3814/4848 1460/4795/4849 1463/5146/4850
f 1461/4079/4851 1455/3651/4852 1456/4027/4853 1462/4073/4854
f 1462/4138/4855 1456/5123/4856 1454/5023/4857 1460/5181/4858
f 1446/3901/4859 1452/3994/4860 1453/3880/4861 1447/3456/4862
f 1447/4067/4863 1453/4403/4864 1451/4395/4865 1445/4592/4866
f 1452/3994/4867 1449/3881/4868 1450/4323/4869 1453/3880/4870
f 1453/4188/4871 1450/4827/4872 1448/5164/4873 1451/4155/4874
f 1449/3881/4875 1443/3763/4876 1444/4204/4877 1450/4323/4878
f 1450/4827/4879 1444/4125/4880 1442/5429/4881 1448/5164/4882
f 1485/4416/4883 1479/3750/4884 1480/4109/4885 1486/4720/4886
f 1486/4257/4887 1480/5189/4888 1478/5361/4889 1484/3588/4890
f 1488/4709/4891 1485/4416/4892 1486/4720/4893 1489/4741/4894
f 1489/4698/4895 1486/4257/4896 1484/3588/4897 1487/5060/4898
f 1482/4319/4899 1488/4709/4900 1489/4741/4901 1483/4747/4902
f 1483/4417/4903 1489/3519/4904 1487/3614/4905 1481/5321/4906
f 1473/3848/4907 1467/4725/4908 1468/4469/4909 1474/3533/4910
f 1474/3608/4911 1468/5097/4912 1466/4993/4913 1472/4066/4914
f 1476/4415/4915 1473/3848/4916 1474/3533/4917 1477/3538/4918
f 1477/4441/4919 1474/3774/4920 1472/5025/4921 1475/3761/4922
f 1470/5188/4923 1476/4415/4924 1477/3538/4925 1471/4919/4926
f 1471/5226/4927 1477/4441/4928 1475/3761/4929 1469/4146/4930
f 1407/3455/4931 1446/3901/4932 1447/3456/4933 1408/3933/4934
f 1408/4137/4935 1447/4067/4936 1445/4592/4937 1406/4703/4938
f 1443/3763/4939 1398/4227/4940 1399/3779/4941 1444/4204/4942
f 1444/4125/4943 1399/4880/4944 1397/4523/4945 1442/5429/4946
f 1409/4918/4947 1454/5023/4948 1456/5123/4949 1411/4545/4950
f 1411/4665/4951 1456/4027/4952 1455/3651/4953 1410/3828/4954
f 1457/3607/4955 1394/5116/4956 1396/4546/4957 1459/4014/4958
f 1459/3768/4959 1396/5139/4960 1395/4017/4961 1458/4278/4962
f 1419/3716/4963 1470/5188/4964 1471/4919/4965 1420/5096/4966
f 1420/4962/4967 1471/5226/4968 1469/4146/4969 1418/5259/4970
f 1481/5321/4971 1430/4467/4972 1432/3649/4973 1483/4417/4974
f 1483/4747/4975 1432/3803/4976 1431/4256/4977 1482/4319/4978
f 1433/4748/4979 1466/4993/4980 1468/5097/4981 1435/3518/4982
f 1435/4621/4983 1468/4469/4984 1467/4725/4985 1434/5228/4986
f 1421/4655/4987 1478/5361/4988 1480/5189/4989 1423/4161/4990
f 1423/4354/4991 1480/4109/4992 1479/3750/4993 1422/4251/4994
f 1443/3763/4995 1449/3881/4996 1452/3994/4997 1446/3901/4998 1407/3455/4999 1413/5215/5000 1416/4849/5001 1410/3828/5002 1455/3651/5003 1461/4079/5004 1464/4820/5005 1458/4278/5006 1395/4017/5007 1401/4440/5008 1404/4773/5009 1398/4227/5010
f 1760/4810/5011 1585/4914/5012 1584/4326/5013 1763/5410/5014
f 1502/3598/5015 1548/4405/5016 1551/3520/5017 1735/5378/5018 1718/3752/5019
f 1551/3520/5020 1550/4963/5021 1497/3646/5022 1662/4623/5023 1735/5378/5024
f 1748/5266/5025 1613/5002/5026 1612/5212/5027 1751/3677/5028
f 1814/4379/5029 1781/4290/5030 1606/4555/5031 1691/4527/5032
f 1634/5411/5033 1663/5147/5034 1826/5148/5035 1769/4236/5036
f 1634/5411/5037 1769/4236/5038 1775/4025/5039 1636/4253/5040
f 1602/4643/5041 1659/3805/5042 1541/5336/5043 1540/3565/5044 1500/4828/5045
f 1694/5017/5046 1698/5085/5047 1626/4324/5048 1630/4423/5049
f 1496/3927/5050 1546/4705/5051 1545/5243/5052 1727/5230/5053 1666/4119/5054
f 1623/4427/5055 1675/4355/5056 1671/4762/5057 1627/3723/5058
f 1647/4130/5059 1586/4380/5060 1499/4559/5061 1521/5138/5062 1520/4763/5063
f 1582/4283/5064 1655/3733/5065 1526/5062/5066 1525/3897/5067 1498/3681/5068
f 1742/4339/5069 1611/4105/5070 1613/4721/5071 1748/4126/5072
f 1707/3648/5073 1591/5154/5074 1587/5190/5075 1711/4072/5076
f 1703/3928/5077 1595/3839/5078 1591/5154/5079 1707/3648/5080
f 1699/5362/5081 1599/4534/5082 1595/3839/5083 1703/3928/5084
f 1695/4491/5085 1603/4752/5086 1599/4534/5087 1699/5362/5088
f 1691/4527/5089 1606/4555/5090 1650/4933/5091 1643/5098/5092 1658/5322/5093 1603/4752/5094 1695/4491/5095
f 1638/3765/5096 1647/4130/5097 1520/4763/5098 1519/4558/5099 1507/5140/5100
f 1606/4555/5101 1781/4290/5102 1787/4905/5103 1608/4205/5104
f 1598/4940/5105 1602/4643/5106 1500/4828/5107 1492/5169/5108 1496/3927/5109 1666/4119/5110 1670/5314/5111
f 1594/3622/5112 1598/4940/5113 1670/5314/5114 1674/3695/5115
f 1590/4273/5116 1594/3622/5117 1674/3695/5118 1678/5472/5119
f 1586/4380/5120 1590/4273/5121 1678/5472/5122 1682/3620/5123 1495/5473/5124 1491/4629/5125 1499/4559/5126
f 1556/4672/5127 1555/4420/5128 1495/5473/5129 1682/3620/5130 1739/4556/5131
f 1494/5380/5132 1531/5254/5133 1530/3717/5134 1731/5412/5135 1687/4767/5136
f 1637/3680/5137 1772/5423/5138 1766/5306/5139 1635/4920/5140
f 1509/5086/5141 1554/4612/5142 1579/4982/5143 1513/4140/5144
f 1710/3780/5145 1715/4829/5146 1610/4120/5147 1614/5155/5148
f 1706/4506/5149 1710/3780/5150 1614/5155/5151 1618/3666/5152
f 1702/5151/5153 1706/4506/5154 1618/3666/5155 1622/4421/5156
f 1698/5085/5157 1702/5151/5158 1622/4421/5159 1626/4324/5160
f 1530/3717/5161 1529/4320/5162 1506/4388/5163 1722/4726/5164 1731/5412/5165
f 1502/5040/5166 1544/4080/5167 1573/3746/5168 1514/3628/5169
f 1503/4863/5170 1534/4462/5171 1567/4419/5172 1510/4514/5173
f 1506/5213/5174 1529/4688/5175 1564/4265/5176 1516/4062/5177
f 1690/4505/5178 1694/5017/5179 1630/4423/5180 1635/4920/5181
f 1508/3668/5182 1524/4571/5183 1561/4572/5184 1517/3669/5185
f 1490/4576/5186 1508/3553/5187 1528/4020/5188 1531/5254/5189 1494/5380/5190
f 1518/4699/5191 1521/5138/5192 1499/4559/5193 1491/4629/5194 1509/5261/5195
f 1655/3733/5196 1638/3765/5197 1507/5140/5198 1523/4344/5199 1526/5062/5200
f 1642/4509/5201 1651/5166/5202 1535/5343/5203 1534/4158/5204 1503/5028/5205
f 1523/5449/5206 1507/3981/5207 1512/3567/5208 1562/4996/5209
f 1615/4713/5210 1683/3510/5211 1679/3787/5212 1619/4774/5213
f 1528/4609/5214 1508/3668/5215 1517/3669/5216 1565/3638/5217
f 1533/5087/5218 1505/3791/5219 1511/3792/5220 1568/4139/5221
f 1619/4774/5222 1679/3787/5223 1675/4355/5224 1623/4427/5225
f 1533/4614/5226 1536/4048/5227 1501/3907/5228 1493/4862/5229 1505/4811/5230
f 1659/3805/5231 1642/4509/5232 1503/5028/5233 1538/4796/5234 1541/5336/5235
f 1538/5351/5236 1503/4863/5237 1510/4514/5238 1571/4345/5239
f 1651/5166/5240 1607/3984/5241 1501/3907/5242 1536/4048/5243 1535/5343/5244
f 1543/3879/5245 1504/3943/5246 1515/5424/5247 1574/4925/5248
f 1506/4388/5249 1553/5275/5250 1556/4672/5251 1739/4556/5252 1722/4726/5253
f 1518/5414/5254 1509/5086/5255 1513/4140/5256 1559/4387/5257
f 1505/4811/5258 1493/4862/5259 1497/3646/5260 1550/4963/5261 1549/4258/5262
f 1631/4471/5263 1667/5454/5264 1726/4015/5265 1719/3623/5266 1734/3767/5267 1663/5147/5268 1634/5411/5269
f 1548/3724/5270 1502/5040/5271 1514/3628/5272 1577/5149/5273
f 1509/5261/5274 1491/4629/5275 1495/5473/5276 1555/4420/5277 1554/4021/5278
f 1498/3681/5279 1525/3897/5280 1524/5395/5281 1508/3553/5282 1490/4576/5283
f 1553/5117/5284 1506/5213/5285 1516/4062/5286 1580/5184/5287
f 1627/3723/5288 1671/4762/5289 1667/5454/5290 1631/4471/5291
f 1500/4828/5292 1540/3565/5293 1539/4881/5294 1504/4525/5295 1492/5169/5296
f 1545/5243/5297 1544/3734/5298 1502/3598/5299 1718/3752/5300 1727/5230/5301
f 1711/4072/5302 1587/5190/5303 1646/5367/5304 1639/4560/5305 1654/4745/5306 1583/3762/5307 1714/5232/5308
f 1505/3791/5309 1549/4528/5310 1576/3804/5311 1511/3792/5312
f 1492/5169/5313 1504/4525/5314 1543/4311/5315 1546/4705/5316 1496/3927/5317
f 1504/3943/5318 1539/3808/5319 1570/4866/5320 1515/5424/5321
f 1611/4105/5322 1686/4381/5323 1730/4687/5324 1723/4074/5325 1738/3667/5326 1683/3510/5327 1615/4713/5328
f 1518/4699/5329 1522/4636/5330 1519/4558/5331 1520/4763/5332 1521/5138/5333
f 1523/4344/5334 1527/5167/5335 1524/5395/5336 1525/3897/5337 1526/5062/5338
f 1528/4020/5339 1532/5168/5340 1529/4320/5341 1530/3717/5342 1531/5254/5343
f 1533/4614/5344 1537/5396/5345 1534/4158/5346 1535/5343/5347 1536/4048/5348
f 1538/4796/5349 1542/5368/5350 1539/4881/5351 1540/3565/5352 1541/5336/5353
f 1543/4311/5354 1547/5352/5355 1544/3734/5356 1545/5243/5357 1546/4705/5358
f 1548/4405/5359 1552/3887/5360 1549/4258/5361 1550/4963/5362 1551/3520/5363
f 1553/5275/5364 1557/5338/5365 1554/4021/5366 1555/4420/5367 1556/4672/5368
f 1518/5414/5369 1559/4387/5370 1560/4923/5371 1522/3873/5372
f 1522/3694/5373 1560/3539/5374 1558/3718/5375 1519/4400/5376
f 1576/3804/5377 1549/4528/5378 1552/5052/5379 1578/4422/5380
f 1578/4110/5381 1552/5063/5382 1548/3724/5383 1577/5149/5384
f 1523/5449/5385 1562/4996/5386 1563/4513/5387 1527/3580/5388
f 1527/3566/5389 1563/3458/5390 1561/4572/5391 1524/4571/5392
f 1528/4609/5393 1565/3638/5394 1566/5041/5395 1532/5363/5396
f 1532/5170/5397 1566/3916/5398 1564/4265/5399 1529/4688/5400
f 1553/5117/5401 1580/5184/5402 1581/5435/5403 1557/3452/5404
f 1557/4746/5405 1581/3796/5406 1579/4982/5407 1554/4612/5408
f 1538/5351/5409 1571/4345/5410 1572/5341/5411 1542/3442/5412
f 1542/4586/5413 1572/3479/5414 1570/4866/5415 1539/3808/5416
f 1533/5087/5417 1568/4139/5418 1569/4622/5419 1537/3443/5420
f 1537/4689/5421 1569/5339/5422 1567/4419/5423 1534/4462/5424
f 1543/3879/5425 1574/4925/5426 1575/3496/5427 1547/4046/5428
f 1547/4463/5429 1575/3995/5430 1573/3746/5431 1544/4080/5432
f 1507/3981/5433 1519/4400/5434 1558/3718/5435 1512/3567/5436
f 1608/4205/5437 1787/4905/5438 1784/5315/5439 1609/3576/5440
f 1717/4152/5441 1796/3835/5442 1790/3634/5443 1715/4829/5444
f 1607/3984/5445 1778/5446/5446 1829/4333/5447 1662/4623/5448 1497/3646/5449 1493/4862/5450 1501/3907/5451
f 1636/3963/5452 1775/5269/5453 1772/5423/5454 1637/3680/5455
f 1609/5333/5456 1784/4181/5457 1778/5446/5458 1607/3984/5459
f 1817/4547/5460 1690/4505/5461 1635/4920/5462 1766/5306/5463
f 1714/5232/5464 1583/3762/5465 1754/4335/5466 1793/4474/5467
f 1779/4297/5468 1785/5121/5469 1788/4068/5470 1782/4896/5471 1815/4912/5472 1821/4969/5473 1824/4543/5474 1818/4590/5475 1767/4567/5476 1773/3487/5477 1776/4580/5478 1770/4637/5479 1827/5379/5480 1833/3822/5481 1836/4228/5482 1830/4013/5483
f 1757/3917/5484 1582/4283/5485 1498/3681/5486 1490/4576/5487 1494/5380/5488 1687/4767/5489 1802/4843/5490
f 1646/5367/5491 1587/5190/5492 1589/4035/5493 1648/5304/5494
f 1648/5304/5495 1589/4035/5496 1588/4220/5497 1649/5391/5498
f 1649/5329/5499 1588/5171/5500 1586/4380/5501 1647/4130/5502
f 1587/5190/5503 1591/5154/5504 1593/4424/5505 1589/4035/5506
f 1589/4035/5507 1593/4424/5508 1592/5437/5509 1588/4220/5510
f 1588/5171/5511 1592/3483/5512 1590/4273/5513 1586/4380/5514
f 1591/5154/5515 1595/3839/5516 1597/4738/5517 1593/4424/5518
f 1593/4424/5519 1597/4738/5520 1596/3735/5521 1592/5437/5522
f 1592/3483/5523 1596/4630/5524 1594/3622/5525 1590/4273/5526
f 1595/3839/5527 1599/4534/5528 1601/4906/5529 1597/4738/5530
f 1597/4738/5531 1601/4906/5532 1600/3450/5533 1596/3735/5534
f 1596/4630/5535 1600/3631/5536 1598/4940/5537 1594/3622/5538
f 1599/4534/5539 1603/4752/5540 1605/5242/5541 1601/4906/5542
f 1601/4906/5543 1605/5242/5544 1604/3966/5545 1600/3450/5546
f 1600/3631/5547 1604/5421/5548 1602/4643/5549 1598/4940/5550
f 1650/4933/5551 1606/4555/5552 1608/4205/5553 1652/5255/5554
f 1652/5255/5555 1608/4205/5556 1609/3576/5557 1653/3910/5558
f 1653/3642/5559 1609/5333/5560 1607/3984/5561 1651/5166/5562
f 1742/4339/5563 1805/5049/5564 1686/4381/5565 1611/4105/5566
f 1754/4335/5567 1583/3762/5568 1585/4914/5569 1760/4810/5570
f 1715/4829/5571 1790/3634/5572 1745/4577/5573 1610/4120/5574
f 1611/4105/5575 1615/4713/5576 1617/4096/5577 1613/4721/5578
f 1613/5002/5579 1617/4201/5580 1616/5257/5581 1612/5212/5582
f 1612/5212/5583 1616/5257/5584 1614/5155/5585 1610/4120/5586
f 1615/4713/5587 1619/4774/5588 1621/4897/5589 1617/4096/5590
f 1617/4201/5591 1621/4361/5592 1620/4959/5593 1616/5257/5594
f 1616/5257/5595 1620/4959/5596 1618/3666/5597 1614/5155/5598
f 1619/4774/5599 1623/4427/5600 1625/5281/5601 1621/4897/5602
f 1621/4361/5603 1625/3850/5604 1624/4954/5605 1620/4959/5606
f 1620/4959/5607 1624/4954/5608 1622/4421/5609 1618/3666/5610
f 1623/4427/5611 1627/3723/5612 1629/5369/5613 1625/5281/5614
f 1625/3850/5615 1629/3996/5616 1628/3526/5617 1624/4954/5618
f 1624/4954/5619 1628/3526/5620 1626/4324/5621 1622/4421/5622
f 1627/3723/5623 1631/4471/5624 1633/3806/5625 1629/5369/5626
f 1629/3996/5627 1633/4667/5628 1632/3434/5629 1628/3526/5630
f 1628/3526/5631 1632/3434/5632 1630/4423/5633 1626/4324/5634
f 1631/4471/5635 1634/5411/5636 1636/4253/5637 1633/3806/5638
f 1633/4667/5639 1636/3963/5640 1637/3680/5641 1632/3434/5642
f 1632/3434/5643 1637/3680/5644 1635/4920/5645 1630/4423/5646
f 1654/4745/5647 1639/4560/5648 1641/4615/5649 1656/5439/5650
f 1656/5439/5651 1641/4615/5652 1640/4436/5653 1657/4777/5654
f 1657/4336/5655 1640/3610/5656 1638/3765/5657 1655/3733/5658
f 1658/5322/5659 1643/5098/5660 1645/3471/5661 1660/4473/5662
f 1660/4473/5663 1645/3471/5664 1644/5068/5665 1661/4587/5666
f 1661/3759/5667 1644/4226/5668 1642/4509/5669 1659/3805/5670
f 1639/4560/5671 1646/5367/5672 1648/5304/5673 1641/4615/5674
f 1641/4615/5675 1648/5304/5676 1649/5391/5677 1640/4436/5678
f 1640/3610/5679 1649/5329/5680 1647/4130/5681 1638/3765/5682
f 1643/5098/5683 1650/4933/5684 1652/5255/5685 1645/3471/5686
f 1645/3471/5687 1652/5255/5688 1653/3910/5689 1644/5068/5690
f 1644/4226/5691 1653/3642/5692 1651/5166/5693 1642/4509/5694
f 1583/3762/5695 1654/4745/5696 1656/5439/5697 1585/4914/5698
f 1585/4914/5699 1656/5439/5700 1657/4777/5701 1584/4326/5702
f 1584/3497/5703 1657/4336/5704 1655/3733/5705 1582/4283/5706
f 1603/4752/5707 1658/5322/5708 1660/4473/5709 1605/5242/5710
f 1605/5242/5711 1660/4473/5712 1661/4587/5713 1604/3966/5714
f 1604/5421/5715 1661/3759/5716 1659/3805/5717 1602/4643/5718
f 1751/3677/5719 1612/5212/5720 1610/4120/5721 1745/4577/5722
f 1688/4131/5723 1811/4075/5724 1808/5283/5725 1689/3842/5726
f 1814/4379/5727 1691/4527/5728 1693/4312/5729 1820/4246/5730
f 1686/4381/5731 1805/5049/5732 1811/4075/5733 1688/4131/5734
f 1716/3797/5735 1799/4485/5736 1796/3835/5737 1717/4152/5738
f 1689/5142/5739 1808/3701/5740 1802/4843/5741 1687/4767/5742
f 1714/5232/5743 1793/4474/5744 1799/3521/5745 1716/3488/5746
f 1835/4180/5747 1664/4983/5748 1662/4623/5749 1829/4333/5750
f 1832/4464/5751 1665/3985/5752 1664/4389/5753 1835/4980/5754
f 1726/4015/5755 1667/5454/5756 1669/3435/5757 1728/5195/5758
f 1728/5195/5759 1669/3435/5760 1668/3640/5761 1729/3600/5762
f 1729/5313/5763 1668/4998/5764 1666/4119/5765 1727/5230/5766
f 1667/5454/5767 1671/4762/5768 1673/4800/5769 1669/3435/5770
f 1669/3435/5771 1673/4800/5772 1672/4786/5773 1668/3640/5774
f 1668/4998/5775 1672/3658/5776 1670/5314/5777 1666/4119/5778
f 1671/4762/5779 1675/4355/5780 1677/5178/5781 1673/4800/5782
f 1673/4800/5783 1677/5178/5784 1676/4976/5785 1672/4786/5786
f 1672/3658/5787 1676/4364/5788 1674/3695/5789 1670/5314/5790
f 1675/4355/5791 1679/3787/5792 1681/5452/5793 1677/5178/5794
f 1677/5178/5795 1681/5452/5796 1680/3599/5797 1676/4976/5798
f 1676/4364/5799 1680/3836/5800 1678/5472/5801 1674/3695/5802
f 1679/3787/5803 1683/3510/5804 1685/3764/5805 1681/5452/5806
f 1681/5452/5807 1685/3764/5808 1684/5390/5809 1680/3599/5810
f 1680/3836/5811 1684/5294/5812 1682/3620/5813 1678/5472/5814
f 1730/4687/5815 1686/4381/5816 1688/4131/5817 1732/4618/5818
f 1732/4618/5819 1688/4131/5820 1689/3842/5821 1733/4938/5822
f 1733/4932/5823 1689/5142/5824 1687/4767/5825 1731/5412/5826
f 1823/3930/5827 1692/4579/5828 1690/4505/5829 1817/4547/5830
f 1826/5148/5831 1663/5147/5832 1665/3985/5833 1832/4464/5834
f 1820/4313/5835 1693/4170/5836 1692/4579/5837 1823/3930/5838
f 1691/4527/5839 1695/4491/5840 1697/5438/5841 1693/4312/5842
f 1693/4170/5843 1697/5297/5844 1696/4359/5845 1692/4579/5846
f 1692/4579/5847 1696/4359/5848 1694/5017/5849 1690/4505/5850
f 1695/4491/5851 1699/5362/5852 1701/4488/5853 1697/5438/5854
f 1697/5297/5855 1701/4651/5856 1700/5317/5857 1696/4359/5858
f 1696/4359/5859 1700/5317/5860 1698/5085/5861 1694/5017/5862
f 1699/5362/5863 1703/3928/5864 1705/4197/5865 1701/4488/5866
f 1701/4651/5867 1705/4451/5868 1704/4053/5869 1700/5317/5870
f 1700/5317/5871 1704/4053/5872 1702/5151/5873 1698/5085/5874
f 1703/3928/5875 1707/3648/5876 1709/4502/5877 1705/4197/5878
f 1705/4451/5879 1709/4825/5880 1708/4710/5881 1704/4053/5882
f 1704/4053/5883 1708/4710/5884 1706/4506/5885 1702/5151/5886
f 1707/3648/5887 1711/4072/5888 1713/4259/5889 1709/4502/5890
f 1709/4825/5891 1713/4706/5892 1712/5227/5893 1708/4710/5894
f 1708/4710/5895 1712/5227/5896 1710/3780/5897 1706/4506/5898
f 1711/4072/5899 1714/5232/5900 1716/3488/5901 1713/4259/5902
f 1713/4706/5903 1716/3797/5904 1717/4152/5905 1712/5227/5906
f 1712/5227/5907 1717/4152/5908 1715/4829/5909 1710/3780/5910
f 1734/3767/5911 1719/3623/5912 1721/3914/5913 1736/4370/5914
f 1736/4370/5915 1721/3914/5916 1720/4616/5917 1737/5264/5918
f 1737/4605/5919 1720/4426/5920 1718/3752/5921 1735/5378/5922
f 1738/3667/5923 1723/4074/5924 1725/5346/5925 1740/4279/5926
f 1740/4279/5927 1725/5346/5928 1724/3851/5929 1741/4470/5930
f 1741/4874/5931 1724/3485/5932 1722/4726/5933 1739/4556/5934
f 1719/3623/5935 1726/4015/5936 1728/5195/5937 1721/3914/5938
f 1721/3914/5939 1728/5195/5940 1729/3600/5941 1720/4616/5942
f 1720/4426/5943 1729/5313/5944 1727/5230/5945 1718/3752/5946
f 1723/4074/5947 1730/4687/5948 1732/4618/5949 1725/5346/5950
f 1725/5346/5951 1732/4618/5952 1733/4938/5953 1724/3851/5954
f 1724/3485/5955 1733/4932/5956 1731/5412/5957 1722/4726/5958
f 1663/5147/5959 1734/3767/5960 1736/4370/5961 1665/3985/5962
f 1665/3985/5963 1736/4370/5964 1737/5264/5965 1664/4389/5966
f 1664/4983/5967 1737/4605/5968 1735/5378/5969 1662/4623/5970
f 1683/3510/5971 1738/3667/5972 1740/4279/5973 1685/3764/5974
f 1685/3764/5975 1740/4279/5976 1741/4470/5977 1684/5390/5978
f 1684/5294/5979 1741/4874/5980 1739/4556/5981 1682/3620/5982
f 1763/3700/5983 1584/3497/5984 1582/4283/5985 1757/3917/5986
f 1782/4896/5987 1788/4068/5988 1789/4816/5989 1783/5196/5990
f 1783/5455/5991 1789/3490/5992 1787/4905/5993 1781/4290/5994
f 1788/4068/5995 1785/5121/5996 1786/4751/5997 1789/4816/5998
f 1789/3490/5999 1786/3705/6000 1784/5315/6001 1787/4905/6002
f 1785/5121/6003 1779/4297/6004 1780/4452/6005 1786/4751/6006
f 1786/4536/6007 1780/3816/6008 1778/5446/6009 1784/4181/6010
f 1770/4637/6011 1776/4580/6012 1777/5457/6013 1771/4479/6014
f 1771/3896/6015 1777/4733/6016 1775/4025/6017 1769/4236/6018
f 1776/4580/6019 1773/3487/6020 1774/4515/6021 1777/5457/6022
f 1777/5358/6023 1774/4262/6024 1772/5423/6025 1775/5269/6026
f 1773/3487/6027 1767/4567/6028 1768/4159/6029 1774/4515/6030
f 1774/4262/6031 1768/3710/6032 1766/5306/6033 1772/5423/6034
f 1761/4346/6035 1755/4270/6036 1756/5051/6037 1762/4028/6038
f 1762/4149/6039 1756/4585/6040 1754/4335/6041 1760/4810/6042
f 1764/4608/6043 1761/4346/6044 1762/4028/6045 1765/4435/6046
f 1765/5469/6047 1762/4149/6048 1760/4810/6049 1763/5410/6050
f 1758/3843/6051 1764/4608/6052 1765/4435/6053 1759/5071/6054
f 1759/5035/6055 1765/3740/6056 1763/3700/6057 1757/3917/6058
f 1749/4296/6059 1743/4858/6060 1744/3898/6061 1750/4647/6062
f 1750/4198/6063 1744/4111/6064 1742/4339/6065 1748/4126/6066
f 1752/4766/6067 1749/4296/6068 1750/4647/6069 1753/3534/6070
f 1753/4026/6071 1750/4198/6072 1748/4126/6073 1751/3505/6074
f 1746/4625/6075 1752/4766/6076 1753/3534/6077 1747/4617/6078
f 1747/5012/6079 1753/3480/6080 1751/3677/6081 1745/4577/6082
f 1806/5013/6083 1812/4965/6084 1813/3629/6085 1807/4376/6086
f 1807/3788/6087 1813/4029/6088 1811/4075/6089 1805/5049/6090
f 1812/4965/6091 1809/4565/6092 1810/5235/6093 1813/3629/6094
f 1813/4029/6095 1810/4332/6096 1808/5283/6097 1811/4075/6098
f 1809/4565/6099 1803/3876/6100 1804/4662/6101 1810/5235/6102
f 1810/4178/6103 1804/4274/6104 1802/4843/6105 1808/3701/6106
f 1794/4134/6107 1800/4360/6108 1801/4407/6109 1795/4268/6110
f 1795/3889/6111 1801/3853/6112 1799/3521/6113 1793/4474/6114
f 1800/4360/6115 1797/4868/6116 1798/4937/6117 1801/4407/6118
f 1801/3511/6119 1798/4680/6120 1796/3835/6121 1799/4485/6122
f 1797/4868/6123 1791/5014/6124 1792/5027/6125 1798/4937/6126
f 1798/4680/6127 1792/4794/6128 1790/3634/6129 1796/3835/6130
f 1833/3822/6131 1827/5379/6132 1828/3615/6133 1834/4727/6134
f 1834/4638/6135 1828/3736/6136 1826/5148/6137 1832/4464/6138
f 1836/4228/6139 1833/3822/6140 1834/4727/6141 1837/4566/6142
f 1837/4722/6143 1834/4638/6144 1832/4464/6145 1835/4980/6146
f 1830/4013/6147 1836/4228/6148 1837/4566/6149 1831/3457/6150
f 1831/4233/6151 1837/4218/6152 1835/4180/6153 1829/4333/6154
f 1821/4969/6155 1815/4912/6156 1816/3947/6157 1822/4356/6158
f 1822/3919/6159 1816/4141/6160 1814/4379/6161 1820/4246/6162
f 1824/4543/6163 1821/4969/6164 1822/4356/6165 1825/4341/6166
f 1825/4390/6167 1822/4157/6168 1820/4313/6169 1823/3930/6170
f 1818/4590/6171 1824/4543/6172 1825/4341/6173 1819/4499/6174
f 1819/3964/6175 1825/4390/6176 1823/3930/6177 1817/4547/6178
f 1755/4270/6179 1794/4134/6180 1795/4268/6181 1756/5051/6182
f 1756/4585/6183 1795/3889/6184 1793/4474/6185 1754/4335/6186
f 1791/5014/6187 1746/4625/6188 1747/4617/6189 1792/5027/6190
f 1792/4794/6191 1747/5012/6192 1745/4577/6193 1790/3634/6194
f 1757/3917/6195 1802/4843/6196 1804/4274/6197 1759/5035/6198
f 1759/5071/6199 1804/4662/6200 1803/3876/6201 1758/3843/6202
f 1805/5049/6203 1742/4339/6204 1744/4111/6205 1807/3788/6206
f 1807/4376/6207 1744/3898/6208 1743/4858/6209 1806/5013/6210
f 1767/4567/6211 1818/4590/6212 1819/4499/6213 1768/4159/6214
f 1768/3710/6215 1819/3964/6216 1817/4547/6217 1766/5306/6218
f 1829/4333/6219 1778/5446/6220 1780/3816/6221 1831/4233/6222
f 1831/3457/6223 1780/4452/6224 1779/4297/6225 1830/4013/6226
f 1781/4290/6227 1814/4379/6228 1816/4141/6229 1783/5455/6230
f 1783/5196/6231 1816/3947/6232 1815/4912/6233 1782/4896/6234
f 1769/4236/6235 1826/5148/6236 1828/3736/6237 1771/3896/6238
f 1771/4479/6239 1828/3615/6240 1827/5379/6241 1770/4637/6242
f 1791/5014/6243 1797/4868/6244 1800/4360/6245 1794/4134/6246 1755/4270/6247 1761/4346/6248 1764/4608/6249 1758/3843/6250 1803/3876/6251 1809/4565/6252 1812/4965/6253 1806/5013/6254 1743/4858/6255 1749/4296/6256 1752/4766/6257 1746/4625/6258
f 2108/5453/6259 1933/3811/6260 1932/5233/6261 2111/4869/6262
f 1850/4787/6263 1896/5020/6264 1899/5135/6265 2083/4063/6266 2066/4437/6267
f 1899/5135/6268 1898/4368/6269 1845/4511/6270 2010/4931/6271 2083/4063/6272
f 2096/3492/6273 1961/4165/6274 1960/4756/6275 2099/3632/6276
f 2162/3498/6277 2129/4434/6278 1954/4285/6279 2039/4830/6280
f 1982/5162/6281 2011/4632/6282 2174/3720/6283 2117/4802/6284
f 1982/5162/6285 2117/4802/6286 2123/4736/6287 1984/4263/6288
f 1950/4282/6289 2007/5238/6290 1889/5207/6291 1888/4264/6292 1848/3895/6293
f 2042/3577/6294 2046/4327/6295 1974/4714/6296 1978/4406/6297
f 1844/4723/6298 1894/3507/6299 1893/3983/6300 2075/5447/6301 2014/5307/6302
f 1971/3522/6303 2023/4807/6304 2019/4453/6305 1975/4659/6306
f 1995/4482/6307 1934/3737/6308 1847/4697/6309 1869/3974/6310 1868/5069/6311
f 1930/4926/6312 2003/4093/6313 1874/3633/6314 1873/3924/6315 1846/3858/6316
f 2090/4890/6317 1959/3484/6318 1961/5042/6319 2096/3462/6320
f 2055/4813/6321 1939/5385/6322 1935/3459/6323 2059/5179/6324
f 2051/5366/6325 1943/4009/6326 1939/5385/6327 2055/4813/6328
f 2047/4369/6329 1947/3704/6330 1943/4009/6331 2051/5366/6332
f 2043/4844/6333 1951/4742/6334 1947/3704/6335 2047/4369/6336
f 2039/4830/6337 1954/4285/6338 1998/4202/6339 1991/4404/6340 2006/4512/6341 1951/4742/6342 2043/4844/6343
f 1986/4826/6344 1995/4482/6345 1868/5069/6346 1867/4960/6347 1855/3913/6348
f 1954/4285/6349 2129/4434/6350 2135/4979/6351 1956/5132/6352
f 1946/4472/6353 1950/4282/6354 1848/3895/6355 1840/4666/6356 1844/4723/6357 2014/5307/6358 2018/3624/6359
f 1942/3451/6360 1946/4472/6361 2018/3624/6362 2022/5048/6363
f 1938/4593/6364 1942/3451/6365 2022/5048/6366 2026/4295/6367
f 1934/3737/6368 1938/4593/6369 2026/4295/6370 2030/4735/6371 1843/3503/6372 1839/4244/6373 1847/4697/6374
f 1904/5309/6375 1903/4460/6376 1843/3503/6377 2030/4735/6378 2087/4675/6379
f 1842/3706/6380 1879/4088/6381 1878/3908/6382 2079/3948/6383 2035/4668/6384
f 1985/3662/6385 2120/4275/6386 2114/3973/6387 1983/4229/6388
f 1857/3621/6389 1902/4199/6390 1927/5150/6391 1861/4842/6392
f 2058/4189/6393 2063/3899/6394 1958/3997/6395 1962/4994/6396
f 2054/3918/6397 2058/4189/6398 1962/4994/6399 1966/4757/6400
f 2050/4704/6401 2054/3918/6402 1966/4757/6403 1970/5337/6404
f 2046/4327/6405 2050/4704/6406 1970/5337/6407 1974/4714/6408
f 1878/3908/6409 1877/4913/6410 1854/4997/6411 2070/3590/6412 2079/3948/6413
f 1850/5141/6414 1892/4765/6415 1921/5291/6416 1862/4679/6417
f 1851/5072/6418 1882/5118/6419 1915/3852/6420 1858/3711/6421
f 1854/3432/6422 1877/3845/6423 1912/4507/6424 1864/5034/6425
f 2038/5053/6426 2042/3577/6427 1978/4406/6428 1983/4229/6429
f 1856/5015/6430 1872/3769/6431 1909/4306/6432 1865/4732/6433
f 1838/3486/6434 1856/4076/6435 1876/4851/6436 1879/4088/6437 1842/3706/6438
f 1866/3472/6439 1869/3974/6440 1847/4697/6441 1839/4244/6442 1857/4112/6443
f 2003/4093/6444 1986/4826/6445 1855/3913/6446 1871/5026/6447 1874/3633/6448
f 1990/3579/6449 1999/3840/6450 1883/3886/6451 1882/4148/6452 1851/4700/6453
f 1871/5364/6454 1855/5182/6455 1860/4821/6456 1910/4903/6457
f 1963/4701/6458 2031/4504/6459 2027/3575/6460 1967/4022/6461
f 1876/3532/6462 1856/5015/6463 1865/4732/6464 1913/4091/6465
f 1881/5016/6466 1853/4169/6467 1859/5126/6468 1916/3882/6469
f 1967/4022/6470 2027/3575/6471 2023/4807/6472 1971/3522/6473
f 1881/4334/6474 1884/4358/6475 1849/4644/6476 1841/3659/6477 1853/3888/6478
f 2007/5238/6479 1990/3579/6480 1851/4700/6481 1886/4685/6482 1889/5207/6483
f 1886/4444/6484 1851/5072/6485 1858/3711/6486 1919/4245/6487
f 1999/3840/6488 1955/4357/6489 1849/4644/6490 1884/4358/6491 1883/3886/6492
f 1891/3470/6493 1852/4516/6494 1863/3512/6495 1922/4492/6496
f 1854/4997/6497 1901/4106/6498 1904/5309/6499 2087/4675/6500 2070/3590/6501
f 1866/4822/6502 1857/3621/6503 1861/4842/6504 1907/4535/6505
f 1853/3888/6506 1841/3659/6507 1845/4511/6508 1898/4368/6509 1897/3554/6510
f 1979/5327/6511 2015/4428/6512 2074/5456/6513 2067/4064/6514 2082/4133/6515 2011/4632/6516 1982/5162/6517
f 1896/3594/6518 1850/5141/6519 1862/4679/6520 1925/3672/6521
f 1857/4112/6522 1839/4244/6523 1843/3503/6524 1903/4460/6525 1902/4624/6526
f 1846/3858/6527 1873/3924/6528 1872/4203/6529 1856/4076/6530 1838/3486/6531
f 1901/5425/6532 1854/3432/6533 1864/5034/6534 1928/3463/6535
f 1975/4659/6536 2019/4453/6537 2015/4428/6538 1979/5327/6539
f 1848/3895/6540 1888/4264/6541 1887/4737/6542 1852/4413/6543 1840/4666/6544
f 1893/3983/6545 1892/3824/6546 1850/4787/6547 2066/4437/6548 2075/5447/6549
f 2059/5179/6550 1935/3459/6551 1994/4018/6552 1987/4578/6553 2002/4921/6554 1931/5043/6555 2062/4517/6556
f 1853/4169/6557 1897/3849/6558 1924/4240/6559 1859/5126/6560
f 1840/4666/6561 1852/4413/6562 1891/4891/6563 1894/3507/6564 1844/4723/6565
f 1852/4516/6566 1887/3489/6567 1918/4040/6568 1863/3512/6569
f 1959/3484/6570 2034/3920/6571 2078/4949/6572 2071/3728/6573 2086/5415/6574 2031/4504/6575 1963/4701/6576
f 1866/3472/6577 1870/3777/6578 1867/4960/6579 1868/5069/6580 1869/3974/6581
f 1871/5026/6582 1875/4573/6583 1872/4203/6584 1873/3924/6585 1874/3633/6586
f 1876/4851/6587 1880/4047/6588 1877/4913/6589 1878/3908/6590 1879/4088/6591
f 1881/4334/6592 1885/4639/6593 1882/4148/6594 1883/3886/6595 1884/4358/6596
f 1886/4685/6597 1890/5258/6598 1887/4737/6599 1888/4264/6600 1889/5207/6601
f 1891/4891/6602 1895/3760/6603 1892/3824/6604 1893/3983/6605 1894/3507/6606
f 1896/5020/6607 1900/5122/6608 1897/3554/6609 1898/4368/6610 1899/5135/6611
f 1901/4106/6612 1905/4175/6613 1902/4624/6614 1903/4460/6615 1904/5309/6616
f 1866/4822/6617 1907/4535/6618 1908/3685/6619 1870/3635/6620
f 1870/4995/6621 1908/3972/6622 1906/4271/6623 1867/4895/6624
f 1924/4240/6625 1897/3849/6626 1900/4686/6627 1926/4557/6628
f 1926/5408/6629 1900/4648/6630 1896/3594/6631 1925/3672/6632
f 1871/5364/6633 1910/4903/6634 1911/4219/6635 1875/3857/6636
f 1875/4606/6637 1911/3714/6638 1909/4306/6639 1872/3769/6640
f 1876/3532/6641 1913/4091/6642 1914/3854/6643 1880/4808/6644
f 1880/4314/6645 1914/4071/6646 1912/4507/6647 1877/3845/6648
f 1901/5425/6649 1928/3463/6650 1929/3939/6651 1905/4030/6652
f 1905/3738/6653 1929/4521/6654 1927/5150/6655 1902/4199/6656
f 1886/4444/6657 1919/4245/6658 1920/3739/6659 1890/4548/6660
f 1890/5003/6661 1920/4041/6662 1918/4040/6663 1887/3489/6664
f 1881/5016/6665 1916/3882/6666 1917/3844/6667 1885/4238/6668
f 1885/5047/6669 1917/3982/6670 1915/3852/6671 1882/5118/6672
f 1891/3470/6673 1922/4492/6674 1923/4160/6675 1895/4151/6676
f 1895/3696/6677 1923/3478/6678 1921/5291/6679 1892/4765/6680
f 1855/5182/6681 1867/4895/6682 1906/4271/6683 1860/4821/6684
f 1956/5132/6685 2135/4979/6686 2132/4591/6687 1957/3504/6688
f 2065/3940/6689 2144/5389/6690 2138/3719/6691 2063/3899/6692
f 1955/4357/6693 2126/3523/6694 2177/4247/6695 2010/4931/6696 1845/4511/6697 1841/3659/6698 1849/4644/6699
f 1984/4526/6700 2123/5326/6701 2120/4275/6702 1985/3662/6703
f 1957/5470/6704 2132/3540/6705 2126/3523/6706 1955/4357/6707
f 2165/4734/6708 2038/5053/6709 1983/4229/6710 2114/3973/6711
f 2062/4517/6712 1931/5043/6713 2102/3931/6714 2141/5444/6715
f 2127/5316/6716 2133/3980/6717 2136/5018/6718 2130/4016/6719 2163/5265/6720 2169/3747/6721 2172/3616/6722 2166/4799/6723 2115/4078/6724 2121/4981/6725 2124/4784/6726 2118/3823/6727 2175/5407/6728 2181/5125/6729 2184/3491/6730 2178/4544/6731
f 2105/5124/6732 1930/4926/6733 1846/3858/6734 1838/3486/6735 1842/3706/6736 2035/4668/6737 2150/3965/6738
f 1994/4018/6739 1935/3459/6740 1937/4069/6741 1996/3809/6742
f 1996/3809/6743 1937/4069/6744 1936/3650/6745 1997/5426/6746
f 1997/5099/6747 1936/4309/6748 1934/3737/6749 1995/4482/6750
f 1935/3459/6751 1939/5385/6752 1941/4342/6753 1937/4069/6754
f 1937/4069/6755 1941/4342/6756 1940/5044/6757 1936/3650/6758
f 1936/4309/6759 1940/5105/6760 1938/4593/6761 1934/3737/6762
f 1939/5385/6763 1943/4009/6764 1945/4690/6765 1941/4342/6766
f 1941/4342/6767 1945/4690/6768 1944/4803/6769 1940/5044/6770
f 1940/5105/6771 1944/5295/6772 1942/3451/6773 1938/4593/6774
f 1943/4009/6775 1947/3704/6776 1949/4500/6777 1945/4690/6778
f 1945/4690/6779 1949/4500/6780 1948/4753/6781 1944/4803/6782
f 1944/5295/6783 1948/4673/6784 1946/4472/6785 1942/3451/6786
f 1947/3704/6787 1951/4742/6788 1953/4121/6789 1949/4500/6790
f 1949/4500/6791 1953/4121/6792 1952/5347/6793 1948/4753/6794
f 1948/4673/6795 1952/3436/6796 1950/4282/6797 1946/4472/6798
f 1998/4202/6799 1954/4285/6800 1956/5132/6801 2000/4901/6802
f 2000/4901/6803 1956/5132/6804 1957/3504/6805 2001/5348/6806
f 2001/4854/6807 1957/5470/6808 1955/4357/6809 1999/3840/6810
f 2090/4890/6811 2153/3820/6812 2034/3920/6813 1959/3484/6814
f 2102/3931/6815 1931/5043/6816 1933/3811/6817 2108/5453/6818
f 2063/3899/6819 2138/3719/6820 2093/4645/6821 1958/3997/6822
f 1959/3484/6823 1963/4701/6824 1965/5340/6825 1961/5042/6826
f 1961/4165/6827 1965/4150/6828 1964/5208/6829 1960/4756/6830
f 1960/4756/6831 1964/5208/6832 1962/4994/6833 1958/3997/6834
f 1963/4701/6835 1967/4022/6836 1969/4431/6837 1965/5340/6838
f 1965/4150/6839 1969/5310/6840 1968/4230/6841 1964/5208/6842
f 1964/5208/6843 1968/4230/6844 1966/4757/6845 1962/4994/6846
f 1967/4022/6847 1971/3522/6848 1973/4681/6849 1969/4431/6850
f 1969/5310/6851 1973/4924/6852 1972/4934/6853 1968/4230/6854
f 1968/4230/6855 1972/4934/6856 1970/5337/6857 1966/4757/6858
f 1971/3522/6859 1975/4659/6860 1977/4549/6861 1973/4681/6862
f 1973/4924/6863 1977/3524/6864 1976/5303/6865 1972/4934/6866
f 1972/4934/6867 1976/5303/6868 1974/4714/6869 1970/5337/6870
f 1975/4659/6871 1979/5327/6872 1981/3944/6873 1977/4549/6874
f 1977/3524/6875 1981/5054/6876 1980/3464/6877 1976/5303/6878
f 1976/5303/6879 1980/3464/6880 1978/4406/6881 1974/4714/6882
f 1979/5327/6883 1982/5162/6884 1984/4263/6885 1981/3944/6886
f 1981/5054/6887 1984/4526/6888 1985/3662/6889 1980/3464/6890
f 1980/3464/6891 1985/3662/6892 1983/4229/6893 1978/4406/6894
f 2002/4921/6895 1987/4578/6896 1989/5386/6897 2004/3772/6898
f 2004/3772/6899 1989/5386/6900 1988/4054/6901 2005/3581/6902
f 2005/4845/6903 1988/5311/6904 1986/4826/6905 2003/4093/6906
f 2006/4512/6907 1991/4404/6908 1993/4646/6909 2008/3437/6910
f 2008/3437/6911 1993/4646/6912 1992/5277/6913 2009/4715/6914
f 2009/4310/6915 1992/3883/6916 1990/3579/6917 2007/5238/6918
f 1987/4578/6919 1994/4018/6920 1996/3809/6921 1989/5386/6922
f 1989/5386/6923 1996/3809/6924 1997/5426/6925 1988/4054/6926
f 1988/5311/6927 1997/5099/6928 1995/4482/6929 1986/4826/6930
f 1991/4404/6931 1998/4202/6932 2000/4901/6933 1993/4646/6934
f 1993/4646/6935 2000/4901/6936 2001/5348/6937 1992/5277/6938
f 1992/3883/6939 2001/4854/6940 1999/3840/6941 1990/3579/6942
f 1931/5043/6943 2002/4921/6944 2004/3772/6945 1933/3811/6946
f 1933/3811/6947 2004/3772/6948 2005/3581/6949 1932/5233/6950
f 1932/5199/6951 2005/4845/6952 2003/4093/6953 1930/4926/6954
f 1951/4742/6955 2006/4512/6956 2008/3437/6957 1953/4121/6958
f 1953/4121/6959 2008/3437/6960 2009/4715/6961 1952/5347/6962
f 1952/3436/6963 2009/4310/6964 2007/5238/6965 1950/4282/6966
f 2099/3632/6967 1960/4756/6968 1958/3997/6969 2093/4645/6970
f 2036/4347/6971 2159/5100/6972 2156/4490/6973 2037/4691/6974
f 2162/3498/6975 2039/4830/6976 2041/4122/6977 2168/3725/6978
f 2034/3920/6979 2153/3820/6980 2159/5100/6981 2036/4347/6982
f 2064/3874/6983 2147/4007/6984 2144/5389/6985 2065/3940/6986
f 2037/4804/6987 2156/5088/6988 2150/3965/6989 2035/4668/6990
f 2062/4517/6991 2141/5444/6992 2147/4210/6993 2064/5400/6994
f 2183/5349/6995 2012/5064/6996 2010/4931/6997 2177/4247/6998
f 2180/5209/6999 2013/5029/7000 2012/3438/7001 2183/4743/7002
f 2074/5456/7003 2015/4428/7004 2017/4182/7005 2076/3911/7006
f 2076/3911/7007 2017/4182/7008 2016/3453/7009 2077/5239/7010
f 2077/4522/7011 2016/5059/7012 2014/5307/7013 2075/5447/7014
f 2015/4428/7015 2019/4453/7016 2021/3967/7017 2017/4182/7018
f 2017/4182/7019 2021/3967/7020 2020/3636/7021 2016/3453/7022
f 2016/5059/7023 2020/3465/7024 2018/3624/7025 2014/5307/7026
f 2019/4453/7027 2023/4807/7028 2025/4607/7029 2021/3967/7030
f 2021/3967/7031 2025/4607/7032 2024/4291/7033 2020/3636/7034
f 2020/3465/7035 2024/5192/7036 2022/5048/7037 2018/3624/7038
f 2023/4807/7039 2027/3575/7040 2029/4964/7041 2025/4607/7042
f 2025/4607/7043 2029/4964/7044 2028/5021/7045 2024/4291/7046
f 2024/5192/7047 2028/4529/7048 2026/4295/7049 2022/5048/7050
f 2027/3575/7051 2031/4504/7052 2033/3753/7053 2029/4964/7054
f 2029/4964/7055 2033/3753/7056 2032/4692/7057 2028/5021/7058
f 2028/4529/7059 2032/4631/7060 2030/4735/7061 2026/4295/7062
f 2078/4949/7063 2034/3920/7064 2036/4347/7065 2080/4744/7066
f 2080/4744/7067 2036/4347/7068 2037/4691/7069 2081/3652/7070
f 2081/4447/7071 2037/4804/7072 2035/4668/7073 2079/3948/7074
f 2171/5008/7075 2040/4879/7076 2038/5053/7077 2165/4734/7078
f 2174/3720/7079 2011/4632/7080 2013/5029/7081 2180/5209/7082
f 2168/4292/7083 2041/3601/7084 2040/4879/7085 2171/5008/7086
f 2039/4830/7087 2043/4844/7088 2045/5330/7089 2041/4122/7090
f 2041/3601/7091 2045/3673/7092 2044/5422/7093 2040/4879/7094
f 2040/4879/7095 2044/5422/7096 2042/3577/7097 2038/5053/7098
f 2043/4844/7099 2047/4369/7100 2049/4568/7101 2045/5330/7102
f 2045/3673/7103 2049/3481/7104 2048/3663/7105 2044/5422/7106
f 2044/5422/7107 2048/3663/7108 2046/4327/7109 2042/3577/7110
f 2047/4369/7111 2051/5366/7112 2053/3637/7113 2049/4568/7114
f 2049/3481/7115 2053/5413/7116 2052/4132/7117 2048/3663/7118
f 2048/3663/7119 2052/4132/7120 2050/4704/7121 2046/4327/7122
f 2051/5366/7123 2055/4813/7124 2057/5401/7125 2053/3637/7126
f 2053/5413/7127 2057/3902/7128 2056/4971/7129 2052/4132/7130
f 2052/4132/7131 2056/4971/7132 2054/3918/7133 2050/4704/7134
f 2055/4813/7135 2059/5179/7136 2061/5200/7137 2057/5401/7138
f 2057/3902/7139 2061/4780/7140 2060/4860/7141 2056/4971/7142
f 2056/4971/7143 2060/4860/7144 2058/4189/7145 2054/3918/7146
f 2059/5179/7147 2062/4517/7148 2064/5400/7149 2061/5200/7150
f 2061/4780/7151 2064/3874/7152 2065/3940/7153 2060/4860/7154
f 2060/4860/7155 2065/3940/7156 2063/3899/7157 2058/4189/7158
f 2082/4133/7159 2067/4064/7160 2069/4432/7161 2084/3958/7162
f 2084/3958/7163 2069/4432/7164 2068/3653/7165 2085/4382/7166
f 2085/5371/7167 2068/3525/7168 2066/4437/7169 2083/4063/7170
f 2086/5415/7171 2071/3728/7172 2073/4846/7173 2088/5050/7174
f 2088/5050/7175 2073/4846/7176 2072/5004/7177 2089/4448/7178
f 2089/4457/7179 2072/5127/7180 2070/3590/7181 2087/4675/7182
f 2067/4064/7183 2074/5456/7184 2076/3911/7185 2069/4432/7186
f 2069/4432/7187 2076/3911/7188 2077/5239/7189 2068/3653/7190
f 2068/3525/7191 2077/4522/7192 2075/5447/7193 2066/4437/7194
f 2071/3728/7195 2078/4949/7196 2080/4744/7197 2073/4846/7198
f 2073/4846/7199 2080/4744/7200 2081/3652/7201 2072/5004/7202
f 2072/5127/7203 2081/4447/7204 2079/3948/7205 2070/3590/7206
f 2011/4632/7207 2082/4133/7208 2084/3958/7209 2013/5029/7210
f 2013/5029/7211 2084/3958/7212 2085/4382/7213 2012/3438/7214
f 2012/5064/7215 2085/5371/7216 2083/4063/7217 2010/4931/7218
f 2031/4504/7219 2086/5415/7220 2088/5050/7221 2033/3753/7222
f 2033/3753/7223 2088/5050/7224 2089/4448/7225 2032/4692/7226
f 2032/4631/7227 2089/4457/7228 2087/4675/7229 2030/4735/7230
f 2111/4956/7231 1932/5199/7232 1930/4926/7233 2105/5124/7234
f 2130/4016/7235 2136/5018/7236 2137/4231/7237 2131/5216/7238
f 2131/3702/7239 2137/4449/7240 2135/4979/7241 2129/4434/7242
f 2136/5018/7243 2133/3980/7244 2134/3975/7245 2137/4231/7246
f 2137/4449/7247 2134/3555/7248 2132/4591/7249 2135/4979/7250
f 2133/3980/7251 2127/5316/7252 2128/5441/7253 2134/3975/7254
f 2134/4788/7255 2128/3544/7256 2126/3523/7257 2132/3540/7258
f 2118/3823/7259 2124/4784/7260 2125/3754/7261 2119/3473/7262
f 2119/3841/7263 2125/4682/7264 2123/4736/7265 2117/4802/7266
f 2124/4784/7267 2121/4981/7268 2122/5201/7269 2125/3754/7270
f 2125/3582/7271 2122/5331/7272 2120/4275/7273 2123/5326/7274
f 2121/4981/7275 2115/4078/7276 2116/5298/7277 2122/5201/7278
f 2122/5331/7279 2116/5284/7280 2114/3973/7281 2120/4275/7282
f 2109/3976/7283 2103/3665/7284 2104/4951/7285 2110/4190/7286
f 2110/3781/7287 2104/3688/7288 2102/3931/7289 2108/5453/7290
f 2112/3970/7291 2109/3976/7292 2110/4190/7293 2113/3654/7294
f 2113/4494/7295 2110/3781/7296 2108/5453/7297 2111/4869/7298
f 2106/4941/7299 2112/3970/7300 2113/3654/7301 2107/4728/7302
f 2107/3678/7303 2113/4907/7304 2111/4956/7305 2105/5124/7306
f 2097/3679/7307 2091/4999/7308 2092/3726/7309 2098/4418/7310
f 2098/3755/7311 2092/4097/7312 2090/4890/7313 2096/3462/7314
f 2100/4908/7315 2097/3679/7316 2098/4418/7317 2101/5450/7318
f 2101/5285/7319 2098/3755/7320 2096/3462/7321 2099/3591/7322
f 2094/4561/7323 2100/4908/7324 2101/5450/7325 2095/5240/7326
f 2095/5202/7327 2101/4652/7328 2099/3632/7329 2093/4645/7330
f 2154/3583/7331 2160/4298/7332 2161/5055/7333 2155/4929/7334
f 2155/5360/7335 2161/5286/7336 2159/5100/7337 2153/3820/7338
f 2160/4298/7339 2157/4365/7340 2158/4433/7341 2161/5055/7342
f 2161/5286/7343 2158/4640/7344 2156/4490/7345 2159/5100/7346
f 2157/4365/7347 2151/3789/7348 2152/3556/7349 2158/4433/7350
f 2158/5065/7351 2152/5101/7352 2150/3965/7353 2156/5088/7354
f 2142/4935/7355 2148/5193/7356 2149/4550/7357 2143/5246/7358
f 2143/4754/7359 2149/3499/7360 2147/4210/7361 2141/5444/7362
f 2148/5193/7363 2145/4166/7364 2146/4889/7365 2149/4550/7366
f 2149/3592/7367 2146/3903/7368 2144/5389/7369 2147/4007/7370
f 2145/4166/7371 2139/5397/7372 2140/4191/7373 2146/4889/7374
f 2146/3903/7375 2140/5262/7376 2138/3719/7377 2144/5389/7378
f 2181/5125/7379 2175/5407/7380 2176/4641/7381 2182/4855/7382
f 2182/4008/7383 2176/5081/7384 2174/3720/7385 2180/5209/7386
f 2184/3491/7387 2181/5125/7388 2182/4855/7389 2185/5387/7390
f 2185/4574/7391 2182/4008/7392 2180/5209/7393 2183/4743/7394
f 2178/4544/7395 2184/3491/7396 2185/5387/7397 2179/4371/7398
f 2179/4177/7399 2185/4957/7400 2183/5349/7401 2177/4247/7402
f 2169/3747/7403 2163/5265/7404 2164/4884/7405 2170/5287/7406
f 2170/4167/7407 2164/5278/7408 2162/3498/7409 2168/3725/7410
f 2172/3616/7411 2169/3747/7412 2170/5287/7413 2173/4483/7414
f 2173/4588/7415 2170/4805/7416 2168/4292/7417 2171/5008/7418
f 2166/4799/7419 2172/3616/7420 2173/4483/7421 2167/4487/7422
f 2167/3474/7423 2173/4588/7424 2171/5008/7425 2165/4734/7426
f 2103/3665/7427 2142/4935/7428 2143/5246/7429 2104/4951/7430
f 2104/3688/7431 2143/4754/7432 2141/5444/7433 2102/3931/7434
f 2139/5397/7435 2094/4561/7436 2095/5240/7437 2140/4191/7438
f 2140/5262/7439 2095/5202/7440 2093/4645/7441 2138/3719/7442
f 2105/5124/7443 2150/3965/7444 2152/5101/7445 2107/3678/7446
f 2107/4728/7447 2152/3556/7448 2151/3789/7449 2106/4941/7450
f 2153/3820/7451 2090/4890/7452 2092/4097/7453 2155/5360/7454
f 2155/4929/7455 2092/3726/7456 2091/4999/7457 2154/3583/7458
f 2115/4078/7459 2166/4799/7460 2167/4487/7461 2116/5298/7462
f 2116/5284/7463 2167/3474/7464 2165/4734/7465 2114/3973/7466
f 2177/4247/7467 2126/3523/7468 2128/3544/7469 2179/4177/7470
f 2179/4371/7471 2128/5441/7472 2127/5316/7473 2178/4544/7474
f 2129/4434/7475 2162/3498/7476 2164/5278/7477 2131/3702/7478
f 2131/5216/7479 2164/4884/7480 2163/5265/7481 2130/4016/7482
f 2117/4802/7483 2174/3720/7484 2176/5081/7485 2119/3841/7486
f 2119/3473/7487 2176/4641/7488 2175/5407/7489 2118/3823/7490
f 2139/5397/7491 2145/4166/7492 2148/5193/7493 2142/4935/7494 2103/3665/7495 2109/3976/7496 2112/3970/7497 2106/4941/7498 2151/3789/7499 2157/4365/7500 2160/4298/7501 2154/3583/7502 2091/4999/7503 2097/3679/7504 2100/4908/7505 2094/4561/7506
f 2285/4824/7507 2274/5156/7508 2187/5030/7509 2253/4192/7510
f 2283/4193/7511 2239/4581/7512 2193/4789/7513 2277/4693/7514
f 2261/3712/7515 2240/3713/7516 2191/4790/7517 2255/4755/7518
f 2260/4396/7519 2238/5076/7520 2192/4596/7521 2254/3586/7522
f 2282/5107/7523 2241/3892/7524 2190/4260/7525 2276/4870/7526
f 2284/4023/7527 2278/4284/7528 2194/3952/7529 2256/3460/7530
f 2319/4861/7531 2313/4304/7532 2196/4305/7533 2279/3535/7534
f 2317/5000/7535 2314/5005/7536 2195/4530/7537 2257/4781/7538
f 2316/4495/7539 2312/4569/7540 2197/5073/7541 2256/5045/7542
f 2318/3912/7543 2315/3782/7544 2194/5388/7545 2278/4409/7546
f 2276/4911/7547 2190/5157/7548 2198/4582/7549 2280/5323/7550
f 2254/4299/7551 2192/4540/7552 2200/4518/7553 2258/4909/7554
f 2255/4885/7555 2191/4328/7556 2199/4716/7557 2259/5236/7558
f 2277/3568/7559 2193/3500/7560 2201/4098/7561 2281/4823/7562
f 2273/4241/7563 2262/3998/7564 2203/3686/7565 2243/4871/7566
f 2271/5296/7567 2235/4538/7568 2209/4848/7569 2265/3999/7570
f 2251/5203/7571 2236/3968/7572 2207/3934/7573 2245/4099/7574
f 2250/3602/7575 2234/5204/7576 2208/4717/7577 2244/3569/7578
f 2270/4000/7579 2237/4100/7580 2206/5031/7581 2264/4942/7582
f 2272/4115/7583 2266/4114/7584 2210/5461/7585 2246/3867/7586
f 2311/4019/7587 2305/4658/7588 2212/3584/7589 2267/5430/7590
f 2309/3656/7591 2306/3799/7592 2211/4594/7593 2247/3513/7594
f 2308/4194/7595 2304/3969/7596 2213/4144/7597 2246/4300/7598
f 2310/4835/7599 2307/3570/7600 2210/4055/7601 2266/5056/7602
f 2264/3674/7603 2206/5299/7604 2214/4519/7605 2268/4948/7606
f 2244/5217/7607 2208/3545/7608 2216/4056/7609 2248/4458/7610
f 2245/3501/7611 2207/4410/7612 2215/3475/7613 2249/3675/7614
f 2265/4902/7615 2209/4211/7616 2217/5007/7617 2269/3863/7618
f 2303/3770/7619 2286/4537/7620 2219/4910/7621 2295/4383/7622
f 2287/5312/7623 2220/5375/7624 2225/4184/7625 2289/4478/7626
f 2295/5108/7627 2219/5074/7628 2223/5158/7629 2297/4301/7630
f 2294/4696/7631 2221/5194/7632 2224/4411/7633 2296/5089/7634
f 2286/4065/7635 2218/5205/7636 2222/5290/7637 2288/4031/7638
f 2302/5288/7639 2290/5402/7640 2226/4776/7641 2298/3546/7642
f 2293/4562/7643 2233/4442/7644 2228/3953/7645 2291/3929/7646
f 2301/4293/7647 2231/3945/7648 2227/5143/7649 2299/3625/7650
f 2300/4972/7651 2232/5237/7652 2229/3557/7653 2298/4443/7654
f 2292/5032/7655 2230/5082/7656 2226/4729/7657 2290/3727/7658
f 2288/4872/7659 2222/5219/7660 2230/4837/7661 2292/3868/7662
f 2296/3689/7663 2224/4597/7664 2232/4081/7665 2300/5077/7666
f 2297/4237/7667 2223/3959/7668 2231/3893/7669 2301/3864/7670
f 2289/5109/7671 2225/4384/7672 2233/4653/7673 2293/4116/7674
f 2262/4459/7675 2202/4221/7676 2237/4100/7677 2270/4000/7678
f 2242/3744/7679 2205/3935/7680 2234/5204/7681 2250/3602/7682
f 2243/4847/7683 2203/5131/7684 2236/3968/7685 2251/5203/7686
f 2263/3603/7687 2204/5159/7688 2235/4538/7689 2271/5296/7690
f 2274/3587/7691 2186/3775/7692 2241/3892/7693 2282/5107/7694
f 2252/3869/7695 2189/3515/7696 2238/5076/7697 2260/4396/7698
f 2253/4886/7699 2187/4496/7700 2240/3713/7701 2261/3712/7702
f 2275/4551/7703 2188/5090/7704 2239/4581/7705 2283/4193/7706
f 2204/4943/7707 2243/4847/7708 2251/5203/7709 2235/4791/7710
f 2202/3571/7711 2242/3744/7712 2250/3602/7713 2237/4372/7714
f 2209/4211/7715 2245/3501/7716 2249/3675/7717 2217/5007/7718
f 2206/5299/7719 2244/5217/7720 2248/4458/7721 2214/4519/7722
f 2307/5270/7723 2308/4194/7724 2246/4300/7725 2210/4329/7726
f 2305/4678/7727 2309/3656/7728 2247/3513/7729 2212/4531/7730
f 2267/3830/7731 2272/4115/7732 2246/3867/7733 2213/5342/7734
f 2237/4372/7735 2250/3602/7736 2244/3569/7737 2206/5091/7738
f 2235/4791/7739 2251/5203/7740 2245/4099/7741 2209/3461/7742
f 2263/5075/7743 2273/4241/7744 2243/4871/7745 2204/4944/7746
f 2188/4042/7747 2253/4886/7748 2261/3712/7749 2239/4127/7750
f 2186/5372/7751 2252/3869/7752 2260/4396/7753 2241/4057/7754
f 2193/3500/7755 2255/4885/7756 2259/5236/7757 2201/4098/7758
f 2190/5157/7759 2254/4299/7760 2258/4909/7761 2198/4582/7762
f 2315/4792/7763 2316/4495/7764 2256/5045/7765 2194/4330/7766
f 2313/3977/7767 2317/5000/7768 2257/4781/7769 2196/5092/7770
f 2279/4373/7771 2284/4023/7772 2256/3460/7773 2197/4302/7774
f 2241/4057/7775 2260/4396/7776 2254/3586/7777 2190/4498/7778
f 2239/4127/7779 2261/3712/7780 2255/4755/7781 2193/4374/7782
f 2275/3537/7783 2285/4824/7784 2253/4192/7785 2188/3954/7786
f 2205/3745/7787 2242/5403/7788 2273/4241/7789 2263/5075/7790
f 2212/5462/7791 2247/3703/7792 2272/4115/7793 2267/3830/7794
f 2205/5058/7795 2263/3603/7796 2271/5296/7797 2234/3626/7798
f 2203/5247/7799 2262/4459/7800 2270/4000/7801 2236/5445/7802
f 2208/3545/7803 2265/4902/7804 2269/3863/7805 2216/4056/7806
f 2207/4410/7807 2264/3674/7808 2268/4948/7809 2215/3475/7810
f 2306/5442/7811 2310/4835/7812 2266/5056/7813 2211/4340/7814
f 2304/4348/7815 2311/4019/7816 2267/5430/7817 2213/3561/7818
f 2247/3703/7819 2211/5431/7820 2266/4114/7821 2272/4115/7822
f 2236/5445/7823 2270/4000/7824 2264/4942/7825 2207/5128/7826
f 2234/3626/7827 2271/5296/7828 2265/3999/7829 2208/3936/7830
f 2242/5403/7831 2202/5289/7832 2262/3998/7833 2273/4241/7834
f 2189/5160/7835 2252/4214/7836 2285/4824/7837 2275/3537/7838
f 2196/4930/7839 2257/4261/7840 2284/4023/7841 2279/4373/7842
f 2189/5006/7843 2275/4551/7844 2283/4193/7845 2238/3476/7846
f 2187/3690/7847 2274/3587/7848 2282/5107/7849 2240/4838/7850
f 2192/4540/7851 2277/3568/7852 2281/4823/7853 2200/4518/7854
f 2191/4328/7855 2276/4911/7856 2280/5323/7857 2199/4716/7858
f 2314/5271/7859 2318/3912/7860 2278/4409/7861 2195/5183/7862
f 2312/4718/7863 2319/4861/7864 2279/3535/7865 2197/4412/7866
f 2257/4261/7867 2195/3829/7868 2278/4284/7869 2284/4023/7870
f 2240/4838/7871 2282/5107/7872 2276/4870/7873 2191/4598/7874
f 2238/3476/7875 2283/4193/7876 2277/4693/7877 2192/4973/7878
f 2252/4214/7879 2186/5093/7880 2274/5156/7881 2285/4824/7882
f 2224/4597/7883 2289/5109/7884 2293/4116/7885 2232/4081/7886
f 2223/3959/7887 2288/4872/7888 2292/3868/7889 2231/3893/7890
f 2231/4001/7891 2292/5032/7892 2290/3727/7893 2227/4832/7894
f 2232/5324/7895 2293/4562/7896 2291/3929/7897 2229/5416/7898
f 2299/4128/7899 2227/4101/7900 2290/5402/7901 2302/5288/7902
f 2219/4168/7903 2286/4065/7904 2288/4031/7905 2223/3536/7906
f 2221/4873/7907 2287/5312/7908 2289/4478/7909 2224/4694/7910
f 2294/4657/7911 2218/3609/7912 2286/4537/7913 2303/3770/7914
f 2221/3514/7915 2294/4657/7916 2303/3770/7917 2287/4532/7918
f 2228/4695/7919 2299/4128/7920 2302/5288/7921 2291/3572/7922
f 2225/4384/7923 2297/4237/7924 2301/3864/7925 2233/4653/7926
f 2222/5219/7927 2296/3689/7928 2300/5077/7929 2230/4837/7930
f 2230/4322/7931 2300/4972/7932 2298/4443/7933 2226/4887/7934
f 2233/5129/7935 2301/4293/7936 2299/3625/7937 2228/4783/7938
f 2291/3572/7939 2302/5288/7940 2298/3546/7941 2229/3906/7942
f 2218/3884/7943 2294/4696/7944 2296/5089/7945 2222/3549/7946
f 2220/5078/7947 2295/5108/7948 2297/4301/7949 2225/4599/7950
f 2287/4532/7951 2303/3770/7952 2295/4383/7953 2220/5404/7954
f 2216/3756/7955 2269/4669/7956 2311/4019/7957 2304/4348/7958
f 2215/5325/7959 2268/5137/7960 2310/4835/7961 2306/5442/7962
f 2217/4082/7963 2249/4083/7964 2309/3656/7965 2305/4678/7966
f 2214/4102/7967 2248/4856/7968 2308/4194/7969 2307/5270/7970
f 2268/5137/7971 2214/5433/7972 2307/3570/7973 2310/4835/7974
f 2248/4856/7975 2216/4049/7976 2304/3969/7977 2308/4194/7978
f 2249/4083/7979 2215/5463/7980 2306/3799/7981 2309/3656/7982
f 2269/4669/7983 2217/4375/7984 2305/4658/7985 2311/4019/7986
f 2200/3894/7987 2281/3560/7988 2319/4861/7989 2312/4718/7990
f 2199/5083/7991 2280/4032/7992 2318/3912/7993 2314/5271/7994
f 2201/3771/7995 2259/3957/7996 2317/5000/7997 2313/3977/7998
f 2198/4002/7999 2258/3430/8000 2316/4495/8001 2315/4792/8002
f 2280/4032/8003 2198/3604/8004 2315/3782/8005 2318/3912/8006
f 2258/3430/8007 2200/5432/8008 2312/4569/8009 2316/4495/8010
f 2259/3957/8011 2199/3865/8012 2314/5005/8013 2317/5000/8014
f 2281/3560/8015 2201/3946/8016 2313/4304/8017 2319/4861/8018
f 2390/4232/8019 2322/4892/8020 2340/4331/8021 2400/4589/8022
f 2413/3558/8023 2373/4212/8024 2323/5218/8025 2391/4707/8026
f 2389/5300/8027 2372/4349/8028 2322/3562/8029 2356/4974/8030
f 2411/4294/8031 2392/4486/8032 2320/4600/8033 2358/5110/8034
f 2387/5376/8035 2374/4984/8036 2324/3831/8037 2360/3832/8038
f 2396/5001/8039 2394/4952/8040 2334/5474/8041 2332/4242/8042
f 2397/4834/8043 2395/4683/8044 2331/5037/8045 2329/5373/8046
f 2366/3593/8047 2364/4797/8048 2330/4276/8049 2328/4084/8050
f 2409/3585/8051 2366/4142/8052 2328/4350/8053 2396/3937/8054
f 2371/5374/8055 2368/4005/8056 2332/5009/8057 2334/5210/8058
f 2390/3922/8059 2326/4445/8060 2334/4484/8061 2394/3547/8062
f 2391/4775/8063 2323/4583/8064 2331/4003/8065 2395/4888/8066
f 2356/3904/8067 2322/3655/8068 2330/3687/8069 2364/3978/8070
f 2362/5144/8071 2327/3439/8072 2335/4058/8073 2370/3866/8074
f 2412/4243/8075 2377/3776/8076 2337/5436/8077 2398/3870/8078
f 2392/3482/8079 2324/3833/8080 2343/5220/8081 2401/3691/8082
f 2400/3605/8083 2340/4584/8084 2344/4059/8085 2404/5272/8086
f 2401/5057/8087 2343/3477/8088 2353/4351/8089 2407/3664/8090
f 2376/4085/8091 2336/4086/8092 2345/5464/8093 2380/4839/8094
f 2399/5111/8095 2338/4321/8096 2351/5079/8097 2405/4117/8098
f 2377/3776/8099 2339/4945/8100 2354/5350/8101 2383/4143/8102
f 2379/3790/8103 2341/5301/8104 2348/3938/8105 2385/4004/8106
f 2374/4626/8107 2326/5022/8108 2341/4123/8109 2379/4118/8110
f 2378/3506/8111 2342/3644/8112 2350/5136/8113 2382/4520/8114
f 2372/3871/8115 2320/4601/8116 2342/4602/8117 2378/3548/8118
f 2402/4539/8119 2347/4200/8120 2349/4857/8121 2403/5211/8122
f 2403/4730/8123 2349/4497/8124 2348/3815/8125 2404/5272/8126
f 2380/4839/8127 2345/5464/8128 2346/4958/8129 2381/5221/8130
f 2381/4782/8131 2346/5274/8132 2344/4108/8133 2382/4520/8134
f 2405/4117/8135 2351/5079/8136 2352/5465/8137 2406/5112/8138
f 2406/5280/8139 2352/4975/8140 2350/4103/8141 2407/3664/8142
f 2383/4143/8143 2354/5350/8144 2355/4385/8145 2384/4145/8146
f 2384/4129/8147 2355/4038/8148 2353/5443/8149 2385/4004/8150
f 2398/3870/8151 2337/5436/8152 2347/4200/8153 2402/4539/8154
f 2326/4445/8155 2363/3433/8156 2371/4936/8157 2334/4484/8158
f 2363/3433/8159 2362/5144/8160 2370/3866/8161 2371/4936/8162
f 2323/4583/8163 2357/4806/8164 2365/4793/8165 2331/4003/8166
f 2357/4806/8167 2356/3904/8168 2364/3978/8169 2365/4793/8170
f 2335/3466/8171 2333/5106/8172 2369/5417/8173 2370/4036/8174
f 2370/4036/8175 2369/5417/8176 2368/4005/8177 2371/5374/8178
f 2397/5365/8179 2329/4613/8180 2367/5405/8181 2408/5161/8182
f 2408/5161/8183 2367/5405/8184 2366/4142/8185 2409/3585/8186
f 2329/5466/8187 2331/4570/8188 2365/4401/8189 2367/5467/8190
f 2367/5467/8191 2365/4401/8192 2364/4797/8193 2366/3593/8194
f 2375/5468/8195 2386/5113/8196 2361/4087/8197 2325/3692/8198
f 2386/5113/8199 2387/5376/8200 2360/3832/8201 2361/4087/8202
f 2393/5119/8203 2410/4213/8204 2359/3834/8205 2321/3923/8206
f 2410/4213/8207 2411/4294/8208 2358/5110/8209 2359/3834/8210
f 2373/4708/8211 2388/5279/8212 2357/5019/8213 2323/3627/8214
f 2388/5279/8215 2389/5300/8216 2356/4974/8217 2357/5019/8218
f 2359/5332/8219 2358/4533/8220 2389/5300/8221 2388/5279/8222
f 2321/4402/8223 2359/5332/8224 2388/5279/8225 2373/4708/8226
f 2362/5206/8227 2363/4946/8228 2387/5376/8229 2386/5113/8230
f 2327/4215/8231 2362/5206/8232 2386/5113/8233 2375/5468/8234
f 2349/3757/8235 2384/4129/8236 2385/4004/8237 2348/3938/8238
f 2347/4200/8239 2383/4143/8240 2384/4145/8241 2349/4857/8242
f 2352/5036/8243 2381/4782/8244 2382/4520/8245 2350/5136/8246
f 2351/5079/8247 2380/4839/8248 2381/5221/8249 2352/5465/8250
f 2322/4892/8251 2372/3871/8252 2378/3548/8253 2340/4331/8254
f 2340/4037/8255 2378/3506/8256 2382/4520/8257 2344/4108/8258
f 2324/3833/8259 2374/4626/8260 2379/4118/8261 2343/5220/8262
f 2343/3783/8263 2379/3790/8264 2385/4004/8265 2353/5443/8266
f 2337/5436/8267 2377/3776/8268 2383/4143/8269 2347/4200/8270
f 2338/4321/8271 2376/4085/8272 2380/4839/8273 2351/5079/8274
f 2399/5111/8275 2339/4945/8276 2377/3776/8277 2412/4243/8278
f 2363/4946/8279 2326/5406/8280 2374/4984/8281 2387/5376/8282
f 2358/4533/8283 2320/3798/8284 2372/4349/8285 2389/5300/8286
f 2393/3559/8287 2321/4595/8288 2373/4212/8289 2413/3558/8290
f 2325/3657/8291 2393/3559/8292 2413/3558/8293 2375/3454/8294
f 2338/4321/8295 2399/5111/8296 2412/4243/8297 2376/4085/8298
f 2361/5241/8299 2360/4831/8300 2411/4294/8301 2410/4213/8302
f 2325/5451/8303 2361/5241/8304 2410/4213/8305 2393/5119/8306
f 2369/3875/8307 2408/5161/8308 2409/3585/8309 2368/3905/8310
f 2333/4840/8311 2397/5365/8312 2408/5161/8313 2369/3875/8314
f 2336/4086/8315 2398/3870/8316 2402/4539/8317 2345/5464/8318
f 2355/5172/8319 2406/5280/8320 2407/3664/8321 2353/4351/8322
f 2354/5350/8323 2405/4117/8324 2406/5112/8325 2355/4385/8326
f 2346/4303/8327 2403/4730/8328 2404/5272/8329 2344/4059/8330
f 2345/5464/8331 2402/4539/8332 2403/5211/8333 2346/4958/8334
f 2339/4945/8335 2399/5111/8336 2405/4117/8337 2354/5350/8338
f 2342/3885/8339 2401/5057/8340 2407/3664/8341 2350/4103/8342
f 2341/4836/8343 2400/3605/8344 2404/5272/8345 2348/3815/8346
f 2320/4601/8347 2392/3482/8348 2401/3691/8349 2342/4602/8350
f 2376/4085/8351 2412/4243/8352 2398/3870/8353 2336/4086/8354
f 2327/3439/8355 2391/4775/8356 2395/4888/8357 2335/4058/8358
f 2322/3655/8359 2390/3922/8360 2394/3547/8361 2330/3687/8362
f 2368/3905/8363 2409/3585/8364 2396/3937/8365 2332/4277/8366
f 2333/5130/8367 2335/5273/8368 2395/4683/8369 2397/4834/8370
f 2328/4947/8371 2330/3758/8372 2394/4952/8373 2396/5001/8374
f 2360/4831/8375 2324/3955/8376 2392/4486/8377 2411/4294/8378
f 2375/3454/8379 2413/3558/8380 2391/4707/8381 2327/4092/8382
f 2326/5022/8383 2390/4232/8384 2400/4589/8385 2341/4123/8386
g default
v -10.616331 0.046524 7.319547
v -10.616331 0.046524 -7.064167
v -10.729555 11.390050 7.319547
v -10.729555 11.390050 -7.064167
v -11.711714 11.380246 7.319547
v -11.711714 11.380246 -7.064167
v -11.598490 0.036721 7.319547
v -11.598490 0.036721 -7.064167
v -11.539872 11.380246 7.319547
v -11.539872 11.380246 -7.064167
v -11.426648 0.036721 -7.064167
v -11.426648 0.036721 7.319547
vt 0.375000 0.000000
vt 0.625000 0.000000
vt 0.375000 0.250000
vt 0.625000 0.250000
vt 0.375000 0.500000
vt 0.625000 0.500000
vt 0.375000 0.750000
vt 0.625000 0.750000
vt 0.375000 1.000000
vt 0.625000 1.000000
vt 0.875000 0.000000
vt 0.875000 0.250000
vt 0.125000 0.000000
vt 0.125000 0.250000
vt 0.375000 0.500000
vt 0.625000 0.500000
vt 0.625000 0.750000
vt 0.375000 0.750000
vn 0.999950 0.009981 0.000000
vn 0.999950 0.009981 0.000000
vn 0.999950 0.009981 0.000000
vn 0.999950 0.009981 0.000000
vn -0.009981 0.999950 0.000000
vn -0.009981 0.999950 0.000000
vn -0.009981 0.999950 0.000000
vn -0.009981 0.999950 0.000000
vn -0.999950 -0.009981 -0.000000
vn -0.999950 -0.009981 -0.000000
vn -0.999950 -0.009981 -0.000000
vn -0.999950 -0.009981 -0.000000
vn 0.009981 -0.999950 0.000000
vn 0.009981 -0.999950 0.000000
vn 0.009981 -0.999950 0.000000
vn 0.009981 -0.999950 0.000000
vn 0.000000 0.000000 -1.000000
vn 0.000000 0.000000 -1.000000
vn 0.000000 0.000000 -1.000000
vn 0.000000 0.000000 -1.000000
vn 0.000000 0.000000 1.000000
vn 0.000000 0.000000 1.000000
vn 0.000000 0.000000 1.000000
vn 0.000000 0.000000 1.000000
vn 0.000000 -1.000000 0.000000
vn 0.000000 -1.000000 0.000000
vn 0.000000 -1.000000 0.000000
vn 0.000000 -1.000000 0.000000
vn 0.000000 0.000000 1.000000
vn 0.000000 0.000000 1.000000
vn 0.000000 0.000000 1.000000
vn 0.000000 0.000000 1.000000
vn -0.000000 1.000000 0.000000
vn -0.000000 1.000000 0.000000
vn -0.000000 1.000000 0.000000
vn -0.000000 1.000000 0.000000
vn 0.000000 0.000000 -1.000000
vn 0.000000 0.000000 -1.000000
vn 0.000000 0.000000 -1.000000
vn 0.000000 0.000000 -1.000000
s off
g pasted__pasted__pCube1 pasted__group group1
usemtl standardSurface2SG
f 2414/5493/8387 2415/5494/8388 2417/5496/8389 2416/5495/8390
f 2416/5495/8391 2417/5496/8392 2419/5498/8393 2418/5497/8394
f 2422/5507/8395 2423/5508/8396 2424/5509/8397 2425/5510/8398
f 2420/5499/8399 2421/5500/8400 2415/5502/8401 2414/5501/8402
f 2415/5494/8403 2421/5503/8404 2419/5504/8405 2417/5496/8406
f 2420/5505/8407 2414/5493/8408 2416/5495/8409 2418/5506/8410
f 2418/5497/8411 2419/5498/8412 2423/5508/8413 2422/5507/8414
f 2419/5498/8415 2421/5500/8416 2424/5509/8417 2423/5508/8418
f 2421/5500/8419 2420/5499/8420 2425/5510/8421 2424/5509/8422
f 2420/5499/8423 2418/5497/8424 2422/5507/8425 2425/5510/8426
g default
v -7.319596 0.725178 -5.375516
v -7.319596 0.693404 -5.375516
v -7.293852 0.725178 -5.375516
v -7.293852 0.693404 -5.375516
v -7.319596 0.693404 -5.433938
v -7.319596 0.725178 -5.433938
v -7.319596 0.693404 -5.433938
v -7.293852 0.693404 -5.390846
v -7.315646 0.693404 -5.423536
v -7.310870 0.693404 -5.414164
v -7.305662 0.693404 -5.405448
v -7.300066 0.693404 -5.397458
v -7.293852 0.725178 -5.390846
v -7.319596 0.725178 -5.433938
v -7.300066 0.725178 -5.397458
v -7.305665 0.725178 -5.405452
v -7.310872 0.725178 -5.414168
v -7.315646 0.725178 -5.423536
v -7.319595 2.236005 -5.375516
v -7.319595 2.204232 -5.375516
v -7.293851 2.236005 -5.375516
v -7.293851 2.204232 -5.375516
v -7.319595 2.204232 -5.433938
v -7.319595 2.236005 -5.433938
v -7.319595 2.204232 -5.433938
v -7.293851 2.204232 -5.390846
v -7.315645 2.204232 -5.423536
v -7.310869 2.204232 -5.414164
v -7.305662 2.204232 -5.405448
v -7.300065 2.204232 -5.397458
v -7.293851 2.236005 -5.390846
v -7.319595 2.236005 -5.433938
v -7.300065 2.236005 -5.397458
v -7.305665 2.236005 -5.405452
v -7.310872 2.236005 -5.414168
v -7.315645 2.236005 -5.423536
v -7.319595 3.746832 -5.375516
v -7.319595 3.715059 -5.375516
v -7.293851 3.746832 -5.375516
v -7.293851 3.715059 -5.375516
v -7.319595 3.715059 -5.433938
v -7.319595 3.746832 -5.433938
v -7.319595 3.715059 -5.433938
v -7.293851 3.715059 -5.390846
v -7.315645 3.715059 -5.423536
v -7.310869 3.715059 -5.414164
v -7.305662 3.715059 -5.405448
v -7.300065 3.715059 -5.397458
v -7.293851 3.746832 -5.390846
v -7.319595 3.746832 -5.433938
v -7.300065 3.746832 -5.397458
v -7.305664 3.746832 -5.405452
v -7.310871 3.746832 -5.414168
v -7.315645 3.746832 -5.423536
v -7.268212 0.709421 -4.936386
v -7.264034 0.709421 -4.987912
v -7.264034 0.709421 -5.248443
v -7.268212 0.709421 -5.299969
v -7.268212 0.695801 -4.936386
v -7.264034 0.694356 -4.987912
v -7.264034 0.694356 -5.248443
v -7.268212 0.695801 -5.299969
v -7.268212 0.723042 -4.936386
v -7.264034 0.724487 -4.987912
v -7.264034 0.724487 -5.248443
v -7.268212 0.723042 -5.299969
v -7.266123 0.695079 -5.274206
v -7.266123 0.723764 -5.274206
v -7.265078 0.709421 -5.261324
v -7.267167 0.709421 -5.287087
v -7.266123 0.695079 -4.962149
v -7.266123 0.723764 -4.962149
v -7.267167 0.709421 -4.949267
v -7.265078 0.709421 -4.975030
v -7.316123 0.723764 -5.274206
v -7.317167 0.709421 -5.287087
v -7.316123 0.723764 -4.962149
v -7.315078 0.709421 -4.975030
v -7.316123 0.695079 -5.274206
v -7.315078 0.709421 -5.261324
v -7.316123 0.695079 -4.962149
v -7.317167 0.709421 -4.949267
v -7.265078 0.717661 -4.975030
v -7.265602 0.723944 -4.968568
v -7.265078 0.730590 -4.975030
v -7.264556 0.724306 -4.981471
v -7.265232 0.722179 -4.973137
v -7.266643 0.723584 -4.955729
v -7.267167 0.716939 -4.949267
v -7.267691 0.723222 -4.942805
v -7.267167 0.729889 -4.949267
v -7.267014 0.721563 -4.951160
v -7.267167 0.701904 -4.949267
v -7.266643 0.695259 -4.955729
v -7.267167 0.688976 -4.949267
v -7.267689 0.695621 -4.942827
v -7.267014 0.697280 -4.951160
v -7.267167 0.716939 -5.287087
v -7.266643 0.723584 -5.280625
v -7.267167 0.729867 -5.287087
v -7.267689 0.723222 -5.293528
v -7.267014 0.721563 -5.285195
v -7.265602 0.723944 -5.267786
v -7.265078 0.717661 -5.261324
v -7.264554 0.724307 -5.254862
v -7.265078 0.730611 -5.261324
v -7.265232 0.722179 -5.263217
v -7.265078 0.701182 -5.261324
v -7.265602 0.694899 -5.267786
v -7.265078 0.688253 -5.261324
v -7.264556 0.694537 -5.254884
v -7.265232 0.696664 -5.263217
v -7.266643 0.695259 -5.280625
v -7.267167 0.701904 -5.287087
v -7.267691 0.695621 -5.293549
v -7.267167 0.688954 -5.287087
v -7.267014 0.697280 -5.285195
v -7.265602 0.694899 -4.968568
v -7.265078 0.701182 -4.975030
v -7.264554 0.694536 -4.981492
v -7.265078 0.688232 -4.975030
v -7.265232 0.696664 -4.973137
v -7.315602 0.723944 -4.968568
v -7.315078 0.717661 -4.975030
v -7.315232 0.722179 -4.973137
v -7.317167 0.716939 -4.949267
v -7.316643 0.723584 -4.955729
v -7.317014 0.721563 -4.951160
v -7.316643 0.695259 -4.955729
v -7.317167 0.701904 -4.949267
v -7.317014 0.697280 -4.951160
v -7.316643 0.723584 -5.280625
v -7.317167 0.716939 -5.287087
v -7.317014 0.721563 -5.285195
v -7.315078 0.717661 -5.261324
v -7.315602 0.723944 -5.267786
v -7.315232 0.722179 -5.263217
v -7.315602 0.694899 -5.267786
v -7.315078 0.701182 -5.261324
v -7.315232 0.696664 -5.263217
v -7.317167 0.701904 -5.287087
v -7.316643 0.695259 -5.280625
v -7.317014 0.697280 -5.285195
v -7.315078 0.701182 -4.975030
v -7.315602 0.694899 -4.968568
v -7.315232 0.696664 -4.973137
v -7.268212 0.731366 -4.936386
v -7.262896 0.736662 -4.936386
v -7.267500 0.734014 -4.936386
v -7.265554 0.735953 -4.936386
v -7.264034 0.734255 -4.987912
v -7.258718 0.739552 -4.987912
v -7.263322 0.736903 -4.987912
v -7.261376 0.738842 -4.987912
v -7.260369 0.738346 -5.049379
v -7.255053 0.743643 -5.049379
v -7.259657 0.740994 -5.049379
v -7.257711 0.742933 -5.049379
v -7.258541 0.741524 -5.118177
v -7.253225 0.746821 -5.118177
v -7.257828 0.744172 -5.118177
v -7.255883 0.746111 -5.118177
v -7.260369 0.738346 -5.186975
v -7.255053 0.743643 -5.186975
v -7.259657 0.740994 -5.186975
v -7.257711 0.742933 -5.186975
v -7.264034 0.734255 -5.248443
v -7.258718 0.739552 -5.248443
v -7.263322 0.736903 -5.248443
v -7.261376 0.738842 -5.248443
v -7.262896 0.736662 -5.299969
v -7.268212 0.731365 -5.299969
v -7.265554 0.735953 -5.299969
v -7.267500 0.734014 -5.299969
v -7.241326 0.687498 -4.936386
v -7.246679 0.682181 -4.936386
v -7.242044 0.684839 -4.936386
v -7.244003 0.682893 -4.936386
v -7.235136 0.684608 -4.987912
v -7.240488 0.679291 -4.987912
v -7.235853 0.681950 -4.987912
v -7.237812 0.680004 -4.987912
v -7.229845 0.680517 -5.049379
v -7.235197 0.675200 -5.049379
v -7.230562 0.677859 -5.049379
v -7.232521 0.675913 -5.049379
v -7.227787 0.677339 -5.118177
v -7.233140 0.672022 -5.118177
v -7.228505 0.674681 -5.118177
v -7.230464 0.672735 -5.118177
v -7.229845 0.680517 -5.186975
v -7.235197 0.675200 -5.186975
v -7.230562 0.677859 -5.186975
v -7.232521 0.675913 -5.186975
v -7.235136 0.684608 -5.248443
v -7.240488 0.679291 -5.248443
v -7.235853 0.681950 -5.248443
v -7.237812 0.680004 -5.248443
v -7.246679 0.682181 -5.299969
v -7.241326 0.687498 -5.299969
v -7.244003 0.682893 -5.299969
v -7.242044 0.684839 -5.299969
v -7.266123 0.732810 -4.962149
v -7.260842 0.738083 -4.961722
v -7.265415 0.735455 -4.962092
v -7.263482 0.737385 -4.961935
v -7.266123 0.732810 -5.274206
v -7.260842 0.738083 -5.274633
v -7.265415 0.735455 -5.274263
v -7.263482 0.737385 -5.274419
v -7.259797 0.738805 -4.974603
v -7.265078 0.733532 -4.975030
v -7.262438 0.738108 -4.974817
v -7.264371 0.736178 -4.974973
v -7.261886 0.737361 -5.287514
v -7.267167 0.732088 -5.287087
v -7.264527 0.736663 -5.287301
v -7.266460 0.734733 -5.287144
v -7.261886 0.737361 -4.948840
v -7.267167 0.732088 -4.949267
v -7.264527 0.736663 -4.949054
v -7.266460 0.734733 -4.949210
v -7.259797 0.738805 -5.261751
v -7.265078 0.733532 -5.261324
v -7.262438 0.738108 -5.261538
v -7.264371 0.736178 -5.261381
v -7.268212 0.687477 -5.299969
v -7.262896 0.682181 -5.299969
v -7.267500 0.684829 -5.299969
v -7.265554 0.682890 -5.299969
v -7.264034 0.684588 -5.248443
v -7.258718 0.679291 -5.248443
v -7.263322 0.681940 -5.248443
v -7.261376 0.680001 -5.248443
v -7.260369 0.680497 -5.186975
v -7.255053 0.675200 -5.186975
v -7.259657 0.677849 -5.186975
v -7.257711 0.675910 -5.186975
v -7.258541 0.677319 -5.118177
v -7.253225 0.672022 -5.118177
v -7.257828 0.674671 -5.118177
v -7.255883 0.672732 -5.118177
v -7.260369 0.680497 -5.049379
v -7.255053 0.675200 -5.049379
v -7.259657 0.677849 -5.049379
v -7.257711 0.675910 -5.049379
v -7.264034 0.684588 -4.987912
v -7.258718 0.679291 -4.987912
v -7.263322 0.681940 -4.987912
v -7.261376 0.680001 -4.987912
v -7.262896 0.682181 -4.936386
v -7.268212 0.687477 -4.936386
v -7.265554 0.682890 -4.936386
v -7.267500 0.684829 -4.936386
v -7.241326 0.731345 -5.299969
v -7.246679 0.736662 -5.299969
v -7.242043 0.734004 -5.299969
v -7.244003 0.735950 -5.299969
v -7.235136 0.734235 -5.248443
v -7.240488 0.739552 -5.248443
v -7.235853 0.736893 -5.248443
v -7.237812 0.738839 -5.248443
v -7.229845 0.738326 -5.186975
v -7.235197 0.743643 -5.186975
v -7.230562 0.740984 -5.186975
v -7.232521 0.742930 -5.186975
v -7.227787 0.741504 -5.118177
v -7.233140 0.746821 -5.118177
v -7.228505 0.744162 -5.118177
v -7.230464 0.746108 -5.118177
v -7.229845 0.738326 -5.049379
v -7.235197 0.743643 -5.049379
v -7.230562 0.740984 -5.049379
v -7.232521 0.742930 -5.049379
v -7.235136 0.734235 -4.987912
v -7.240488 0.739552 -4.987912
v -7.235853 0.736893 -4.987912
v -7.237812 0.738839 -4.987912
v -7.246679 0.736662 -4.936386
v -7.241326 0.731345 -4.936386
v -7.244003 0.735950 -4.936386
v -7.242043 0.734004 -4.936386
v -7.266123 0.686033 -5.274206
v -7.260842 0.680760 -5.274633
v -7.265415 0.683388 -5.274263
v -7.263482 0.681458 -5.274419
v -7.266123 0.686033 -4.962149
v -7.260842 0.680760 -4.961722
v -7.265415 0.683388 -4.962092
v -7.263482 0.681458 -4.961935
v -7.259797 0.680038 -5.261751
v -7.265078 0.685310 -5.261324
v -7.262438 0.680735 -5.261538
v -7.264371 0.682665 -5.261381
v -7.261886 0.681482 -4.948840
v -7.267167 0.686755 -4.949267
v -7.264527 0.682180 -4.949054
v -7.266460 0.684110 -4.949210
v -7.261886 0.681482 -5.287514
v -7.267167 0.686755 -5.287087
v -7.264527 0.682180 -5.287301
v -7.266460 0.684110 -5.287144
v -7.259797 0.680038 -4.974603
v -7.265078 0.685310 -4.975030
v -7.262438 0.680735 -4.974817
v -7.264371 0.682665 -4.974973
v -7.252960 0.683113 -4.886641
v -7.253591 0.685108 -4.884668
v -7.253248 0.683713 -4.885246
v -7.247607 0.688430 -4.886641
v -7.249929 0.688745 -4.884668
v -7.248391 0.688538 -4.885246
v -7.250283 0.683826 -4.886641
v -7.251666 0.685620 -4.884668
v -7.250792 0.684367 -4.885246
v -7.248324 0.685772 -4.886641
v -7.250445 0.686834 -4.884668
v -7.249049 0.686098 -4.885246
v -7.268230 0.735729 -4.886641
v -7.268291 0.733735 -4.884668
v -7.268335 0.735130 -4.885246
v -7.273545 0.730433 -4.886641
v -7.271914 0.730126 -4.884668
v -7.273155 0.730328 -4.885246
v -7.270887 0.735020 -4.886641
v -7.270196 0.733226 -4.884668
v -7.270773 0.734479 -4.885246
v -7.272833 0.733081 -4.886641
v -7.271403 0.732024 -4.884668
v -7.272502 0.732757 -4.885246
v -7.247607 0.688430 -5.349714
v -7.249929 0.688745 -5.351686
v -7.248391 0.688538 -5.351108
v -7.252960 0.683113 -5.349714
v -7.253591 0.685108 -5.351686
v -7.253248 0.683713 -5.351108
v -7.248324 0.685772 -5.349714
v -7.250445 0.686834 -5.351686
v -7.249049 0.686098 -5.351108
v -7.250283 0.683826 -5.349714
v -7.251666 0.685620 -5.351686
v -7.250792 0.684367 -5.351108
v -7.273545 0.730433 -5.349714
v -7.271914 0.730126 -5.351686
v -7.273155 0.730328 -5.351108
v -7.268230 0.735729 -5.349714
v -7.268291 0.733735 -5.351686
v -7.268335 0.735130 -5.351108
v -7.272833 0.733081 -5.349714
v -7.271403 0.732024 -5.351686
v -7.272502 0.732757 -5.351108
v -7.270887 0.735020 -5.349714
v -7.270196 0.733226 -5.351686
v -7.270773 0.734479 -5.351108
v -7.247607 0.730412 -4.886641
v -7.249929 0.730098 -4.884668
v -7.248391 0.730305 -4.885246
v -7.252960 0.735729 -4.886641
v -7.253591 0.733735 -4.884668
v -7.253248 0.735130 -4.885246
v -7.248324 0.733071 -4.886641
v -7.250445 0.732009 -4.884668
v -7.249049 0.732745 -4.885246
v -7.250283 0.735017 -4.886641
v -7.251666 0.733223 -4.884668
v -7.250792 0.734476 -4.885246
v -7.273545 0.688410 -4.886641
v -7.271914 0.688717 -4.884668
v -7.273155 0.688515 -4.885246
v -7.268230 0.683113 -4.886641
v -7.268291 0.685108 -4.884668
v -7.268335 0.683713 -4.885246
v -7.272833 0.685762 -4.886641
v -7.271403 0.686818 -4.884668
v -7.272502 0.686086 -4.885246
v -7.270888 0.683823 -4.886641
v -7.270196 0.685616 -4.884668
v -7.270773 0.684364 -4.885246
v -7.252960 0.735729 -5.349714
v -7.253591 0.733735 -5.351686
v -7.253248 0.735130 -5.351108
v -7.247607 0.730412 -5.349714
v -7.249929 0.730098 -5.351686
v -7.248391 0.730305 -5.351108
v -7.250283 0.735017 -5.349714
v -7.251666 0.733223 -5.351686
v -7.250792 0.734476 -5.351108
v -7.248324 0.733071 -5.349714
v -7.250445 0.732009 -5.351686
v -7.249049 0.732745 -5.351108
v -7.268230 0.683113 -5.349714
v -7.268291 0.685108 -5.351686
v -7.268335 0.683713 -5.351108
v -7.273545 0.688410 -5.349714
v -7.271914 0.688717 -5.351686
v -7.273155 0.688515 -5.351108
v -7.270888 0.683823 -5.349714
v -7.270196 0.685616 -5.351686
v -7.270773 0.684364 -5.351108
v -7.272833 0.685762 -5.349714
v -7.271403 0.686818 -5.351686
v -7.272502 0.686086 -5.351108
v -7.268211 2.220350 -4.936386
v -7.264033 2.220350 -4.987912
v -7.264033 2.220350 -5.248443
v -7.268211 2.220350 -5.299969
v -7.268211 2.206729 -4.936386
v -7.264033 2.205285 -4.987912
v -7.264033 2.205285 -5.248443
v -7.268211 2.206729 -5.299969
v -7.268211 2.233970 -4.936386
v -7.264033 2.235415 -4.987912
v -7.264033 2.235415 -5.248443
v -7.268211 2.233970 -5.299969
v -7.266122 2.206007 -5.274206
v -7.266122 2.234693 -5.274206
v -7.265078 2.220350 -5.261324
v -7.267167 2.220350 -5.287087
v -7.266122 2.206007 -4.962149
v -7.266122 2.234693 -4.962149
v -7.267167 2.220350 -4.949267
v -7.265078 2.220350 -4.975030
v -7.316122 2.234693 -5.274206
v -7.317167 2.220350 -5.287087
v -7.316122 2.234693 -4.962149
v -7.315078 2.220350 -4.975030
v -7.316122 2.206007 -5.274206
v -7.315078 2.220350 -5.261324
v -7.316122 2.206007 -4.962149
v -7.317167 2.220350 -4.949267
v -7.265078 2.228589 -4.975030
v -7.265602 2.234873 -4.968568
v -7.265078 2.241518 -4.975030
v -7.264555 2.235234 -4.981471
v -7.265231 2.233107 -4.973137
v -7.266643 2.234513 -4.955729
v -7.267167 2.227867 -4.949267
v -7.267691 2.234150 -4.942805
v -7.267167 2.240817 -4.949267
v -7.267013 2.232491 -4.951160
v -7.267167 2.212833 -4.949267
v -7.266643 2.206187 -4.955729
v -7.267167 2.199904 -4.949267
v -7.267689 2.206549 -4.942827
v -7.267013 2.208209 -4.951160
v -7.267167 2.227867 -5.287087
v -7.266643 2.234513 -5.280625
v -7.267167 2.240796 -5.287087
v -7.267689 2.234151 -5.293528
v -7.267013 2.232491 -5.285195
v -7.265602 2.234873 -5.267786
v -7.265078 2.228589 -5.261324
v -7.264554 2.235235 -5.254862
v -7.265078 2.241539 -5.261324
v -7.265231 2.233107 -5.263217
v -7.265078 2.212110 -5.261324
v -7.265602 2.205827 -5.267786
v -7.265078 2.199182 -5.261324
v -7.264555 2.205465 -5.254884
v -7.265231 2.207592 -5.263217
v -7.266643 2.206187 -5.280625
v -7.267167 2.212833 -5.287087
v -7.267691 2.206549 -5.293549
v -7.267167 2.199883 -5.287087
v -7.267013 2.208209 -5.285195
v -7.265602 2.205827 -4.968568
v -7.265078 2.212110 -4.975030
v -7.264554 2.205465 -4.981492
v -7.265078 2.199160 -4.975030
v -7.265231 2.207592 -4.973137
v -7.315602 2.234873 -4.968568
v -7.315078 2.228589 -4.975030
v -7.315231 2.233107 -4.973137
v -7.317167 2.227867 -4.949267
v -7.316643 2.234513 -4.955729
v -7.317013 2.232491 -4.951160
v -7.316643 2.206187 -4.955729
v -7.317167 2.212833 -4.949267
v -7.317013 2.208209 -4.951160
v -7.316643 2.234513 -5.280625
v -7.317167 2.227867 -5.287087
v -7.317013 2.232491 -5.285195
v -7.315078 2.228589 -5.261324
v -7.315602 2.234873 -5.267786
v -7.315231 2.233107 -5.263217
v -7.315602 2.205827 -5.267786
v -7.315078 2.212110 -5.261324
v -7.315231 2.207592 -5.263217
v -7.317167 2.212833 -5.287087
v -7.316643 2.206187 -5.280625
v -7.317013 2.208209 -5.285195
v -7.315078 2.212110 -4.975030
v -7.315602 2.205827 -4.968568
v -7.315231 2.207592 -4.973137
v -7.268211 2.242294 -4.936386
v -7.262896 2.247591 -4.936386
v -7.267499 2.244942 -4.936386
v -7.265553 2.246881 -4.936386
v -7.264033 2.245183 -4.987912
v -7.258718 2.250480 -4.987912
v -7.263321 2.247832 -4.987912
v -7.261375 2.249770 -4.987912
v -7.260368 2.249274 -5.049379
v -7.255053 2.254571 -5.049379
v -7.259656 2.251923 -5.049379
v -7.257711 2.253861 -5.049379
v -7.258540 2.252452 -5.118177
v -7.253225 2.257749 -5.118177
v -7.257828 2.255101 -5.118177
v -7.255882 2.257039 -5.118177
v -7.260368 2.249274 -5.186975
v -7.255053 2.254571 -5.186975
v -7.259656 2.251923 -5.186975
v -7.257711 2.253861 -5.186975
v -7.264033 2.245183 -5.248443
v -7.258718 2.250480 -5.248443
v -7.263321 2.247832 -5.248443
v -7.261375 2.249770 -5.248443
v -7.262896 2.247591 -5.299969
v -7.268211 2.242294 -5.299969
v -7.265553 2.246881 -5.299969
v -7.267499 2.244942 -5.299969
v -7.241326 2.198426 -4.936386
v -7.246679 2.193109 -4.936386
v -7.242043 2.195768 -4.936386
v -7.244002 2.193821 -4.936386
v -7.235135 2.195537 -4.987912
v -7.240488 2.190220 -4.987912
v -7.235853 2.192878 -4.987912
v -7.237812 2.190932 -4.987912
v -7.229844 2.191446 -5.049379
v -7.235197 2.186129 -5.049379
v -7.230562 2.188787 -5.049379
v -7.232521 2.186841 -5.049379
v -7.227787 2.188268 -5.118177
v -7.233140 2.182951 -5.118177
v -7.228504 2.185609 -5.118177
v -7.230463 2.183663 -5.118177
v -7.229844 2.191446 -5.186975
v -7.235197 2.186129 -5.186975
v -7.230562 2.188787 -5.186975
v -7.232521 2.186841 -5.186975
v -7.235135 2.195537 -5.248443
v -7.240488 2.190220 -5.248443
v -7.235853 2.192878 -5.248443
v -7.237812 2.190932 -5.248443
v -7.246679 2.193109 -5.299969
v -7.241326 2.198426 -5.299969
v -7.244002 2.193821 -5.299969
v -7.242043 2.195768 -5.299969
v -7.266122 2.243739 -4.962149
v -7.260841 2.249011 -4.961722
v -7.265415 2.246384 -4.962092
v -7.263482 2.248314 -4.961935
v -7.266122 2.243739 -5.274206
v -7.260841 2.249011 -5.274633
v -7.265415 2.246384 -5.274263
v -7.263482 2.248314 -5.274419
v -7.259797 2.249734 -4.974603
v -7.265078 2.244461 -4.975030
v -7.262437 2.249036 -4.974817
v -7.264370 2.247106 -4.974973
v -7.261886 2.248289 -5.287514
v -7.267167 2.243016 -5.287087
v -7.264526 2.247591 -5.287301
v -7.266459 2.245661 -5.287144
v -7.261886 2.248289 -4.948840
v -7.267167 2.243016 -4.949267
v -7.264526 2.247591 -4.949054
v -7.266459 2.245661 -4.949210
v -7.259797 2.249734 -5.261751
v -7.265078 2.244461 -5.261324
v -7.262437 2.249036 -5.261538
v -7.264370 2.247106 -5.261381
v -7.268211 2.198406 -5.299969
v -7.262896 2.193109 -5.299969
v -7.267499 2.195757 -5.299969
v -7.265554 2.193819 -5.299969
v -7.264033 2.195516 -5.248443
v -7.258718 2.190220 -5.248443
v -7.263321 2.192868 -5.248443
v -7.261375 2.190929 -5.248443
v -7.260369 2.191425 -5.186975
v -7.255053 2.186129 -5.186975
v -7.259656 2.188777 -5.186975
v -7.257711 2.186838 -5.186975
v -7.258540 2.188247 -5.118177
v -7.253225 2.182951 -5.118177
v -7.257828 2.185599 -5.118177
v -7.255882 2.183660 -5.118177
v -7.260369 2.191425 -5.049379
v -7.255053 2.186129 -5.049379
v -7.259656 2.188777 -5.049379
v -7.257711 2.186838 -5.049379
v -7.264033 2.195516 -4.987912
v -7.258718 2.190220 -4.987912
v -7.263321 2.192868 -4.987912
v -7.261375 2.190929 -4.987912
v -7.262896 2.193109 -4.936386
v -7.268211 2.198406 -4.936386
v -7.265554 2.193819 -4.936386
v -7.267499 2.195757 -4.936386
v -7.241326 2.242274 -5.299969
v -7.246678 2.247591 -5.299969
v -7.242043 2.244932 -5.299969
v -7.244002 2.246878 -5.299969
v -7.235135 2.245163 -5.248443
v -7.240488 2.250480 -5.248443
v -7.235853 2.247822 -5.248443
v -7.237812 2.249768 -5.248443
v -7.229844 2.249254 -5.186975
v -7.235197 2.254571 -5.186975
v -7.230562 2.251913 -5.186975
v -7.232521 2.253859 -5.186975
v -7.227787 2.252432 -5.118177
v -7.233140 2.257749 -5.118177
v -7.228504 2.255091 -5.118177
v -7.230463 2.257037 -5.118177
v -7.229844 2.249254 -5.049379
v -7.235197 2.254571 -5.049379
v -7.230562 2.251913 -5.049379
v -7.232521 2.253859 -5.049379
v -7.235135 2.245163 -4.987912
v -7.240488 2.250480 -4.987912
v -7.235853 2.247822 -4.987912
v -7.237812 2.249768 -4.987912
v -7.246678 2.247591 -4.936386
v -7.241326 2.242274 -4.936386
v -7.244002 2.246878 -4.936386
v -7.242043 2.244932 -4.936386
v -7.266122 2.196961 -5.274206
v -7.260841 2.191688 -5.274633
v -7.265415 2.194316 -5.274263
v -7.263482 2.192386 -5.274419
v -7.266122 2.196961 -4.962149
v -7.260841 2.191688 -4.961722
v -7.265415 2.194316 -4.962092
v -7.263482 2.192386 -4.961935
v -7.259797 2.190966 -5.261751
v -7.265078 2.196239 -5.261324
v -7.262437 2.191664 -5.261538
v -7.264370 2.193594 -5.261381
v -7.261886 2.192411 -4.948840
v -7.267167 2.197684 -4.949267
v -7.264526 2.193108 -4.949054
v -7.266459 2.195038 -4.949210
v -7.261886 2.192411 -5.287514
v -7.267167 2.197684 -5.287087
v -7.264526 2.193108 -5.287301
v -7.266459 2.195038 -5.287144
v -7.259797 2.190966 -4.974603
v -7.265078 2.196239 -4.975030
v -7.262437 2.191664 -4.974817
v -7.264370 2.193594 -4.974973
v -7.252959 2.194042 -4.886641
v -7.253591 2.196036 -4.884668
v -7.253247 2.194641 -4.885246
v -7.247607 2.199359 -4.886641
v -7.249929 2.199673 -4.884668
v -7.248390 2.199466 -4.885246
v -7.250283 2.194754 -4.886641
v -7.251666 2.196549 -4.884668
v -7.250791 2.195295 -4.885246
v -7.248324 2.196700 -4.886641
v -7.250444 2.197762 -4.884668
v -7.249048 2.197027 -4.885246
v -7.268229 2.246658 -4.886641
v -7.268291 2.244663 -4.884668
v -7.268335 2.246058 -4.885246
v -7.273545 2.241362 -4.886641
v -7.271913 2.241054 -4.884668
v -7.273155 2.241256 -4.885246
v -7.270887 2.245948 -4.886641
v -7.270196 2.244155 -4.884668
v -7.270772 2.245408 -4.885246
v -7.272833 2.244010 -4.886641
v -7.271402 2.242953 -4.884668
v -7.272501 2.243685 -4.885246
v -7.247607 2.199359 -5.349714
v -7.249929 2.199673 -5.351686
v -7.248390 2.199466 -5.351108
v -7.252959 2.194042 -5.349714
v -7.253591 2.196036 -5.351686
v -7.253247 2.194641 -5.351108
v -7.248324 2.196700 -5.349714
v -7.250444 2.197762 -5.351686
v -7.249048 2.197027 -5.351108
v -7.250283 2.194754 -5.349714
v -7.251666 2.196549 -5.351686
v -7.250791 2.195295 -5.351108
v -7.273545 2.241362 -5.349714
v -7.271913 2.241054 -5.351686
v -7.273155 2.241256 -5.351108
v -7.268229 2.246658 -5.349714
v -7.268291 2.244663 -5.351686
v -7.268335 2.246058 -5.351108
v -7.272833 2.244010 -5.349714
v -7.271402 2.242953 -5.351686
v -7.272501 2.243685 -5.351108
v -7.270887 2.245948 -5.349714
v -7.270196 2.244155 -5.351686
v -7.270772 2.245408 -5.351108
v -7.247607 2.241341 -4.886641
v -7.249929 2.241027 -4.884668
v -7.248390 2.241234 -4.885246
v -7.252959 2.246658 -4.886641
v -7.253591 2.244663 -4.884668
v -7.253247 2.246058 -4.885246
v -7.248324 2.243999 -4.886641
v -7.250444 2.242938 -4.884668
v -7.249048 2.243673 -4.885246
v -7.250283 2.245946 -4.886641
v -7.251666 2.244151 -4.884668
v -7.250791 2.245405 -4.885246
v -7.273545 2.199338 -4.886641
v -7.271913 2.199646 -4.884668
v -7.273155 2.199443 -4.885246
v -7.268229 2.194042 -4.886641
v -7.268291 2.196036 -4.884668
v -7.268335 2.194641 -4.885246
v -7.272833 2.196690 -4.886641
v -7.271402 2.197747 -4.884668
v -7.272501 2.197015 -4.885246
v -7.270887 2.194751 -4.886641
v -7.270196 2.196545 -4.884668
v -7.270772 2.195292 -4.885246
v -7.252959 2.246658 -5.349714
v -7.253591 2.244663 -5.351686
v -7.253247 2.246058 -5.351108
v -7.247607 2.241341 -5.349714
v -7.249929 2.241027 -5.351686
v -7.248390 2.241234 -5.351108
v -7.250283 2.245946 -5.349714
v -7.251666 2.244151 -5.351686
v -7.250791 2.245405 -5.351108
v -7.248324 2.243999 -5.349714
v -7.250444 2.242938 -5.351686
v -7.249048 2.243673 -5.351108
v -7.268229 2.194042 -5.349714
v -7.268291 2.196036 -5.351686
v -7.268335 2.194641 -5.351108
v -7.273545 2.199338 -5.349714
v -7.271913 2.199646 -5.351686
v -7.273155 2.199443 -5.351108
v -7.270887 2.194751 -5.349714
v -7.270196 2.196545 -5.351686
v -7.270772 2.195292 -5.351108
v -7.272833 2.196690 -5.349714
v -7.271402 2.197747 -5.351686
v -7.272501 2.197015 -5.351108
v -7.268211 3.731278 -4.936386
v -7.264033 3.731278 -4.987912
v -7.264033 3.731278 -5.248443
v -7.268211 3.731278 -5.299969
v -7.268211 3.717658 -4.936386
v -7.264033 3.716213 -4.987912
v -7.264033 3.716213 -5.248443
v -7.268211 3.717658 -5.299969
v -7.268211 3.744899 -4.936386
v -7.264033 3.746343 -4.987912
v -7.264033 3.746343 -5.248443
v -7.268211 3.744899 -5.299969
v -7.266122 3.716936 -5.274206
v -7.266122 3.745621 -5.274206
v -7.265077 3.731278 -5.261324
v -7.267166 3.731278 -5.287087
v -7.266122 3.716936 -4.962149
v -7.266122 3.745621 -4.962149
v -7.267166 3.731278 -4.949267
v -7.265077 3.731278 -4.975030
v -7.316122 3.745621 -5.274206
v -7.317166 3.731278 -5.287087
v -7.316122 3.745621 -4.962149
v -7.315077 3.731278 -4.975030
v -7.316122 3.716936 -5.274206
v -7.315077 3.731278 -5.261324
v -7.316122 3.716936 -4.962149
v -7.317166 3.731278 -4.949267
v -7.265077 3.739518 -4.975030
v -7.265601 3.745801 -4.968568
v -7.265077 3.752447 -4.975030
v -7.264555 3.746163 -4.981471
v -7.265231 3.744036 -4.973137
v -7.266642 3.745441 -4.955729
v -7.267166 3.738795 -4.949267
v -7.267690 3.745079 -4.942805
v -7.267166 3.751745 -4.949267
v -7.267013 3.743420 -4.951160
v -7.267166 3.723761 -4.949267
v -7.266642 3.717116 -4.955729
v -7.267166 3.710832 -4.949267
v -7.267689 3.717477 -4.942827
v -7.267013 3.719137 -4.951160
v -7.267166 3.738795 -5.287087
v -7.266642 3.745441 -5.280625
v -7.267166 3.751724 -5.287087
v -7.267689 3.745079 -5.293528
v -7.267013 3.743420 -5.285195
v -7.265601 3.745801 -5.267786
v -7.265077 3.739518 -5.261324
v -7.264553 3.746163 -5.254862
v -7.265077 3.752468 -5.261324
v -7.265231 3.744036 -5.263217
v -7.265077 3.723039 -5.261324
v -7.265601 3.716756 -5.267786
v -7.265077 3.710110 -5.261324
v -7.264555 3.716394 -5.254884
v -7.265231 3.718521 -5.263217
v -7.266642 3.717116 -5.280625
v -7.267166 3.723761 -5.287087
v -7.267690 3.717478 -5.293549
v -7.267166 3.710811 -5.287087
v -7.267013 3.719137 -5.285195
v -7.265601 3.716756 -4.968568
v -7.265077 3.723039 -4.975030
v -7.264553 3.716393 -4.981492
v -7.265077 3.710089 -4.975030
v -7.265231 3.718521 -4.973137
v -7.315601 3.745801 -4.968568
v -7.315077 3.739518 -4.975030
v -7.315231 3.744036 -4.973137
v -7.317166 3.738795 -4.949267
v -7.316642 3.745441 -4.955729
v -7.317013 3.743420 -4.951160
v -7.316642 3.717116 -4.955729
v -7.317166 3.723761 -4.949267
v -7.317013 3.719137 -4.951160
v -7.316642 3.745441 -5.280625
v -7.317166 3.738795 -5.287087
v -7.317013 3.743420 -5.285195
v -7.315077 3.739518 -5.261324
v -7.315601 3.745801 -5.267786
v -7.315231 3.744036 -5.263217
v -7.315601 3.716756 -5.267786
v -7.315077 3.723039 -5.261324
v -7.315231 3.718521 -5.263217
v -7.317166 3.723761 -5.287087
v -7.316642 3.717116 -5.280625
v -7.317013 3.719137 -5.285195
v -7.315077 3.723039 -4.975030
v -7.315601 3.716756 -4.968568
v -7.315231 3.718521 -4.973137
v -7.268211 3.753223 -4.936386
v -7.262895 3.758519 -4.936386
v -7.267499 3.755871 -4.936386
v -7.265553 3.757810 -4.936386
v -7.264033 3.756112 -4.987912
v -7.258717 3.761408 -4.987912
v -7.263321 3.758760 -4.987912
v -7.261375 3.760699 -4.987912
v -7.260368 3.760203 -5.049379
v -7.255052 3.765499 -5.049379
v -7.259656 3.762851 -5.049379
v -7.257710 3.764790 -5.049379
v -7.258540 3.763381 -5.118177
v -7.253224 3.768678 -5.118177
v -7.257828 3.766029 -5.118177
v -7.255882 3.767968 -5.118177
v -7.260368 3.760203 -5.186975
v -7.255052 3.765499 -5.186975
v -7.259656 3.762851 -5.186975
v -7.257710 3.764790 -5.186975
v -7.264033 3.756112 -5.248443
v -7.258717 3.761408 -5.248443
v -7.263321 3.758760 -5.248443
v -7.261375 3.760699 -5.248443
v -7.262895 3.758519 -5.299969
v -7.268211 3.753222 -5.299969
v -7.265553 3.757809 -5.299969
v -7.267499 3.755871 -5.299969
v -7.241325 3.709355 -4.936386
v -7.246678 3.704038 -4.936386
v -7.242043 3.706696 -4.936386
v -7.244002 3.704750 -4.936386
v -7.235135 3.706465 -4.987912
v -7.240488 3.701148 -4.987912
v -7.235852 3.703807 -4.987912
v -7.237811 3.701861 -4.987912
v -7.229844 3.702374 -5.049379
v -7.235197 3.697057 -5.049379
v -7.230561 3.699715 -5.049379
v -7.232520 3.697770 -5.049379
v -7.227786 3.699196 -5.118177
v -7.233139 3.693879 -5.118177
v -7.228504 3.696538 -5.118177
v -7.230463 3.694591 -5.118177
v -7.229844 3.702374 -5.186975
v -7.235197 3.697057 -5.186975
v -7.230561 3.699715 -5.186975
v -7.232520 3.697770 -5.186975
v -7.235135 3.706465 -5.248443
v -7.240488 3.701148 -5.248443
v -7.235852 3.703807 -5.248443
v -7.237811 3.701861 -5.248443
v -7.246678 3.704038 -5.299969
v -7.241325 3.709355 -5.299969
v -7.244002 3.704750 -5.299969
v -7.242043 3.706696 -5.299969
v -7.266122 3.754667 -4.962149
v -7.260841 3.759940 -4.961722
v -7.265414 3.757312 -4.962092
v -7.263481 3.759242 -4.961935
v -7.266122 3.754667 -5.274206
v -7.260841 3.759940 -5.274633
v -7.265414 3.757312 -5.274263
v -7.263481 3.759242 -5.274419
v -7.259796 3.760662 -4.974603
v -7.265077 3.755389 -4.975030
v -7.262437 3.759965 -4.974817
v -7.264370 3.758035 -4.974973
v -7.261885 3.759217 -5.287514
v -7.267166 3.753945 -5.287087
v -7.264526 3.758520 -5.287301
v -7.266459 3.756590 -5.287144
v -7.261885 3.759217 -4.948840
v -7.267166 3.753945 -4.949267
v -7.264526 3.758520 -4.949054
v -7.266459 3.756590 -4.949210
v -7.259796 3.760662 -5.261751
v -7.265077 3.755389 -5.261324
v -7.262437 3.759965 -5.261538
v -7.264370 3.758035 -5.261381
v -7.268211 3.709334 -5.299969
v -7.262895 3.704038 -5.299969
v -7.267499 3.706686 -5.299969
v -7.265553 3.704747 -5.299969
v -7.264033 3.706445 -5.248443
v -7.258717 3.701148 -5.248443
v -7.263321 3.703797 -5.248443
v -7.261375 3.701858 -5.248443
v -7.260368 3.702354 -5.186975
v -7.255052 3.697057 -5.186975
v -7.259656 3.699705 -5.186975
v -7.257710 3.697767 -5.186975
v -7.258540 3.699176 -5.118177
v -7.253224 3.693879 -5.118177
v -7.257828 3.696527 -5.118177
v -7.255882 3.694589 -5.118177
v -7.260368 3.702354 -5.049379
v -7.255052 3.697057 -5.049379
v -7.259656 3.699705 -5.049379
v -7.257710 3.697767 -5.049379
v -7.264033 3.706445 -4.987912
v -7.258717 3.701148 -4.987912
v -7.263321 3.703797 -4.987912
v -7.261375 3.701858 -4.987912
v -7.262895 3.704038 -4.936386
v -7.268211 3.709334 -4.936386
v -7.265553 3.704747 -4.936386
v -7.267499 3.706686 -4.936386
v -7.241325 3.753202 -5.299969
v -7.246678 3.758519 -5.299969
v -7.242043 3.755860 -5.299969
v -7.244002 3.757807 -5.299969
v -7.235135 3.756091 -5.248443
v -7.240488 3.761408 -5.248443
v -7.235852 3.758750 -5.248443
v -7.237811 3.760696 -5.248443
v -7.229844 3.760182 -5.186975
v -7.235197 3.765499 -5.186975
v -7.230561 3.762841 -5.186975
v -7.232520 3.764787 -5.186975
v -7.227786 3.763360 -5.118177
v -7.233139 3.768678 -5.118177
v -7.228504 3.766019 -5.118177
v -7.230463 3.767965 -5.118177
v -7.229844 3.760182 -5.049379
v -7.235197 3.765499 -5.049379
v -7.230561 3.762841 -5.049379
v -7.232520 3.764787 -5.049379
v -7.235135 3.756091 -4.987912
v -7.240488 3.761408 -4.987912
v -7.235852 3.758750 -4.987912
v -7.237811 3.760696 -4.987912
v -7.246678 3.758519 -4.936386
v -7.241325 3.753202 -4.936386
v -7.244002 3.757807 -4.936386
v -7.242043 3.755860 -4.936386
v -7.266122 3.707890 -5.274206
v -7.260841 3.702617 -5.274633
v -7.265414 3.705244 -5.274263
v -7.263481 3.703314 -5.274419
v -7.266122 3.707890 -4.962149
v -7.260841 3.702617 -4.961722
v -7.265414 3.705244 -4.962092
v -7.263481 3.703314 -4.961935
v -7.259796 3.701894 -5.261751
v -7.265077 3.707167 -5.261324
v -7.262437 3.702592 -5.261538
v -7.264370 3.704522 -5.261381
v -7.261885 3.703339 -4.948840
v -7.267166 3.708612 -4.949267
v -7.264526 3.704037 -4.949054
v -7.266459 3.705967 -4.949210
v -7.261885 3.703339 -5.287514
v -7.267166 3.708612 -5.287087
v -7.264526 3.704037 -5.287301
v -7.266459 3.705967 -5.287144
v -7.259796 3.701894 -4.974603
v -7.265077 3.707167 -4.975030
v -7.262437 3.702592 -4.974817
v -7.264370 3.704522 -4.974973
v -7.252959 3.704970 -4.886641
v -7.253590 3.706965 -4.884668
v -7.253247 3.705570 -4.885246
v -7.247606 3.710287 -4.886641
v -7.249929 3.710601 -4.884668
v -7.248390 3.710395 -4.885246
v -7.250283 3.705683 -4.886641
v -7.251665 3.707477 -4.884668
v -7.250791 3.706224 -4.885246
v -7.248324 3.707629 -4.886641
v -7.250444 3.708691 -4.884668
v -7.249048 3.707955 -4.885246
v -7.268229 3.757586 -4.886641
v -7.268290 3.755592 -4.884668
v -7.268334 3.756987 -4.885246
v -7.273544 3.752290 -4.886641
v -7.271913 3.751983 -4.884668
v -7.273154 3.752185 -4.885246
v -7.270887 3.756877 -4.886641
v -7.270196 3.755083 -4.884668
v -7.270772 3.756336 -4.885246
v -7.272832 3.754938 -4.886641
v -7.271402 3.753881 -4.884668
v -7.272501 3.754613 -4.885246
v -7.247606 3.710287 -5.349714
v -7.249929 3.710601 -5.351686
v -7.248390 3.710395 -5.351108
v -7.252959 3.704970 -5.349714
v -7.253590 3.706965 -5.351686
v -7.253247 3.705570 -5.351108
v -7.248324 3.707629 -5.349714
v -7.250444 3.708691 -5.351686
v -7.249048 3.707955 -5.351108
v -7.250283 3.705683 -5.349714
v -7.251665 3.707477 -5.351686
v -7.250791 3.706224 -5.351108
v -7.273544 3.752290 -5.349714
v -7.271913 3.751983 -5.351686
v -7.273154 3.752185 -5.351108
v -7.268229 3.757586 -5.349714
v -7.268291 3.755592 -5.351686
v -7.268334 3.756987 -5.351108
v -7.272832 3.754938 -5.349714
v -7.271402 3.753881 -5.351686
v -7.272501 3.754613 -5.351108
v -7.270887 3.756877 -5.349714
v -7.270196 3.755083 -5.351686
v -7.270772 3.756336 -5.351108
v -7.247606 3.752269 -4.886641
v -7.249929 3.751955 -4.884668
v -7.248390 3.752162 -4.885246
v -7.252959 3.757586 -4.886641
v -7.253590 3.755592 -4.884668
v -7.253247 3.756987 -4.885246
v -7.248323 3.754928 -4.886641
v -7.250444 3.753866 -4.884668
v -7.249048 3.754602 -4.885246
v -7.250283 3.756874 -4.886641
v -7.251665 3.755080 -4.884668
v -7.250791 3.756333 -4.885246
v -7.273544 3.710266 -4.886641
v -7.271913 3.710574 -4.884668
v -7.273154 3.710372 -4.885246
v -7.268229 3.704970 -4.886641
v -7.268291 3.706965 -4.884668
v -7.268334 3.705570 -4.885246
v -7.272832 3.707618 -4.886641
v -7.271402 3.708675 -4.884668
v -7.272501 3.707943 -4.885246
v -7.270887 3.705680 -4.886641
v -7.270196 3.707473 -4.884668
v -7.270772 3.706221 -4.885246
v -7.252959 3.757586 -5.349714
v -7.253590 3.755592 -5.351686
v -7.253247 3.756987 -5.351108
v -7.247606 3.752269 -5.349714
v -7.249929 3.751955 -5.351686
v -7.248390 3.752162 -5.351108
v -7.250283 3.756874 -5.349714
v -7.251665 3.755080 -5.351686
v -7.250791 3.756333 -5.351108
v -7.248323 3.754928 -5.349714
v -7.250444 3.753866 -5.351686
v -7.249048 3.754602 -5.351108
v -7.268229 3.704970 -5.349714
v -7.268290 3.706965 -5.351686
v -7.268334 3.705570 -5.351108
v -7.273544 3.710266 -5.349714
v -7.271913 3.710574 -5.351686
v -7.273154 3.710372 -5.351108
v -7.270887 3.705680 -5.349714
v -7.270196 3.707473 -5.351686
v -7.270772 3.706221 -5.351108
v -7.272832 3.707618 -5.349714
v -7.271402 3.708675 -5.351686
v -7.272501 3.707943 -5.351108
v -9.263713 0.313303 -6.065203
v -7.315077 0.313303 -6.065203
v -7.315077 0.313303 -4.171151
v -9.263713 0.313303 -4.171152
v -9.263712 1.906032 -6.065203
v -7.315076 1.906032 -6.065203
v -9.263713 1.906032 -4.171152
v -7.315076 1.906032 -4.171151
v -9.249279 0.342023 -6.050769
v -7.329510 0.342022 -6.050769
v -7.329511 0.342022 -4.185585
v -9.249279 0.342023 -4.185585
v -9.246035 1.906032 -6.047526
v -7.332753 1.906032 -6.047526
v -9.246035 1.906032 -4.188829
v -7.332753 1.906032 -4.188828
v -9.263712 1.913996 -6.065203
v -7.315076 1.913995 -6.065203
v -7.315076 1.913995 -4.171151
v -9.263713 1.913996 -4.171152
v -9.263712 3.506725 -6.065203
v -7.315076 3.506724 -6.065203
v -9.263712 3.506725 -4.171152
v -7.315076 3.506724 -4.171151
v -9.249278 1.942715 -6.050769
v -7.329510 1.942715 -6.050769
v -7.329510 1.942715 -4.185585
v -9.249279 1.942715 -4.185585
v -9.246034 3.506725 -6.047526
v -7.332753 3.506724 -6.047526
v -9.246035 3.506725 -4.188829
v -7.332753 3.506724 -4.188828
v -9.263436 3.514781 -6.065203
v -7.314800 3.514780 -6.065203
v -7.314800 3.514780 -4.171151
v -9.263436 3.514781 -4.171152
v -9.263436 3.968602 -6.065203
v -7.314800 3.968602 -6.065203
v -9.263436 3.968602 -4.171152
v -7.314800 3.968602 -4.171151
v -9.249002 3.543499 -6.050769
v -7.329234 3.543499 -6.050769
v -7.329234 3.543499 -4.185585
v -9.249003 3.543499 -4.185585
v -9.245759 3.968602 -6.047526
v -7.332477 3.968602 -6.047526
v -9.245759 3.968602 -4.188829
v -7.332477 3.968602 -4.188828
v -9.263712 2.710361 -4.171152
v -7.315076 2.710360 -4.171151
v -7.315076 2.710360 -6.065203
v -9.263712 2.710361 -6.065203
v -9.263713 1.109668 -4.171152
v -7.315077 1.109667 -4.171151
v -7.315076 1.109667 -6.065203
v -9.263712 1.109668 -6.065203
v -9.263712 1.913996 -5.118177
v -7.315076 1.913995 -5.118177
v -9.263712 3.506725 -5.118177
v -7.315076 3.506724 -5.118177
v -9.249278 1.942715 -5.118177
v -7.329510 1.942715 -5.118177
v -9.246035 3.506725 -5.118177
v -7.332753 3.506724 -5.118177
v -9.263712 2.710361 -5.118177
v -7.315076 2.710360 -5.118177
v -9.263713 0.313303 -5.118177
v -7.315077 0.313303 -5.118177
v -9.263712 1.906032 -5.118177
v -7.315076 1.906032 -5.118177
v -9.249279 0.342023 -5.118177
v -7.329510 0.342022 -5.118177
v -9.246035 1.906032 -5.118177
v -7.332753 1.906032 -5.118177
v -9.263712 1.109668 -5.118177
v -7.315077 1.109667 -5.118177
v -8.289394 1.913996 -6.065203
v -8.289394 1.913996 -4.171151
v -8.289394 3.506725 -6.065203
v -8.289394 3.506725 -4.171151
v -8.289394 1.942715 -6.050769
v -8.289394 1.942715 -4.185585
v -8.289394 3.506725 -6.047526
v -8.289394 3.506725 -4.188828
v -8.289394 2.710360 -6.065203
v -8.289394 2.710360 -4.171151
v -8.289394 1.942715 -5.118177
v -8.289394 1.913996 -5.118177
v -8.289394 0.313303 -6.065203
v -8.289395 0.313303 -4.171151
v -8.289394 1.906032 -6.065203
v -8.289395 1.906032 -4.171151
v -8.289394 0.342022 -6.050769
v -8.289395 0.342022 -4.185585
v -8.289394 1.906032 -6.047526
v -8.289395 1.906032 -4.188828
v -8.289394 1.109668 -6.065203
v -8.289395 1.109668 -4.171151
v -8.289395 0.342022 -5.118177
v -8.289395 0.313303 -5.118177
v -8.289118 3.514780 -6.065203
v -8.289118 3.514780 -4.171151
v -8.289118 3.968602 -6.065203
v -8.289118 3.968602 -4.171151
v -8.289118 3.543499 -6.050769
v -8.289118 3.543499 -4.185585
v -8.289118 3.968602 -6.047526
v -8.289118 3.968602 -4.188828
v -9.263436 3.514781 -5.118177
v -7.314800 3.514780 -5.118177
v -9.263436 3.968602 -5.118177
v -7.314800 3.968602 -5.118177
v -9.249002 3.543499 -5.118177
v -7.329234 3.543499 -5.118177
v -9.245759 3.968602 -5.118177
v -7.332477 3.968602 -5.118177
v -8.289118 3.543499 -5.118177
v -8.289118 3.514780 -5.118177
v -9.247657 2.724720 -4.187207
v -7.331132 2.724719 -4.187207
v -7.331131 2.724719 -6.049148
v -9.247656 2.724720 -6.049148
v -9.247656 2.724720 -5.118177
v -7.331131 2.724719 -5.118177
v -8.289394 2.724720 -6.049148
v -8.289394 2.724720 -4.187207
v -9.247657 1.124028 -4.187207
v -7.331132 1.124027 -4.187207
v -7.331132 1.124027 -6.049148
v -9.247657 1.124028 -6.049148
v -9.247657 1.124028 -5.118177
v -7.331132 1.124027 -5.118177
v -8.289394 1.124027 -6.049148
v -8.289395 1.124027 -4.187207
v -9.338241 3.986514 -6.101073
v -9.338242 0.138756 -6.101073
v -7.300393 3.986513 -6.101073
v -7.300394 0.138755 -6.101073
v -9.338241 3.986514 -4.135282
v -9.338242 0.138756 -4.135282
v -7.300393 3.986513 -4.135282
v -7.300394 0.138755 -4.135282
v -9.263241 3.974471 -6.062101
v -9.263242 0.306204 -6.062101
v -7.300393 3.974470 -6.062101
v -7.300394 0.306203 -6.062101
v -9.263241 3.974471 -4.174253
v -9.263242 0.306204 -4.174253
v -7.300393 3.974470 -4.174253
v -7.300394 0.306203 -4.174253
v -7.350851 4.030515 -6.052399
v -7.350851 4.030515 -4.183956
v -9.287783 4.030515 -6.052399
v -9.287783 4.030515 -4.183956
v -7.283102 3.986140 -6.117752
v -7.283102 3.986140 -4.118602
v -9.355533 3.986141 -6.117752
v -9.355533 3.986141 -4.118602
v -7.283102 4.026657 -6.117752
v -7.287407 4.030795 -6.113600
v -7.284363 4.029622 -6.116536
v -7.287407 4.030795 -4.122754
v -7.283102 4.026657 -4.118602
v -7.284363 4.029622 -4.119818
v -9.355533 4.026658 -6.117752
v -9.351228 4.030796 -6.113600
v -9.354272 4.029622 -6.116536
v -9.355533 4.026658 -4.118602
v -9.351228 4.030796 -4.122754
v -9.354272 4.029622 -4.119818
v -7.300394 2.703927 -6.101073
v -7.300394 1.421341 -6.101073
v -9.338241 2.703928 -6.101073
v -9.338242 1.421342 -6.101073
v -9.338241 2.703928 -4.135282
v -9.338242 1.421342 -4.135282
v -7.300394 1.421341 -4.135282
v -7.300394 2.703927 -4.135282
v -7.300394 2.751714 -6.062101
v -7.300394 1.528959 -6.062101
v -9.263242 2.751715 -6.062101
v -9.263242 1.528959 -6.062101
v -9.263242 2.751715 -4.174253
v -9.263242 1.528959 -4.174253
v -7.300394 1.528959 -4.174253
v -7.300394 2.751714 -4.174253
v -8.319317 3.986514 -6.101073
v -8.319318 0.138756 -6.101073
v -8.319317 3.986514 -4.135282
v -8.319318 0.138756 -4.135282
v -8.319317 4.030515 -6.052399
v -8.319317 4.030515 -4.183956
v -8.319317 3.986140 -6.117752
v -8.319317 3.986140 -4.118602
v -8.319317 4.030796 -6.113600
v -8.319317 4.029622 -6.116536
v -8.319317 4.026658 -6.117752
v -8.319317 4.030796 -4.122754
v -8.319317 4.029622 -4.119818
v -8.319317 4.026658 -4.118602
v -8.319318 1.421342 -4.135282
v -8.319318 2.703927 -4.135282
v -8.319318 1.421341 -6.101073
v -8.319317 2.703927 -6.101073
v -7.300393 3.986513 -5.118177
v -7.300394 0.138755 -5.118177
v -9.338241 3.986514 -5.118177
v -9.338242 0.138756 -5.118177
v -7.300393 3.974470 -5.118177
v -7.300394 0.306203 -5.118177
v -9.263241 3.974471 -5.118177
v -9.263242 0.306204 -5.118177
v -7.350851 4.030515 -5.118177
v -9.287783 4.030515 -5.118177
v -7.283102 3.986140 -5.118177
v -9.355533 3.986141 -5.118177
v -7.287407 4.030795 -5.118177
v -7.284363 4.029622 -5.118177
v -7.283102 4.026657 -5.118177
v -9.351228 4.030796 -5.118177
v -9.354272 4.029622 -5.118177
v -9.355533 4.026658 -5.118177
v -9.263242 1.528959 -5.118177
v -9.263242 2.751715 -5.118177
v -9.338242 1.421342 -5.118177
v -9.338241 2.703928 -5.118177
v -8.319317 4.030515 -5.118177
v -8.319318 0.138756 -5.118177
vt 0.281601 0.926848
vt 0.427099 0.243862
vt 0.465977 0.230367
vt 0.281601 0.470542
vt 0.420568 0.262571
vt 0.139690 0.448188
vt 0.426924 0.165232
vt 0.446490 0.242919
vt 0.438753 0.187708
vt 0.281601 0.285793
vt 0.416343 0.275755
vt 0.444375 0.227177
vt 0.461918 0.276171
vt 0.460951 0.259421
vt 0.429575 0.242798
vt 0.460129 0.167364
vt 0.465873 0.210821
vt 0.459655 0.268784
vt 0.436644 0.227023
vt 0.436845 0.201749
vt 0.446306 0.169659
vt 0.426619 0.174615
vt 0.467569 0.180524
vt 0.438473 0.183997
vt 0.146859 0.629090
vt 0.452772 0.259505
vt 0.453763 0.259606
vt 0.449699 0.276633
vt 0.140523 0.503706
vt 0.446243 0.262626
vt 0.343024 0.715747
vt 0.786083 0.847972
vt 0.437618 0.157939
vt 0.466400 0.226805
vt 0.420568 0.223265
vt 0.430813 0.169659
vt 0.147057 0.285781
vt 0.438433 0.223312
vt 0.140619 0.490135
vt 0.436962 0.262626
vt 0.455265 0.276287
vt 0.446564 0.163361
vt 0.428192 0.184924
vt 0.453763 0.269071
vt 0.417380 0.230682
vt 0.547008 0.424800
vt 0.728363 0.555754
vt 0.664200 0.847860
vt 0.467019 0.200752
vt 0.459984 0.230195
vt 0.420286 0.236451
vt 0.416552 0.218833
vt 0.482178 0.004125
vt 0.426654 0.218884
vt 0.437378 0.161521
vt 0.430450 0.225171
vt 0.428735 0.187708
vt 0.448203 0.276512
vt 0.445284 0.187708
vt 0.456350 0.276287
vt 0.447049 0.157838
vt 0.452568 0.268847
vt 0.420435 0.197248
vt 0.429668 0.241544
vt 0.427742 0.262626
vt 0.436787 0.262626
vt 0.458304 0.230195
vt 0.427116 0.227023
vt 0.445870 0.236568
vt 0.445729 0.270021
vt 0.670644 0.696053
vt 0.608218 0.426073
vt 0.452587 0.246662
vt 0.429727 0.183997
vt 0.446830 0.240151
vt 0.140538 0.474246
vt 0.141788 0.360402
vt 0.429715 0.164769
vt 0.467268 0.186393
vt 0.430082 0.265410
vt 0.139866 0.466952
vt 0.417099 0.236454
vt 0.455807 0.279888
vt 0.105644 0.921688
vt 0.271607 0.848488
vt 0.793467 0.002881
vt 0.446470 0.208622
vt 0.460552 0.176825
vt 0.438803 0.236468
vt 0.430273 0.236468
vt 0.430083 0.201764
vt 0.445699 0.191291
vt 0.436466 0.174615
vt 0.427353 0.157939
vt 0.420966 0.218833
vt 0.430450 0.163373
vt 0.420839 0.258134
vt 0.430323 0.263554
vt 0.427778 0.264020
vt 0.451340 0.221415
vt 0.436953 0.200836
vt 0.439081 0.270021
vt 0.459999 0.200754
vt 0.452610 0.250093
vt 0.442756 0.276459
vt 0.146859 0.923381
vt 0.896250 0.555750
vt 0.670644 0.771957
vt 0.452495 0.249969
vt 0.459405 0.186415
vt 0.427178 0.157939
vt 0.141019 0.484368
vt 0.426829 0.258199
vt 0.460951 0.268794
vt 0.427360 0.157838
vt 0.670592 0.285770
vt 0.737284 0.285770
vt 0.346310 0.562038
vt 0.548013 0.077479
vt 0.926142 0.984388
vt 0.437483 0.218884
vt 0.452314 0.198577
vt 0.417125 0.183958
vt 0.428735 0.226095
vt 0.429230 0.162449
vt 0.447161 0.236468
vt 0.452456 0.158184
vt 0.931411 0.982252
vt 0.211596 0.629090
vt 0.211596 0.555737
vt 0.249866 0.923390
vt 0.906982 0.424033
vt 0.142118 0.280011
vt 0.452712 0.237217
vt 0.437965 0.253244
vt 0.427754 0.204085
vt 0.140523 0.500105
vt 0.460129 0.186354
vt 0.670644 0.625902
vt 0.545896 0.916068
vt 0.467383 0.987026
vt 0.650798 0.847860
vt 0.798707 0.354882
vt 0.459143 0.220808
vt 0.451740 0.207180
vt 0.437915 0.169659
vt 0.446834 0.161521
vt 0.417125 0.223264
vt 0.141017 0.483264
vt 0.427195 0.163377
vt 0.460853 0.189886
vt 0.446760 0.265414
vt 0.420405 0.230687
vt 0.452776 0.157938
vt 0.906982 0.285770
vt 0.478431 0.373846
vt 0.898368 0.071089
vt 0.788198 0.073059
vt 0.436423 0.197253
vt 0.444377 0.199238
vt 0.430275 0.185852
vt 0.437493 0.157939
vt 0.417099 0.197149
vt 0.002635 0.461902
vt 0.465873 0.197251
vt 0.429278 0.263554
vt 0.420966 0.179527
vt 0.438964 0.270021
vt 0.429680 0.202692
vt 0.139807 0.462525
vt 0.139487 0.447256
vt 0.417009 0.226992
vt 0.598347 0.916068
vt 0.675913 0.772039
vt 0.889089 0.841969
vt 0.524155 0.920846
vt 0.420873 0.174564
vt 0.436600 0.230605
vt 0.437649 0.236468
vt 0.146859 0.848488
vt 0.427020 0.225171
vt 0.430848 0.253244
vt 0.427178 0.236568
vt 0.427116 0.266337
vt 0.430295 0.236568
vt 0.449382 0.276287
vt 0.453948 0.265592
vt 0.451740 0.197153
vt 0.438235 0.242904
vt 0.430545 0.243862
vt 0.430370 0.223312
vt 0.453297 0.167303
vt 0.426619 0.213929
vt 0.139723 0.446301
vt 0.430639 0.169659
vt 0.929743 0.212227
vt 0.728363 0.842207
vt 0.142118 0.002889
vt 0.466846 0.170963
vt 0.441325 0.276334
vt 0.138926 0.480113
vt 0.426654 0.208974
vt 0.420308 0.197244
vt 0.427387 0.186780
vt 0.417368 0.236548
vt 0.452456 0.167315
vt 0.438223 0.179570
vt 0.444371 0.253244
vt 0.139228 0.503716
vt 0.430355 0.240151
vt 0.139558 0.448188
vt 0.427742 0.243862
vt 0.427068 0.201760
vt 0.436787 0.243862
vt 0.141788 0.435031
vt 0.433806 0.279990
vt 0.429633 0.200836
vt 0.452452 0.240675
vt 0.444691 0.179570
vt 0.427360 0.236468
vt 0.446550 0.262626
vt 0.452534 0.256263
vt 0.438684 0.162445
vt 0.438613 0.185856
vt 0.452499 0.161370
vt 0.411019 0.562894
vt 0.054139 0.921688
vt 0.146859 0.555737
vt 0.430813 0.208974
vt 0.428735 0.161521
vt 0.452754 0.176678
vt 0.460853 0.171033
vt 0.420376 0.226987
vt 0.416681 0.218829
vt 0.666869 0.919853
vt 0.452776 0.161440
vt 0.420662 0.248227
vt 0.139794 0.467910
vt 0.139723 0.500115
vt 0.139723 0.503716
vt 0.427068 0.265414
vt 0.438410 0.242919
vt 0.465873 0.200851
vt 0.416820 0.223269
vt 0.545844 0.355921
vt 0.608218 0.424800
vt 0.446470 0.207180
vt 0.420308 0.236550
vt 0.427360 0.191391
vt 0.453871 0.157975
vt 0.420376 0.266293
vt 0.427838 0.227023
vt 0.426619 0.253244
vt 0.460151 0.268784
vt 0.438442 0.266337
vt 0.452456 0.170916
vt 0.415879 0.702838
vt 0.408453 0.562027
vt 0.446883 0.270021
vt 0.615656 0.002881
vt 0.788198 0.002888
vt 0.482178 0.002881
vt 0.002635 0.002881
vt 0.430545 0.262626
vt 0.459405 0.190015
vt 0.430848 0.213929
vt 0.467019 0.197153
vt 0.466132 0.236468
vt 0.446469 0.209847
vt 0.461051 0.157838
vt 0.427178 0.230605
vt 0.430295 0.230605
vt 0.446883 0.236468
vt 0.064058 0.710533
vt 0.445995 0.248289
vt 0.447165 0.157838
vt 0.429633 0.187708
vt 0.427099 0.262626
vt 0.437914 0.258199
vt 0.458600 0.220808
vt 0.420131 0.269988
vt 0.465977 0.220868
vt 0.728363 0.916160
vt 0.728363 0.984340
vt 0.458703 0.197163
vt 0.460552 0.167402
vt 0.452553 0.246799
vt 0.430082 0.226095
vt 0.459706 0.186392
vt 0.417368 0.197242
vt 0.438798 0.191291
vt 0.467268 0.189992
vt 0.426445 0.253244
vt 0.141423 0.452615
vt 0.466423 0.167402
vt 0.445695 0.236568
vt 0.453767 0.157838
vt 0.912251 0.354902
vt 0.438307 0.163346
vt 0.446470 0.197153
vt 0.446470 0.209260
vt 0.459007 0.207133
vt 0.427068 0.241075
vt 0.427242 0.226095
vt 0.429691 0.203154
vt 0.446180 0.174615
vt 0.139224 0.440793
vt 0.427099 0.183997
vt 0.454136 0.167315
vt 0.465253 0.220807
vt 0.427199 0.230706
vt 0.445810 0.217956
vt 0.420308 0.157938
vt 0.437780 0.230605
vt 0.650798 0.916068
vt 0.540627 0.843122
vt 0.467268 0.170925
vt 0.453867 0.265505
vt 0.420376 0.187682
vt 0.428240 0.265410
vt 0.453762 0.246537
vt 0.421176 0.174570
vt 0.430275 0.202692
vt 0.438341 0.165232
vt 0.453925 0.269023
vt 0.437653 0.157838
vt 0.803976 0.423791
vt 0.658931 0.847952
vt 0.405940 0.709985
vt 0.426972 0.203615
vt 0.429575 0.164168
vt 0.417198 0.191276
vt 0.446527 0.187708
vt 0.453982 0.259243
vt 0.139690 0.466952
vt 0.427195 0.225167
vt 0.444377 0.209266
vt 0.139653 0.445374
vt 0.452769 0.255902
vt 0.459009 0.200754
vt 0.209233 0.778346
vt 0.793467 0.279162
vt 0.446630 0.265425
vt 0.417122 0.165201
vt 0.417104 0.191382
vt 0.788198 0.143230
vt 0.129920 0.630256
vt 0.427895 0.185061
vt 0.430083 0.241079
vt 0.454083 0.256250
vt 0.417122 0.243813
vt 0.447045 0.270021
vt 0.837586 0.842090
vt 0.656067 0.997119
vt 0.428735 0.240151
vt 0.438610 0.242002
vt 0.417009 0.187686
vt 0.140116 0.462525
vt 0.139224 0.474346
vt 0.452538 0.158198
vt 0.656067 0.922490
vt 0.460151 0.259411
vt 0.460151 0.255810
vt 0.427790 0.264482
vt 0.416855 0.169616
vt 0.438090 0.258199
vt 0.454136 0.189667
vt 0.417005 0.240122
vt 0.276332 0.280002
vt 0.054139 0.854636
vt 0.429644 0.240613
vt 0.438608 0.204547
vt 0.437301 0.213929
vt 0.454083 0.249795
vt 0.459655 0.255810
vt 0.427147 0.203619
vt 0.141241 0.448188
vt 0.436291 0.253244
vt 0.459686 0.226582
vt 0.446490 0.263569
vt 0.436784 0.225171
vt 0.446699 0.266337
vt 0.446471 0.197910
vt 0.430323 0.242934
vt 0.436312 0.230706
vt 0.526823 0.992808
vt 0.427360 0.197153
vt 0.427195 0.242006
vt 0.446468 0.200309
vt 0.427116 0.240151
vt 0.438798 0.157939
vt 0.438195 0.200836
vt 0.449504 0.276424
vt 0.453741 0.268970
vt 0.429691 0.163839
vt 0.420662 0.169616
vt 0.453840 0.180279
vt 0.138927 0.480870
vt 0.452534 0.259245
vt 0.281601 0.853971
vt 0.002635 0.779645
vt 0.002635 0.280003
vt 0.002635 0.187629
vt 0.417442 0.004125
vt 0.411074 0.187632
vt 0.417193 0.236550
vt 0.430813 0.218884
vt 0.427936 0.241215
vt 0.465572 0.210852
vt 0.445873 0.174615
vt 0.427242 0.162449
vt 0.437813 0.191391
vt 0.139277 0.470663
vt 0.441250 0.279629
vt 0.460951 0.246447
vt 0.465554 0.230329
vt 0.438162 0.262626
vt 0.438971 0.269920
vt 0.452667 0.250003
vt 0.459655 0.250038
vt 0.421176 0.253181
vt 0.139417 0.468812
vt 0.466400 0.220906
vt 0.445733 0.191391
vt 0.460303 0.197163
vt 0.453434 0.211388
vt 0.427199 0.236468
vt 0.460863 0.240068
vt 0.427838 0.187708
vt 0.460646 0.268784
vt 0.436953 0.227023
vt 0.452456 0.180291
vt 0.427936 0.265273
vt 0.669427 0.355921
vt 0.615656 0.141911
vt 0.793467 0.145292
vt 0.284167 0.385918
vt 0.064058 0.848758
vt 0.554446 0.073032
vt 0.793467 0.071089
vt 0.068389 0.699986
vt 0.546914 0.077478
vt 0.446071 0.227177
vt 0.452456 0.186066
vt 0.417005 0.200816
vt 0.540575 0.461901
vt 0.441250 0.276647
vt 0.446070 0.217207
vt 0.427242 0.265410
vt 0.458600 0.226582
vt 0.453925 0.259558
vt 0.453948 0.259381
vt 0.460646 0.246437
vt 0.427020 0.163373
vt 0.896252 0.984388
vt 0.664200 0.991846
vt 0.427389 0.162449
vt 0.429535 0.201900
vt 0.428735 0.162449
vt 0.445894 0.191391
vt 0.446071 0.229465
vt 0.438964 0.236468
vt 0.735748 0.143227
vt 0.554446 0.141911
vt 0.249866 0.854492
vt 0.427742 0.165232
vt 0.140218 0.440793
vt 0.427826 0.226560
vt 0.442479 0.276287
vt 0.417309 0.200811
vt 0.451340 0.220311
vt 0.453741 0.259505
vt 0.416551 0.208927
vt 0.417214 0.197145
vt 0.411019 0.470519
vt 0.540575 0.373835
vt 0.798707 0.285770
vt 0.427838 0.200836
vt 0.430082 0.186780
vt 0.437306 0.208974
vt 0.446764 0.162445
vt 0.438412 0.184940
vt 0.837586 0.773075
vt 0.427790 0.185852
vt 0.139548 0.446317
vt 0.459686 0.220808
vt 0.466122 0.176794
vt 0.427353 0.230605
vt 0.416855 0.208921
vt 0.445733 0.157838
vt 0.438445 0.161521
vt 0.427838 0.266337
vt 0.346310 0.562905
vt 0.411074 0.280008
vt 0.427826 0.187245
vt 0.444378 0.198600
vt 0.420664 0.179522
vt 0.429727 0.204547
vt 0.444551 0.174615
vt 0.931408 0.624882
vt 0.417198 0.269888
vt 0.446875 0.269920
vt 0.426924 0.262626
vt 0.452769 0.259606
vt 0.786083 0.984330
vt 0.650798 0.984276
vt 0.780813 0.842204
vt 0.478431 0.285781
vt 0.658735 0.847860
vt 0.466701 0.226828
vt 0.417134 0.200812
vt 0.453434 0.200256
vt 0.430402 0.241075
vt 0.459143 0.226582
vt 0.436789 0.183997
vt 0.901745 0.145292
vt 0.249866 0.992288
vt 0.448388 0.279990
vt 0.430228 0.186780
vt 0.140619 0.494343
vt 0.466718 0.207145
vt 0.438540 0.242930
vt 0.281601 0.715747
vt 0.931408 0.694014
vt 0.670644 0.701815
vt 0.281601 0.002881
vt 0.427754 0.243400
vt 0.793467 0.212227
vt 0.438552 0.186795
vt 0.553282 0.143184
vt 0.427147 0.263554
vt 0.445153 0.219259
vt 0.466846 0.186355
vt 0.420503 0.266297
vt 0.417380 0.269988
vt 0.430120 0.191291
vt 0.446554 0.165232
vt 0.438091 0.179570
vt 0.838533 0.984340
vt 0.945862 0.704051
vt 0.452571 0.161317
vt 0.437374 0.240151
vt 0.459416 0.236597
vt 0.420138 0.230580
vt 0.427754 0.184461
vt 0.452495 0.265538
vt 0.452651 0.161404
vt 0.844972 0.279279
vt 0.408453 0.473962
vt 0.459655 0.265183
vt 0.452568 0.265591
vt 0.460129 0.189954
vt 0.466701 0.220937
vt 0.430129 0.164305
vt 0.427290 0.200836
vt 0.139409 0.444476
vt 0.418436 0.275755
vt 0.466423 0.189916
vt 0.460129 0.170964
vt 0.460552 0.180425
vt 0.459352 0.268794
vt 0.429575 0.263690
vt 0.430355 0.266337
vt 0.429680 0.242006
vt 0.453867 0.259468
vt 0.467569 0.170903
vt 0.420966 0.258138
vt 0.420197 0.200811
vt 0.415879 0.772980
vt 0.780813 0.772033
vt 0.838531 0.625925
vt 0.940248 0.286000
vt 0.281601 0.993755
vt 0.408453 0.297830
vt 0.658735 0.922490
vt 0.276332 0.461902
vt 0.461051 0.160127
vt 0.417064 0.197248
vt 0.438968 0.191391
vt 0.445869 0.253244
vt 0.435899 0.275783
vt 0.417134 0.161506
vt 0.431022 0.253244
vt 0.449617 0.276647
vt 0.436591 0.230706
vt 0.139794 0.447229
vt 0.452772 0.265468
vt 0.453741 0.256003
vt 0.446315 0.263585
vt 0.855479 0.354897
vt 0.429230 0.226095
vt 0.429278 0.224239
vt 0.436608 0.169659
vt 0.343024 0.784859
vt 0.436466 0.253244
vt 0.140412 0.440894
vt 0.140489 0.474346
vt 0.452452 0.256248
vt 0.441325 0.279943
vt 0.139063 0.474346
vt 0.466701 0.230428
vt 0.896250 0.625922
vt 0.889089 0.773070
vt 0.427290 0.240151
vt 0.460853 0.167433
vt 0.446423 0.183997
vt 0.147057 0.373846
vt 0.141788 0.285773
vt 0.658931 0.997029
vt 0.430497 0.263558
vt 0.456350 0.279888
vt 0.456649 0.279900
vt 0.780814 0.847991
vt 0.453026 0.237892
vt 0.459007 0.210734
vt 0.460303 0.207122
vt 0.458304 0.226594
vt 0.429535 0.186644
vt 0.427826 0.201300
vt 0.894358 0.704155
vt 0.446070 0.221415
vt 0.427895 0.242798
vt 0.436432 0.248289
vt 0.416472 0.253177
vt 0.446690 0.264486
vt 0.415879 0.987147
vt 0.669427 0.287043
vt 0.845918 0.139297
vt 0.284167 0.297852
vt 0.526823 0.848884
vt 0.420197 0.161505
vt 0.426924 0.243862
vt 0.466846 0.176863
vt 0.430228 0.162449
vt 0.438307 0.185883
vt 0.926139 0.625924
vt 0.437615 0.236568
vt 0.437810 0.270021
vt 0.449504 0.279853
vt 0.446419 0.262626
vt 0.141019 0.480865
vt 0.465253 0.226698
vt 0.445046 0.183997
vt 0.452495 0.256073
vt 0.139723 0.468838
vt 0.139056 0.474246
vt 0.428735 0.186780
vt 0.436915 0.225182
vt 0.453982 0.268708
vt 0.452567 0.256126
vt 0.467268 0.167326
vt 0.676866 0.004154
vt 0.002635 0.988623
vt 0.002635 0.921688
vt 0.002635 0.549967
vt 0.006859 0.630256
vt 0.006859 0.699986
vt 0.002635 0.095255
vt 0.429644 0.187244
vt 0.453434 0.210284
vt 0.438339 0.243862
vt 0.459999 0.197153
vt 0.146859 0.702443
vt 0.427242 0.186780
vt 0.427826 0.265875
vt 0.141019 0.482188
vt 0.141241 0.466952
vt 0.437813 0.157838
vt 0.669480 0.694781
vt 0.786083 0.916151
vt 0.838531 0.555754
vt 0.675861 0.423994
vt 0.894358 0.837968
vt 0.666869 0.991846
vt 0.459405 0.170903
vt 0.140653 0.470663
vt 0.429691 0.185390
vt 0.452460 0.218631
vt 0.139120 0.285773
vt 0.453765 0.246437
vt 0.466122 0.171032
vt 0.140218 0.474346
vt 0.428735 0.184924
vt 0.438020 0.227023
vt 0.125481 0.779645
vt 0.064058 0.779645
vt 0.676866 0.073032
vt 0.068389 0.555958
vt 0.416343 0.077479
vt 0.430370 0.204547
vt 0.420197 0.240116
vt 0.446419 0.243862
vt 0.445280 0.240151
vt 0.416343 0.152076
vt 0.452495 0.246609
vt 0.417375 0.157838
vt 0.140412 0.474246
vt 0.728363 0.847981
vt 0.737284 0.423994
vt 0.658931 0.922490
vt 0.427147 0.224239
vt 0.139409 0.470663
vt 0.416472 0.213871
vt 0.438377 0.186811
vt 0.442457 0.279889
vt 0.438090 0.248289
vt 0.438550 0.265425
vt 0.438803 0.270021
vt 0.430273 0.270021
vt 0.460646 0.255810
vt 0.453297 0.189655
vt 0.445894 0.157838
vt 0.416288 0.373857
vt 0.133951 0.630256
vt 0.997365 0.703947
vt 0.134144 0.630254
vt 0.417373 0.191275
vt 0.438480 0.241991
vt 0.427802 0.162914
vt 0.447049 0.191391
vt 0.420693 0.204513
vt 0.454968 0.276299
vt 0.417134 0.240118
vt 0.429633 0.266337
vt 0.453888 0.250003
vt 0.417064 0.157942
vt 0.460129 0.176863
vt 0.417104 0.269993
vt 0.427802 0.202229
vt 0.448068 0.276635
vt 0.454968 0.279900
vt 0.437585 0.197153
vt 0.445496 0.218631
vt 0.438932 0.213929
vt 0.459997 0.210734
vt 0.420500 0.200816
vt 0.453952 0.161316
vt 0.445729 0.236468
vt 0.926139 0.555752
vt 0.460151 0.250038
vt 0.417009 0.266297
vt 0.418436 0.279963
vt 0.460853 0.180394
vt 0.437789 0.253244
vt 0.436607 0.248289
vt 0.429575 0.185061
vt 0.420839 0.179523
vt 0.430113 0.157838
vt 0.430273 0.230706
vt 0.436854 0.224243
vt 0.430295 0.197253
vt 0.427178 0.197253
vt 0.438341 0.183997
vt 0.420313 0.191276
vt 0.140802 0.854519
vt 0.427195 0.264482
vt 0.452000 0.197902
vt 0.437057 0.223312
vt 0.417099 0.157843
vt 0.417122 0.204507
vt 0.452613 0.161494
vt 0.454087 0.161194
vt 0.608270 0.701815
vt 0.728363 0.625925
vt 0.945862 0.771074
vt 0.420201 0.187680
vt 0.438470 0.243862
vt 0.444375 0.174615
vt 0.140378 0.474346
vt 0.453840 0.167303
vt 0.133951 0.704554
vt 0.420693 0.243818
vt 0.446455 0.241048
vt 0.428240 0.186780
vt 0.454083 0.259258
vt 0.446703 0.161521
vt 0.444375 0.220311
vt 0.428735 0.262626
vt 0.429680 0.264482
vt 0.416472 0.174566
vt 0.445695 0.269920
vt 0.670592 0.426073
vt 0.276332 0.629090
vt 0.346338 0.187632
vt 0.608270 0.842098
vt 0.136849 0.002889
vt 0.427790 0.242006
vt 0.420393 0.183958
vt 0.430273 0.197153
vt 0.460863 0.236468
vt 0.446554 0.183997
vt 0.786082 0.555750
vt 0.437161 0.224270
vt 0.438790 0.208974
vt 0.426654 0.258199
vt 0.420693 0.165207
vt 0.427020 0.202688
vt 0.453982 0.256265
vt 0.449583 0.276510
vt 0.420201 0.226986
vt 0.420837 0.208923
vt 0.452609 0.265414
vt 0.482178 0.150831
vt 0.430113 0.197153
vt 0.417313 0.187680
vt 0.437306 0.218884
vt 0.140238 0.440894
vt 0.615656 0.143184
vt 0.460951 0.250048
vt 0.458304 0.220820
vt 0.459655 0.246437
vt 0.478253 0.772980
vt 0.281601 0.568679
vt 0.068389 0.630256
vt 0.428735 0.183997
vt 0.465554 0.220831
vt 0.445699 0.157939
vt 0.430120 0.157939
vt 0.453434 0.201361
vt 0.437780 0.197253
vt 0.416857 0.179522
vt 0.452794 0.246538
vt 0.437856 0.230706
vt 0.140828 0.444476
vt 0.444377 0.199825
vt 0.444378 0.207185
vt 0.454001 0.249780
vt 0.436430 0.197153
vt 0.429230 0.201764
vt 0.444871 0.183997
vt 0.683299 0.143223
vt 0.343024 0.853971
vt 0.420291 0.269989
vt 0.437203 0.187708
vt 0.427754 0.164770
vt 0.466423 0.176826
vt 0.444375 0.221415
vt 0.420291 0.191378
vt 0.442479 0.279990
vt 0.436925 0.223312
vt 0.441489 0.279889
vt 0.459717 0.236574
vt 0.436915 0.202676
vt 0.426829 0.218884
vt 0.430113 0.230706
vt 0.420313 0.230582
vt 0.131909 0.549975
vt 0.540575 0.285770
vt 0.452772 0.256003
vt 0.139618 0.467895
vt 0.446471 0.211440
vt 0.437161 0.203589
vt 0.427099 0.165232
vt 0.427290 0.227023
vt 0.281601 0.784859
vt 0.446523 0.240151
vt 0.459405 0.180524
vt 0.444378 0.197915
vt 0.420696 0.183963
vt 0.437199 0.240151
vt 0.446879 0.157939
vt 0.438097 0.174615
vt 0.417069 0.230586
vt 0.901745 0.212227
vt 0.346338 0.095257
vt 0.430639 0.179570
vt 0.442584 0.276424
vt 0.449617 0.279629
vt 0.452651 0.157975
vt 0.608270 0.555750
vt 0.997365 0.771087
vt 0.903637 0.071060
vt 0.404448 0.715747
vt 0.527019 0.848969
vt 0.198362 0.992401
vt 0.146859 0.992513
vt 0.459009 0.197153
vt 0.446471 0.207937
vt 0.438618 0.240151
vt 0.426924 0.183997
vt 0.426972 0.164301
vt 0.429278 0.203619
vt 0.445284 0.161521
vt 0.417069 0.269892
vt 0.465253 0.230298
vt 0.444378 0.208627
vt 0.427339 0.242934
vt 0.427387 0.265410
vt 0.444378 0.201418
vt 0.454001 0.246797
vt 0.429668 0.225629
vt 0.006859 0.560526
vt 0.959408 0.848217
vt 0.454039 0.259434
vt 0.420664 0.258133
vt 0.446471 0.201413
vt 0.446834 0.187708
vt 0.416857 0.218827
vt 0.545896 0.696053
vt 0.997365 0.838226
vt 0.384609 0.994013
vt 0.548013 0.152076
vt 0.138945 0.474346
vt 0.430120 0.197253
vt 0.428240 0.162449
vt 0.446879 0.191291
vt 0.427068 0.226099
vt 0.453297 0.176678
vt 0.437057 0.204547
vt 0.140238 0.474246
vt 0.415879 0.848884
vt 0.448111 0.279818
vt 0.446171 0.258199
vt 0.453967 0.249916
vt 0.427802 0.225629
vt 0.462219 0.279794
vt 0.441363 0.279853
vt 0.438622 0.161521
vt 0.855479 0.423912
vt 0.209225 0.280007
vt 0.416288 0.285792
vt 0.666869 0.847860
vt 0.430497 0.242930
vt 0.436784 0.202688
vt 0.452772 0.246437
vt 0.140242 0.457570
vt 0.448226 0.279943
vt 0.427290 0.161521
vt 0.427826 0.161985
vt 0.416949 0.262571
vt 0.442584 0.279853
vt 0.420965 0.248232
vt 0.444375 0.200314
vt 0.467019 0.210722
vt 0.431022 0.213929
vt 0.452571 0.158061
vt 0.438410 0.263569
vt 0.416551 0.169621
vt 0.429644 0.161984
vt 0.444687 0.248289
vt 0.139478 0.445389
vt 0.452452 0.268725
vt 0.598347 0.847860
vt 0.404448 0.784859
vt 0.675913 0.847972
vt 0.803976 0.285995
vt 0.441485 0.276287
vt 0.437233 0.204547
vt 0.454136 0.176691
vt 0.445874 0.157939
vt 0.427099 0.223312
vt 0.139585 0.470663
vt 0.438684 0.186784
vt 0.209233 0.708205
vt 0.678030 0.143184
vt 0.134144 0.555737
vt 0.428735 0.263554
vt 0.452754 0.189654
vt 0.429680 0.225167
vt 0.139277 0.444476
vt 0.417219 0.269989
vt 0.437483 0.208974
vt 0.430181 0.266337
vt 0.458703 0.210724
vt 0.429535 0.265273
vt 0.437615 0.269920
vt 0.845918 0.071089
vt 0.459502 0.207133
vt 0.460129 0.180463
vt 0.460552 0.171002
vt 0.459706 0.189992
vt 0.131909 0.373845
vt 0.276332 0.002881
vt 0.437649 0.270021
vt 0.446385 0.241976
vt 0.429668 0.202229
vt 0.420393 0.223264
vt 0.442641 0.279943
vt 0.429715 0.263089
vt 0.786083 0.773079
vt 0.545844 0.426073
vt 0.926142 0.847972
vt 0.146859 0.854250
vt 0.428735 0.164305
vt 0.429715 0.243398
vt 0.452587 0.249915
vt 0.453888 0.246574
vt 0.430113 0.236468
vt 0.453929 0.157885
vt 0.463064 0.279870
vt 0.429715 0.223774
vt 0.420873 0.253176
vt 0.459352 0.255820
vt 0.420393 0.262569
vt 0.446175 0.179570
vt 0.430129 0.242934
vt 0.430450 0.202688
vt 0.141565 0.457570
vt 0.438164 0.183997
vt 0.420390 0.165201
vt 0.437905 0.230605
vt 0.436433 0.169659
vt 0.438482 0.185868
vt 0.452499 0.158009
vt 0.446875 0.236568
vt 0.441211 0.279819
vt 0.446694 0.185856
vt 0.430275 0.163377
vt 0.438222 0.248289
vt 0.416552 0.179527
vt 0.453867 0.256040
vt 0.417219 0.191378
vt 0.959405 0.693784
vt 0.931411 0.915112
vt 0.465554 0.217231
vt 0.281601 0.562917
vt 0.459984 0.220820
vt 0.430402 0.186784
vt 0.438543 0.164301
vt 0.447045 0.236468
vt 0.437745 0.230706
vt 0.416343 0.253181
vt 0.449699 0.279644
vt 0.437915 0.179570
vt 0.444378 0.207942
vt 0.438339 0.262626
vt 0.416681 0.179523
vt 0.430497 0.184929
vt 0.608218 0.287043
vt 0.786082 0.625922
vt 0.429715 0.184459
vt 0.466122 0.189885
vt 0.463064 0.276270
vt 0.467569 0.167303
vt 0.139056 0.440894
vt 0.465873 0.207221
vt 0.460951 0.265193
vt 0.427353 0.236568
vt 0.454039 0.256074
vt 0.452772 0.250141
vt 0.139487 0.467884
vt 0.141066 0.448188
vt 0.426829 0.169659
vt 0.446494 0.164289
vt 0.445874 0.191291
vt 0.466423 0.186317
vt 0.437433 0.213929
vt 0.439081 0.236468
vt 0.140802 0.924691
vt 0.448388 0.276287
vt 0.435899 0.279990
vt 0.436430 0.230706
vt 0.427147 0.184924
vt 0.454039 0.265539
vt 0.284167 0.562049
vt 0.417064 0.236554
vt 0.346338 0.002881
vt 0.454083 0.265715
vt 0.444516 0.169659
vt 0.438750 0.240151
vt 0.439106 0.157939
vt 0.445046 0.165232
vt 0.455265 0.279888
vt 0.438618 0.266337
vt 0.447161 0.270021
vt 0.333105 0.926861
vt 0.780813 0.984349
vt 0.527019 0.992718
vt 0.898368 0.139297
vt 0.448068 0.279643
vt 0.446171 0.248289
vt 0.437020 0.226126
vt 0.444516 0.179570
vt 0.452609 0.255949
vt 0.438164 0.165232
vt 0.417313 0.266292
vt 0.416855 0.248227
vt 0.465554 0.226729
vt 0.427199 0.270021
vt 0.427195 0.202692
vt 0.428192 0.263554
vt 0.429633 0.161521
vt 0.446315 0.242904
vt 0.460853 0.186286
vt 0.462641 0.279832
vt 0.448111 0.276459
vt 0.455807 0.276287
vt 0.445455 0.266337
vt 0.669480 0.557023
vt 0.547008 0.287043
vt 0.139120 0.360402
vt 0.454136 0.170916
vt 0.430497 0.164301
vt 0.420133 0.157937
vt 0.430813 0.248289
vt 0.428735 0.203619
vt 0.420503 0.226992
vt 0.445459 0.161521
vt 0.459655 0.259411
vt 0.430813 0.179570
vt 0.896476 0.145059
vt 0.105644 0.988856
vt 0.271607 0.778346
vt 0.276332 0.187629
vt 0.445999 0.169659
vt 0.452754 0.170904
vt 0.427199 0.197153
vt 0.146859 0.778346
vt 0.728363 0.701864
vt 0.068389 0.704554
vt 0.670644 0.555750
vt 0.428735 0.241079
vt 0.427389 0.241079
vt 0.448203 0.279765
vt 0.452534 0.268711
vt 0.427360 0.270021
vt 0.437585 0.230706
vt 0.417373 0.269886
vt 0.465253 0.217207
vt 0.436433 0.179570
vt 0.453929 0.161494
vt 0.780813 0.625922
vt 0.430181 0.240151
vt 0.439106 0.213929
vt 0.437174 0.218884
vt 0.446527 0.161521
vt 0.430323 0.224239
vt 0.459352 0.246447
vt 0.427778 0.224705
vt 0.427742 0.223312
vt 0.446389 0.185883
vt 0.453986 0.158200
vt 0.959405 0.624886
vt 0.138924 0.483270
vt 0.438550 0.241063
vt 0.441284 0.276510
vt 0.449656 0.276458
vt 0.448169 0.276649
vt 0.444512 0.248289
vt 0.333105 0.859838
vt 0.131909 0.285780
vt 0.140218 0.500115
vt 0.140218 0.503716
vt 0.427936 0.186644
vt 0.439085 0.191391
vt 0.438375 0.265440
vt 0.428735 0.227023
vt 0.420133 0.236548
vt 0.446385 0.264513
vt 0.417138 0.266293
vt 0.448283 0.276424
vt 0.728363 0.696096
vt 0.547061 0.557023
vt 0.411019 0.285770
vt 0.524155 0.848884
vt 0.446887 0.191391
vt 0.459984 0.226594
vt 0.446624 0.164301
vt 0.417219 0.230684
vt 0.482178 0.152076
vt 0.448169 0.279628
vt 0.447183 0.236568
vt 0.437790 0.269920
vt 0.426829 0.179570
vt 0.105644 0.854519
vt 0.276332 0.555737
vt 0.898368 0.002881
vt 0.678030 0.002881
vt 0.683299 0.002881
vt 0.903637 0.002881
vt 0.411074 0.002881
vt 0.546914 0.004125
vt 0.548013 0.002881
vt 0.437745 0.197153
vt 0.420405 0.191382
vt 0.430402 0.201760
vt 0.458703 0.200764
vt 0.437965 0.174615
vt 0.441284 0.279766
vt 0.139228 0.500115
vt 0.426972 0.263558
vt 0.438610 0.264486
vt 0.453840 0.186054
vt 0.416288 0.549989
vt 0.428240 0.201764
vt 0.446564 0.185868
vt 0.139417 0.446328
vt 0.442799 0.276635
vt 0.139478 0.469751
vt 0.427020 0.264486
vt 0.436714 0.226099
vt 0.453765 0.250140
vt 0.460951 0.255820
vt 0.430181 0.200836
vt 0.429278 0.184924
vt 0.442698 0.276649
vt 0.417442 0.077478
vt 0.430275 0.242006
vt 0.420500 0.161511
vt 0.428735 0.223312
vt 0.426445 0.213929
vt 0.430545 0.183997
vt 0.438445 0.187708
vt 0.416343 0.279963
vt 0.453035 0.221415
vt 0.430402 0.265414
vt 0.427895 0.224376
vt 0.448410 0.276387
vt 0.139063 0.440793
vt 0.427936 0.162585
vt 0.439085 0.157838
vt 0.452769 0.269071
vt 0.459405 0.176924
vt 0.427099 0.204547
vt 0.427838 0.161521
vt 0.420133 0.197242
vt 0.446560 0.241991
vt 0.442641 0.276334
vt 0.465572 0.197283
vt 0.427802 0.241544
vt 0.436776 0.227023
vt 0.416552 0.258138
vt 0.420286 0.197145
vt 0.676866 0.141911
vt 0.465572 0.207252
vt 0.437605 0.197253
vt 0.427838 0.240151
vt 0.209233 0.848488
vt 0.855479 0.285882
vt 0.436608 0.179570
vt 0.460151 0.265183
vt 0.428192 0.242934
vt 0.441168 0.276633
vt 0.452117 0.219259
vt 0.416343 0.174570
vt 0.452452 0.259260
vt 0.428735 0.165232
vt 0.420696 0.262575
vt 0.430181 0.187708
vt 0.803976 0.354893
vt 0.453738 0.239095
vt 0.429691 0.242469
vt 0.430130 0.224239
vt 0.426654 0.169659
vt 0.430813 0.258199
vt 0.430323 0.184924
vt 0.429644 0.265874
vt 0.458600 0.217207
vt 0.054139 0.988739
vt 0.466296 0.200813
vt 0.417214 0.236451
vt 0.436291 0.174615
vt 0.437653 0.191391
vt 0.478458 0.697077
vt 0.453840 0.176678
vt 0.427778 0.163839
vt 0.459352 0.250048
vt 0.139653 0.469766
vt 0.466423 0.180425
vt 0.463365 0.276300
vt 0.446045 0.253244
vt 0.438753 0.161521
vt 0.438473 0.165232
vt 0.675913 0.625928
vt 0.140802 0.994862
vt 0.798707 0.423994
vt 0.896252 0.916180
vt 0.427742 0.183997
vt 0.436312 0.197153
vt 0.428192 0.224239
vt 0.427790 0.163377
vt 0.436964 0.165232
vt 0.140045 0.491559
vt 0.438795 0.269920
vt 0.416647 0.213870
vt 0.429715 0.204083
vt 0.416818 0.243818
vt 0.211596 0.702443
vt 0.209225 0.002885
vt 0.453967 0.246661
vt 0.416680 0.248228
vt 0.427802 0.264944
vt 0.460646 0.265183
vt 0.141066 0.466952
vt 0.420664 0.218827
vt 0.446620 0.242930
vt 0.547061 0.694780
vt 0.545896 0.984276
vt 0.198362 0.854371
vt 0.467828 0.238756
vt 0.453926 0.246484
vt 0.140828 0.470663
vt 0.138945 0.440793
vt 0.429727 0.165232
vt 0.438375 0.241048
vt 0.452794 0.250040
vt 0.430275 0.225167
vt 0.449542 0.276334
vt 0.452456 0.161195
vt 0.912251 0.424034
vt 0.527019 0.920844
vt 0.460303 0.210724
vt 0.459504 0.197153
vt 0.140378 0.440793
vt 0.417373 0.230580
vt 0.430370 0.183997
vt 0.437618 0.191291
vt 0.428192 0.164305
vt 0.446049 0.174615
vt 0.438790 0.218884
vt 0.459706 0.176900
vt 0.454040 0.246608
vt 0.446243 0.243862
vt 0.439106 0.191291
vt 0.438552 0.162434
vt 0.446459 0.186811
vt 0.454136 0.186066
vt 0.454083 0.246783
vt 0.438795 0.236568
vt 0.459984 0.217219
vt 0.420965 0.169621
vt 0.449656 0.279819
vt 0.446247 0.165232
vt 0.446302 0.248289
vt 0.445890 0.270021
vt 0.675913 0.916151
vt 0.420372 0.200812
vt 0.420662 0.208921
vt 0.453025 0.199780
vt 0.458304 0.217219
vt 0.416820 0.183963
vt 0.452610 0.246484
vt 0.140116 0.452615
vt 0.427341 0.224239
vt 0.420440 0.191280
vt 0.466718 0.197176
vt 0.442664 0.276512
vt 0.430181 0.227023
vt 0.446468 0.210336
vt 0.466132 0.238756
vt 0.438540 0.263558
vt 0.438680 0.265414
vt 0.436986 0.224255
vt 0.453948 0.256127
vt 0.141423 0.462525
vt 0.346310 0.285781
vt 0.675861 0.285770
vt 0.446764 0.186784
vt 0.444378 0.197158
vt 0.416647 0.174564
vt 0.416818 0.204513
vt 0.896476 0.212227
vt 0.138924 0.360403
vt 0.929743 0.279396
vt 0.453867 0.268933
vt 0.438195 0.227023
vt 0.139807 0.452615
vt 0.429680 0.163377
vt 0.427199 0.157838
vt 0.675913 0.696099
vt 0.675913 0.984330
vt 0.838533 0.847981
vt 0.333105 0.993884
vt 0.408453 0.385896
vt 0.417375 0.236449
vt 0.436291 0.230605
vt 0.427778 0.203154
vt 0.131909 0.461910
vt 0.436644 0.200836
vt 0.453982 0.265730
vt 0.139939 0.452615
vt 0.427754 0.263090
vt 0.437793 0.191291
vt 0.446176 0.253244
vt 0.430355 0.187708
vt 0.417104 0.230687
vt 0.411019 0.378145
vt 0.437788 0.174615
vt 0.460303 0.200764
vt 0.459706 0.167327
vt 0.447055 0.191291
vt 0.428735 0.201764
vt 0.459356 0.160126
vt 0.444687 0.258199
vt 0.452456 0.176690
vt 0.421048 0.174566
vt 0.449542 0.279943
vt 0.438470 0.262626
vt 0.453035 0.217207
vt 0.444377 0.209853
vt 0.452647 0.256039
vt 0.460139 0.236536
vt 0.452754 0.167303
vt 0.669480 0.625902
vt 0.608270 0.771957
vt 0.416551 0.248232
vt 0.427195 0.185852
vt 0.417214 0.157839
vt 0.427742 0.204547
vt 0.417309 0.240116
vt 0.445455 0.240151
vt 0.281601 0.095257
vt 0.912252 0.285770
vt 0.420565 0.165203
vt 0.478458 0.555750
vt 0.467383 0.918011
vt 0.524155 0.992808
vt 0.554446 0.004154
vt 0.735748 0.002884
vt 0.002828 0.630256
vt 0.540575 0.549967
vt 0.459997 0.207132
vt 0.453297 0.170904
vt 0.430120 0.230605
vt 0.445042 0.243862
vt 0.427068 0.186784
vt 0.438482 0.163361
vt 0.890983 0.916170
vt 0.780813 0.701861
vt 0.452567 0.259382
vt 0.416818 0.165207
vt 0.429230 0.186780
vt 0.429691 0.264020
vt 0.427242 0.241079
vt 0.427068 0.162445
vt 0.452609 0.269024
vt 0.894358 0.771062
vt 0.134144 0.704771
vt 0.442457 0.276387
vt 0.438162 0.243862
vt 0.416947 0.204509
vt 0.198362 0.923386
vt 0.428735 0.200836
vt 0.462641 0.276232
vt 0.454040 0.249969
vt 0.427290 0.266337
vt 0.459686 0.230183
vt 0.438305 0.241976
vt 0.442664 0.279765
vt 0.447183 0.269920
vt 0.683299 0.073052
vt 0.478253 0.702838
vt 0.553282 0.073032
vt 0.110913 0.994864
vt 0.430497 0.224243
vt 0.417309 0.161505
vt 0.452452 0.236468
vt 0.452754 0.180279
vt 0.416949 0.183959
vt 0.417138 0.226987
vt 0.420126 0.157838
vt 0.428192 0.203619
vt 0.444378 0.211445
vt 0.426654 0.248289
vt 0.453763 0.265367
vt 0.608270 0.696053
vt 0.780813 0.916170
vt 0.931411 0.847972
vt 0.346310 0.297841
vt 0.454043 0.161370
vt 0.437793 0.157939
vt 0.429278 0.164305
vt 0.546914 0.150831
vt 0.430639 0.248289
vt 0.466718 0.210745
vt 0.459717 0.240174
vt 0.449378 0.279889
vt 0.141598 0.462525
vt 0.138925 0.482781
vt 0.438608 0.223312
vt 0.417138 0.187682
vt 0.446630 0.241063
vt 0.670592 0.355921
vt 0.460562 0.236498
vt 0.453025 0.209807
vt 0.447055 0.157939
vt 0.446175 0.169659
vt 0.427199 0.191391
vt 0.453952 0.158063
vt 0.608270 0.557023
vt 0.146859 0.708205
vt 0.545896 0.625902
vt 0.448410 0.279889
vt 0.429668 0.186315
vt 0.446703 0.187708
vt 0.438442 0.240151
vt 0.438305 0.264513
vt 0.426445 0.279990
vt 0.427353 0.269920
vt 0.452452 0.249793
vt 0.420201 0.266292
vt 0.446455 0.265440
vt 0.454147 0.239571
vt 0.452456 0.189667
vt 0.421176 0.213876
vt 0.458600 0.230183
vt 0.427290 0.187708
vt 0.444785 0.219834
vt 0.416947 0.165203
vt 0.452773 0.157838
vt 0.404448 0.853971
vt 0.430181 0.161521
vt 0.430402 0.226099
vt 0.446459 0.162418
vt 0.421048 0.213871
vt 0.453745 0.161441
vt 0.284167 0.473983
vt 0.442756 0.279818
vt 0.139347 0.469739
vt 0.459352 0.265193
vt 0.426829 0.208974
vt 0.452538 0.161180
vt 0.890981 0.625928
vt 0.890983 0.847991
vt 0.540627 0.702838
vt 0.129920 0.560526
vt 0.136849 0.187637
vt 0.405940 0.568679
vt 0.547008 0.355921
vt 0.438377 0.162418
vt 0.437091 0.202661
vt 0.452773 0.161541
vt 0.343771 0.709985
vt 0.430228 0.241079
vt 0.421048 0.253177
vt 0.438096 0.253244
vt 0.427178 0.191291
vt 0.430273 0.157838
vt 0.002635 0.704771
vt 0.420837 0.248228
vt 0.427778 0.185390
vt 0.452667 0.246574
vt 0.420131 0.191377
vt 0.429644 0.201299
vt 0.438091 0.169659
vt 0.441363 0.276424
vt 0.420372 0.161506
vt 0.428735 0.266337
vt 0.439102 0.236568
vt 0.448283 0.279853
vt 0.428240 0.241079
vt 0.416680 0.208923
vt 0.959408 0.915124
vt 0.675913 0.555757
vt 0.142118 0.187637
vt 0.667064 0.991758
vt 0.139934 0.457570
vt 0.429633 0.240151
vt 0.430228 0.265410
vt 0.447051 0.236568
vt 0.138924 0.440894
vt 0.453948 0.268846
vt 0.453840 0.189655
vt 0.430355 0.200836
vt 0.069742 0.280007
vt 0.446470 0.199233
vt 0.429230 0.265410
vt 0.459686 0.217207
vt 0.451749 0.219834
vt 0.138926 0.481555
vt 0.433806 0.275783
vt 0.138924 0.493239
vt 0.438750 0.266337
vt 0.437790 0.236568
vt 0.420390 0.204507
vt 0.459416 0.240197
vt 0.460552 0.186316
vt 0.429680 0.185852
vt 0.430545 0.204547
vt 0.453745 0.157938
vt 0.844972 0.212227
vt 0.343771 0.568679
vt 0.420500 0.240122
vt 0.456649 0.276299
vt 0.438613 0.163373
vt 0.844972 0.145176
vt 0.780813 0.555750
vt 0.669427 0.424800
vt 0.417198 0.230582
vt 0.276332 0.549967
vt 0.437375 0.266337
vt 0.452495 0.259435
vt 0.420126 0.236449
vt 0.441489 0.276387
vt 0.442698 0.279628
vt 0.459504 0.200754
vt 0.460646 0.250038
vt 0.417125 0.262569
vt 0.452647 0.265505
vt 0.142118 0.095263
vt 0.429668 0.162914
vt 0.438223 0.169659
vt 0.417442 0.150831
vt 0.430120 0.269920
vt 0.426972 0.242930
vt 0.417069 0.191280
vt 0.427802 0.186315
vt 0.442799 0.279643
vt 0.427790 0.202692
vt 0.438622 0.187708
vt 0.545896 0.701815
vt 0.890981 0.555757
vt 0.940248 0.354898
vt 0.416680 0.169617
vt 0.465977 0.226767
vt 0.427360 0.230706
vt 0.138924 0.434941
vt 0.416288 0.697077
vt 0.430639 0.258199
vt 0.437199 0.266337
vt 0.466846 0.167364
vt 0.138924 0.503706
vt 0.437203 0.161521
vt 0.446523 0.266337
vt 0.446302 0.258199
vt 0.384609 0.926873
vt 0.460853 0.176794
vt 0.466701 0.217336
vt 0.430848 0.174615
vt 0.139232 0.474246
vt 0.438412 0.164289
vt 0.441485 0.279990
vt 0.459352 0.259421
vt 0.417313 0.226986
vt 0.420695 0.223269
vt 0.452613 0.157885
vt 0.415879 0.918015
vt 0.664200 0.919853
vt 0.675913 0.842210
vt 0.430545 0.165232
vt 0.436291 0.197253
vt 0.436845 0.226110
vt 0.427387 0.226095
vt 0.466122 0.167433
vt 0.430355 0.161521
vt 0.430273 0.191391
vt 0.141019 0.481550
vt 0.430275 0.264482
vt 0.446694 0.163373
vt 0.427341 0.184924
vt 0.452657 0.199205
vt 0.441168 0.279644
vt 0.465977 0.217268
vt 0.384609 0.859733
vt 0.933527 0.139244
vt 0.540627 0.772980
vt 0.845918 0.002881
vt 0.615656 0.004154
vt 0.933527 0.002886
vt 0.002828 0.555958
vt 0.429727 0.243862
vt 0.438806 0.191391
vt 0.940248 0.423796
vt 0.889089 0.704172
vt 0.436986 0.203604
vt 0.416857 0.258133
vt 0.453297 0.186053
vt 0.460646 0.259411
vt 0.430295 0.191291
vt 0.926142 0.916180
vt 0.780813 0.696093
vt 0.545896 0.847860
vt 0.896476 0.279396
vt 0.545896 0.842098
vt 0.140359 0.490884
vt 0.420568 0.183959
vt 0.452452 0.246785
vt 0.437810 0.236468
vt 0.446389 0.163346
vt 0.426972 0.184929
vt 0.438974 0.157939
vt 0.430113 0.191391
vt 0.428537 0.275783
vt 0.454147 0.240675
vt 0.428735 0.242934
vt 0.426654 0.179570
vt 0.276332 0.285773
vt 0.735748 0.073055
vt 0.933527 0.071065
vt 0.678030 0.073032
vt 0.411074 0.095257
vt 0.068389 0.560526
vt 0.068389 0.555737
vt 0.069742 0.095259
vt 0.138924 0.494343
vt 0.141018 0.482775
vt 0.437605 0.230605
vt 0.467268 0.180501
vt 0.466400 0.217306
vt 0.346338 0.280008
vt 0.426445 0.275783
vt 0.449583 0.279766
vt 0.429535 0.162585
vt 0.430113 0.270021
vt 0.427353 0.191291
vt 0.452647 0.268934
vt 0.460151 0.246437
vt 0.430450 0.185856
vt 0.890981 0.696100
vt 0.901745 0.279162
vt 0.540627 0.555750
vt 0.890983 0.984349
vt 0.446699 0.240151
vt 0.437091 0.225198
vt 0.453369 0.238520
vt 0.430083 0.162449
vt 0.139120 0.435031
vt 0.518886 0.918007
vt 0.427754 0.223775
vt 0.453763 0.255902
vt 0.427790 0.225167
vt 0.466296 0.197214
vt 0.430355 0.227023
vt 0.929743 0.145059
vt 0.281601 0.378167
vt 0.446470 0.198594
vt 0.436423 0.230605
vt 0.139585 0.444476
vt 0.139232 0.440894
vt 0.466423 0.171001
vt 0.453840 0.170904
vt 0.416647 0.253176
vt 0.436607 0.258199
vt 0.466846 0.189954
vt 0.445999 0.179570
vt 0.420390 0.243813
vt 0.545896 0.771957
vt 0.545896 0.555750
vt 0.903638 0.139239
vt 0.675913 0.701868
vt 0.670644 0.842098
vt 0.478431 0.461912
vt 0.437378 0.187708
vt 0.141019 0.480108
vt 0.417193 0.157938
vt 0.420286 0.157839
vt 0.427242 0.201764
vt 0.427936 0.225959
vt 0.429535 0.225959
vt 0.428735 0.204547
vt 0.466122 0.180394
vt 0.426924 0.223312
vt 0.667064 0.847948
vt 0.428537 0.279990
vt 0.427178 0.269920
vt 0.444375 0.229465
vt 0.430130 0.263554
vt 0.438235 0.263585
vt 0.140066 0.457570
vt 0.445042 0.262626
vt 0.459143 0.217207
vt 0.430295 0.269920
vt 0.460139 0.240136
vt 0.786083 0.703947
vt 0.467268 0.176901
vt 0.452775 0.217956
vt 0.436962 0.243862
vt 0.453297 0.180279
vt 0.452553 0.249778
vt 0.436591 0.197153
vt 0.446247 0.183997
vt 0.438433 0.204547
vt 0.431022 0.174615
vt 0.453871 0.161404
vt 0.896252 0.847972
vt 0.139618 0.447244
vt 0.449382 0.279990
vt 0.138927 0.484373
vt 0.427020 0.242002
vt 0.427116 0.187708
vt 0.444867 0.262626
vt 0.454039 0.268899
vt 0.420126 0.197144
vt 0.838533 0.916160
vt 0.598347 0.984276
vt 0.926139 0.696095
vt 0.136849 0.095263
vt 0.427339 0.164305
vt 0.420565 0.204509
vt 0.438974 0.191291
vt 0.147058 0.549975
vt 0.068389 0.704771
vt 0.420372 0.240118
vt 0.466846 0.180463
vt 0.420435 0.157942
vt 0.452647 0.259468
vt 0.452769 0.265367
vt 0.608218 0.285770
vt 0.276332 0.702443
vt 0.553282 0.002881
vt 0.416343 0.002881
vt 0.002635 0.630254
vt 0.427826 0.240615
vt 0.139702 0.492187
vt 0.452314 0.208604
vt 0.454136 0.180292
vt 0.417380 0.191377
vt 0.416947 0.243814
vt 0.453762 0.250040
vt 0.438480 0.264497
vt 0.430323 0.203619
vt 0.427147 0.242934
vt 0.445459 0.187708
vt 0.446830 0.266337
vt 0.437174 0.208974
vt 0.441211 0.276458
vt 0.608270 0.694780
vt 0.959408 0.982030
vt 0.427147 0.164305
vt 0.438543 0.184929
vt 0.454087 0.158186
vt 0.281601 0.187632
vt 0.446423 0.165232
vt 0.430129 0.203619
vt 0.426829 0.248289
vt 0.430370 0.262626
vt 0.453767 0.161541
vt 0.786082 0.696093
vt 0.444375 0.210342
vt 0.428735 0.243862
vt 0.466296 0.210783
vt 0.466122 0.186286
vt 0.438680 0.241075
vt 0.436854 0.203615
vt 0.429644 0.226559
vt 0.446634 0.162434
vt 0.459706 0.180500
vt 0.420565 0.243814
vt 0.427895 0.164168
vt 0.420138 0.191275
vt 0.138926 0.482194
vt 0.428735 0.224239
vt 0.417375 0.197144
vt 0.459356 0.157838
vt 0.139347 0.445400
vt 0.453741 0.265468
vt 0.420435 0.236554
vt 0.439102 0.269920
vt 0.459405 0.167303
vt 0.420440 0.269892
vt 0.945862 0.838097
vt 0.837586 0.704059
vt 0.526823 0.920846
vt 0.540627 0.697076
vt 0.138924 0.285864
vt 0.429691 0.224705
vt 0.436925 0.204547
vt 0.446690 0.242002
vt 0.445890 0.236468
vt 0.209225 0.095259
vt 0.667064 0.919853
vt 0.141739 0.457570
vt 0.437020 0.201733
vt 0.138924 0.474246
vt 0.420131 0.230682
vt 0.437541 0.157838
vt 0.438968 0.157838
vt 0.453925 0.265415
vt 0.737284 0.354882
vt 0.415880 0.843122
vt 0.896250 0.696093
vt 0.466718 0.200775
vt 0.430370 0.243862
vt 0.467019 0.207122
vt 0.430545 0.223312
vt 0.426445 0.174615
vt 0.728363 0.772036
vt 0.416820 0.262575
vt 0.454083 0.268723
vt 0.545844 0.285770
vt 0.209225 0.187633
vt 0.656067 0.847860
vt 0.420837 0.169617
vt 0.420839 0.218829
vt 0.446494 0.184940
vt 0.452609 0.259559
vt 0.420138 0.269886
vt 0.430370 0.165232
vt 0.438965 0.218884
vt 0.430130 0.184924
vt 0.420965 0.208927
vt 0.427020 0.185856
vt 0.110913 0.924693
vt 0.430497 0.203615
vt 0.430639 0.208974
vt 0.447187 0.157939
vt 0.452534 0.265728
vt 0.416681 0.258134
vt 0.428735 0.265410
vt 0.458703 0.207123
vt 0.438020 0.200836
vt 0.430120 0.236568
vt 0.446319 0.164274
vt 0.547061 0.625902
vt 0.959405 0.555988
vt 0.518886 0.849109
vt 0.420440 0.230586
vt 0.436964 0.183997
vt 0.467569 0.190015
vt 0.426972 0.224243
vt 0.444867 0.243862
vt 0.420291 0.230684
vt 0.276332 0.095255
vt 0.427116 0.200836
vt 0.429230 0.241079
vt 0.139333 0.492762
vt 0.427339 0.203619
vt 0.420873 0.213870
vt 0.429575 0.224376
vt 0.463365 0.279900
vt 0.436789 0.165232
vt 0.461918 0.279771
vt 0.002635 0.848758
vt 0.427389 0.201764
vt 0.429535 0.241215
vt 0.436714 0.201760
vt 0.139548 0.468823
vt 0.446550 0.243862
vt 0.446760 0.241075
vt 0.430295 0.157939
vt 0.133951 0.555958
vt 0.462219 0.276194
vt 0.429575 0.203483
vt 0.451740 0.211388
vt 0.427341 0.263554
vt 0.437233 0.223312
vt 0.000000 0.000000
vt 0.438965 0.208974
vt 0.420405 0.269993
vt 0.436776 0.200836
vt 0.438806 0.157838
vt 0.436600 0.197253
vt 0.444691 0.169659
vt 0.138924 0.500105
vt 0.460562 0.240098
vt 0.478431 0.549978
vt 0.444547 0.253244
vt 0.446319 0.184955
vt 0.427895 0.203483
vt 0.141598 0.452615
vt 0.436432 0.258199
vt 0.430402 0.162445
vt 0.793467 0.139297
vt 0.416288 0.555750
vt 0.147058 0.461910
vt 0.110913 0.854521
vt 0.069742 0.187633
vt 0.452657 0.209232
vt 0.430228 0.201764
vt 0.449378 0.276387
vt 0.429633 0.227023
vt 0.437914 0.248289
vt 0.438971 0.236568
vt 0.429278 0.242934
vt 0.453926 0.250094
vt 0.445995 0.258199
vt 0.446560 0.264497
vt 0.452495 0.268900
vt 0.786083 0.842210
vt 0.417193 0.197244
vt 0.139558 0.466952
vt 0.446624 0.184929
vt 0.467569 0.186415
vt 0.427778 0.242469
vt 0.430450 0.242002
vt 0.428240 0.226095
vt 0.427936 0.201900
vt 0.453986 0.161179
vt 0.438222 0.258199
vt 0.453925 0.255950
vt 0.445280 0.266337
vt 0.444512 0.258199
vt 0.675861 0.354882
vt 0.478253 0.843122
vt 0.271607 0.708205
vt 0.416288 0.461923
vt 0.136849 0.280011
vt 0.452772 0.268970
vt 0.465572 0.200882
vt 0.420503 0.187686
vt 0.447187 0.191291
vt 0.140653 0.444476
vt 0.430228 0.226095
vt 0.416343 0.213876
vt 0.452754 0.186053
vt 0.438237 0.164274
vt 0.931408 0.555750
vt 0.276332 0.373838
vt 0.437609 0.213929
vt 0.459502 0.210734
vt 0.417005 0.161511
vt 0.426924 0.204547
vt 0.416949 0.223265
vt 0.420313 0.269888
vt 0.459143 0.230183
vt 0.466400 0.230405
vt 0.446620 0.263558
vt 0.429727 0.262626
vt 0.427895 0.263690
vt 0.417368 0.157937
vt 0.906982 0.354902
vt 0.125481 0.710533
vt 0.281601 0.859942
vt 0.518886 0.986906
vt 0.466296 0.207183
vt 0.467569 0.176924
vt 0.129920 0.699986
vt 0.446306 0.179570
vt 0.444871 0.165232
vt 0.446634 0.186795
vt 0.430450 0.264486
vt 0.452452 0.265713
vt 0.467383 0.848996
vt 0.658735 0.997119
vt 0.445870 0.269920
vt 0.838531 0.696096
vt 0.427353 0.197253
vt 0.430323 0.164305
vt 0.459706 0.170927
vt 0.460552 0.189916
vt 0.454043 0.158010
vt 0.281601 0.280008
vt 0.139939 0.462525
vt 0.447051 0.269920
vt 0.139866 0.448188
vt 0.446887 0.157838
vt 0.438237 0.184955
vt 0.448226 0.276334
vt 0.429668 0.264944
vt 0.452000 0.207929
vt 0.467828 0.236468
vt 0.125481 0.848758
vt 0.002635 0.710533
vt 0.002635 0.854753
vt 0.002828 0.704554
vt 0.002635 0.555737
vt 0.002635 0.285773
vt 0.002635 0.373837
vt 0.069742 0.002885
vt 0.447165 0.191391
vt 0.427116 0.161521
vt 0.451740 0.201361
vt 0.430639 0.218884
vt 0.429727 0.223312
vt 0.281601 0.709985
vt 0.446469 0.199820
vt 0.452452 0.236468
vt 0.453035 0.217207
vt 0.000000 0.000000
vt 0.000000 0.000000
vt 0.000000 0.000000
vt 0.451740 0.207180
vt 0.140619 0.490135
vt 0.000000 0.000000
vt 0.000000 0.000000
vt 0.000000 0.000000
vt 0.000000 0.000000
vt 0.451740 0.197153
vt 0.446070 0.217207
vt 0.000000 0.000000
vt 0.000000 0.000000
vt 0.000000 0.000000
vt 0.000000 0.000000
vn 0.000000 0.000000 1.000000
vn 0.000000 0.000000 1.000000
vn 0.000000 0.000000 1.000000
vn 0.000000 0.000000 1.000000
vn -1.000000 0.000000 0.000000
vn -1.000000 0.000000 0.000000
vn -1.000000 0.000000 0.000000
vn -1.000000 0.000000 0.000000
vn 1.000000 -0.000000 0.000000
vn 1.000000 -0.000000 0.000000
vn 1.000000 -0.000000 0.000000
vn 1.000000 -0.000000 0.000000
vn -0.000000 -1.000000 -0.000000
vn -0.000000 -1.000000 -0.000000
vn -0.000000 -1.000000 -0.000000
vn -0.000000 -1.000000 -0.000000
vn -0.000000 -1.000000 -0.000000
vn -0.000000 -1.000000 -0.000000
vn -0.000000 -1.000000 -0.000000
vn -0.000000 -1.000000 -0.000000
vn -0.000000 -1.000000 -0.000000
vn 0.000000 1.000000 0.000000
vn 0.000000 1.000000 0.000001
vn 0.000000 1.000000 0.000001
vn 0.000000 1.000000 0.000001
vn 0.000000 1.000000 0.000001
vn 0.000000 1.000000 0.000001
vn 0.000000 1.000000 0.000001
vn 0.000000 1.000000 0.000001
vn 0.000000 1.000000 0.000000
vn 0.728678 -0.000001 -0.684856
vn 0.728678 -0.000001 -0.684856
vn 0.775863 -0.000002 -0.630902
vn 0.775863 -0.000002 -0.630901
vn 0.775863 -0.000002 -0.630901
vn 0.775863 -0.000002 -0.630902
vn 0.839313 -0.000001 -0.543648
vn 0.839317 -0.000001 -0.543642
vn 0.839317 -0.000001 -0.543642
vn 0.839313 -0.000001 -0.543648
vn 0.875219 0.000002 -0.483728
vn 0.875222 0.000002 -0.483722
vn 0.875222 0.000002 -0.483722
vn 0.875219 0.000002 -0.483728
vn 0.914263 0.000002 -0.405120
vn 0.914264 0.000002 -0.405119
vn 0.914264 0.000002 -0.405119
vn 0.914263 0.000002 -0.405120
vn 0.934859 -0.000000 -0.355019
vn 0.934859 -0.000000 -0.355019
vn 0.000000 1.000000 0.000000
vn 0.000000 1.000000 0.000000
vn 0.000000 1.000000 0.000000
vn 0.000000 1.000000 0.000000
vn 0.000000 0.000000 1.000000
vn 0.000000 0.000000 1.000000
vn 0.000000 0.000000 1.000000
vn 0.000000 0.000000 1.000000
vn -1.000000 0.000000 0.000000
vn -1.000000 0.000000 0.000000
vn -1.000000 0.000000 0.000000
vn -1.000000 0.000000 0.000000
vn 1.000000 -0.000000 0.000000
vn 1.000000 -0.000000 0.000000
vn 1.000000 -0.000000 0.000000
vn 1.000000 -0.000000 0.000000
vn -0.000000 -1.000000 0.000001
vn -0.000000 -1.000000 0.000001
vn -0.000000 -1.000000 0.000001
vn -0.000000 -1.000000 0.000001
vn -0.000000 -1.000000 0.000001
vn -0.000000 -1.000000 0.000001
vn -0.000000 -1.000000 0.000001
vn -0.000000 -1.000000 0.000001
vn -0.000000 -1.000000 0.000001
vn 0.000000 1.000000 0.000000
vn 0.000000 1.000000 0.000000
vn 0.000000 1.000000 0.000000
vn 0.000000 1.000000 0.000000
vn 0.000000 1.000000 0.000000
vn 0.000000 1.000000 0.000000
vn 0.000000 1.000000 0.000000
vn 0.000000 1.000000 0.000000
vn 0.000000 1.000000 0.000000
vn 0.728678 -0.000001 -0.684856
vn 0.728678 -0.000001 -0.684856
vn 0.775863 -0.000002 -0.630902
vn 0.775864 -0.000002 -0.630901
vn 0.775864 -0.000002 -0.630901
vn 0.775863 -0.000002 -0.630902
vn 0.839313 -0.000001 -0.543648
vn 0.839317 -0.000001 -0.543642
vn 0.839317 -0.000001 -0.543642
vn 0.839313 -0.000001 -0.543648
vn 0.875218 0.000002 -0.483728
vn 0.875221 0.000002 -0.483722
vn 0.875221 0.000002 -0.483722
vn 0.875218 0.000002 -0.483728
vn 0.914263 0.000002 -0.405120
vn 0.914264 0.000002 -0.405119
vn 0.914264 0.000002 -0.405119
vn 0.914263 0.000002 -0.405120
vn 0.934859 -0.000000 -0.355019
vn 0.934859 -0.000000 -0.355019
vn 0.000000 1.000000 0.000000
vn 0.000000 1.000000 0.000000
vn 0.000000 1.000000 0.000000
vn 0.000000 1.000000 0.000000
vn 0.000000 0.000000 1.000000
vn 0.000000 0.000000 1.000000
vn 0.000000 0.000000 1.000000
vn 0.000000 0.000000 1.000000
vn -1.000000 0.000000 0.000000
vn -1.000000 0.000000 0.000000
vn -1.000000 0.000000 0.000000
vn -1.000000 0.000000 0.000000
vn 1.000000 -0.000000 0.000000
vn 1.000000 -0.000000 0.000000
vn 1.000000 -0.000000 0.000000
vn 1.000000 -0.000000 0.000000
vn -0.000000 -1.000000 0.000004
vn -0.000000 -1.000000 0.000004
vn -0.000000 -1.000000 0.000004
vn -0.000000 -1.000000 0.000004
vn -0.000000 -1.000000 0.000004
vn -0.000000 -1.000000 0.000004
vn -0.000000 -1.000000 0.000004
vn -0.000000 -1.000000 0.000004
vn -0.000000 -1.000000 0.000004
vn 0.000000 1.000000 -0.000001
vn 0.000000 1.000000 -0.000001
vn 0.000000 1.000000 -0.000001
vn 0.000000 1.000000 -0.000001
vn 0.000000 1.000000 -0.000001
vn 0.000000 1.000000 -0.000001
vn 0.000000 1.000000 -0.000001
vn 0.000000 1.000000 -0.000001
vn 0.000000 1.000000 -0.000001
vn 0.728679 -0.000001 -0.684855
vn 0.728679 -0.000001 -0.684855
vn 0.775863 -0.000002 -0.630902
vn 0.775864 -0.000002 -0.630900
vn 0.775864 -0.000002 -0.630900
vn 0.775863 -0.000002 -0.630902
vn 0.839312 -0.000001 -0.543650
vn 0.839316 -0.000001 -0.543644
vn 0.839316 -0.000001 -0.543644
vn 0.839312 -0.000001 -0.543650
vn 0.875218 0.000002 -0.483729
vn 0.875221 0.000002 -0.483723
vn 0.875221 0.000002 -0.483723
vn 0.875218 0.000002 -0.483729
vn 0.914263 0.000002 -0.405121
vn 0.914264 0.000002 -0.405120
vn 0.914264 0.000002 -0.405120
vn 0.914263 0.000002 -0.405121
vn 0.934859 -0.000000 -0.355021
vn 0.934859 -0.000000 -0.355021
vn 0.000000 1.000000 0.000000
vn 0.000000 1.000000 -0.000001
vn 0.000000 1.000000 -0.000001
vn 0.000000 1.000000 0.000000
vn -0.493271 0.855758 0.156084
vn -0.705292 0.707866 -0.038583
vn -0.705215 0.707794 -0.041227
vn -0.860070 0.498044 0.110598
vn -0.996728 -0.000005 0.080823
vn -0.996728 -0.000006 0.080823
vn -0.996729 0.000000 0.080815
vn -0.988747 -0.130681 0.072818
vn -0.988747 -0.130681 0.072818
vn -0.996729 0.000000 0.080815
vn -0.996729 0.000000 0.080815
vn -0.995601 0.000000 0.093694
vn -0.987687 -0.129126 0.088322
vn -0.988747 -0.130681 0.072818
vn 0.478242 -0.836847 0.266405
vn 0.496875 -0.862733 0.093845
vn 0.859352 -0.495963 0.124639
vn 0.823803 -0.479608 0.302200
vn 0.125952 0.966258 -0.224680
vn -0.127783 0.972397 -0.195230
vn -0.129219 0.991300 -0.025026
vn 0.129860 0.990108 -0.053134
vn 0.129859 -0.990108 -0.053134
vn -0.129219 -0.991300 -0.025026
vn -0.127813 -0.972394 -0.195229
vn 0.125952 -0.966265 -0.224651
vn 0.129859 -0.990108 -0.053134
vn 0.125952 -0.966265 -0.224651
vn 0.478229 -0.836856 -0.266399
vn 0.496875 -0.862733 -0.093845
vn -0.989536 0.130437 0.061678
vn -0.988747 0.130682 0.072818
vn -0.996729 0.000000 0.080815
vn -0.996729 0.000000 0.080815
vn -0.997536 0.000000 0.070163
vn 0.985485 0.129857 -0.109349
vn 0.989210 0.131506 -0.064578
vn 0.989210 -0.131506 -0.064578
vn 0.985485 -0.129858 -0.109349
vn -0.997536 0.000000 0.070163
vn -0.996729 0.000000 0.080815
vn -0.996729 0.000000 0.080815
vn -0.988747 -0.130681 0.072818
vn -0.989536 -0.130440 0.061680
vn 0.131600 -0.991303 0.000000
vn -0.127449 -0.991845 -0.000000
vn -0.128515 -0.990430 -0.050326
vn 0.131508 -0.989285 -0.063419
vn -0.988747 0.130682 -0.072818
vn -0.989536 0.130441 -0.061680
vn -0.997536 0.000000 -0.070163
vn -0.996729 0.000000 -0.080815
vn -0.996729 0.000000 -0.080815
vn -0.987687 0.129126 -0.088322
vn -0.988747 0.130682 -0.072818
vn -0.996729 0.000000 -0.080815
vn -0.996729 0.000000 -0.080815
vn -0.995601 0.000000 -0.093694
vn 0.125952 -0.966265 0.224651
vn 0.129859 -0.990108 0.053134
vn 0.496875 -0.862733 0.093845
vn 0.478242 -0.836847 0.266405
vn 0.131508 0.989284 0.063419
vn -0.128515 0.990430 0.050326
vn -0.129155 0.990276 0.051699
vn 0.130654 0.988646 0.074223
vn 0.131600 0.991303 0.000000
vn -0.127448 0.991845 0.000000
vn -0.128515 0.990430 0.050326
vn 0.131508 0.989284 0.063419
vn 0.131508 0.989284 -0.063419
vn -0.128515 0.990430 -0.050326
vn -0.127448 0.991845 0.000000
vn 0.131600 0.991303 0.000000
vn 0.130654 0.988646 -0.074223
vn -0.129155 0.990276 -0.051699
vn -0.128515 0.990430 -0.050326
vn 0.131508 0.989284 -0.063419
vn 0.129860 0.990108 -0.053134
vn -0.129219 0.991300 -0.025026
vn -0.130010 0.990492 -0.044985
vn -0.130010 0.990492 -0.044985
vn -0.130010 0.990492 -0.044985
vn -0.129155 0.990276 -0.051699
vn 0.130654 0.988646 -0.074223
vn -0.988747 0.130682 -0.072818
vn -0.988747 0.130682 -0.072818
vn -0.996729 0.000000 -0.080815
vn -0.996729 -0.000005 -0.080821
vn -0.996728 0.000001 -0.080823
vn -0.129219 0.991300 -0.025026
vn -0.127783 0.972397 -0.195230
vn -0.493278 0.855757 -0.156069
vn -0.257946 0.966102 -0.010493
vn -0.990637 0.131902 0.035219
vn -0.989536 0.130437 0.061678
vn -0.997536 0.000000 0.070163
vn -0.997536 0.000000 0.070163
vn -0.997536 0.000000 0.070163
vn -0.989536 -0.130440 0.061680
vn -0.990637 -0.131902 0.035219
vn -0.990839 0.135048 0.000000
vn -0.990637 0.131902 0.035219
vn -0.990637 -0.131902 0.035219
vn -0.990839 -0.135048 -0.000000
vn -0.990637 0.131902 -0.035219
vn -0.990839 0.135048 0.000000
vn -0.990839 -0.135048 -0.000000
vn -0.990637 -0.131902 -0.035219
vn -0.989536 0.130441 -0.061680
vn -0.990637 0.131902 -0.035219
vn -0.990637 -0.131902 -0.035219
vn -0.989536 -0.130436 -0.061678
vn -0.997536 0.000000 -0.070163
vn -0.997536 0.000000 -0.070163
vn -0.997536 0.000000 -0.070163
vn -0.996729 0.000000 -0.080815
vn -0.996729 0.000000 -0.080815
vn -0.997536 0.000000 -0.070163
vn -0.989536 -0.130436 -0.061678
vn -0.988747 -0.130681 -0.072818
vn -0.995601 0.000000 -0.093694
vn -0.996729 0.000000 -0.080815
vn -0.996729 0.000000 -0.080815
vn -0.988747 -0.130681 -0.072818
vn -0.987687 -0.129126 -0.088322
vn 0.859352 -0.495963 -0.124639
vn 0.823810 -0.479613 -0.302173
vn 0.942151 -0.124823 -0.311080
vn 0.983653 -0.128698 -0.125951
vn 0.000000 0.000000 -1.000000
vn -0.000000 -0.195071 -0.980789
vn -0.000000 -0.199000 -0.980000
vn 0.000000 0.000000 -1.000000
vn 0.985485 0.129857 0.109349
vn 0.983653 0.128698 0.125951
vn 0.983653 -0.128698 0.125951
vn 0.985485 -0.129858 0.109349
vn 0.989210 0.131506 0.064578
vn 0.985485 0.129857 0.109349
vn 0.985485 -0.129858 0.109349
vn 0.989210 -0.131506 0.064578
vn 0.990876 0.134774 0.000000
vn 0.989210 0.131506 0.064578
vn 0.989210 -0.131506 0.064578
vn 0.990876 -0.134774 0.000000
vn 0.989210 0.131506 -0.064578
vn 0.990876 0.134774 0.000000
vn 0.990876 -0.134774 0.000000
vn 0.989210 -0.131506 -0.064578
vn -0.996729 0.000000 -0.080815
vn -0.996729 -0.000006 -0.080822
vn -0.996728 -0.000005 -0.080824
vn -0.988747 -0.130681 -0.072818
vn -0.988747 -0.130681 -0.072818
vn -0.000000 -0.999607 -0.028023
vn -0.000000 -0.983782 0.179369
vn -0.000000 -0.987174 0.159649
vn -0.000000 -0.999607 -0.028022
vn 0.000000 0.999607 -0.028029
vn 0.000000 0.977486 -0.211003
vn 0.000000 0.973209 -0.229924
vn 0.000000 0.999607 -0.028028
vn -0.000000 -0.999607 0.028023
vn -0.000000 -0.977486 0.210999
vn -0.000000 -0.973209 0.229921
vn -0.000000 -0.999607 0.028022
vn 0.983653 0.128698 -0.125951
vn 0.985485 0.129857 -0.109349
vn 0.985485 -0.129858 -0.109349
vn 0.983653 -0.128698 -0.125951
vn 0.000000 0.000000 1.000000
vn 0.000000 0.194896 0.980824
vn 0.000000 0.191122 0.981566
vn 0.000000 0.000000 1.000000
vn -0.995601 0.000000 -0.093694
vn -0.996729 -0.000001 -0.080821
vn -0.996729 -0.000002 -0.080820
vn -0.996729 0.000000 -0.080815
vn -0.995601 0.000000 -0.093694
vn -0.996729 -0.000005 -0.080820
vn -0.996729 0.000000 -0.080815
vn -0.997536 0.000000 -0.070163
vn -0.997536 0.000000 -0.070163
vn -0.996729 -0.000002 -0.080821
vn -0.988747 0.130682 -0.072818
vn -0.988747 0.130682 -0.072818
vn -0.996728 0.000001 -0.080823
vn -0.996729 0.000004 -0.080823
vn -0.996729 0.000000 -0.080815
vn -0.988747 0.130682 0.072818
vn -0.988747 0.130682 0.072818
vn -0.996729 0.000000 0.080815
vn -0.996729 0.000004 0.080820
vn -0.996728 0.000000 0.080823
vn 0.000000 0.977486 0.211003
vn 0.000000 0.999607 0.028029
vn 0.000000 0.999607 0.028028
vn 0.000000 0.973209 0.229924
vn 0.130653 -0.988646 0.074223
vn -0.129156 -0.990276 0.051699
vn -0.128515 -0.990430 0.050326
vn 0.131508 -0.989285 0.063419
vn -0.000000 -0.194896 0.980824
vn 0.000000 0.000000 1.000000
vn 0.000000 0.000000 1.000000
vn -0.000000 -0.191122 0.981566
vn 0.000000 0.194896 -0.980824
vn 0.000000 0.000000 -1.000000
vn 0.000000 0.000000 -1.000000
vn 0.000000 0.191122 -0.981566
vn 0.131508 -0.989285 0.063419
vn -0.128515 -0.990430 0.050326
vn -0.127449 -0.991845 -0.000000
vn 0.131600 -0.991303 0.000000
vn -0.996729 0.000000 0.080820
vn -0.996729 0.000000 0.080815
vn -0.995601 0.000000 0.093694
vn -0.995601 0.000000 0.093694
vn -0.996729 0.000000 0.080820
vn -0.988747 0.130682 0.072818
vn -0.988747 0.130682 0.072818
vn -0.996728 0.000000 0.080823
vn -0.996729 -0.000003 0.080823
vn -0.996729 0.000000 0.080815
vn 0.000000 0.983782 0.179366
vn 0.000000 0.999607 -0.028029
vn 0.000000 0.999607 -0.028028
vn 0.000000 0.987174 0.159647
vn -0.988747 0.130682 0.072818
vn -0.987687 0.129126 0.088322
vn -0.995601 0.000000 0.093694
vn -0.996729 0.000000 0.080815
vn -0.996729 0.000000 0.080815
vn -0.000000 -0.195071 0.980789
vn 0.000000 0.000000 1.000000
vn 0.000000 0.000000 1.000000
vn -0.000000 -0.199000 0.980000
vn -0.996728 -0.000005 -0.080824
vn -0.996728 0.000000 -0.080824
vn -0.996729 0.000000 -0.080815
vn -0.988747 -0.130681 -0.072818
vn -0.988747 -0.130681 -0.072818
vn 0.000000 0.195071 -0.980789
vn 0.000000 0.000000 -1.000000
vn 0.000000 0.000000 -1.000000
vn 0.000000 0.199000 -0.980000
vn -0.996729 0.000000 0.080820
vn -0.995601 0.000000 0.093694
vn -0.995601 0.000000 0.093694
vn -0.996729 0.000000 0.080815
vn -0.996729 0.000000 0.080821
vn 0.130653 -0.988646 -0.074223
vn -0.129156 -0.990276 -0.051699
vn -0.130011 -0.990492 -0.044985
vn -0.130011 -0.990492 -0.044985
vn -0.130011 -0.990492 -0.044985
vn -0.129219 -0.991300 -0.025026
vn 0.129859 -0.990108 -0.053134
vn -0.000000 -0.977486 -0.210999
vn -0.000000 -0.999607 -0.028023
vn -0.000000 -0.999607 -0.028022
vn -0.000000 -0.973209 -0.229921
vn -0.996729 -0.000002 -0.080821
vn -0.997536 0.000000 -0.070163
vn -0.997536 0.000000 -0.070163
vn -0.996729 0.000000 -0.080815
vn -0.996729 0.000000 -0.080821
vn -0.995601 0.000000 -0.093694
vn -0.996729 0.000000 -0.080815
vn -0.996729 0.000000 -0.080821
vn -0.996729 -0.000001 -0.080821
vn -0.995601 0.000000 -0.093694
vn -0.000000 -0.983782 -0.179369
vn -0.000000 -0.999607 0.028023
vn -0.000000 -0.999607 0.028022
vn -0.000000 -0.987174 -0.159649
vn 0.131508 -0.989285 -0.063419
vn -0.128515 -0.990430 -0.050326
vn -0.129156 -0.990276 -0.051699
vn 0.130653 -0.988646 -0.074223
vn -0.997536 0.000000 0.070163
vn -0.996729 0.000000 0.080815
vn -0.996729 0.000000 0.080821
vn -0.996729 0.000002 0.080821
vn -0.997536 0.000000 0.070163
vn -0.996729 0.000000 0.080815
vn -0.996729 0.000002 0.080821
vn -0.996728 -0.000005 0.080823
vn -0.988747 -0.130681 0.072818
vn -0.988747 -0.130681 0.072818
vn 0.130654 0.988646 0.074223
vn -0.129155 0.990276 0.051699
vn -0.130010 0.990492 0.044985
vn -0.130010 0.990492 0.044985
vn -0.130010 0.990492 0.044985
vn -0.129219 0.991300 0.025026
vn 0.129860 0.990108 0.053134
vn 0.000000 0.000000 -1.000000
vn -0.000000 -0.194896 -0.980824
vn -0.000000 -0.191122 -0.981566
vn 0.000000 0.000000 -1.000000
vn -0.997536 0.000000 0.070163
vn -0.996729 0.000002 0.080821
vn -0.996729 0.000004 0.080820
vn -0.996729 0.000000 0.080815
vn -0.997536 0.000000 0.070163
vn 0.000000 0.000000 1.000000
vn 0.000000 0.195071 0.980789
vn 0.000000 0.199000 0.980000
vn 0.000000 0.000000 1.000000
vn 0.129859 -0.990108 0.053134
vn -0.129219 -0.991300 0.025026
vn -0.130011 -0.990492 0.044985
vn -0.130011 -0.990492 0.044985
vn -0.130011 -0.990492 0.044985
vn -0.129156 -0.990276 0.051699
vn 0.130653 -0.988646 0.074223
vn -0.996729 -0.000005 -0.080820
vn -0.996729 -0.000006 -0.080818
vn -0.996729 -0.000005 -0.080821
vn -0.996729 0.000000 -0.080815
vn -0.996729 0.000000 -0.080815
vn -0.996729 0.000004 -0.080823
vn -0.996728 0.000000 -0.080824
vn -0.996729 0.000000 -0.080821
vn -0.996729 0.000000 -0.080815
vn -0.996729 0.000000 -0.080815
vn -0.996729 -0.000002 -0.080820
vn -0.996729 0.000000 -0.080818
vn -0.996729 -0.000006 -0.080822
vn -0.996729 0.000000 -0.080815
vn -0.996729 0.000000 -0.080815
vn -0.996729 0.000000 0.080820
vn -0.996729 0.000000 0.080816
vn -0.996729 0.000004 0.080820
vn -0.996729 0.000000 0.080815
vn -0.996729 0.000000 0.080815
vn -0.996729 -0.000003 0.080823
vn -0.996728 0.000000 0.080823
vn -0.996729 0.000000 0.080821
vn -0.996729 0.000000 0.080815
vn -0.996729 0.000000 0.080815
vn -0.996729 0.000004 0.080820
vn -0.996729 0.000007 0.080817
vn -0.996729 0.000002 0.080821
vn -0.996729 0.000000 0.080815
vn -0.996729 0.000000 0.080815
vn -0.996728 -0.000006 0.080823
vn -0.996728 0.000000 0.080824
vn -0.996729 0.000000 0.080821
vn -0.996729 0.000000 0.080815
vn -0.996729 0.000000 0.080815
vn -0.996728 0.000000 -0.080824
vn -0.996728 0.000000 -0.080823
vn -0.996729 0.000000 -0.080821
vn -0.996729 0.000000 -0.080815
vn -0.996729 0.000000 -0.080815
vn 0.000000 0.195071 -0.980789
vn 0.000000 0.199000 -0.980000
vn 0.000000 0.386382 -0.922339
vn 0.000000 0.386382 -0.922339
vn 0.000000 0.932806 -0.360380
vn 0.000000 0.932806 -0.360380
vn 0.000000 0.987174 -0.159647
vn 0.000000 0.983782 -0.179366
vn -0.000000 -0.191122 -0.981566
vn -0.000000 -0.194896 -0.980824
vn -0.000000 -0.378796 -0.925480
vn -0.000000 -0.378796 -0.925480
vn -0.000000 -0.914499 -0.404588
vn -0.000000 -0.914499 -0.404588
vn -0.000000 -0.977486 -0.210999
vn -0.000000 -0.973209 -0.229921
vn 0.000000 0.977486 0.211003
vn 0.000000 0.973209 0.229924
vn 0.000000 0.914499 0.404588
vn 0.000000 0.914499 0.404588
vn 0.000000 0.378796 0.925480
vn 0.000000 0.378796 0.925480
vn 0.000000 0.191122 0.981566
vn 0.000000 0.194896 0.980824
vn -0.000000 -0.194896 0.980824
vn -0.000000 -0.191122 0.981566
vn -0.000000 -0.378796 0.925480
vn -0.000000 -0.378796 0.925480
vn -0.000000 -0.914499 0.404588
vn -0.000000 -0.914499 0.404588
vn -0.000000 -0.973209 0.229921
vn -0.000000 -0.977486 0.210999
vn -0.000000 -0.983782 -0.179369
vn -0.000000 -0.987174 -0.159649
vn -0.000000 -0.932806 -0.360380
vn -0.000000 -0.932806 -0.360380
vn -0.000000 -0.386382 -0.922339
vn -0.000000 -0.386382 -0.922339
vn -0.000000 -0.199000 -0.980000
vn -0.000000 -0.195071 -0.980789
vn 0.000000 0.983782 0.179366
vn 0.000000 0.987174 0.159647
vn 0.000000 0.932806 0.360380
vn 0.000000 0.932806 0.360380
vn 0.000000 0.386382 0.922339
vn 0.000000 0.386382 0.922339
vn 0.000000 0.199000 0.980000
vn 0.000000 0.195071 0.980789
vn 0.000000 0.194896 -0.980824
vn 0.000000 0.191122 -0.981566
vn 0.000000 0.378796 -0.925480
vn 0.000000 0.378796 -0.925480
vn 0.000000 0.914499 -0.404588
vn 0.000000 0.914499 -0.404588
vn 0.000000 0.973209 -0.229924
vn 0.000000 0.977486 -0.211003
vn -0.000000 -0.195071 0.980789
vn -0.000000 -0.199000 0.980000
vn -0.000000 -0.386382 0.922339
vn -0.000000 -0.386382 0.922339
vn -0.000000 -0.932806 0.360380
vn -0.000000 -0.932806 0.360380
vn -0.000000 -0.987174 0.159649
vn -0.000000 -0.983782 0.179369
vn 0.000000 0.999607 0.028029
vn 0.000000 0.983782 -0.179366
vn 0.000000 0.987174 -0.159647
vn 0.000000 0.999607 0.028028
vn -0.705308 0.707850 0.038585
vn -0.493278 0.855757 -0.156069
vn -0.860075 0.498035 -0.110595
vn -0.705231 0.707778 0.041228
vn 0.859352 0.495963 0.124639
vn 0.823803 0.479608 0.302200
vn 0.942151 0.124822 0.311080
vn 0.983653 0.128698 0.125951
vn -0.987687 0.129126 0.088322
vn -0.987642 0.130559 -0.086703
vn -0.987642 -0.130558 -0.086703
vn -0.987687 -0.129126 0.088322
vn -0.995601 0.000000 0.093694
vn -0.995601 0.000000 0.093694
vn -0.995601 0.000000 0.093694
vn 0.496875 -0.862733 -0.093845
vn 0.478229 -0.836856 -0.266399
vn 0.823810 -0.479613 -0.302173
vn 0.859352 -0.495963 -0.124639
vn -0.962581 0.258839 0.080257
vn -0.860075 0.498035 -0.110595
vn -0.987642 0.130559 -0.086703
vn -0.987687 0.129126 0.088322
vn 0.942151 0.124822 -0.311080
vn 0.983653 0.128698 -0.125951
vn 0.983653 -0.128698 -0.125951
vn 0.942151 -0.124823 -0.311080
vn 0.129860 0.990108 0.053134
vn -0.129219 0.991300 0.025026
vn -0.127782 0.972392 0.195260
vn 0.125952 0.966258 0.224680
vn -0.228711 0.029604 -0.973044
vn -0.206978 0.116521 -0.971382
vn -0.117897 0.196667 -0.973356
vn -0.029298 0.209454 -0.977380
vn 0.024781 0.204904 -0.978468
vn 0.100987 0.183297 -0.977857
vn 0.174477 0.103276 -0.979230
vn 0.189800 0.025117 -0.981502
vn 0.189800 -0.025087 -0.981502
vn 0.174477 -0.103246 -0.979233
vn 0.100987 -0.183297 -0.977857
vn 0.024781 -0.204904 -0.978468
vn -0.029268 -0.209454 -0.977380
vn -0.117897 -0.196667 -0.973356
vn -0.206978 -0.116521 -0.971382
vn -0.228711 -0.029604 -0.973044
vn -0.987642 0.130559 0.086703
vn -0.987687 0.129126 -0.088322
vn -0.995601 0.000000 -0.093694
vn -0.995601 0.000000 -0.093694
vn -0.995601 0.000000 -0.093694
vn -0.987687 -0.129126 -0.088322
vn -0.987642 -0.130558 0.086703
vn -0.130010 0.990492 0.044985
vn -0.129155 0.990276 0.051699
vn -0.257756 0.965355 0.040643
vn -0.257823 0.965620 0.033244
vn -0.705726 0.708269 -0.017509
vn -0.705811 0.708378 -0.005554
vn -0.705807 0.708371 -0.006889
vn -0.705726 0.708269 -0.017509
vn -0.963743 0.259139 -0.063616
vn -0.964425 0.259317 -0.051370
vn -0.989536 0.130441 -0.061680
vn -0.988747 0.130682 -0.072818
vn -0.129155 0.990276 0.051699
vn -0.128515 0.990430 0.050326
vn -0.495999 0.867880 0.027755
vn -0.257756 0.965355 0.040643
vn -0.705811 0.708378 -0.005554
vn -0.495999 0.867880 0.027755
vn -0.705797 0.708353 0.009317
vn -0.705807 0.708371 -0.006889
vn -0.964425 0.259317 -0.051370
vn -0.965360 0.259583 -0.026407
vn -0.990637 0.131902 -0.035219
vn -0.989536 0.130441 -0.061680
vn -0.128515 0.990430 0.050326
vn -0.127448 0.991845 0.000000
vn -0.492311 0.870419 0.000000
vn -0.495999 0.867880 0.027755
vn -0.495999 0.867880 0.027755
vn -0.492311 0.870419 0.000000
vn -0.705846 0.708365 0.000000
vn -0.705797 0.708353 0.009317
vn -0.965360 0.259583 -0.026407
vn -0.965695 0.259680 -0.000001
vn -0.990839 0.135048 0.000000
vn -0.990637 0.131902 -0.035219
vn -0.127448 0.991845 0.000000
vn -0.128515 0.990430 -0.050326
vn -0.495999 0.867880 -0.027756
vn -0.492311 0.870419 0.000000
vn -0.492311 0.870419 0.000000
vn -0.495999 0.867880 -0.027756
vn -0.705797 0.708353 -0.009318
vn -0.705846 0.708365 0.000000
vn -0.965695 0.259680 -0.000001
vn -0.965360 0.259583 0.026406
vn -0.990637 0.131902 0.035219
vn -0.990839 0.135048 0.000000
vn -0.128515 0.990430 -0.050326
vn -0.129155 0.990276 -0.051699
vn -0.257756 0.965355 -0.040641
vn -0.495999 0.867880 -0.027756
vn -0.495999 0.867880 -0.027756
vn -0.705811 0.708378 0.005554
vn -0.705807 0.708371 0.006889
vn -0.705797 0.708353 -0.009318
vn -0.965360 0.259583 0.026406
vn -0.964425 0.259317 0.051368
vn -0.989536 0.130437 0.061678
vn -0.990637 0.131902 0.035219
vn -0.130010 0.990492 -0.044985
vn -0.129219 0.991300 -0.025026
vn -0.257946 0.966102 -0.010493
vn -0.257820 0.965621 -0.033240
vn -0.705744 0.708250 0.017511
vn -0.705308 0.707850 0.038585
vn -0.705231 0.707778 0.041228
vn -0.705744 0.708250 0.017511
vn -0.963743 0.259139 0.063613
vn -0.962581 0.258839 0.080257
vn -0.987687 0.129126 0.088322
vn -0.988747 0.130682 0.072818
vn 0.125952 -0.966265 0.224651
vn -0.127813 -0.972394 0.195229
vn -0.129219 -0.991300 0.025026
vn 0.129859 -0.990108 0.053134
vn -0.127782 0.972392 0.195260
vn -0.129219 0.991300 0.025026
vn -0.257946 0.966102 0.010493
vn -0.493271 0.855758 0.156084
vn 0.983653 0.128698 0.125951
vn 0.942151 0.124822 0.311080
vn 0.942151 -0.124823 0.311080
vn 0.983653 -0.128698 0.125951
vn 0.129859 -0.990108 0.053134
vn 0.130653 -0.988646 0.074223
vn 0.497185 -0.861369 0.104161
vn 0.496875 -0.862733 0.093845
vn 0.496875 -0.862733 0.093845
vn 0.497185 -0.861369 0.104161
vn 0.859716 -0.496756 0.118840
vn 0.859352 -0.495963 0.124639
vn 0.859352 -0.495963 0.124639
vn 0.859716 -0.496756 0.118840
vn 0.985485 -0.129858 0.109349
vn 0.983653 -0.128698 0.125951
vn 0.130653 -0.988646 0.074223
vn 0.131508 -0.989285 0.063419
vn 0.498934 -0.863185 0.077306
vn 0.497185 -0.861369 0.104161
vn 0.497185 -0.861369 0.104161
vn 0.498934 -0.863185 0.077306
vn 0.862645 -0.499800 0.077742
vn 0.859716 -0.496756 0.118840
vn 0.859716 -0.496756 0.118840
vn 0.862645 -0.499800 0.077742
vn 0.989210 -0.131506 0.064578
vn 0.985485 -0.129858 0.109349
vn 0.131508 -0.989285 0.063419
vn 0.131600 -0.991303 0.000000
vn 0.498224 -0.867048 0.000000
vn 0.498934 -0.863185 0.077306
vn 0.498934 -0.863185 0.077306
vn 0.498224 -0.867048 0.000000
vn 0.704728 -0.709477 0.000000
vn 0.862645 -0.499800 0.077742
vn 0.862645 -0.499800 0.077742
vn 0.965499 -0.260405 0.000000
vn 0.990876 -0.134774 0.000000
vn 0.989210 -0.131506 0.064578
vn 0.131600 -0.991303 0.000000
vn 0.131508 -0.989285 -0.063419
vn 0.498934 -0.863185 -0.077306
vn 0.498224 -0.867048 0.000000
vn 0.498224 -0.867048 0.000000
vn 0.498934 -0.863185 -0.077306
vn 0.862645 -0.499800 -0.077742
vn 0.704728 -0.709477 0.000000
vn 0.965499 -0.260405 0.000000
vn 0.862645 -0.499800 -0.077742
vn 0.989210 -0.131506 -0.064578
vn 0.990876 -0.134774 0.000000
vn 0.131508 -0.989285 -0.063419
vn 0.130653 -0.988646 -0.074223
vn 0.497185 -0.861369 -0.104161
vn 0.498934 -0.863185 -0.077306
vn 0.498934 -0.863185 -0.077306
vn 0.497185 -0.861369 -0.104161
vn 0.859716 -0.496756 -0.118840
vn 0.862645 -0.499800 -0.077742
vn 0.862645 -0.499800 -0.077742
vn 0.859716 -0.496756 -0.118840
vn 0.985485 -0.129858 -0.109349
vn 0.989210 -0.131506 -0.064578
vn 0.130653 -0.988646 -0.074223
vn 0.129859 -0.990108 -0.053134
vn 0.496875 -0.862733 -0.093845
vn 0.497185 -0.861369 -0.104161
vn 0.497185 -0.861369 -0.104161
vn 0.496875 -0.862733 -0.093845
vn 0.859352 -0.495963 -0.124639
vn 0.859716 -0.496756 -0.118840
vn 0.859716 -0.496756 -0.118840
vn 0.859352 -0.495963 -0.124639
vn 0.983653 -0.128698 -0.125951
vn 0.985485 -0.129858 -0.109349
vn -0.130010 0.990492 0.044985
vn -0.130010 0.990492 0.044985
vn -0.257826 0.965619 0.033241
vn -0.257820 0.965621 0.033239
vn -0.705737 0.708258 -0.017510
vn -0.705733 0.708262 -0.017509
vn -0.705733 0.708261 -0.017509
vn -0.705736 0.708258 -0.017510
vn -0.963742 0.259142 -0.063617
vn -0.963742 0.259141 -0.063613
vn -0.988747 0.130682 -0.072818
vn -0.988747 0.130682 -0.072818
vn -0.130010 0.990492 -0.044985
vn -0.130010 0.990492 -0.044985
vn -0.257826 0.965619 -0.033243
vn -0.257823 0.965620 -0.033242
vn -0.705726 0.708269 0.017509
vn -0.705733 0.708262 0.017508
vn -0.705733 0.708261 0.017508
vn -0.705725 0.708269 0.017509
vn -0.963743 0.259139 0.063615
vn -0.963742 0.259141 0.063613
vn -0.988747 0.130682 0.072818
vn -0.988747 0.130682 0.072818
vn -0.130010 0.990492 0.044985
vn -0.130010 0.990492 0.044985
vn -0.257823 0.965620 0.033244
vn -0.257826 0.965619 0.033241
vn -0.705733 0.708262 -0.017509
vn -0.705726 0.708269 -0.017509
vn -0.705726 0.708269 -0.017509
vn -0.705733 0.708261 -0.017509
vn -0.963742 0.259141 -0.063613
vn -0.963743 0.259139 -0.063616
vn -0.988747 0.130682 -0.072818
vn -0.988747 0.130682 -0.072818
vn -0.130010 0.990492 -0.044985
vn -0.130010 0.990492 -0.044985
vn -0.257820 0.965621 -0.033240
vn -0.257826 0.965619 -0.033243
vn -0.705733 0.708262 0.017508
vn -0.705744 0.708250 0.017511
vn -0.705744 0.708250 0.017511
vn -0.705733 0.708261 0.017508
vn -0.963742 0.259141 0.063613
vn -0.963743 0.259139 0.063613
vn -0.988747 0.130682 0.072818
vn -0.988747 0.130682 0.072818
vn -0.129219 0.991300 0.025026
vn -0.130010 0.990492 0.044985
vn -0.257820 0.965621 0.033239
vn -0.257946 0.966102 0.010493
vn -0.705292 0.707866 -0.038583
vn -0.705737 0.708258 -0.017510
vn -0.705736 0.708258 -0.017510
vn -0.705215 0.707794 -0.041227
vn -0.962579 0.258844 -0.080260
vn -0.963742 0.259142 -0.063617
vn -0.988747 0.130682 -0.072818
vn -0.987687 0.129126 -0.088322
vn -0.129155 0.990276 -0.051699
vn -0.130010 0.990492 -0.044985
vn -0.257823 0.965620 -0.033242
vn -0.257756 0.965355 -0.040641
vn -0.705811 0.708378 0.005554
vn -0.705726 0.708269 0.017509
vn -0.705725 0.708269 0.017509
vn -0.705807 0.708371 0.006889
vn -0.964425 0.259317 0.051368
vn -0.963743 0.259139 0.063615
vn -0.988747 0.130682 0.072818
vn -0.989536 0.130437 0.061678
vn 0.823803 -0.479608 0.302200
vn 0.859352 -0.495963 0.124639
vn 0.983653 -0.128698 0.125951
vn 0.942151 -0.124823 0.311080
vn -0.705309 -0.707849 -0.038586
vn -0.493278 -0.855759 0.156055
vn -0.860075 -0.498035 0.110598
vn -0.705232 -0.707777 -0.041230
vn 0.125952 0.966258 -0.224680
vn 0.129860 0.990108 -0.053134
vn 0.496875 0.862733 -0.093845
vn 0.478238 0.836840 -0.266434
vn -0.129219 -0.991300 0.025026
vn -0.127813 -0.972394 0.195229
vn -0.493278 -0.855759 0.156055
vn -0.257947 -0.966102 0.010498
vn 0.496875 0.862733 0.093845
vn 0.478238 0.836840 0.266434
vn 0.823803 0.479608 0.302200
vn 0.859352 0.495963 0.124639
vn -0.962581 -0.258838 -0.080258
vn -0.860075 -0.498035 0.110598
vn -0.987642 -0.130558 0.086703
vn -0.987687 -0.129126 -0.088322
vn 0.129860 0.990108 0.053134
vn 0.125952 0.966258 0.224680
vn 0.478238 0.836840 0.266434
vn 0.496875 0.862733 0.093845
vn -0.860070 -0.498041 -0.110611
vn -0.962579 -0.258843 0.080261
vn -0.987687 -0.129126 0.088322
vn -0.987642 -0.130558 -0.086703
vn -0.493270 -0.855762 -0.156063
vn -0.705292 -0.707866 0.038582
vn -0.705215 -0.707794 0.041226
vn -0.860070 -0.498041 -0.110611
vn -0.130011 -0.990492 -0.044985
vn -0.129156 -0.990276 -0.051699
vn -0.257756 -0.965355 -0.040641
vn -0.257824 -0.965620 -0.033244
vn -0.705726 -0.708268 0.017510
vn -0.705812 -0.708377 0.005555
vn -0.705808 -0.708370 0.006889
vn -0.705726 -0.708269 0.017510
vn -0.963743 -0.259138 0.063612
vn -0.964425 -0.259316 0.051368
vn -0.989536 -0.130440 0.061680
vn -0.988747 -0.130681 0.072818
vn -0.129156 -0.990276 -0.051699
vn -0.128515 -0.990430 -0.050326
vn -0.495999 -0.867879 -0.027755
vn -0.257756 -0.965355 -0.040641
vn -0.705812 -0.708377 0.005555
vn -0.495999 -0.867879 -0.027755
vn -0.705797 -0.708353 -0.009318
vn -0.705808 -0.708370 0.006889
vn -0.964425 -0.259316 0.051368
vn -0.965360 -0.259582 0.026406
vn -0.990637 -0.131902 0.035219
vn -0.989536 -0.130440 0.061680
vn -0.128515 -0.990430 -0.050326
vn -0.127449 -0.991845 -0.000000
vn -0.492312 -0.870419 -0.000000
vn -0.495999 -0.867879 -0.027755
vn -0.495999 -0.867879 -0.027755
vn -0.492312 -0.870419 -0.000000
vn -0.705847 -0.708365 -0.000000
vn -0.705797 -0.708353 -0.009318
vn -0.965360 -0.259582 0.026406
vn -0.965695 -0.259680 -0.000000
vn -0.990839 -0.135048 -0.000000
vn -0.990637 -0.131902 0.035219
vn -0.127449 -0.991845 -0.000000
vn -0.128515 -0.990430 0.050326
vn -0.495999 -0.867879 0.027755
vn -0.492312 -0.870419 -0.000000
vn -0.492312 -0.870419 -0.000000
vn -0.495999 -0.867879 0.027755
vn -0.705797 -0.708353 0.009318
vn -0.705847 -0.708365 -0.000000
vn -0.965695 -0.259680 -0.000000
vn -0.965360 -0.259582 -0.026406
vn -0.990637 -0.131902 -0.035219
vn -0.990839 -0.135048 -0.000000
vn -0.128515 -0.990430 0.050326
vn -0.129156 -0.990276 0.051699
vn -0.257756 -0.965355 0.040642
vn -0.495999 -0.867879 0.027755
vn -0.495999 -0.867879 0.027755
vn -0.705812 -0.708378 -0.005554
vn -0.705807 -0.708370 -0.006889
vn -0.705797 -0.708353 0.009318
vn -0.965360 -0.259582 -0.026406
vn -0.964426 -0.259316 -0.051367
vn -0.989536 -0.130436 -0.061678
vn -0.990637 -0.131902 -0.035219
vn -0.130011 -0.990492 0.044985
vn -0.129219 -0.991300 0.025026
vn -0.257947 -0.966102 0.010498
vn -0.257821 -0.965621 0.033240
vn -0.705745 -0.708250 -0.017511
vn -0.705309 -0.707849 -0.038586
vn -0.705232 -0.707777 -0.041230
vn -0.705745 -0.708250 -0.017512
vn -0.963743 -0.259139 -0.063614
vn -0.962581 -0.258838 -0.080258
vn -0.987687 -0.129126 -0.088322
vn -0.988747 -0.130681 -0.072818
vn 0.823803 0.479608 -0.302200
vn 0.859352 0.495963 -0.124639
vn 0.983653 0.128698 -0.125951
vn 0.942151 0.124822 -0.311080
vn -0.127813 -0.972394 -0.195229
vn -0.129219 -0.991300 -0.025026
vn -0.257947 -0.966102 -0.010500
vn -0.493270 -0.855762 -0.156063
vn 0.478238 0.836840 -0.266434
vn 0.496875 0.862733 -0.093845
vn 0.859352 0.495963 -0.124639
vn 0.823803 0.479608 -0.302200
vn 0.129860 0.990108 -0.053134
vn 0.130654 0.988646 -0.074223
vn 0.497186 0.861369 -0.104161
vn 0.496875 0.862733 -0.093845
vn 0.496875 0.862733 -0.093845
vn 0.497186 0.861369 -0.104161
vn 0.859716 0.496755 -0.118840
vn 0.859352 0.495963 -0.124639
vn 0.859352 0.495963 -0.124639
vn 0.859716 0.496755 -0.118840
vn 0.985485 0.129857 -0.109349
vn 0.983653 0.128698 -0.125951
vn 0.130654 0.988646 -0.074223
vn 0.131508 0.989284 -0.063419
vn 0.498934 0.863185 -0.077306
vn 0.497186 0.861369 -0.104161
vn 0.497186 0.861369 -0.104161
vn 0.498934 0.863185 -0.077306
vn 0.862645 0.499800 -0.077742
vn 0.859716 0.496755 -0.118840
vn 0.859716 0.496755 -0.118840
vn 0.862645 0.499800 -0.077742
vn 0.989210 0.131506 -0.064578
vn 0.985485 0.129857 -0.109349
vn 0.131508 0.989284 -0.063419
vn 0.131600 0.991303 0.000000
vn 0.498225 0.867048 0.000000
vn 0.498934 0.863185 -0.077306
vn 0.498934 0.863185 -0.077306
vn 0.498225 0.867048 0.000000
vn 0.704729 0.709477 0.000000
vn 0.862645 0.499800 -0.077742
vn 0.862645 0.499800 -0.077742
vn 0.965500 0.260405 0.000000
vn 0.990876 0.134774 0.000000
vn 0.989210 0.131506 -0.064578
vn 0.131600 0.991303 0.000000
vn 0.131508 0.989284 0.063419
vn 0.498934 0.863185 0.077306
vn 0.498225 0.867048 0.000000
vn 0.498225 0.867048 0.000000
vn 0.498934 0.863185 0.077306
vn 0.862645 0.499800 0.077741
vn 0.704729 0.709477 0.000000
vn 0.965500 0.260405 0.000000
vn 0.862645 0.499800 0.077741
vn 0.989210 0.131506 0.064578
vn 0.990876 0.134774 0.000000
vn 0.131508 0.989284 0.063419
vn 0.130654 0.988646 0.074223
vn 0.497186 0.861369 0.104161
vn 0.498934 0.863185 0.077306
vn 0.498934 0.863185 0.077306
vn 0.497186 0.861369 0.104161
vn 0.859716 0.496755 0.118840
vn 0.862645 0.499800 0.077741
vn 0.862645 0.499800 0.077741
vn 0.859716 0.496755 0.118840
vn 0.985485 0.129857 0.109349
vn 0.989210 0.131506 0.064578
vn 0.130654 0.988646 0.074223
vn 0.129860 0.990108 0.053134
vn 0.496875 0.862733 0.093845
vn 0.497186 0.861369 0.104161
vn 0.497186 0.861369 0.104161
vn 0.496875 0.862733 0.093845
vn 0.859352 0.495963 0.124639
vn 0.859716 0.496755 0.118840
vn 0.859716 0.496755 0.118840
vn 0.859352 0.495963 0.124639
vn 0.983653 0.128698 0.125951
vn 0.985485 0.129857 0.109349
vn -0.130011 -0.990492 -0.044985
vn -0.130011 -0.990492 -0.044985
vn -0.257827 -0.965619 -0.033242
vn -0.257821 -0.965621 -0.033243
vn -0.705737 -0.708258 0.017510
vn -0.705733 -0.708261 0.017508
vn -0.705734 -0.708261 0.017508
vn -0.705737 -0.708258 0.017510
vn -0.963742 -0.259141 0.063617
vn -0.963743 -0.259140 0.063611
vn -0.988747 -0.130681 0.072818
vn -0.988747 -0.130681 0.072818
vn -0.130011 -0.990492 0.044985
vn -0.130011 -0.990492 0.044985
vn -0.257827 -0.965619 0.033242
vn -0.257824 -0.965620 0.033247
vn -0.705726 -0.708269 -0.017510
vn -0.705733 -0.708261 -0.017508
vn -0.705734 -0.708261 -0.017508
vn -0.705726 -0.708269 -0.017510
vn -0.963743 -0.259138 -0.063612
vn -0.963743 -0.259140 -0.063612
vn -0.988747 -0.130681 -0.072818
vn -0.988747 -0.130681 -0.072818
vn -0.130011 -0.990492 -0.044985
vn -0.130011 -0.990492 -0.044985
vn -0.257824 -0.965620 -0.033244
vn -0.257827 -0.965619 -0.033242
vn -0.705733 -0.708261 0.017508
vn -0.705726 -0.708268 0.017510
vn -0.705726 -0.708269 0.017510
vn -0.705734 -0.708261 0.017508
vn -0.963743 -0.259140 0.063611
vn -0.963743 -0.259138 0.063612
vn -0.988747 -0.130681 0.072818
vn -0.988747 -0.130681 0.072818
vn -0.130011 -0.990492 0.044985
vn -0.130011 -0.990492 0.044985
vn -0.257821 -0.965621 0.033240
vn -0.257827 -0.965619 0.033242
vn -0.705733 -0.708261 -0.017508
vn -0.705745 -0.708250 -0.017511
vn -0.705745 -0.708250 -0.017512
vn -0.705734 -0.708261 -0.017508
vn -0.963743 -0.259140 -0.063612
vn -0.963743 -0.259139 -0.063614
vn -0.988747 -0.130681 -0.072818
vn -0.988747 -0.130681 -0.072818
vn -0.129219 -0.991300 -0.025026
vn -0.130011 -0.990492 -0.044985
vn -0.257821 -0.965621 -0.033243
vn -0.257947 -0.966102 -0.010500
vn -0.705292 -0.707866 0.038582
vn -0.705737 -0.708258 0.017510
vn -0.705737 -0.708258 0.017510
vn -0.705215 -0.707794 0.041226
vn -0.962579 -0.258843 0.080261
vn -0.963742 -0.259141 0.063617
vn -0.988747 -0.130681 0.072818
vn -0.987687 -0.129126 0.088322
vn -0.129156 -0.990276 0.051699
vn -0.130011 -0.990492 0.044985
vn -0.257824 -0.965620 0.033247
vn -0.257756 -0.965355 0.040642
vn -0.705812 -0.708378 -0.005554
vn -0.705726 -0.708269 -0.017510
vn -0.705726 -0.708269 -0.017510
vn -0.705807 -0.708370 -0.006889
vn -0.964426 -0.259316 -0.051367
vn -0.963743 -0.259138 -0.063612
vn -0.988747 -0.130681 -0.072818
vn -0.989536 -0.130436 -0.061678
vn -0.860070 0.498044 0.110598
vn -0.962579 0.258844 -0.080260
vn -0.987687 0.129126 -0.088322
vn -0.987642 0.130559 0.086703
vn -0.029298 0.209454 -0.977380
vn -0.117897 0.196667 -0.973356
vn -0.189431 0.337944 -0.921905
vn -0.047332 0.380906 -0.923401
vn -0.129704 0.914472 -0.383299
vn -0.483629 0.801943 -0.350699
vn -0.493278 0.855757 -0.156069
vn -0.127783 0.972397 -0.195230
vn -0.117897 0.196667 -0.973356
vn -0.206978 0.116521 -0.971382
vn -0.345685 0.203818 -0.915948
vn -0.189431 0.337944 -0.921905
vn -0.483629 0.801943 -0.350699
vn -0.830491 0.465619 -0.305752
vn -0.860075 0.498035 -0.110595
vn -0.493278 0.855757 -0.156069
vn -0.206978 0.116521 -0.971382
vn -0.228711 0.029604 -0.973044
vn -0.413763 0.055535 -0.908689
vn -0.345685 0.203818 -0.915948
vn -0.830491 0.465619 -0.305752
vn -0.953252 0.122871 -0.276067
vn -0.987642 0.130559 -0.086703
vn -0.860075 0.498035 -0.110595
vn 0.024781 -0.204904 -0.978468
vn 0.100987 -0.183297 -0.977857
vn 0.179851 -0.305424 -0.935077
vn 0.051463 -0.371266 -0.927099
vn 0.107623 -0.905126 -0.411297
vn 0.426987 -0.779721 -0.457948
vn 0.478229 -0.836856 -0.266399
vn 0.125952 -0.966265 -0.224651
vn 0.100987 -0.183297 -0.977857
vn 0.174477 -0.103246 -0.979233
vn 0.298332 -0.171152 -0.938991
vn 0.179851 -0.305424 -0.935077
vn 0.426987 -0.779721 -0.457948
vn 0.748385 -0.444200 -0.492550
vn 0.823810 -0.479613 -0.302173
vn 0.478229 -0.836856 -0.266399
vn 0.174477 -0.103246 -0.979233
vn 0.189800 -0.025087 -0.981502
vn 0.345660 -0.045844 -0.937239
vn 0.298332 -0.171152 -0.938991
vn 0.748385 -0.444200 -0.492550
vn 0.862408 -0.114112 -0.493185
vn 0.942151 -0.124823 -0.311080
vn 0.823810 -0.479613 -0.302173
vn -0.117894 0.196632 0.973364
vn -0.029268 0.209454 0.977380
vn -0.047330 0.380895 0.923406
vn -0.189420 0.337921 0.921916
vn -0.483624 0.801936 0.350724
vn -0.129701 0.914461 0.383327
vn -0.127782 0.972392 0.195260
vn -0.493271 0.855758 0.156084
vn -0.206978 0.116521 0.971382
vn -0.117894 0.196632 0.973364
vn -0.189420 0.337921 0.921916
vn -0.345678 0.203806 0.915953
vn -0.830486 0.465624 0.305757
vn -0.483624 0.801936 0.350724
vn -0.493271 0.855758 0.156084
vn -0.860070 0.498044 0.110598
vn -0.228711 0.029604 0.973044
vn -0.206978 0.116521 0.971382
vn -0.345678 0.203806 0.915953
vn -0.413762 0.055537 0.908689
vn -0.953250 0.122878 0.276071
vn -0.830486 0.465624 0.305757
vn -0.860070 0.498044 0.110598
vn -0.987642 0.130559 0.086703
vn 0.100987 -0.183297 0.977857
vn 0.024781 -0.204904 0.978468
vn 0.051463 -0.371266 0.927099
vn 0.179851 -0.305424 0.935077
vn 0.426981 -0.779718 0.457960
vn 0.107623 -0.905126 0.411297
vn 0.125952 -0.966265 0.224651
vn 0.478242 -0.836847 0.266405
vn 0.174477 -0.103246 0.979233
vn 0.100987 -0.183297 0.977857
vn 0.179851 -0.305424 0.935077
vn 0.298330 -0.171151 0.938992
vn 0.748379 -0.444198 0.492563
vn 0.426981 -0.779718 0.457960
vn 0.478242 -0.836847 0.266405
vn 0.823803 -0.479608 0.302200
vn 0.189800 -0.025087 0.981502
vn 0.174477 -0.103246 0.979233
vn 0.298330 -0.171151 0.938992
vn 0.345657 -0.045843 0.937240
vn 0.862408 -0.114112 0.493185
vn 0.748379 -0.444198 0.492563
vn 0.823803 -0.479608 0.302200
vn 0.942151 -0.124823 0.311080
vn -0.029298 -0.209483 0.977373
vn -0.117897 -0.196667 0.973356
vn -0.189432 -0.337944 0.921905
vn -0.047332 -0.380914 0.923398
vn -0.129707 -0.914483 0.383272
vn -0.483632 -0.801952 0.350675
vn -0.493278 -0.855759 0.156055
vn -0.127813 -0.972394 0.195229
vn -0.117897 -0.196667 0.973356
vn -0.206978 -0.116521 0.971382
vn -0.345681 -0.203817 0.915949
vn -0.189432 -0.337944 0.921905
vn -0.483632 -0.801952 0.350675
vn -0.830489 -0.465618 0.305759
vn -0.860075 -0.498035 0.110598
vn -0.493278 -0.855759 0.156055
vn -0.206978 -0.116521 0.971382
vn -0.228711 -0.029604 0.973044
vn -0.413759 -0.055534 0.908691
vn -0.345681 -0.203817 0.915949
vn -0.830489 -0.465618 0.305759
vn -0.953250 -0.122870 0.276074
vn -0.987642 -0.130558 0.086703
vn -0.860075 -0.498035 0.110598
vn 0.024781 0.204904 0.978468
vn 0.100987 0.183297 0.977857
vn 0.179856 0.305428 0.935075
vn 0.051463 0.371259 0.927102
vn 0.107619 0.905106 0.411340
vn 0.426976 0.779692 0.458009
vn 0.478238 0.836840 0.266434
vn 0.125952 0.966258 0.224680
vn 0.100987 0.183297 0.977857
vn 0.174477 0.103276 0.979230
vn 0.298339 0.171157 0.938989
vn 0.179856 0.305428 0.935075
vn 0.426976 0.779692 0.458009
vn 0.748381 0.444195 0.492561
vn 0.823803 0.479608 0.302200
vn 0.478238 0.836840 0.266434
vn 0.174477 0.103276 0.979230
vn 0.189800 0.025117 0.981502
vn 0.345662 0.045844 0.937238
vn 0.298339 0.171157 0.938989
vn 0.748381 0.444195 0.492561
vn 0.862408 0.114111 0.493184
vn 0.942151 0.124822 0.311080
vn 0.823803 0.479608 0.302200
vn -0.117897 -0.196667 -0.973356
vn -0.029268 -0.209454 -0.977380
vn -0.047330 -0.380903 -0.923403
vn -0.189430 -0.337931 -0.921911
vn -0.483625 -0.801950 -0.350690
vn -0.129707 -0.914483 -0.383272
vn -0.127813 -0.972394 -0.195229
vn -0.493270 -0.855762 -0.156063
vn -0.206978 -0.116521 -0.971382
vn -0.117897 -0.196667 -0.973356
vn -0.189430 -0.337931 -0.921911
vn -0.345689 -0.203817 -0.915946
vn -0.830482 -0.465616 -0.305781
vn -0.483625 -0.801950 -0.350690
vn -0.493270 -0.855762 -0.156063
vn -0.860070 -0.498041 -0.110611
vn -0.228711 -0.029604 -0.973044
vn -0.206978 -0.116521 -0.971382
vn -0.345689 -0.203817 -0.915946
vn -0.413763 -0.055535 -0.908689
vn -0.953248 -0.122869 -0.276081
vn -0.830482 -0.465616 -0.305781
vn -0.860070 -0.498041 -0.110611
vn -0.987642 -0.130558 -0.086703
vn 0.100987 0.183297 -0.977857
vn 0.024781 0.204904 -0.978468
vn 0.051466 0.371271 -0.927097
vn 0.179863 0.305443 -0.935069
vn 0.426974 0.779693 -0.458009
vn 0.107619 0.905106 -0.411340
vn 0.125952 0.966258 -0.224680
vn 0.478238 0.836840 -0.266434
vn 0.174477 0.103276 -0.979230
vn 0.100987 0.183297 -0.977857
vn 0.179863 0.305443 -0.935069
vn 0.298343 0.171161 -0.938987
vn 0.748379 0.444197 -0.492563
vn 0.426974 0.779693 -0.458009
vn 0.478238 0.836840 -0.266434
vn 0.823803 0.479608 -0.302200
vn 0.189800 0.025117 -0.981502
vn 0.174477 0.103276 -0.979230
vn 0.298343 0.171161 -0.938987
vn 0.345662 0.045844 -0.937238
vn 0.862408 0.114111 -0.493184
vn 0.748379 0.444197 -0.492563
vn 0.823803 0.479608 -0.302200
vn 0.942151 0.124822 -0.311080
vn -0.029268 0.209454 0.977380
vn 0.024781 0.204904 0.978468
vn 0.051463 0.371259 0.927102
vn -0.047330 0.380895 0.923406
vn -0.129701 0.914461 0.383327
vn 0.107619 0.905106 0.411340
vn 0.125952 0.966258 0.224680
vn -0.127782 0.972392 0.195260
vn 0.189800 0.025117 0.981502
vn 0.189800 -0.025087 0.981502
vn 0.345657 -0.045843 0.937240
vn 0.345662 0.045844 0.937238
vn 0.862408 0.114111 0.493184
vn 0.862408 -0.114112 0.493185
vn 0.942151 -0.124823 0.311080
vn 0.942151 0.124822 0.311080
vn -0.987642 0.130559 0.086703
vn -0.987642 -0.130558 0.086703
vn -0.953250 -0.122870 0.276074
vn -0.953250 0.122878 0.276071
vn -0.413762 0.055537 0.908689
vn -0.413759 -0.055534 0.908691
vn -0.228711 -0.029604 0.973044
vn -0.228711 0.029604 0.973044
vn -0.127813 -0.972394 0.195229
vn 0.125952 -0.966265 0.224651
vn 0.107623 -0.905126 0.411297
vn -0.129707 -0.914483 0.383272
vn -0.047332 -0.380914 0.923398
vn 0.051463 -0.371266 0.927099
vn 0.024781 -0.204904 0.978468
vn -0.029298 -0.209483 0.977373
vn 0.189800 -0.025087 -0.981502
vn 0.189800 0.025117 -0.981502
vn 0.345662 0.045844 -0.937238
vn 0.345660 -0.045844 -0.937239
vn 0.862408 -0.114112 -0.493185
vn 0.862408 0.114111 -0.493184
vn 0.942151 0.124822 -0.311080
vn 0.942151 -0.124823 -0.311080
vn -0.987642 -0.130558 -0.086703
vn -0.987642 0.130559 -0.086703
vn -0.953252 0.122871 -0.276067
vn -0.953248 -0.122869 -0.276081
vn -0.413763 -0.055535 -0.908689
vn -0.413763 0.055535 -0.908689
vn -0.228711 0.029604 -0.973044
vn -0.228711 -0.029604 -0.973044
vn -0.127783 0.972397 -0.195230
vn 0.125952 0.966258 -0.224680
vn 0.107619 0.905106 -0.411340
vn -0.129704 0.914472 -0.383299
vn -0.047332 0.380906 -0.923401
vn 0.051466 0.371271 -0.927097
vn 0.024781 0.204904 -0.978468
vn -0.029298 0.209454 -0.977380
vn 0.125952 -0.966265 -0.224651
vn -0.127813 -0.972394 -0.195229
vn -0.129707 -0.914483 -0.383272
vn 0.107623 -0.905126 -0.411297
vn 0.051463 -0.371266 -0.927099
vn -0.047330 -0.380903 -0.923403
vn -0.029268 -0.209454 -0.977380
vn 0.024781 -0.204904 -0.978468
vn 0.189800 0.025117 0.981502
vn 0.174477 0.103276 0.979230
vn 0.100987 0.183297 0.977857
vn 0.024781 0.204904 0.978468
vn -0.029268 0.209454 0.977380
vn -0.117894 0.196632 0.973364
vn -0.206978 0.116521 0.971382
vn -0.228711 0.029604 0.973044
vn -0.228711 -0.029604 0.973044
vn -0.206978 -0.116521 0.971382
vn -0.117897 -0.196667 0.973356
vn -0.029298 -0.209483 0.977373
vn 0.024781 -0.204904 0.978468
vn 0.100987 -0.183297 0.977857
vn 0.174477 -0.103246 0.979233
vn 0.189800 -0.025087 0.981502
vn -0.493271 0.855761 0.156069
vn -0.705292 0.707866 -0.038583
vn -0.705215 0.707794 -0.041226
vn -0.860067 0.498046 0.110609
vn -0.996728 -0.000005 0.080823
vn -0.996729 -0.000006 0.080823
vn -0.996729 0.000000 0.080815
vn -0.988747 -0.130681 0.072818
vn -0.988747 -0.130681 0.072818
vn -0.996729 0.000000 0.080815
vn -0.996729 0.000000 0.080815
vn -0.995601 0.000000 0.093694
vn -0.987687 -0.129126 0.088322
vn -0.988747 -0.130681 0.072818
vn 0.478238 -0.836840 0.266434
vn 0.496888 -0.862725 0.093847
vn 0.859352 -0.495963 0.124639
vn 0.823803 -0.479608 0.302200
vn 0.125953 0.966265 -0.224651
vn -0.127814 0.972399 -0.195200
vn -0.129219 0.991300 -0.025026
vn 0.129860 0.990108 -0.053134
vn 0.129859 -0.990108 -0.053134
vn -0.129219 -0.991300 -0.025026
vn -0.127814 -0.972399 -0.195200
vn 0.125952 -0.966265 -0.224651
vn 0.129859 -0.990108 -0.053134
vn 0.125952 -0.966265 -0.224651
vn 0.478238 -0.836840 -0.266434
vn 0.496888 -0.862725 -0.093847
vn -0.989536 0.130441 0.061680
vn -0.988747 0.130682 0.072818
vn -0.996729 0.000000 0.080815
vn -0.996729 0.000000 0.080815
vn -0.997536 0.000000 0.070163
vn 0.985485 0.129857 -0.109349
vn 0.989210 0.131506 -0.064578
vn 0.989210 -0.131506 -0.064578
vn 0.985485 -0.129858 -0.109349
vn -0.997536 0.000000 0.070163
vn -0.996729 0.000000 0.080815
vn -0.996729 0.000000 0.080815
vn -0.988747 -0.130681 0.072818
vn -0.989536 -0.130440 0.061680
vn 0.131600 -0.991303 0.000000
vn -0.127419 -0.991849 -0.000000
vn -0.128485 -0.990434 -0.050326
vn 0.131508 -0.989285 -0.063419
vn -0.988747 0.130682 -0.072818
vn -0.989536 0.130441 -0.061680
vn -0.997536 0.000000 -0.070163
vn -0.996729 0.000000 -0.080815
vn -0.996729 0.000000 -0.080815
vn -0.987687 0.129126 -0.088322
vn -0.988747 0.130682 -0.072818
vn -0.996729 0.000000 -0.080815
vn -0.996729 0.000000 -0.080815
vn -0.995601 0.000000 -0.093694
vn 0.125952 -0.966265 0.224651
vn 0.129859 -0.990108 0.053134
vn 0.496888 -0.862725 0.093847
vn 0.478238 -0.836840 0.266434
vn 0.131508 0.989284 0.063419
vn -0.128485 0.990434 0.050326
vn -0.129155 0.990276 0.051699
vn 0.130654 0.988646 0.074223
vn 0.131600 0.991303 0.000000
vn -0.127418 0.991849 0.000000
vn -0.128485 0.990434 0.050326
vn 0.131508 0.989284 0.063419
vn 0.131508 0.989284 -0.063419
vn -0.128485 0.990434 -0.050326
vn -0.127418 0.991849 0.000000
vn 0.131600 0.991303 0.000000
vn 0.130654 0.988646 -0.074223
vn -0.129155 0.990276 -0.051699
vn -0.128485 0.990434 -0.050326
vn 0.131508 0.989284 -0.063419
vn 0.129860 0.990108 -0.053134
vn -0.129219 0.991300 -0.025026
vn -0.130010 0.990492 -0.044985
vn -0.130010 0.990492 -0.044985
vn -0.130010 0.990492 -0.044985
vn -0.129155 0.990276 -0.051699
vn 0.130654 0.988646 -0.074223
vn -0.988747 0.130682 -0.072818
vn -0.988747 0.130682 -0.072818
vn -0.996729 0.000000 -0.080815
vn -0.996729 -0.000005 -0.080821
vn -0.996728 0.000001 -0.080823
vn -0.129219 0.991300 -0.025026
vn -0.127814 0.972399 -0.195200
vn -0.493275 0.855757 -0.156074
vn -0.257946 0.966102 -0.010493
vn -0.990637 0.131902 0.035219
vn -0.989536 0.130441 0.061680
vn -0.997536 0.000000 0.070163
vn -0.997536 0.000000 0.070163
vn -0.997536 0.000000 0.070163
vn -0.989536 -0.130440 0.061680
vn -0.990637 -0.131902 0.035219
vn -0.990839 0.135048 0.000000
vn -0.990637 0.131902 0.035219
vn -0.990637 -0.131902 0.035219
vn -0.990839 -0.135048 -0.000000
vn -0.990637 0.131902 -0.035219
vn -0.990839 0.135048 0.000000
vn -0.990839 -0.135048 -0.000000
vn -0.990637 -0.131902 -0.035219
vn -0.989536 0.130441 -0.061680
vn -0.990637 0.131902 -0.035219
vn -0.990637 -0.131902 -0.035219
vn -0.989536 -0.130440 -0.061680
vn -0.997536 0.000000 -0.070163
vn -0.997536 0.000000 -0.070163
vn -0.997536 0.000000 -0.070163
vn -0.996729 0.000000 -0.080815
vn -0.996729 0.000000 -0.080815
vn -0.997536 0.000000 -0.070163
vn -0.989536 -0.130440 -0.061680
vn -0.988747 -0.130681 -0.072818
vn -0.995601 0.000000 -0.093694
vn -0.996729 0.000000 -0.080815
vn -0.996729 0.000000 -0.080815
vn -0.988747 -0.130681 -0.072818
vn -0.987687 -0.129126 -0.088322
vn 0.859352 -0.495963 -0.124639
vn 0.823803 -0.479608 -0.302200
vn 0.942151 -0.124823 -0.311080
vn 0.983653 -0.128698 -0.125951
vn 0.000000 0.000000 -1.000000
vn -0.000000 -0.195072 -0.980789
vn -0.000000 -0.199001 -0.979999
vn 0.000000 0.000000 -1.000000
vn 0.985485 0.129857 0.109349
vn 0.983653 0.128698 0.125951
vn 0.983653 -0.128698 0.125951
vn 0.985485 -0.129858 0.109349
vn 0.989210 0.131506 0.064578
vn 0.985485 0.129857 0.109349
vn 0.985485 -0.129858 0.109349
vn 0.989210 -0.131506 0.064578
vn 0.990876 0.134774 0.000000
vn 0.989210 0.131506 0.064578
vn 0.989210 -0.131506 0.064578
vn 0.990876 -0.134774 0.000000
vn 0.989210 0.131506 -0.064578
vn 0.990876 0.134774 0.000000
vn 0.990876 -0.134774 0.000000
vn 0.989210 -0.131506 -0.064578
vn -0.996729 0.000000 -0.080815
vn -0.996729 -0.000006 -0.080820
vn -0.996728 -0.000005 -0.080823
vn -0.988747 -0.130681 -0.072818
vn -0.988747 -0.130681 -0.072818
vn -0.000000 -0.999607 -0.028027
vn -0.000000 -0.983783 0.179363
vn -0.000000 -0.987175 0.159644
vn -0.000000 -0.999607 -0.028027
vn 0.000000 0.999607 -0.028029
vn 0.000000 0.977486 -0.210999
vn 0.000000 0.973210 -0.229920
vn 0.000000 0.999607 -0.028030
vn -0.000000 -0.999607 0.028027
vn -0.000000 -0.977487 0.210995
vn -0.000000 -0.973210 0.229916
vn -0.000000 -0.999607 0.028027
vn 0.983653 0.128698 -0.125951
vn 0.985485 0.129857 -0.109349
vn 0.985485 -0.129858 -0.109349
vn 0.983653 -0.128698 -0.125951
vn 0.000000 0.000000 1.000000
vn 0.000000 0.194892 0.980825
vn 0.000000 0.191118 0.981567
vn 0.000000 0.000000 1.000000
vn -0.995601 0.000000 -0.093694
vn -0.996729 -0.000001 -0.080821
vn -0.996729 -0.000002 -0.080820
vn -0.996729 0.000000 -0.080815
vn -0.995601 0.000000 -0.093694
vn -0.996729 -0.000005 -0.080820
vn -0.996729 0.000000 -0.080815
vn -0.997536 0.000000 -0.070163
vn -0.997536 0.000000 -0.070163
vn -0.996729 -0.000002 -0.080821
vn -0.988747 0.130682 -0.072818
vn -0.988747 0.130682 -0.072818
vn -0.996728 0.000001 -0.080823
vn -0.996729 0.000004 -0.080823
vn -0.996729 0.000000 -0.080815
vn -0.988747 0.130682 0.072818
vn -0.988747 0.130682 0.072818
vn -0.996729 0.000000 0.080815
vn -0.996729 0.000004 0.080821
vn -0.996728 0.000000 0.080823
vn 0.000000 0.977486 0.210999
vn 0.000000 0.999607 0.028029
vn 0.000000 0.999607 0.028030
vn 0.000000 0.973210 0.229920
vn 0.130653 -0.988646 0.074223
vn -0.129156 -0.990276 0.051699
vn -0.128485 -0.990434 0.050326
vn 0.131508 -0.989285 0.063419
vn -0.000000 -0.194893 0.980825
vn 0.000000 0.000000 1.000000
vn 0.000000 0.000000 1.000000
vn -0.000000 -0.191120 0.981567
vn 0.000000 0.194892 -0.980825
vn 0.000000 0.000000 -1.000000
vn 0.000000 0.000000 -1.000000
vn 0.000000 0.191118 -0.981567
vn 0.131508 -0.989285 0.063419
vn -0.128485 -0.990434 0.050326
vn -0.127419 -0.991849 -0.000000
vn 0.131600 -0.991303 0.000000
vn -0.996729 0.000000 0.080820
vn -0.996729 0.000000 0.080815
vn -0.995601 0.000000 0.093694
vn -0.995601 0.000000 0.093694
vn -0.996729 0.000000 0.080821
vn -0.988747 0.130682 0.072818
vn -0.988747 0.130682 0.072818
vn -0.996728 0.000000 0.080823
vn -0.996729 -0.000003 0.080823
vn -0.996729 0.000000 0.080815
vn 0.000000 0.983782 0.179368
vn 0.000000 0.999607 -0.028029
vn 0.000000 0.999607 -0.028030
vn 0.000000 0.987174 0.159649
vn -0.988747 0.130682 0.072818
vn -0.987687 0.129126 0.088322
vn -0.995601 0.000000 0.093694
vn -0.996729 0.000000 0.080815
vn -0.996729 0.000000 0.080815
vn -0.000000 -0.195072 0.980789
vn 0.000000 0.000000 1.000000
vn 0.000000 0.000000 1.000000
vn -0.000000 -0.199001 0.979999
vn -0.996728 -0.000005 -0.080823
vn -0.996728 0.000000 -0.080823
vn -0.996729 0.000000 -0.080815
vn -0.988747 -0.130681 -0.072818
vn -0.988747 -0.130681 -0.072818
vn 0.000000 0.195072 -0.980789
vn 0.000000 0.000000 -1.000000
vn 0.000000 0.000000 -1.000000
vn 0.000000 0.199001 -0.979999
vn -0.996729 0.000000 0.080821
vn -0.995601 0.000000 0.093694
vn -0.995601 0.000000 0.093694
vn -0.996729 0.000000 0.080815
vn -0.996729 0.000000 0.080821
vn 0.130653 -0.988646 -0.074223
vn -0.129156 -0.990276 -0.051699
vn -0.130011 -0.990492 -0.044985
vn -0.130011 -0.990492 -0.044985
vn -0.130011 -0.990492 -0.044985
vn -0.129219 -0.991300 -0.025026
vn 0.129859 -0.990108 -0.053134
vn -0.000000 -0.977487 -0.210995
vn -0.000000 -0.999607 -0.028027
vn -0.000000 -0.999607 -0.028027
vn -0.000000 -0.973210 -0.229916
vn -0.996729 -0.000002 -0.080821
vn -0.997536 0.000000 -0.070163
vn -0.997536 0.000000 -0.070163
vn -0.996729 0.000000 -0.080815
vn -0.996729 0.000000 -0.080821
vn -0.995601 0.000000 -0.093694
vn -0.996729 0.000000 -0.080815
vn -0.996729 0.000000 -0.080821
vn -0.996729 -0.000001 -0.080821
vn -0.995601 0.000000 -0.093694
vn -0.000000 -0.983783 -0.179363
vn -0.000000 -0.999607 0.028027
vn -0.000000 -0.999607 0.028027
vn -0.000000 -0.987175 -0.159644
vn 0.131508 -0.989285 -0.063419
vn -0.128485 -0.990434 -0.050326
vn -0.129156 -0.990276 -0.051699
vn 0.130653 -0.988646 -0.074223
vn -0.997536 0.000000 0.070163
vn -0.996729 0.000000 0.080815
vn -0.996729 0.000000 0.080821
vn -0.996729 0.000002 0.080821
vn -0.997536 0.000000 0.070163
vn -0.996729 0.000000 0.080815
vn -0.996729 0.000002 0.080821
vn -0.996728 -0.000005 0.080823
vn -0.988747 -0.130681 0.072818
vn -0.988747 -0.130681 0.072818
vn 0.130654 0.988646 0.074223
vn -0.129155 0.990276 0.051699
vn -0.130010 0.990492 0.044985
vn -0.130010 0.990492 0.044985
vn -0.130010 0.990492 0.044985
vn -0.129219 0.991300 0.025026
vn 0.129860 0.990108 0.053134
vn 0.000000 0.000000 -1.000000
vn -0.000000 -0.194893 -0.980825
vn -0.000000 -0.191120 -0.981567
vn 0.000000 0.000000 -1.000000
vn -0.997536 0.000000 0.070163
vn -0.996729 0.000002 0.080821
vn -0.996729 0.000004 0.080820
vn -0.996729 0.000000 0.080815
vn -0.997536 0.000000 0.070163
vn 0.000000 0.000000 1.000000
vn 0.000000 0.195072 0.980789
vn 0.000000 0.199001 0.979999
vn 0.000000 0.000000 1.000000
vn 0.129859 -0.990108 0.053134
vn -0.129219 -0.991300 0.025026
vn -0.130011 -0.990492 0.044985
vn -0.130011 -0.990492 0.044985
vn -0.130011 -0.990492 0.044985
vn -0.129156 -0.990276 0.051699
vn 0.130653 -0.988646 0.074223
vn -0.996729 -0.000005 -0.080820
vn -0.996729 -0.000006 -0.080818
vn -0.996729 -0.000005 -0.080821
vn -0.996729 0.000000 -0.080815
vn -0.996729 0.000000 -0.080815
vn -0.996729 0.000004 -0.080823
vn -0.996728 0.000000 -0.080823
vn -0.996729 0.000000 -0.080821
vn -0.996729 0.000000 -0.080815
vn -0.996729 0.000000 -0.080815
vn -0.996729 -0.000002 -0.080820
vn -0.996729 0.000000 -0.080817
vn -0.996729 -0.000006 -0.080820
vn -0.996729 0.000000 -0.080815
vn -0.996729 0.000000 -0.080815
vn -0.996729 0.000000 0.080820
vn -0.996729 0.000000 0.080817
vn -0.996729 0.000004 0.080821
vn -0.996729 0.000000 0.080815
vn -0.996729 0.000000 0.080815
vn -0.996729 -0.000003 0.080823
vn -0.996728 0.000000 0.080823
vn -0.996729 0.000000 0.080821
vn -0.996729 0.000000 0.080815
vn -0.996729 0.000000 0.080815
vn -0.996729 0.000004 0.080820
vn -0.996729 0.000007 0.080817
vn -0.996729 0.000002 0.080821
vn -0.996729 0.000000 0.080815
vn -0.996729 0.000000 0.080815
vn -0.996729 -0.000006 0.080823
vn -0.996728 0.000000 0.080824
vn -0.996729 0.000000 0.080821
vn -0.996729 0.000000 0.080815
vn -0.996729 0.000000 0.080815
vn -0.996728 0.000000 -0.080823
vn -0.996728 0.000000 -0.080823
vn -0.996729 0.000000 -0.080821
vn -0.996729 0.000000 -0.080815
vn -0.996729 0.000000 -0.080815
vn 0.000000 0.195072 -0.980789
vn 0.000000 0.199001 -0.979999
vn 0.000000 0.386385 -0.922338
vn 0.000000 0.386385 -0.922338
vn 0.000000 0.932806 -0.360380
vn 0.000000 0.932806 -0.360380
vn 0.000000 0.987174 -0.159649
vn 0.000000 0.983782 -0.179368
vn -0.000000 -0.191120 -0.981567
vn -0.000000 -0.194893 -0.980825
vn -0.000000 -0.378791 -0.925482
vn -0.000000 -0.378791 -0.925482
vn -0.000000 -0.914505 -0.404575
vn -0.000000 -0.914505 -0.404575
vn -0.000000 -0.977487 -0.210995
vn -0.000000 -0.973210 -0.229916
vn 0.000000 0.977486 0.210999
vn 0.000000 0.973210 0.229920
vn 0.000000 0.914505 0.404575
vn 0.000000 0.914505 0.404575
vn 0.000000 0.378788 0.925483
vn 0.000000 0.378788 0.925483
vn 0.000000 0.191118 0.981567
vn 0.000000 0.194892 0.980825
vn -0.000000 -0.194893 0.980825
vn -0.000000 -0.191120 0.981567
vn -0.000000 -0.378791 0.925482
vn -0.000000 -0.378791 0.925482
vn -0.000000 -0.914505 0.404575
vn -0.000000 -0.914505 0.404575
vn -0.000000 -0.973210 0.229916
vn -0.000000 -0.977487 0.210995
vn -0.000000 -0.983783 -0.179363
vn -0.000000 -0.987175 -0.159644
vn -0.000000 -0.932808 -0.360373
vn -0.000000 -0.932808 -0.360373
vn -0.000000 -0.386385 -0.922338
vn -0.000000 -0.386385 -0.922338
vn -0.000000 -0.199001 -0.979999
vn -0.000000 -0.195072 -0.980789
vn 0.000000 0.983782 0.179368
vn 0.000000 0.987174 0.159649
vn 0.000000 0.932806 0.360380
vn 0.000000 0.932806 0.360380
vn 0.000000 0.386385 0.922338
vn 0.000000 0.386385 0.922338
vn 0.000000 0.199001 0.979999
vn 0.000000 0.195072 0.980789
vn 0.000000 0.194892 -0.980825
vn 0.000000 0.191118 -0.981567
vn 0.000000 0.378788 -0.925483
vn 0.000000 0.378788 -0.925483
vn 0.000000 0.914505 -0.404575
vn 0.000000 0.914505 -0.404575
vn 0.000000 0.973210 -0.229920
vn 0.000000 0.977486 -0.210999
vn -0.000000 -0.195072 0.980789
vn -0.000000 -0.199001 0.979999
vn -0.000000 -0.386385 0.922338
vn -0.000000 -0.386385 0.922338
vn -0.000000 -0.932808 0.360373
vn -0.000000 -0.932808 0.360373
vn -0.000000 -0.987175 0.159644
vn -0.000000 -0.983783 0.179363
vn 0.000000 0.999607 0.028029
vn 0.000000 0.983782 -0.179368
vn 0.000000 0.987174 -0.159649
vn 0.000000 0.999607 0.028030
vn -0.705303 0.707855 0.038582
vn -0.493275 0.855757 -0.156074
vn -0.860072 0.498037 -0.110615
vn -0.705226 0.707783 0.041226
vn 0.859352 0.495963 0.124639
vn 0.823803 0.479608 0.302200
vn 0.942142 0.124821 0.311107
vn 0.983653 0.128698 0.125951
vn -0.987687 0.129126 0.088322
vn -0.987642 0.130559 -0.086703
vn -0.987642 -0.130558 -0.086703
vn -0.987687 -0.129126 0.088322
vn -0.995601 0.000000 0.093694
vn -0.995601 0.000000 0.093694
vn -0.995601 0.000000 0.093694
vn 0.496888 -0.862725 -0.093847
vn 0.478238 -0.836840 -0.266434
vn 0.823803 -0.479608 -0.302200
vn 0.859352 -0.495963 -0.124639
vn -0.962582 0.258832 0.080260
vn -0.860072 0.498037 -0.110615
vn -0.987642 0.130559 -0.086703
vn -0.987687 0.129126 0.088322
vn 0.942142 0.124821 -0.311107
vn 0.983653 0.128698 -0.125951
vn 0.983653 -0.128698 -0.125951
vn 0.942151 -0.124823 -0.311080
vn 0.129860 0.990108 0.053134
vn -0.129219 0.991300 0.025026
vn -0.127814 0.972399 0.195200
vn 0.125953 0.966265 0.224651
vn -0.228711 0.029604 -0.973044
vn -0.206978 0.116521 -0.971382
vn -0.117897 0.196667 -0.973356
vn -0.029298 0.209454 -0.977380
vn 0.024782 0.204875 -0.978474
vn 0.100988 0.183267 -0.977862
vn 0.174477 0.103276 -0.979230
vn 0.189800 0.025117 -0.981502
vn 0.189800 -0.025117 -0.981502
vn 0.174477 -0.103276 -0.979230
vn 0.100987 -0.183297 -0.977857
vn 0.024781 -0.204904 -0.978468
vn -0.029299 -0.209454 -0.977380
vn -0.117897 -0.196667 -0.973356
vn -0.206978 -0.116521 -0.971382
vn -0.228711 -0.029604 -0.973044
vn -0.987642 0.130559 0.086703
vn -0.987687 0.129126 -0.088322
vn -0.995601 0.000000 -0.093694
vn -0.995601 0.000000 -0.093694
vn -0.995601 0.000000 -0.093694
vn -0.987687 -0.129126 -0.088322
vn -0.987642 -0.130558 0.086703
vn -0.130010 0.990492 0.044985
vn -0.129155 0.990276 0.051699
vn -0.257751 0.965356 0.040643
vn -0.257828 0.965619 0.033240
vn -0.705731 0.708264 -0.017512
vn -0.705820 0.708370 -0.005554
vn -0.705815 0.708363 -0.006889
vn -0.705731 0.708264 -0.017512
vn -0.963742 0.259143 -0.063613
vn -0.964424 0.259321 -0.051367
vn -0.989536 0.130441 -0.061680
vn -0.988747 0.130682 -0.072818
vn -0.129155 0.990276 0.051699
vn -0.128485 0.990434 0.050326
vn -0.495993 0.867883 0.027756
vn -0.257751 0.965356 0.040643
vn -0.705820 0.708370 -0.005554
vn -0.495993 0.867883 0.027756
vn -0.705810 0.708340 0.009318
vn -0.705815 0.708363 -0.006889
vn -0.964424 0.259321 -0.051367
vn -0.965359 0.259584 -0.026406
vn -0.990637 0.131902 -0.035219
vn -0.989536 0.130441 -0.061680
vn -0.128485 0.990434 0.050326
vn -0.127418 0.991849 0.000000
vn -0.492298 0.870427 0.000000
vn -0.495993 0.867883 0.027756
vn -0.495993 0.867883 0.027756
vn -0.492298 0.870427 0.000000
vn -0.705863 0.708349 0.000000
vn -0.705810 0.708340 0.009318
vn -0.965359 0.259584 -0.026406
vn -0.965695 0.259680 0.000000
vn -0.990839 0.135048 0.000000
vn -0.990637 0.131902 -0.035219
vn -0.127418 0.991849 0.000000
vn -0.128485 0.990434 -0.050326
vn -0.495993 0.867883 -0.027756
vn -0.492298 0.870427 0.000000
vn -0.492298 0.870427 0.000000
vn -0.495993 0.867883 -0.027756
vn -0.705810 0.708340 -0.009317
vn -0.705863 0.708349 0.000000
vn -0.965695 0.259680 0.000000
vn -0.965359 0.259584 0.026406
vn -0.990637 0.131902 0.035219
vn -0.990839 0.135048 0.000000
vn -0.128485 0.990434 -0.050326
vn -0.129155 0.990276 -0.051699
vn -0.257751 0.965356 -0.040642
vn -0.495993 0.867883 -0.027756
vn -0.495993 0.867883 -0.027756
vn -0.705820 0.708370 0.005554
vn -0.705815 0.708363 0.006889
vn -0.705810 0.708340 -0.009317
vn -0.965359 0.259584 0.026406
vn -0.964424 0.259321 0.051367
vn -0.989536 0.130441 0.061680
vn -0.990637 0.131902 0.035219
vn -0.130010 0.990492 -0.044985
vn -0.129219 0.991300 -0.025026
vn -0.257946 0.966102 -0.010493
vn -0.257810 0.965624 -0.033243
vn -0.705742 0.708253 0.017507
vn -0.705303 0.707855 0.038582
vn -0.705226 0.707783 0.041226
vn -0.705742 0.708253 0.017507
vn -0.963743 0.259137 0.063615
vn -0.962582 0.258832 0.080260
vn -0.987687 0.129126 0.088322
vn -0.988747 0.130682 0.072818
vn 0.125952 -0.966265 0.224651
vn -0.127814 -0.972399 0.195200
vn -0.129219 -0.991300 0.025026
vn 0.129859 -0.990108 0.053134
vn -0.127814 0.972399 0.195200
vn -0.129219 0.991300 0.025026
vn -0.257946 0.966102 0.010495
vn -0.493271 0.855761 0.156069
vn 0.983653 0.128698 0.125951
vn 0.942142 0.124821 0.311107
vn 0.942142 -0.124822 0.311107
vn 0.983653 -0.128698 0.125951
vn 0.129859 -0.990108 0.053134
vn 0.130653 -0.988646 0.074223
vn 0.497185 -0.861369 0.104161
vn 0.496888 -0.862725 0.093847
vn 0.496888 -0.862725 0.093847
vn 0.497185 -0.861369 0.104161
vn 0.859716 -0.496756 0.118840
vn 0.859352 -0.495963 0.124639
vn 0.859352 -0.495963 0.124639
vn 0.859716 -0.496756 0.118840
vn 0.985485 -0.129858 0.109349
vn 0.983653 -0.128698 0.125951
vn 0.130653 -0.988646 0.074223
vn 0.131508 -0.989285 0.063419
vn 0.498934 -0.863185 0.077306
vn 0.497185 -0.861369 0.104161
vn 0.497185 -0.861369 0.104161
vn 0.498934 -0.863185 0.077306
vn 0.862645 -0.499800 0.077742
vn 0.859716 -0.496756 0.118840
vn 0.859716 -0.496756 0.118840
vn 0.862645 -0.499800 0.077742
vn 0.989210 -0.131506 0.064578
vn 0.985485 -0.129858 0.109349
vn 0.131508 -0.989285 0.063419
vn 0.131600 -0.991303 0.000000
vn 0.498224 -0.867048 0.000000
vn 0.498934 -0.863185 0.077306
vn 0.498934 -0.863185 0.077306
vn 0.498224 -0.867048 0.000000
vn 0.704734 -0.709472 0.000000
vn 0.862645 -0.499800 0.077742
vn 0.862645 -0.499800 0.077742
vn 0.965499 -0.260408 0.000000
vn 0.990876 -0.134774 0.000000
vn 0.989210 -0.131506 0.064578
vn 0.131600 -0.991303 0.000000
vn 0.131508 -0.989285 -0.063419
vn 0.498933 -0.863183 -0.077336
vn 0.498224 -0.867048 0.000000
vn 0.498224 -0.867048 0.000000
vn 0.498933 -0.863183 -0.077336
vn 0.862645 -0.499800 -0.077742
vn 0.704734 -0.709472 0.000000
vn 0.965499 -0.260408 0.000000
vn 0.862645 -0.499800 -0.077742
vn 0.989210 -0.131506 -0.064578
vn 0.990876 -0.134774 0.000000
vn 0.131508 -0.989285 -0.063419
vn 0.130653 -0.988646 -0.074223
vn 0.497185 -0.861369 -0.104161
vn 0.498933 -0.863183 -0.077336
vn 0.498933 -0.863183 -0.077336
vn 0.497185 -0.861369 -0.104161
vn 0.859716 -0.496756 -0.118840
vn 0.862645 -0.499800 -0.077742
vn 0.862645 -0.499800 -0.077742
vn 0.859716 -0.496756 -0.118840
vn 0.985485 -0.129858 -0.109349
vn 0.989210 -0.131506 -0.064578
vn 0.130653 -0.988646 -0.074223
vn 0.129859 -0.990108 -0.053134
vn 0.496888 -0.862725 -0.093847
vn 0.497185 -0.861369 -0.104161
vn 0.497185 -0.861369 -0.104161
vn 0.496888 -0.862725 -0.093847
vn 0.859352 -0.495963 -0.124639
vn 0.859716 -0.496756 -0.118840
vn 0.859716 -0.496756 -0.118840
vn 0.859352 -0.495963 -0.124639
vn 0.983653 -0.128698 -0.125951
vn 0.985485 -0.129858 -0.109349
vn -0.130010 0.990492 0.044985
vn -0.130010 0.990492 0.044985
vn -0.257816 0.965622 0.033244
vn -0.257810 0.965624 0.033245
vn -0.705737 0.708258 -0.017509
vn -0.705736 0.708259 -0.017510
vn -0.705736 0.708259 -0.017510
vn -0.705736 0.708258 -0.017509
vn -0.963742 0.259142 -0.063617
vn -0.963742 0.259142 -0.063613
vn -0.988747 0.130682 -0.072818
vn -0.988747 0.130682 -0.072818
vn -0.130010 0.990492 -0.044985
vn -0.130010 0.990492 -0.044985
vn -0.257816 0.965622 -0.033245
vn -0.257828 0.965619 -0.033241
vn -0.705731 0.708264 0.017512
vn -0.705736 0.708259 0.017510
vn -0.705736 0.708258 0.017510
vn -0.705731 0.708264 0.017512
vn -0.963742 0.259143 0.063614
vn -0.963742 0.259142 0.063614
vn -0.988747 0.130682 0.072818
vn -0.988747 0.130682 0.072818
vn -0.130010 0.990492 0.044985
vn -0.130010 0.990492 0.044985
vn -0.257828 0.965619 0.033240
vn -0.257816 0.965622 0.033244
vn -0.705736 0.708259 -0.017510
vn -0.705731 0.708264 -0.017512
vn -0.705731 0.708264 -0.017512
vn -0.705736 0.708259 -0.017510
vn -0.963742 0.259142 -0.063613
vn -0.963742 0.259143 -0.063613
vn -0.988747 0.130682 -0.072818
vn -0.988747 0.130682 -0.072818
vn -0.130010 0.990492 -0.044985
vn -0.130010 0.990492 -0.044985
vn -0.257810 0.965624 -0.033243
vn -0.257816 0.965622 -0.033245
vn -0.705736 0.708259 0.017510
vn -0.705742 0.708253 0.017507
vn -0.705742 0.708253 0.017507
vn -0.705736 0.708258 0.017510
vn -0.963742 0.259142 0.063614
vn -0.963743 0.259137 0.063615
vn -0.988747 0.130682 0.072818
vn -0.988747 0.130682 0.072818
vn -0.129219 0.991300 0.025026
vn -0.130010 0.990492 0.044985
vn -0.257810 0.965624 0.033245
vn -0.257946 0.966102 0.010495
vn -0.705292 0.707866 -0.038583
vn -0.705737 0.708258 -0.017509
vn -0.705736 0.708258 -0.017509
vn -0.705215 0.707794 -0.041226
vn -0.962579 0.258845 -0.080261
vn -0.963742 0.259142 -0.063617
vn -0.988747 0.130682 -0.072818
vn -0.987687 0.129126 -0.088322
vn -0.129155 0.990276 -0.051699
vn -0.130010 0.990492 -0.044985
vn -0.257828 0.965619 -0.033241
vn -0.257751 0.965356 -0.040642
vn -0.705820 0.708370 0.005554
vn -0.705731 0.708264 0.017512
vn -0.705731 0.708264 0.017512
vn -0.705815 0.708363 0.006889
vn -0.964424 0.259321 0.051367
vn -0.963742 0.259143 0.063614
vn -0.988747 0.130682 0.072818
vn -0.989536 0.130441 0.061680
vn 0.823803 -0.479608 0.302200
vn 0.859352 -0.495963 0.124639
vn 0.983653 -0.128698 0.125951
vn 0.942142 -0.124822 0.311107
vn -0.705303 -0.707855 -0.038583
vn -0.493277 -0.855759 0.156060
vn -0.860072 -0.498038 0.110608
vn -0.705226 -0.707783 -0.041227
vn 0.125953 0.966265 -0.224651
vn 0.129860 0.990108 -0.053134
vn 0.496888 0.862725 -0.093847
vn 0.478238 0.836840 -0.266434
vn -0.129219 -0.991300 0.025026
vn -0.127814 -0.972399 0.195200
vn -0.493277 -0.855759 0.156060
vn -0.257946 -0.966102 0.010493
vn 0.496888 0.862725 0.093847
vn 0.478238 0.836840 0.266434
vn 0.823803 0.479608 0.302200
vn 0.859352 0.495963 0.124639
vn -0.962582 -0.258831 -0.080259
vn -0.860072 -0.498038 0.110608
vn -0.987642 -0.130558 0.086703
vn -0.987687 -0.129126 -0.088322
vn 0.129860 0.990108 0.053134
vn 0.125953 0.966265 0.224651
vn 0.478238 0.836840 0.266434
vn 0.496888 0.862725 0.093847
vn -0.860068 -0.498046 -0.110608
vn -0.962579 -0.258844 0.080261
vn -0.987687 -0.129126 0.088322
vn -0.987642 -0.130558 -0.086703
vn -0.493272 -0.855762 -0.156061
vn -0.705292 -0.707866 0.038583
vn -0.705215 -0.707794 0.041226
vn -0.860068 -0.498046 -0.110608
vn -0.130011 -0.990492 -0.044985
vn -0.129156 -0.990276 -0.051699
vn -0.257752 -0.965356 -0.040641
vn -0.257829 -0.965619 -0.033240
vn -0.705731 -0.708263 0.017512
vn -0.705820 -0.708369 0.005555
vn -0.705815 -0.708362 0.006889
vn -0.705731 -0.708263 0.017512
vn -0.963743 -0.259140 0.063614
vn -0.964424 -0.259320 0.051367
vn -0.989536 -0.130440 0.061680
vn -0.988747 -0.130681 0.072818
vn -0.129156 -0.990276 -0.051699
vn -0.128485 -0.990434 -0.050326
vn -0.495994 -0.867882 -0.027756
vn -0.257752 -0.965356 -0.040641
vn -0.705820 -0.708369 0.005555
vn -0.495994 -0.867882 -0.027756
vn -0.705811 -0.708339 -0.009317
vn -0.705815 -0.708362 0.006889
vn -0.964424 -0.259320 0.051367
vn -0.965360 -0.259583 0.026406
vn -0.990637 -0.131902 0.035219
vn -0.989536 -0.130440 0.061680
vn -0.128485 -0.990434 -0.050326
vn -0.127419 -0.991849 -0.000000
vn -0.492299 -0.870426 -0.000000
vn -0.495994 -0.867882 -0.027756
vn -0.495994 -0.867882 -0.027756
vn -0.492299 -0.870426 -0.000000
vn -0.705863 -0.708348 -0.000000
vn -0.705811 -0.708339 -0.009317
vn -0.965360 -0.259583 0.026406
vn -0.965695 -0.259680 -0.000000
vn -0.990839 -0.135048 -0.000000
vn -0.990637 -0.131902 0.035219
vn -0.127419 -0.991849 -0.000000
vn -0.128485 -0.990434 0.050326
vn -0.495994 -0.867882 0.027756
vn -0.492299 -0.870426 -0.000000
vn -0.492299 -0.870426 -0.000000
vn -0.495994 -0.867882 0.027756
vn -0.705811 -0.708339 0.009317
vn -0.705863 -0.708348 -0.000000
vn -0.965695 -0.259680 -0.000000
vn -0.965360 -0.259583 -0.026406
vn -0.990637 -0.131902 -0.035219
vn -0.990839 -0.135048 -0.000000
vn -0.128485 -0.990434 0.050326
vn -0.129156 -0.990276 0.051699
vn -0.257752 -0.965356 0.040640
vn -0.495994 -0.867882 0.027756
vn -0.495994 -0.867882 0.027756
vn -0.705820 -0.708369 -0.005555
vn -0.705815 -0.708362 -0.006889
vn -0.705811 -0.708339 0.009317
vn -0.965360 -0.259583 -0.026406
vn -0.964424 -0.259320 -0.051367
vn -0.989536 -0.130440 -0.061680
vn -0.990637 -0.131902 -0.035219
vn -0.130011 -0.990492 0.044985
vn -0.129219 -0.991300 0.025026
vn -0.257946 -0.966102 0.010493
vn -0.257811 -0.965623 0.033244
vn -0.705742 -0.708252 -0.017508
vn -0.705303 -0.707855 -0.038583
vn -0.705226 -0.707783 -0.041227
vn -0.705742 -0.708252 -0.017508
vn -0.963744 -0.259133 -0.063614
vn -0.962582 -0.258831 -0.080259
vn -0.987687 -0.129126 -0.088322
vn -0.988747 -0.130681 -0.072818
vn 0.823803 0.479608 -0.302200
vn 0.859352 0.495963 -0.124639
vn 0.983653 0.128698 -0.125951
vn 0.942142 0.124821 -0.311107
vn -0.127814 -0.972399 -0.195200
vn -0.129219 -0.991300 -0.025026
vn -0.257946 -0.966102 -0.010492
vn -0.493272 -0.855762 -0.156061
vn 0.478238 0.836840 -0.266434
vn 0.496888 0.862725 -0.093847
vn 0.859352 0.495963 -0.124639
vn 0.823803 0.479608 -0.302200
vn 0.129860 0.990108 -0.053134
vn 0.130654 0.988646 -0.074223
vn 0.497186 0.861369 -0.104161
vn 0.496888 0.862725 -0.093847
vn 0.496888 0.862725 -0.093847
vn 0.497186 0.861369 -0.104161
vn 0.859716 0.496755 -0.118840
vn 0.859352 0.495963 -0.124639
vn 0.859352 0.495963 -0.124639
vn 0.859716 0.496755 -0.118840
vn 0.985485 0.129857 -0.109349
vn 0.983653 0.128698 -0.125951
vn 0.130654 0.988646 -0.074223
vn 0.131508 0.989284 -0.063419
vn 0.498934 0.863185 -0.077306
vn 0.497186 0.861369 -0.104161
vn 0.497186 0.861369 -0.104161
vn 0.498934 0.863185 -0.077306
vn 0.862645 0.499800 -0.077741
vn 0.859716 0.496755 -0.118840
vn 0.859716 0.496755 -0.118840
vn 0.862645 0.499800 -0.077741
vn 0.989210 0.131506 -0.064578
vn 0.985485 0.129857 -0.109349
vn 0.131508 0.989284 -0.063419
vn 0.131600 0.991303 0.000000
vn 0.498225 0.867048 0.000000
vn 0.498934 0.863185 -0.077306
vn 0.498934 0.863185 -0.077306
vn 0.498225 0.867048 0.000000
vn 0.704734 0.709471 0.000000
vn 0.862645 0.499800 -0.077741
vn 0.862645 0.499800 -0.077741
vn 0.965499 0.260407 0.000000
vn 0.990876 0.134774 0.000000
vn 0.989210 0.131506 -0.064578
vn 0.131600 0.991303 0.000000
vn 0.131508 0.989284 0.063419
vn 0.498934 0.863185 0.077306
vn 0.498225 0.867048 0.000000
vn 0.498225 0.867048 0.000000
vn 0.498934 0.863185 0.077306
vn 0.862645 0.499800 0.077741
vn 0.704734 0.709471 0.000000
vn 0.965499 0.260407 0.000000
vn 0.862645 0.499800 0.077741
vn 0.989210 0.131506 0.064578
vn 0.990876 0.134774 0.000000
vn 0.131508 0.989284 0.063419
vn 0.130654 0.988646 0.074223
vn 0.497186 0.861369 0.104161
vn 0.498934 0.863185 0.077306
vn 0.498934 0.863185 0.077306
vn 0.497186 0.861369 0.104161
vn 0.859716 0.496755 0.118840
vn 0.862645 0.499800 0.077741
vn 0.862645 0.499800 0.077741
vn 0.859716 0.496755 0.118840
vn 0.985485 0.129857 0.109349
vn 0.989210 0.131506 0.064578
vn 0.130654 0.988646 0.074223
vn 0.129860 0.990108 0.053134
vn 0.496888 0.862725 0.093847
vn 0.497186 0.861369 0.104161
vn 0.497186 0.861369 0.104161
vn 0.496888 0.862725 0.093847
vn 0.859352 0.495963 0.124639
vn 0.859716 0.496755 0.118840
vn 0.859716 0.496755 0.118840
vn 0.859352 0.495963 0.124639
vn 0.983653 0.128698 0.125951
vn 0.985485 0.129857 0.109349
vn -0.130011 -0.990492 -0.044985
vn -0.130011 -0.990492 -0.044985
vn -0.257817 -0.965622 -0.033245
vn -0.257810 -0.965623 -0.033243
vn -0.705737 -0.708258 0.017509
vn -0.705736 -0.708258 0.017509
vn -0.705737 -0.708258 0.017509
vn -0.705737 -0.708258 0.017509
vn -0.963743 -0.259138 0.063615
vn -0.963744 -0.259136 0.063614
vn -0.988747 -0.130681 0.072818
vn -0.988747 -0.130681 0.072818
vn -0.130011 -0.990492 0.044985
vn -0.130011 -0.990492 0.044985
vn -0.257817 -0.965622 0.033247
vn -0.257829 -0.965619 0.033240
vn -0.705731 -0.708263 -0.017512
vn -0.705736 -0.708258 -0.017510
vn -0.705737 -0.708258 -0.017510
vn -0.705731 -0.708263 -0.017512
vn -0.963743 -0.259140 -0.063614
vn -0.963744 -0.259136 -0.063614
vn -0.988747 -0.130681 -0.072818
vn -0.988747 -0.130681 -0.072818
vn -0.130011 -0.990492 -0.044985
vn -0.130011 -0.990492 -0.044985
vn -0.257829 -0.965619 -0.033240
vn -0.257817 -0.965622 -0.033245
vn -0.705736 -0.708258 0.017509
vn -0.705731 -0.708263 0.017512
vn -0.705731 -0.708263 0.017512
vn -0.705737 -0.708258 0.017509
vn -0.963744 -0.259136 0.063614
vn -0.963743 -0.259140 0.063614
vn -0.988747 -0.130681 0.072818
vn -0.988747 -0.130681 0.072818
vn -0.130011 -0.990492 0.044985
vn -0.130011 -0.990492 0.044985
vn -0.257811 -0.965623 0.033244
vn -0.257817 -0.965622 0.033247
vn -0.705736 -0.708258 -0.017510
vn -0.705742 -0.708252 -0.017508
vn -0.705742 -0.708252 -0.017508
vn -0.705737 -0.708258 -0.017510
vn -0.963744 -0.259136 -0.063614
vn -0.963744 -0.259133 -0.063614
vn -0.988747 -0.130681 -0.072818
vn -0.988747 -0.130681 -0.072818
vn -0.129219 -0.991300 -0.025026
vn -0.130011 -0.990492 -0.044985
vn -0.257810 -0.965623 -0.033243
vn -0.257946 -0.966102 -0.010492
vn -0.705292 -0.707866 0.038583
vn -0.705737 -0.708258 0.017509
vn -0.705737 -0.708258 0.017509
vn -0.705215 -0.707794 0.041226
vn -0.962579 -0.258844 0.080261
vn -0.963743 -0.259138 0.063615
vn -0.988747 -0.130681 0.072818
vn -0.987687 -0.129126 0.088322
vn -0.129156 -0.990276 0.051699
vn -0.130011 -0.990492 0.044985
vn -0.257829 -0.965619 0.033240
vn -0.257752 -0.965356 0.040640
vn -0.705820 -0.708369 -0.005555
vn -0.705731 -0.708263 -0.017512
vn -0.705731 -0.708263 -0.017512
vn -0.705815 -0.708362 -0.006889
vn -0.964424 -0.259320 -0.051367
vn -0.963743 -0.259140 -0.063614
vn -0.988747 -0.130681 -0.072818
vn -0.989536 -0.130440 -0.061680
vn -0.860067 0.498046 0.110609
vn -0.962579 0.258845 -0.080261
vn -0.987687 0.129126 -0.088322
vn -0.987642 0.130559 0.086703
vn -0.029298 0.209454 -0.977380
vn -0.117897 0.196667 -0.973356
vn -0.189429 0.337938 -0.921908
vn -0.047330 0.380893 -0.923407
vn -0.129711 0.914497 -0.383237
vn -0.483630 0.801936 -0.350715
vn -0.493275 0.855757 -0.156074
vn -0.127814 0.972399 -0.195200
vn -0.117897 0.196667 -0.973356
vn -0.206978 0.116521 -0.971382
vn -0.345688 0.203819 -0.915946
vn -0.189429 0.337938 -0.921908
vn -0.483630 0.801936 -0.350715
vn -0.830481 0.465611 -0.305790
vn -0.860072 0.498037 -0.110615
vn -0.493275 0.855757 -0.156074
vn -0.206978 0.116521 -0.971382
vn -0.228711 0.029604 -0.973044
vn -0.413766 0.055536 -0.908688
vn -0.345688 0.203819 -0.915946
vn -0.830481 0.465611 -0.305790
vn -0.953248 0.122877 -0.276080
vn -0.987642 0.130559 -0.086703
vn -0.860072 0.498037 -0.110615
vn 0.024781 -0.204904 -0.978468
vn 0.100987 -0.183297 -0.977857
vn 0.179852 -0.305424 -0.935077
vn 0.051465 -0.371246 -0.927107
vn 0.107621 -0.905128 -0.411292
vn 0.426979 -0.779685 -0.458017
vn 0.478238 -0.836840 -0.266434
vn 0.125952 -0.966265 -0.224651
vn 0.100987 -0.183297 -0.977857
vn 0.174477 -0.103276 -0.979230
vn 0.298340 -0.171158 -0.938988
vn 0.179852 -0.305424 -0.935077
vn 0.426979 -0.779685 -0.458017
vn 0.748374 -0.444181 -0.492585
vn 0.823803 -0.479608 -0.302200
vn 0.478238 -0.836840 -0.266434
vn 0.174477 -0.103276 -0.979230
vn 0.189800 -0.025117 -0.981502
vn 0.345666 -0.045846 -0.937237
vn 0.298340 -0.171158 -0.938988
vn 0.748374 -0.444181 -0.492585
vn 0.862406 -0.114111 -0.493187
vn 0.942151 -0.124823 -0.311080
vn 0.823803 -0.479608 -0.302200
vn -0.117897 0.196667 0.973356
vn -0.029298 0.209454 0.977380
vn -0.047333 0.380887 0.923409
vn -0.189434 0.337931 0.921910
vn -0.483631 0.801941 0.350701
vn -0.129711 0.914497 0.383237
vn -0.127814 0.972399 0.195200
vn -0.493271 0.855761 0.156069
vn -0.206978 0.116521 0.971382
vn -0.117897 0.196667 0.973356
vn -0.189434 0.337931 0.921910
vn -0.345691 0.203818 0.915945
vn -0.830483 0.465616 0.305777
vn -0.483631 0.801941 0.350701
vn -0.493271 0.855761 0.156069
vn -0.860067 0.498046 0.110609
vn -0.228711 0.029604 0.973044
vn -0.206978 0.116521 0.971382
vn -0.345691 0.203818 0.915945
vn -0.413765 0.055536 0.908689
vn -0.953249 0.122871 0.276080
vn -0.830483 0.465616 0.305777
vn -0.860067 0.498046 0.110609
vn -0.987642 0.130559 0.086703
vn 0.100988 -0.183267 0.977862
vn 0.024781 -0.204904 0.978468
vn 0.051463 -0.371240 0.927110
vn 0.179851 -0.305419 0.935079
vn 0.426979 -0.779685 0.458017
vn 0.107621 -0.905128 0.411292
vn 0.125952 -0.966265 0.224651
vn 0.478238 -0.836840 0.266434
vn 0.174477 -0.103276 0.979230
vn 0.100988 -0.183267 0.977862
vn 0.179851 -0.305419 0.935079
vn 0.298339 -0.171158 0.938988
vn 0.748372 -0.444181 0.492588
vn 0.426979 -0.779685 0.458017
vn 0.478238 -0.836840 0.266434
vn 0.823803 -0.479608 0.302200
vn 0.189800 -0.025117 0.981502
vn 0.174477 -0.103276 0.979230
vn 0.298339 -0.171158 0.938988
vn 0.345665 -0.045846 0.937237
vn 0.862405 -0.114111 0.493190
vn 0.748372 -0.444181 0.492588
vn 0.823803 -0.479608 0.302200
vn 0.942142 -0.124822 0.311107
vn -0.029299 -0.209454 0.977380
vn -0.117897 -0.196667 0.973356
vn -0.189430 -0.337938 0.921908
vn -0.047330 -0.380893 0.923407
vn -0.129713 -0.914496 0.383240
vn -0.483636 -0.801944 0.350688
vn -0.493277 -0.855759 0.156060
vn -0.127814 -0.972399 0.195200
vn -0.117897 -0.196667 0.973356
vn -0.206978 -0.116521 0.971382
vn -0.345686 -0.203818 0.915947
vn -0.189430 -0.337938 0.921908
vn -0.483636 -0.801944 0.350688
vn -0.830485 -0.465613 0.305776
vn -0.860072 -0.498038 0.110608
vn -0.493277 -0.855759 0.156060
vn -0.206978 -0.116521 0.971382
vn -0.228711 -0.029604 0.973044
vn -0.413765 -0.055535 0.908689
vn -0.345686 -0.203818 0.915947
vn -0.830485 -0.465613 0.305776
vn -0.953248 -0.122877 0.276080
vn -0.987642 -0.130558 0.086703
vn -0.860072 -0.498038 0.110608
vn 0.024781 0.204904 0.978468
vn 0.100988 0.183267 0.977862
vn 0.179851 0.305419 0.935079
vn 0.051463 0.371240 0.927110
vn 0.107620 0.905131 0.411285
vn 0.426982 0.779683 0.458019
vn 0.478238 0.836840 0.266434
vn 0.125953 0.966265 0.224651
vn 0.100988 0.183267 0.977862
vn 0.174477 0.103276 0.979230
vn 0.298340 0.171158 0.938988
vn 0.179851 0.305419 0.935079
vn 0.426982 0.779683 0.458019
vn 0.748377 0.444185 0.492577
vn 0.823803 0.479608 0.302200
vn 0.478238 0.836840 0.266434
vn 0.174477 0.103276 0.979230
vn 0.189800 0.025117 0.981502
vn 0.345666 0.045846 0.937237
vn 0.298340 0.171158 0.938988
vn 0.748377 0.444185 0.492577
vn 0.862405 0.114110 0.493190
vn 0.942142 0.124821 0.311107
vn 0.823803 0.479608 0.302200
vn -0.117897 -0.196667 -0.973356
vn -0.029299 -0.209454 -0.977380
vn -0.047333 -0.380887 -0.923409
vn -0.189434 -0.337931 -0.921910
vn -0.483633 -0.801945 -0.350689
vn -0.129713 -0.914496 -0.383240
vn -0.127814 -0.972399 -0.195200
vn -0.493272 -0.855762 -0.156061
vn -0.206978 -0.116521 -0.971382
vn -0.117897 -0.196667 -0.973356
vn -0.189434 -0.337931 -0.921910
vn -0.345689 -0.203817 -0.915946
vn -0.830483 -0.465615 -0.305777
vn -0.483633 -0.801945 -0.350689
vn -0.493272 -0.855762 -0.156061
vn -0.860068 -0.498046 -0.110608
vn -0.228711 -0.029604 -0.973044
vn -0.206978 -0.116521 -0.971382
vn -0.345689 -0.203817 -0.915946
vn -0.413763 -0.055535 -0.908689
vn -0.953249 -0.122870 -0.276080
vn -0.830483 -0.465615 -0.305777
vn -0.860068 -0.498046 -0.110608
vn -0.987642 -0.130558 -0.086703
vn 0.100988 0.183267 -0.977862
vn 0.024782 0.204875 -0.978474
vn 0.051462 0.371234 -0.927112
vn 0.179850 0.305413 -0.935081
vn 0.426982 0.779683 -0.458019
vn 0.107620 0.905131 -0.411285
vn 0.125953 0.966265 -0.224651
vn 0.478238 0.836840 -0.266434
vn 0.174477 0.103276 -0.979230
vn 0.100988 0.183267 -0.977862
vn 0.179850 0.305413 -0.935081
vn 0.298340 0.171158 -0.938988
vn 0.748376 0.444184 -0.492579
vn 0.426982 0.779683 -0.458019
vn 0.478238 0.836840 -0.266434
vn 0.823803 0.479608 -0.302200
vn 0.189800 0.025117 -0.981502
vn 0.174477 0.103276 -0.979230
vn 0.298340 0.171158 -0.938988
vn 0.345666 0.045846 -0.937237
vn 0.862404 0.114110 -0.493192
vn 0.748376 0.444184 -0.492579
vn 0.823803 0.479608 -0.302200
vn 0.942142 0.124821 -0.311107
vn -0.029298 0.209454 0.977380
vn 0.024781 0.204904 0.978468
vn 0.051463 0.371240 0.927110
vn -0.047333 0.380887 0.923409
vn -0.129711 0.914497 0.383237
vn 0.107620 0.905131 0.411285
vn 0.125953 0.966265 0.224651
vn -0.127814 0.972399 0.195200
vn 0.189800 0.025117 0.981502
vn 0.189800 -0.025117 0.981502
vn 0.345665 -0.045846 0.937237
vn 0.345666 0.045846 0.937237
vn 0.862405 0.114110 0.493190
vn 0.862405 -0.114111 0.493190
vn 0.942142 -0.124822 0.311107
vn 0.942142 0.124821 0.311107
vn -0.987642 0.130559 0.086703
vn -0.987642 -0.130558 0.086703
vn -0.953248 -0.122877 0.276080
vn -0.953249 0.122871 0.276080
vn -0.413765 0.055536 0.908689
vn -0.413765 -0.055535 0.908689
vn -0.228711 -0.029604 0.973044
vn -0.228711 0.029604 0.973044
vn -0.127814 -0.972399 0.195200
vn 0.125952 -0.966265 0.224651
vn 0.107621 -0.905128 0.411292
vn -0.129713 -0.914496 0.383240
vn -0.047330 -0.380893 0.923407
vn 0.051463 -0.371240 0.927110
vn 0.024781 -0.204904 0.978468
vn -0.029299 -0.209454 0.977380
vn 0.189800 -0.025117 -0.981502
vn 0.189800 0.025117 -0.981502
vn 0.345666 0.045846 -0.937237
vn 0.345666 -0.045846 -0.937237
vn 0.862406 -0.114111 -0.493187
vn 0.862404 0.114110 -0.493192
vn 0.942142 0.124821 -0.311107
vn 0.942151 -0.124823 -0.311080
vn -0.987642 -0.130558 -0.086703
vn -0.987642 0.130559 -0.086703
vn -0.953248 0.122877 -0.276080
vn -0.953249 -0.122870 -0.276080
vn -0.413763 -0.055535 -0.908689
vn -0.413766 0.055536 -0.908688
vn -0.228711 0.029604 -0.973044
vn -0.228711 -0.029604 -0.973044
vn -0.127814 0.972399 -0.195200
vn 0.125953 0.966265 -0.224651
vn 0.107620 0.905131 -0.411285
vn -0.129711 0.914497 -0.383237
vn -0.047330 0.380893 -0.923407
vn 0.051462 0.371234 -0.927112
vn 0.024782 0.204875 -0.978474
vn -0.029298 0.209454 -0.977380
vn 0.125952 -0.966265 -0.224651
vn -0.127814 -0.972399 -0.195200
vn -0.129713 -0.914496 -0.383240
vn 0.107621 -0.905128 -0.411292
vn 0.051465 -0.371246 -0.927107
vn -0.047333 -0.380887 -0.923409
vn -0.029299 -0.209454 -0.977380
vn 0.024781 -0.204904 -0.978468
vn 0.189800 0.025117 0.981502
vn 0.174477 0.103276 0.979230
vn 0.100988 0.183267 0.977862
vn 0.024781 0.204904 0.978468
vn -0.029298 0.209454 0.977380
vn -0.117897 0.196667 0.973356
vn -0.206978 0.116521 0.971382
vn -0.228711 0.029604 0.973044
vn -0.228711 -0.029604 0.973044
vn -0.206978 -0.116521 0.971382
vn -0.117897 -0.196667 0.973356
vn -0.029299 -0.209454 0.977380
vn 0.024781 -0.204904 0.978468
vn 0.100988 -0.183267 0.977862
vn 0.174477 -0.103276 0.979230
vn 0.189800 -0.025117 0.981502
vn -0.493277 0.855751 0.156104
vn -0.705319 0.707839 -0.038585
vn -0.705242 0.707767 -0.041229
vn -0.860074 0.498036 0.110601
vn -0.996729 -0.000005 0.080822
vn -0.996729 -0.000006 0.080822
vn -0.996729 0.000000 0.080815
vn -0.988747 -0.130681 0.072818
vn -0.988747 -0.130681 0.072818
vn -0.996729 0.000000 0.080815
vn -0.996729 0.000000 0.080815
vn -0.995601 0.000000 0.093694
vn -0.987690 -0.129126 0.088292
vn -0.988747 -0.130681 0.072818
vn 0.478234 -0.836834 0.266462
vn 0.496888 -0.862725 0.093847
vn 0.859352 -0.495963 0.124639
vn 0.823810 -0.479613 0.302173
vn 0.125955 0.966250 -0.224716
vn -0.127814 0.972374 -0.195323
vn -0.129219 0.991300 -0.025026
vn 0.129860 0.990108 -0.053134
vn 0.129859 -0.990108 -0.053134
vn -0.129189 -0.991304 -0.025026
vn -0.127783 -0.972392 -0.195260
vn 0.125950 -0.966252 -0.224709
vn 0.129859 -0.990108 -0.053134
vn 0.125950 -0.966252 -0.224709
vn 0.478234 -0.836834 -0.266462
vn 0.496888 -0.862725 -0.093847
vn -0.989536 0.130441 0.061680
vn -0.988747 0.130682 0.072818
vn -0.996729 0.000000 0.080815
vn -0.996729 0.000000 0.080815
vn -0.997536 0.000000 0.070163
vn 0.985485 0.129857 -0.109349
vn 0.989210 0.131506 -0.064578
vn 0.989210 -0.131506 -0.064578
vn 0.985485 -0.129858 -0.109349
vn -0.997536 0.000000 0.070163
vn -0.996729 0.000000 0.080815
vn -0.996729 0.000000 0.080815
vn -0.988747 -0.130681 0.072818
vn -0.989536 -0.130440 0.061680
vn 0.131630 -0.991299 0.000000
vn -0.127449 -0.991845 -0.000000
vn -0.128515 -0.990430 -0.050326
vn 0.131538 -0.989281 -0.063419
vn -0.988747 0.130682 -0.072818
vn -0.989536 0.130441 -0.061680
vn -0.997536 0.000000 -0.070163
vn -0.996729 0.000000 -0.080815
vn -0.996729 0.000000 -0.080815
vn -0.987687 0.129126 -0.088322
vn -0.988747 0.130682 -0.072818
vn -0.996729 0.000000 -0.080815
vn -0.996729 0.000000 -0.080815
vn -0.995601 0.000000 -0.093694
vn 0.125950 -0.966252 0.224709
vn 0.129859 -0.990108 0.053134
vn 0.496888 -0.862725 0.093847
vn 0.478234 -0.836834 0.266462
vn 0.131538 0.989280 0.063419
vn -0.128515 0.990430 0.050326
vn -0.129125 0.990280 0.051699
vn 0.130654 0.988646 0.074223
vn 0.131630 0.991299 0.000000
vn -0.127448 0.991845 0.000000
vn -0.128515 0.990430 0.050326
vn 0.131538 0.989280 0.063419
vn 0.131538 0.989280 -0.063419
vn -0.128515 0.990430 -0.050326
vn -0.127448 0.991845 0.000000
vn 0.131630 0.991299 0.000000
vn 0.130654 0.988646 -0.074223
vn -0.129125 0.990280 -0.051699
vn -0.128515 0.990430 -0.050326
vn 0.131538 0.989280 -0.063419
vn 0.129860 0.990108 -0.053134
vn -0.129219 0.991300 -0.025026
vn -0.130010 0.990492 -0.044985
vn -0.130010 0.990492 -0.044985
vn -0.130010 0.990492 -0.044985
vn -0.129125 0.990280 -0.051699
vn 0.130654 0.988646 -0.074223
vn -0.988747 0.130682 -0.072818
vn -0.988747 0.130682 -0.072818
vn -0.996729 0.000000 -0.080815
vn -0.996729 -0.000005 -0.080820
vn -0.996729 0.000001 -0.080822
vn -0.129219 0.991300 -0.025026
vn -0.127814 0.972374 -0.195323
vn -0.493277 0.855751 -0.156103
vn -0.257966 0.966097 -0.010497
vn -0.990637 0.131902 0.035219
vn -0.989536 0.130441 0.061680
vn -0.997536 0.000000 0.070163
vn -0.997536 0.000000 0.070163
vn -0.997536 0.000000 0.070163
vn -0.989536 -0.130440 0.061680
vn -0.990637 -0.131902 0.035219
vn -0.990839 0.135048 0.000000
vn -0.990637 0.131902 0.035219
vn -0.990637 -0.131902 0.035219
vn -0.990839 -0.135048 -0.000000
vn -0.990637 0.131902 -0.035219
vn -0.990839 0.135048 0.000000
vn -0.990839 -0.135048 -0.000000
vn -0.990637 -0.131902 -0.035219
vn -0.989536 0.130441 -0.061680
vn -0.990637 0.131902 -0.035219
vn -0.990637 -0.131902 -0.035219
vn -0.989536 -0.130440 -0.061680
vn -0.997536 0.000000 -0.070163
vn -0.997536 0.000000 -0.070163
vn -0.997536 0.000000 -0.070163
vn -0.996729 0.000000 -0.080815
vn -0.996729 0.000000 -0.080815
vn -0.997536 0.000000 -0.070163
vn -0.989536 -0.130440 -0.061680
vn -0.988747 -0.130681 -0.072818
vn -0.995601 0.000000 -0.093694
vn -0.996729 0.000000 -0.080815
vn -0.996729 0.000000 -0.080815
vn -0.988747 -0.130681 -0.072818
vn -0.987687 -0.129126 -0.088322
vn 0.859352 -0.495963 -0.124639
vn 0.823810 -0.479613 -0.302173
vn 0.942142 -0.124822 -0.311107
vn 0.983649 -0.128728 -0.125951
vn 0.000000 0.000000 -1.000000
vn -0.000000 -0.195074 -0.980789
vn -0.000000 -0.199003 -0.979999
vn 0.000000 0.000000 -1.000000
vn 0.985485 0.129857 0.109349
vn 0.983649 0.128728 0.125951
vn 0.983649 -0.128728 0.125951
vn 0.985485 -0.129858 0.109349
vn 0.989210 0.131506 0.064578
vn 0.985485 0.129857 0.109349
vn 0.985485 -0.129858 0.109349
vn 0.989210 -0.131506 0.064578
vn 0.990876 0.134774 0.000000
vn 0.989210 0.131506 0.064578
vn 0.989210 -0.131506 0.064578
vn 0.990876 -0.134774 0.000000
vn 0.989210 0.131506 -0.064578
vn 0.990876 0.134774 0.000000
vn 0.990876 -0.134774 0.000000
vn 0.989210 -0.131506 -0.064578
vn -0.996729 0.000000 -0.080815
vn -0.996729 -0.000006 -0.080820
vn -0.996729 -0.000005 -0.080822
vn -0.988747 -0.130681 -0.072818
vn -0.988747 -0.130681 -0.072818
vn -0.000000 -0.999607 -0.028021
vn -0.000000 -0.983783 0.179363
vn -0.000000 -0.987175 0.159645
vn -0.000000 -0.999607 -0.028021
vn 0.000000 0.999607 -0.028031
vn 0.000000 0.977486 -0.211003
vn 0.000000 0.973209 -0.229924
vn 0.000000 0.999607 -0.028031
vn -0.000000 -0.999607 0.028021
vn -0.000000 -0.977486 0.210999
vn -0.000000 -0.973209 0.229921
vn -0.000000 -0.999607 0.028021
vn 0.983649 0.128728 -0.125951
vn 0.985485 0.129857 -0.109349
vn 0.985485 -0.129858 -0.109349
vn 0.983649 -0.128728 -0.125951
vn 0.000000 0.000000 1.000000
vn 0.000000 0.194893 0.980825
vn 0.000000 0.191120 0.981567
vn 0.000000 0.000000 1.000000
vn -0.995601 0.000000 -0.093694
vn -0.996729 -0.000001 -0.080821
vn -0.996729 -0.000002 -0.080819
vn -0.996729 0.000000 -0.080815
vn -0.995601 0.000000 -0.093694
vn -0.996729 -0.000005 -0.080820
vn -0.996729 0.000000 -0.080815
vn -0.997536 0.000000 -0.070163
vn -0.997536 0.000000 -0.070163
vn -0.996729 -0.000002 -0.080820
vn -0.988747 0.130682 -0.072818
vn -0.988747 0.130682 -0.072818
vn -0.996729 0.000001 -0.080822
vn -0.996728 0.000004 -0.080823
vn -0.996729 0.000000 -0.080815
vn -0.988747 0.130682 0.072818
vn -0.988747 0.130682 0.072818
vn -0.996729 0.000000 0.080815
vn -0.996729 0.000004 0.080820
vn -0.996729 0.000000 0.080822
vn 0.000000 0.977486 0.211003
vn 0.000000 0.999607 0.028031
vn 0.000000 0.999607 0.028031
vn 0.000000 0.973209 0.229924
vn 0.130653 -0.988646 0.074223
vn -0.129126 -0.990280 0.051699
vn -0.128515 -0.990430 0.050326
vn 0.131538 -0.989281 0.063419
vn -0.000000 -0.194887 0.980826
vn 0.000000 0.000000 1.000000
vn 0.000000 0.000000 1.000000
vn -0.000000 -0.191114 0.981568
vn 0.000000 0.194893 -0.980825
vn 0.000000 0.000000 -1.000000
vn 0.000000 0.000000 -1.000000
vn 0.000000 0.191120 -0.981567
vn 0.131538 -0.989281 0.063419
vn -0.128515 -0.990430 0.050326
vn -0.127449 -0.991845 -0.000000
vn 0.131630 -0.991299 0.000000
vn -0.996729 0.000000 0.080820
vn -0.996729 0.000000 0.080815
vn -0.995601 0.000000 0.093694
vn -0.995601 0.000000 0.093694
vn -0.996729 0.000000 0.080821
vn -0.988747 0.130682 0.072818
vn -0.988747 0.130682 0.072818
vn -0.996729 0.000000 0.080822
vn -0.996729 -0.000003 0.080822
vn -0.996729 0.000000 0.080815
vn 0.000000 0.983784 0.179357
vn 0.000000 0.999607 -0.028031
vn 0.000000 0.999607 -0.028031
vn 0.000000 0.987176 0.159638
vn -0.988747 0.130682 0.072818
vn -0.987687 0.129126 0.088322
vn -0.995601 0.000000 0.093694
vn -0.996729 0.000000 0.080815
vn -0.996729 0.000000 0.080815
vn -0.000000 -0.195074 0.980789
vn 0.000000 0.000000 1.000000
vn 0.000000 0.000000 1.000000
vn -0.000000 -0.199003 0.979999
vn -0.996729 -0.000005 -0.080822
vn -0.996728 0.000000 -0.080822
vn -0.996729 0.000000 -0.080815
vn -0.988747 -0.130681 -0.072818
vn -0.988747 -0.130681 -0.072818
vn 0.000000 0.195068 -0.980790
vn 0.000000 0.000000 -1.000000
vn 0.000000 0.000000 -1.000000
vn 0.000000 0.198997 -0.980000
vn -0.996729 0.000000 0.080821
vn -0.995601 0.000000 0.093694
vn -0.995601 0.000000 0.093694
vn -0.996729 0.000000 0.080815
vn -0.996729 0.000000 0.080822
vn 0.130653 -0.988646 -0.074223
vn -0.129126 -0.990280 -0.051699
vn -0.130011 -0.990492 -0.044985
vn -0.130011 -0.990492 -0.044985
vn -0.130011 -0.990492 -0.044985
vn -0.129189 -0.991304 -0.025026
vn 0.129859 -0.990108 -0.053134
vn -0.000000 -0.977486 -0.210999
vn -0.000000 -0.999607 -0.028021
vn -0.000000 -0.999607 -0.028021
vn -0.000000 -0.973209 -0.229921
vn -0.996729 -0.000002 -0.080820
vn -0.997536 0.000000 -0.070163
vn -0.997536 0.000000 -0.070163
vn -0.996729 0.000000 -0.080815
vn -0.996729 0.000000 -0.080821
vn -0.995601 0.000000 -0.093694
vn -0.996729 0.000000 -0.080815
vn -0.996729 0.000000 -0.080822
vn -0.996729 -0.000001 -0.080821
vn -0.995601 0.000000 -0.093694
vn -0.000000 -0.983783 -0.179363
vn -0.000000 -0.999607 0.028021
vn -0.000000 -0.999607 0.028021
vn -0.000000 -0.987175 -0.159645
vn 0.131538 -0.989281 -0.063419
vn -0.128515 -0.990430 -0.050326
vn -0.129126 -0.990280 -0.051699
vn 0.130653 -0.988646 -0.074223
vn -0.997536 0.000000 0.070163
vn -0.996729 0.000000 0.080815
vn -0.996729 0.000000 0.080821
vn -0.996729 0.000002 0.080820
vn -0.997536 0.000000 0.070163
vn -0.996729 0.000000 0.080815
vn -0.996729 0.000002 0.080821
vn -0.996729 -0.000005 0.080822
vn -0.988747 -0.130681 0.072818
vn -0.988747 -0.130681 0.072818
vn 0.130654 0.988646 0.074223
vn -0.129125 0.990280 0.051699
vn -0.130010 0.990492 0.044985
vn -0.130010 0.990492 0.044985
vn -0.130010 0.990492 0.044985
vn -0.129189 0.991304 0.025026
vn 0.129860 0.990108 0.053134
vn 0.000000 0.000000 -1.000000
vn -0.000000 -0.194887 -0.980826
vn -0.000000 -0.191114 -0.981568
vn 0.000000 0.000000 -1.000000
vn -0.997536 0.000000 0.070163
vn -0.996729 0.000002 0.080820
vn -0.996729 0.000004 0.080820
vn -0.996729 0.000000 0.080815
vn -0.997536 0.000000 0.070163
vn 0.000000 0.000000 1.000000
vn 0.000000 0.195068 0.980790
vn 0.000000 0.198997 0.980000
vn 0.000000 0.000000 1.000000
vn 0.129859 -0.990108 0.053134
vn -0.129219 -0.991300 0.025026
vn -0.130011 -0.990492 0.044985
vn -0.130011 -0.990492 0.044985
vn -0.130011 -0.990492 0.044985
vn -0.129126 -0.990280 0.051699
vn 0.130653 -0.988646 0.074223
vn -0.996729 -0.000005 -0.080820
vn -0.996729 -0.000006 -0.080819
vn -0.996729 -0.000005 -0.080820
vn -0.996729 0.000000 -0.080815
vn -0.996729 0.000000 -0.080815
vn -0.996728 0.000004 -0.080823
vn -0.996728 0.000000 -0.080823
vn -0.996729 0.000000 -0.080822
vn -0.996729 0.000000 -0.080815
vn -0.996729 0.000000 -0.080815
vn -0.996729 -0.000002 -0.080819
vn -0.996729 0.000000 -0.080816
vn -0.996729 -0.000006 -0.080820
vn -0.996729 0.000000 -0.080815
vn -0.996729 0.000000 -0.080815
vn -0.996729 0.000000 0.080820
vn -0.996729 0.000000 0.080816
vn -0.996729 0.000004 0.080820
vn -0.996729 0.000000 0.080815
vn -0.996729 0.000000 0.080815
vn -0.996729 -0.000003 0.080822
vn -0.996729 0.000000 0.080823
vn -0.996729 0.000000 0.080821
vn -0.996729 0.000000 0.080815
vn -0.996729 0.000000 0.080815
vn -0.996729 0.000004 0.080820
vn -0.996729 0.000007 0.080819
vn -0.996729 0.000002 0.080821
vn -0.996729 0.000000 0.080815
vn -0.996729 0.000000 0.080815
vn -0.996729 -0.000006 0.080822
vn -0.996728 0.000000 0.080825
vn -0.996729 0.000000 0.080822
vn -0.996729 0.000000 0.080815
vn -0.996729 0.000000 0.080815
vn -0.996728 0.000000 -0.080822
vn -0.996729 0.000000 -0.080823
vn -0.996729 0.000000 -0.080821
vn -0.996729 0.000000 -0.080815
vn -0.996729 0.000000 -0.080815
vn 0.000000 0.195068 -0.980790
vn 0.000000 0.198997 -0.980000
vn 0.000000 0.386377 -0.922341
vn 0.000000 0.386377 -0.922341
vn 0.000000 0.932811 -0.360367
vn 0.000000 0.932811 -0.360367
vn 0.000000 0.987176 -0.159638
vn 0.000000 0.983784 -0.179357
vn -0.000000 -0.191114 -0.981568
vn -0.000000 -0.194887 -0.980826
vn -0.000000 -0.378780 -0.925487
vn -0.000000 -0.378780 -0.925487
vn -0.000000 -0.914499 -0.404588
vn -0.000000 -0.914499 -0.404588
vn -0.000000 -0.977486 -0.210999
vn -0.000000 -0.973209 -0.229921
vn 0.000000 0.977486 0.211003
vn 0.000000 0.973209 0.229924
vn 0.000000 0.914499 0.404588
vn 0.000000 0.914499 0.404588
vn 0.000000 0.378791 0.925482
vn 0.000000 0.378791 0.925482
vn 0.000000 0.191120 0.981567
vn 0.000000 0.194893 0.980825
vn -0.000000 -0.194887 0.980826
vn -0.000000 -0.191114 0.981568
vn -0.000000 -0.378780 0.925487
vn -0.000000 -0.378780 0.925487
vn -0.000000 -0.914499 0.404588
vn -0.000000 -0.914499 0.404588
vn -0.000000 -0.973209 0.229921
vn -0.000000 -0.977486 0.210999
vn -0.000000 -0.983783 -0.179363
vn -0.000000 -0.987175 -0.159645
vn -0.000000 -0.932811 -0.360367
vn -0.000000 -0.932811 -0.360367
vn -0.000000 -0.386388 -0.922337
vn -0.000000 -0.386388 -0.922337
vn -0.000000 -0.199003 -0.979999
vn -0.000000 -0.195074 -0.980789
vn 0.000000 0.983784 0.179357
vn 0.000000 0.987176 0.159638
vn 0.000000 0.932811 0.360367
vn 0.000000 0.932811 0.360367
vn 0.000000 0.386377 0.922341
vn 0.000000 0.386377 0.922341
vn 0.000000 0.198997 0.980000
vn 0.000000 0.195068 0.980790
vn 0.000000 0.194893 -0.980825
vn 0.000000 0.191120 -0.981567
vn 0.000000 0.378791 -0.925482
vn 0.000000 0.378791 -0.925482
vn 0.000000 0.914499 -0.404588
vn 0.000000 0.914499 -0.404588
vn 0.000000 0.973209 -0.229924
vn 0.000000 0.977486 -0.211003
vn -0.000000 -0.195074 0.980789
vn -0.000000 -0.199003 0.979999
vn -0.000000 -0.386388 0.922337
vn -0.000000 -0.386388 0.922337
vn -0.000000 -0.932811 0.360367
vn -0.000000 -0.932811 0.360367
vn -0.000000 -0.987175 0.159645
vn -0.000000 -0.983783 0.179363
vn 0.000000 0.999607 0.028031
vn 0.000000 0.983784 -0.179357
vn 0.000000 0.987176 -0.159638
vn 0.000000 0.999607 0.028031
vn -0.705297 0.707861 0.038583
vn -0.493277 0.855751 -0.156103
vn -0.860072 0.498040 -0.110602
vn -0.705221 0.707788 0.041228
vn 0.859352 0.495963 0.124639
vn 0.823811 0.479612 0.302173
vn 0.942142 0.124821 0.311107
vn 0.983649 0.128728 0.125951
vn -0.987687 0.129126 0.088322
vn -0.987641 0.130563 -0.086706
vn -0.987641 -0.130562 -0.086706
vn -0.987690 -0.129126 0.088292
vn -0.995601 0.000000 0.093694
vn -0.995601 0.000000 0.093694
vn -0.995601 0.000000 0.093694
vn 0.496888 -0.862725 -0.093847
vn 0.478234 -0.836834 -0.266462
vn 0.823810 -0.479613 -0.302173
vn 0.859352 -0.495963 -0.124639
vn -0.962582 0.258834 0.080258
vn -0.860072 0.498040 -0.110602
vn -0.987641 0.130563 -0.086706
vn -0.987687 0.129126 0.088322
vn 0.942142 0.124821 -0.311107
vn 0.983649 0.128728 -0.125951
vn 0.983649 -0.128728 -0.125951
vn 0.942142 -0.124822 -0.311107
vn 0.129860 0.990108 0.053134
vn -0.129189 0.991304 0.025026
vn -0.127784 0.972378 0.195324
vn 0.125955 0.966250 0.224716
vn -0.228682 0.029604 -0.973051
vn -0.206978 0.116521 -0.971382
vn -0.117896 0.196697 -0.973350
vn -0.029298 0.209512 -0.977367
vn 0.024781 0.204933 -0.978462
vn 0.100987 0.183297 -0.977857
vn 0.174477 0.103246 -0.979233
vn 0.189800 0.025117 -0.981502
vn 0.189800 -0.025087 -0.981502
vn 0.174448 -0.103246 -0.979239
vn 0.100988 -0.183267 -0.977862
vn 0.024781 -0.204904 -0.978468
vn -0.029298 -0.209483 -0.977373
vn -0.117897 -0.196667 -0.973356
vn -0.206978 -0.116521 -0.971382
vn -0.228711 -0.029604 -0.973044
vn -0.987641 0.130563 0.086706
vn -0.987687 0.129126 -0.088322
vn -0.995601 0.000000 -0.093694
vn -0.995601 0.000000 -0.093694
vn -0.995601 0.000000 -0.093694
vn -0.987687 -0.129126 -0.088322
vn -0.987641 -0.130562 0.086706
vn -0.130010 0.990492 0.044985
vn -0.129125 0.990280 0.051699
vn -0.257721 0.965365 0.040631
vn -0.257798 0.965627 0.033239
vn -0.705736 0.708258 -0.017515
vn -0.705830 0.708359 -0.005553
vn -0.705826 0.708352 -0.006887
vn -0.705736 0.708258 -0.017515
vn -0.963744 0.259135 -0.063614
vn -0.964425 0.259318 -0.051369
vn -0.989536 0.130441 -0.061680
vn -0.988747 0.130682 -0.072818
vn -0.129125 0.990280 0.051699
vn -0.128515 0.990430 0.050326
vn -0.495994 0.867882 0.027758
vn -0.257721 0.965365 0.040631
vn -0.705830 0.708359 -0.005553
vn -0.495994 0.867882 0.027758
vn -0.705806 0.708344 0.009320
vn -0.705826 0.708352 -0.006887
vn -0.964425 0.259318 -0.051369
vn -0.965359 0.259584 -0.026408
vn -0.990637 0.131902 -0.035219
vn -0.989536 0.130441 -0.061680
vn -0.128515 0.990430 0.050326
vn -0.127448 0.991845 0.000000
vn -0.492298 0.870427 0.000000
vn -0.495994 0.867882 0.027758
vn -0.495994 0.867882 0.027758
vn -0.492298 0.870427 0.000000
vn -0.705841 0.708371 0.000001
vn -0.705806 0.708344 0.009320
vn -0.965359 0.259584 -0.026408
vn -0.965695 0.259680 -0.000001
vn -0.990839 0.135048 0.000000
vn -0.990637 0.131902 -0.035219
vn -0.127448 0.991845 0.000000
vn -0.128515 0.990430 -0.050326
vn -0.495994 0.867882 -0.027757
vn -0.492298 0.870427 0.000000
vn -0.492298 0.870427 0.000000
vn -0.495994 0.867882 -0.027757
vn -0.705806 0.708344 -0.009318
vn -0.705841 0.708371 0.000001
vn -0.965695 0.259680 -0.000001
vn -0.965359 0.259584 0.026407
vn -0.990637 0.131902 0.035219
vn -0.990839 0.135048 0.000000
vn -0.128515 0.990430 -0.050326
vn -0.129125 0.990280 -0.051699
vn -0.257721 0.965365 -0.040637
vn -0.495994 0.867882 -0.027757
vn -0.495994 0.867882 -0.027757
vn -0.705830 0.708359 0.005554
vn -0.705826 0.708352 0.006888
vn -0.705806 0.708344 -0.009318
vn -0.965359 0.259584 0.026407
vn -0.964425 0.259318 0.051369
vn -0.989536 0.130441 0.061680
vn -0.990637 0.131902 0.035219
vn -0.130010 0.990492 -0.044985
vn -0.129219 0.991300 -0.025026
vn -0.257966 0.966097 -0.010497
vn -0.257820 0.965621 -0.033244
vn -0.705737 0.708258 0.017505
vn -0.705297 0.707861 0.038583
vn -0.705221 0.707788 0.041228
vn -0.705736 0.708258 0.017505
vn -0.963745 0.259131 0.063614
vn -0.962582 0.258834 0.080258
vn -0.987687 0.129126 0.088322
vn -0.988747 0.130682 0.072818
vn 0.125950 -0.966252 0.224709
vn -0.127813 -0.972388 0.195259
vn -0.129219 -0.991300 0.025026
vn 0.129859 -0.990108 0.053134
vn -0.127784 0.972378 0.195324
vn -0.129189 0.991304 0.025026
vn -0.257926 0.966108 0.010497
vn -0.493277 0.855751 0.156104
vn 0.983649 0.128728 0.125951
vn 0.942142 0.124821 0.311107
vn 0.942142 -0.124822 0.311107
vn 0.983649 -0.128728 0.125951
vn 0.129859 -0.990108 0.053134
vn 0.130653 -0.988646 0.074223
vn 0.497221 -0.861348 0.104163
vn 0.496888 -0.862725 0.093847
vn 0.496888 -0.862725 0.093847
vn 0.497221 -0.861348 0.104163
vn 0.859716 -0.496756 0.118840
vn 0.859352 -0.495963 0.124639
vn 0.859352 -0.495963 0.124639
vn 0.859716 -0.496756 0.118840
vn 0.985485 -0.129858 0.109349
vn 0.983649 -0.128728 0.125951
vn 0.130653 -0.988646 0.074223
vn 0.131538 -0.989281 0.063419
vn 0.498934 -0.863185 0.077306
vn 0.497221 -0.861348 0.104163
vn 0.497221 -0.861348 0.104163
vn 0.498934 -0.863185 0.077306
vn 0.862641 -0.499808 0.077740
vn 0.859716 -0.496756 0.118840
vn 0.859716 -0.496756 0.118840
vn 0.862641 -0.499808 0.077740
vn 0.989210 -0.131506 0.064578
vn 0.985485 -0.129858 0.109349
vn 0.131538 -0.989281 0.063419
vn 0.131630 -0.991299 0.000000
vn 0.498224 -0.867048 0.000000
vn 0.498934 -0.863185 0.077306
vn 0.498934 -0.863185 0.077306
vn 0.498224 -0.867048 0.000000
vn 0.704712 -0.709493 0.000001
vn 0.862641 -0.499808 0.077740
vn 0.862641 -0.499808 0.077740
vn 0.965502 -0.260397 0.000000
vn 0.990876 -0.134774 0.000000
vn 0.989210 -0.131506 0.064578
vn 0.131630 -0.991299 0.000000
vn 0.131538 -0.989281 -0.063419
vn 0.498934 -0.863185 -0.077306
vn 0.498224 -0.867048 0.000000
vn 0.498224 -0.867048 0.000000
vn 0.498934 -0.863185 -0.077306
vn 0.862641 -0.499808 -0.077739
vn 0.704712 -0.709493 0.000001
vn 0.965502 -0.260397 0.000000
vn 0.862641 -0.499808 -0.077739
vn 0.989210 -0.131506 -0.064578
vn 0.990876 -0.134774 0.000000
vn 0.131538 -0.989281 -0.063419
vn 0.130653 -0.988646 -0.074223
vn 0.497221 -0.861348 -0.104163
vn 0.498934 -0.863185 -0.077306
vn 0.498934 -0.863185 -0.077306
vn 0.497221 -0.861348 -0.104163
vn 0.859716 -0.496756 -0.118840
vn 0.862641 -0.499808 -0.077739
vn 0.862641 -0.499808 -0.077739
vn 0.859716 -0.496756 -0.118840
vn 0.985485 -0.129858 -0.109349
vn 0.989210 -0.131506 -0.064578
vn 0.130653 -0.988646 -0.074223
vn 0.129859 -0.990108 -0.053134
vn 0.496888 -0.862725 -0.093847
vn 0.497221 -0.861348 -0.104163
vn 0.497221 -0.861348 -0.104163
vn 0.496888 -0.862725 -0.093847
vn 0.859352 -0.495963 -0.124639
vn 0.859716 -0.496756 -0.118840
vn 0.859716 -0.496756 -0.118840
vn 0.859352 -0.495963 -0.124639
vn 0.983649 -0.128728 -0.125951
vn 0.985485 -0.129858 -0.109349
vn -0.130010 0.990492 0.044985
vn -0.130010 0.990492 0.044985
vn -0.257806 0.965624 0.033255
vn -0.257800 0.965626 0.033245
vn -0.705747 0.708248 -0.017505
vn -0.705736 0.708259 -0.017512
vn -0.705736 0.708258 -0.017511
vn -0.705747 0.708247 -0.017505
vn -0.963744 0.259136 -0.063615
vn -0.963745 0.259131 -0.063615
vn -0.988747 0.130682 -0.072818
vn -0.988747 0.130682 -0.072818
vn -0.130010 0.990492 -0.044985
vn -0.130010 0.990492 -0.044985
vn -0.257806 0.965624 -0.033252
vn -0.257798 0.965627 -0.033243
vn -0.705737 0.708258 0.017511
vn -0.705736 0.708259 0.017511
vn -0.705736 0.708258 0.017511
vn -0.705736 0.708258 0.017511
vn -0.963744 0.259135 0.063614
vn -0.963745 0.259131 0.063612
vn -0.988747 0.130682 0.072818
vn -0.988747 0.130682 0.072818
vn -0.130010 0.990492 0.044985
vn -0.130010 0.990492 0.044985
vn -0.257798 0.965627 0.033239
vn -0.257806 0.965624 0.033255
vn -0.705736 0.708259 -0.017512
vn -0.705736 0.708258 -0.017515
vn -0.705736 0.708258 -0.017515
vn -0.705736 0.708258 -0.017511
vn -0.963745 0.259131 -0.063615
vn -0.963744 0.259135 -0.063614
vn -0.988747 0.130682 -0.072818
vn -0.988747 0.130682 -0.072818
vn -0.130010 0.990492 -0.044985
vn -0.130010 0.990492 -0.044985
vn -0.257820 0.965621 -0.033244
vn -0.257806 0.965624 -0.033252
vn -0.705736 0.708259 0.017511
vn -0.705737 0.708258 0.017505
vn -0.705736 0.708258 0.017505
vn -0.705736 0.708258 0.017511
vn -0.963745 0.259131 0.063612
vn -0.963745 0.259131 0.063614
vn -0.988747 0.130682 0.072818
vn -0.988747 0.130682 0.072818
vn -0.129189 0.991304 0.025026
vn -0.130010 0.990492 0.044985
vn -0.257800 0.965626 0.033245
vn -0.257926 0.966108 0.010497
vn -0.705319 0.707839 -0.038585
vn -0.705747 0.708248 -0.017505
vn -0.705747 0.708247 -0.017505
vn -0.705242 0.707767 -0.041229
vn -0.962579 0.258845 -0.080258
vn -0.963744 0.259136 -0.063615
vn -0.988747 0.130682 -0.072818
vn -0.987687 0.129126 -0.088322
vn -0.129125 0.990280 -0.051699
vn -0.130010 0.990492 -0.044985
vn -0.257798 0.965627 -0.033243
vn -0.257721 0.965365 -0.040637
vn -0.705830 0.708359 0.005554
vn -0.705737 0.708258 0.017511
vn -0.705736 0.708258 0.017511
vn -0.705826 0.708352 0.006888
vn -0.964425 0.259318 0.051369
vn -0.963744 0.259135 0.063614
vn -0.988747 0.130682 0.072818
vn -0.989536 0.130441 0.061680
vn 0.823810 -0.479613 0.302173
vn 0.859352 -0.495963 0.124639
vn 0.983649 -0.128728 0.125951
vn 0.942142 -0.124822 0.311107
vn -0.705297 -0.707861 -0.038587
vn -0.493282 -0.855753 0.156075
vn -0.860074 -0.498043 0.110571
vn -0.705221 -0.707788 -0.041231
vn 0.125955 0.966250 -0.224716
vn 0.129860 0.990108 -0.053134
vn 0.496887 0.862723 -0.093878
vn 0.478238 0.836840 -0.266434
vn -0.129219 -0.991300 0.025026
vn -0.127813 -0.972388 0.195259
vn -0.493282 -0.855753 0.156075
vn -0.257967 -0.966097 0.010493
vn 0.496888 0.862725 0.093847
vn 0.478238 0.836840 0.266434
vn 0.823811 0.479612 0.302173
vn 0.859352 0.495963 0.124639
vn -0.962582 -0.258834 -0.080262
vn -0.860074 -0.498043 0.110571
vn -0.987641 -0.130562 0.086706
vn -0.987687 -0.129126 -0.088322
vn 0.129860 0.990108 0.053134
vn 0.125955 0.966250 0.224716
vn 0.478238 0.836840 0.266434
vn 0.496888 0.862725 0.093847
vn -0.860074 -0.498035 -0.110604
vn -0.962579 -0.258845 0.080258
vn -0.987690 -0.129126 0.088292
vn -0.987641 -0.130562 -0.086706
vn -0.493277 -0.855751 -0.156104
vn -0.705319 -0.707839 0.038582
vn -0.705243 -0.707766 0.041226
vn -0.860074 -0.498035 -0.110604
vn -0.130011 -0.990492 -0.044985
vn -0.129126 -0.990280 -0.051699
vn -0.257721 -0.965364 -0.040645
vn -0.257799 -0.965626 -0.033249
vn -0.705737 -0.708258 0.017502
vn -0.705831 -0.708359 0.005556
vn -0.705826 -0.708352 0.006890
vn -0.705737 -0.708258 0.017501
vn -0.963744 -0.259134 0.063614
vn -0.964425 -0.259318 0.051370
vn -0.989536 -0.130440 0.061680
vn -0.988747 -0.130681 0.072818
vn -0.129126 -0.990280 -0.051699
vn -0.128515 -0.990430 -0.050326
vn -0.495994 -0.867882 -0.027756
vn -0.257721 -0.965364 -0.040645
vn -0.705831 -0.708359 0.005556
vn -0.495994 -0.867882 -0.027756
vn -0.705806 -0.708344 -0.009318
vn -0.705826 -0.708352 0.006890
vn -0.964425 -0.259318 0.051370
vn -0.965360 -0.259583 0.026405
vn -0.990637 -0.131902 0.035219
vn -0.989536 -0.130440 0.061680
vn -0.128515 -0.990430 -0.050326
vn -0.127449 -0.991845 -0.000000
vn -0.492299 -0.870426 -0.000000
vn -0.495994 -0.867882 -0.027756
vn -0.495994 -0.867882 -0.027756
vn -0.492299 -0.870426 -0.000000
vn -0.705841 -0.708370 -0.000000
vn -0.705806 -0.708344 -0.009318
vn -0.965360 -0.259583 0.026405
vn -0.965695 -0.259680 -0.000001
vn -0.990839 -0.135048 -0.000000
vn -0.990637 -0.131902 0.035219
vn -0.127449 -0.991845 -0.000000
vn -0.128515 -0.990430 0.050326
vn -0.495994 -0.867882 0.027756
vn -0.492299 -0.870426 -0.000000
vn -0.492299 -0.870426 -0.000000
vn -0.495994 -0.867882 0.027756
vn -0.705806 -0.708344 0.009318
vn -0.705841 -0.708370 -0.000000
vn -0.965695 -0.259680 -0.000001
vn -0.965360 -0.259583 -0.026404
vn -0.990637 -0.131902 -0.035219
vn -0.990839 -0.135048 -0.000000
vn -0.128515 -0.990430 0.050326
vn -0.129126 -0.990280 0.051699
vn -0.257721 -0.965364 0.040643
vn -0.495994 -0.867882 0.027756
vn -0.495994 -0.867882 0.027756
vn -0.705831 -0.708359 -0.005559
vn -0.705826 -0.708352 -0.006893
vn -0.705806 -0.708344 0.009318
vn -0.965360 -0.259583 -0.026404
vn -0.964425 -0.259318 -0.051369
vn -0.989536 -0.130440 -0.061680
vn -0.990637 -0.131902 -0.035219
vn -0.130011 -0.990492 0.044985
vn -0.129219 -0.991300 0.025026
vn -0.257967 -0.966097 0.010493
vn -0.257821 -0.965621 0.033241
vn -0.705737 -0.708258 -0.017505
vn -0.705297 -0.707861 -0.038587
vn -0.705221 -0.707788 -0.041231
vn -0.705737 -0.708258 -0.017505
vn -0.963745 -0.259130 -0.063620
vn -0.962582 -0.258834 -0.080262
vn -0.987687 -0.129126 -0.088322
vn -0.988747 -0.130681 -0.072818
vn 0.823811 0.479612 -0.302173
vn 0.859352 0.495963 -0.124639
vn 0.983649 0.128728 -0.125951
vn 0.942142 0.124821 -0.311107
vn -0.127783 -0.972392 -0.195260
vn -0.129189 -0.991304 -0.025026
vn -0.257926 -0.966108 -0.010497
vn -0.493277 -0.855751 -0.156104
vn 0.478238 0.836840 -0.266434
vn 0.496887 0.862723 -0.093878
vn 0.859352 0.495963 -0.124639
vn 0.823811 0.479612 -0.302173
vn 0.129860 0.990108 -0.053134
vn 0.130654 0.988646 -0.074223
vn 0.497222 0.861348 -0.104163
vn 0.496887 0.862723 -0.093878
vn 0.496887 0.862723 -0.093878
vn 0.497222 0.861348 -0.104163
vn 0.859716 0.496755 -0.118840
vn 0.859352 0.495963 -0.124639
vn 0.859352 0.495963 -0.124639
vn 0.859716 0.496755 -0.118840
vn 0.985485 0.129857 -0.109349
vn 0.983649 0.128728 -0.125951
vn 0.130654 0.988646 -0.074223
vn 0.131538 0.989280 -0.063419
vn 0.498934 0.863185 -0.077306
vn 0.497222 0.861348 -0.104163
vn 0.497222 0.861348 -0.104163
vn 0.498934 0.863185 -0.077306
vn 0.862641 0.499807 -0.077740
vn 0.859716 0.496755 -0.118840
vn 0.859716 0.496755 -0.118840
vn 0.862641 0.499807 -0.077740
vn 0.989210 0.131506 -0.064578
vn 0.985485 0.129857 -0.109349
vn 0.131538 0.989280 -0.063419
vn 0.131630 0.991299 0.000000
vn 0.498225 0.867048 0.000000
vn 0.498934 0.863185 -0.077306
vn 0.498934 0.863185 -0.077306
vn 0.498225 0.867048 0.000000
vn 0.704713 0.709493 -0.000001
vn 0.862641 0.499807 -0.077740
vn 0.862641 0.499807 -0.077740
vn 0.965502 0.260397 -0.000001
vn 0.990876 0.134774 0.000000
vn 0.989210 0.131506 -0.064578
vn 0.131630 0.991299 0.000000
vn 0.131538 0.989280 0.063419
vn 0.498934 0.863185 0.077306
vn 0.498225 0.867048 0.000000
vn 0.498225 0.867048 0.000000
vn 0.498934 0.863185 0.077306
vn 0.862641 0.499808 0.077740
vn 0.704713 0.709493 -0.000001
vn 0.965502 0.260397 -0.000001
vn 0.862641 0.499808 0.077740
vn 0.989210 0.131506 0.064578
vn 0.990876 0.134774 0.000000
vn 0.131538 0.989280 0.063419
vn 0.130654 0.988646 0.074223
vn 0.497222 0.861348 0.104163
vn 0.498934 0.863185 0.077306
vn 0.498934 0.863185 0.077306
vn 0.497222 0.861348 0.104163
vn 0.859716 0.496755 0.118840
vn 0.862641 0.499808 0.077740
vn 0.862641 0.499808 0.077740
vn 0.859716 0.496755 0.118840
vn 0.985485 0.129857 0.109349
vn 0.989210 0.131506 0.064578
vn 0.130654 0.988646 0.074223
vn 0.129860 0.990108 0.053134
vn 0.496888 0.862725 0.093847
vn 0.497222 0.861348 0.104163
vn 0.497222 0.861348 0.104163
vn 0.496888 0.862725 0.093847
vn 0.859352 0.495963 0.124639
vn 0.859716 0.496755 0.118840
vn 0.859716 0.496755 0.118840
vn 0.859352 0.495963 0.124639
vn 0.983649 0.128728 0.125951
vn 0.985485 0.129857 0.109349
vn -0.130011 -0.990492 -0.044985
vn -0.130011 -0.990492 -0.044985
vn -0.257807 -0.965624 -0.033245
vn -0.257800 -0.965626 -0.033245
vn -0.705748 -0.708247 0.017505
vn -0.705737 -0.708258 0.017498
vn -0.705737 -0.708258 0.017498
vn -0.705748 -0.708247 0.017505
vn -0.963744 -0.259136 0.063615
vn -0.963745 -0.259131 0.063609
vn -0.988747 -0.130681 0.072818
vn -0.988747 -0.130681 0.072818
vn -0.130011 -0.990492 0.044985
vn -0.130011 -0.990492 0.044985
vn -0.257807 -0.965624 0.033249
vn -0.257799 -0.965626 0.033249
vn -0.705737 -0.708258 -0.017508
vn -0.705737 -0.708258 -0.017502
vn -0.705737 -0.708258 -0.017502
vn -0.705737 -0.708258 -0.017508
vn -0.963744 -0.259134 -0.063618
vn -0.963745 -0.259131 -0.063615
vn -0.988747 -0.130681 -0.072818
vn -0.988747 -0.130681 -0.072818
vn -0.130011 -0.990492 -0.044985
vn -0.130011 -0.990492 -0.044985
vn -0.257799 -0.965626 -0.033249
vn -0.257807 -0.965624 -0.033245
vn -0.705737 -0.708258 0.017498
vn -0.705737 -0.708258 0.017502
vn -0.705737 -0.708258 0.017501
vn -0.705737 -0.708258 0.017498
vn -0.963745 -0.259131 0.063609
vn -0.963744 -0.259134 0.063614
vn -0.988747 -0.130681 0.072818
vn -0.988747 -0.130681 0.072818
vn -0.130011 -0.990492 0.044985
vn -0.130011 -0.990492 0.044985
vn -0.257821 -0.965621 0.033241
vn -0.257807 -0.965624 0.033249
vn -0.705737 -0.708258 -0.017502
vn -0.705737 -0.708258 -0.017505
vn -0.705737 -0.708258 -0.017505
vn -0.705737 -0.708258 -0.017502
vn -0.963745 -0.259131 -0.063615
vn -0.963745 -0.259130 -0.063620
vn -0.988747 -0.130681 -0.072818
vn -0.988747 -0.130681 -0.072818
vn -0.129189 -0.991304 -0.025026
vn -0.130011 -0.990492 -0.044985
vn -0.257800 -0.965626 -0.033245
vn -0.257926 -0.966108 -0.010497
vn -0.705319 -0.707839 0.038582
vn -0.705748 -0.708247 0.017505
vn -0.705748 -0.708247 0.017505
vn -0.705243 -0.707766 0.041226
vn -0.962579 -0.258845 0.080258
vn -0.963744 -0.259136 0.063615
vn -0.988747 -0.130681 0.072818
vn -0.987690 -0.129126 0.088292
vn -0.129126 -0.990280 0.051699
vn -0.130011 -0.990492 0.044985
vn -0.257799 -0.965626 0.033249
vn -0.257721 -0.965364 0.040643
vn -0.705831 -0.708359 -0.005559
vn -0.705737 -0.708258 -0.017508
vn -0.705737 -0.708258 -0.017508
vn -0.705826 -0.708352 -0.006893
vn -0.964425 -0.259318 -0.051369
vn -0.963744 -0.259134 -0.063618
vn -0.988747 -0.130681 -0.072818
vn -0.989536 -0.130440 -0.061680
vn -0.860074 0.498036 0.110601
vn -0.962579 0.258845 -0.080258
vn -0.987687 0.129126 -0.088322
vn -0.987641 0.130563 0.086706
vn -0.029298 0.209512 -0.977367
vn -0.117896 0.196697 -0.973350
vn -0.189457 0.338013 -0.921875
vn -0.047344 0.381011 -0.923358
vn -0.129690 0.914406 -0.383461
vn -0.483633 0.801916 -0.350757
vn -0.493277 0.855751 -0.156103
vn -0.127814 0.972374 -0.195323
vn -0.117896 0.196697 -0.973350
vn -0.206978 0.116521 -0.971382
vn -0.345691 0.203816 -0.915946
vn -0.189457 0.338013 -0.921875
vn -0.483633 0.801916 -0.350757
vn -0.830487 0.465614 -0.305770
vn -0.860072 0.498040 -0.110602
vn -0.493277 0.855751 -0.156103
vn -0.206978 0.116521 -0.971382
vn -0.228682 0.029604 -0.973051
vn -0.413756 0.055533 -0.908693
vn -0.345691 0.203816 -0.915946
vn -0.830487 0.465614 -0.305770
vn -0.953242 0.122876 -0.276099
vn -0.987641 0.130563 -0.086706
vn -0.860072 0.498040 -0.110602
vn 0.024781 -0.204904 -0.978468
vn 0.100988 -0.183267 -0.977862
vn 0.179843 -0.305407 -0.935085
vn 0.051460 -0.371274 -0.927096
vn 0.107612 -0.905086 -0.411387
vn 0.426976 -0.779666 -0.458053
vn 0.478234 -0.836834 -0.266462
vn 0.125950 -0.966252 -0.224709
vn 0.100988 -0.183267 -0.977862
vn 0.174448 -0.103246 -0.979239
vn 0.298316 -0.171152 -0.938996
vn 0.179843 -0.305407 -0.935085
vn 0.426976 -0.779666 -0.458053
vn 0.748391 -0.444207 -0.492535
vn 0.823810 -0.479613 -0.302173
vn 0.478234 -0.836834 -0.266462
vn 0.174448 -0.103246 -0.979239
vn 0.189800 -0.025087 -0.981502
vn 0.345650 -0.045842 -0.937243
vn 0.298316 -0.171152 -0.938996
vn 0.748391 -0.444207 -0.492535
vn 0.862408 -0.114100 -0.493187
vn 0.942142 -0.124822 -0.311107
vn 0.823810 -0.479613 -0.302173
vn -0.117896 0.196697 0.973350
vn -0.029298 0.209512 0.977367
vn -0.047342 0.380972 0.923374
vn -0.189453 0.337987 0.921885
vn -0.483635 0.801915 0.350756
vn -0.129692 0.914406 0.383461
vn -0.127784 0.972378 0.195324
vn -0.493277 0.855751 0.156104
vn -0.206978 0.116521 0.971382
vn -0.117896 0.196697 0.973350
vn -0.189453 0.337987 0.921885
vn -0.345691 0.203816 0.915946
vn -0.830487 0.465614 0.305770
vn -0.483635 0.801915 0.350756
vn -0.493277 0.855751 0.156104
vn -0.860074 0.498036 0.110601
vn -0.228682 0.029604 0.973051
vn -0.206978 0.116521 0.971382
vn -0.345691 0.203816 0.915946
vn -0.413756 0.055533 0.908693
vn -0.953242 0.122876 0.276099
vn -0.830487 0.465614 0.305770
vn -0.860074 0.498036 0.110601
vn -0.987641 0.130563 0.086706
vn 0.100987 -0.183297 0.977857
vn 0.024781 -0.204904 0.978468
vn 0.051467 -0.371284 0.927092
vn 0.179853 -0.305428 0.935076
vn 0.426980 -0.779664 0.458052
vn 0.107613 -0.905086 0.411387
vn 0.125950 -0.966252 0.224709
vn 0.478234 -0.836834 0.266462
vn 0.174477 -0.103246 0.979233
vn 0.100987 -0.183297 0.977857
vn 0.179853 -0.305428 0.935076
vn 0.298320 -0.171152 0.938995
vn 0.748391 -0.444207 0.492536
vn 0.426980 -0.779664 0.458052
vn 0.478234 -0.836834 0.266462
vn 0.823810 -0.479613 0.302173
vn 0.189800 -0.025087 0.981502
vn 0.174477 -0.103246 0.979233
vn 0.298320 -0.171152 0.938995
vn 0.345650 -0.045842 0.937243
vn 0.862406 -0.114101 0.493190
vn 0.748391 -0.444207 0.492536
vn 0.823810 -0.479613 0.302173
vn 0.942142 -0.124822 0.311107
vn -0.029298 -0.209483 0.977373
vn -0.117897 -0.196667 0.973356
vn -0.189453 -0.337971 0.921891
vn -0.047331 -0.380934 0.923390
vn -0.129690 -0.914446 0.383365
vn -0.483649 -0.801932 0.350697
vn -0.493282 -0.855753 0.156075
vn -0.127813 -0.972388 0.195259
vn -0.117897 -0.196667 0.973356
vn -0.207013 -0.116553 0.971371
vn -0.345709 -0.203829 0.915936
vn -0.189453 -0.337971 0.921891
vn -0.483649 -0.801932 0.350697
vn -0.830500 -0.465627 0.305716
vn -0.860074 -0.498043 0.110571
vn -0.493282 -0.855753 0.156075
vn -0.207013 -0.116553 0.971371
vn -0.228711 -0.029604 0.973044
vn -0.413763 -0.055535 0.908689
vn -0.345709 -0.203829 0.915936
vn -0.830500 -0.465627 0.305716
vn -0.953242 -0.122875 0.276099
vn -0.987641 -0.130562 0.086706
vn -0.860074 -0.498043 0.110571
vn 0.024781 0.204933 0.978462
vn 0.100987 0.183297 0.977857
vn 0.179858 0.305446 0.935069
vn 0.051467 0.371298 0.927086
vn 0.107617 0.905055 0.411454
vn 0.426984 0.779691 0.458004
vn 0.478238 0.836840 0.266434
vn 0.125955 0.966250 0.224716
vn 0.100987 0.183297 0.977857
vn 0.174477 0.103276 0.979230
vn 0.298348 0.171162 0.938985
vn 0.179858 0.305446 0.935069
vn 0.426984 0.779691 0.458004
vn 0.748386 0.444205 0.492545
vn 0.823811 0.479612 0.302173
vn 0.478238 0.836840 0.266434
vn 0.174477 0.103276 0.979230
vn 0.189800 0.025087 0.981502
vn 0.345669 0.045842 0.937236
vn 0.298348 0.171162 0.938985
vn 0.748386 0.444205 0.492545
vn 0.862402 0.114098 0.493198
vn 0.942142 0.124821 0.311107
vn 0.823811 0.479612 0.302173
vn -0.117897 -0.196667 -0.973356
vn -0.029298 -0.209483 -0.977373
vn -0.047336 -0.380949 -0.923384
vn -0.189436 -0.337950 -0.921902
vn -0.483635 -0.801915 -0.350756
vn -0.129692 -0.914446 -0.383365
vn -0.127783 -0.972392 -0.195260
vn -0.493277 -0.855751 -0.156104
vn -0.206978 -0.116521 -0.971382
vn -0.117897 -0.196667 -0.973356
vn -0.189436 -0.337950 -0.921902
vn -0.345694 -0.203809 -0.915946
vn -0.830487 -0.465614 -0.305770
vn -0.483635 -0.801915 -0.350756
vn -0.493277 -0.855751 -0.156104
vn -0.860074 -0.498035 -0.110604
vn -0.228711 -0.029604 -0.973044
vn -0.206978 -0.116521 -0.971382
vn -0.345694 -0.203809 -0.915946
vn -0.413770 -0.055537 -0.908686
vn -0.953242 -0.122875 -0.276099
vn -0.830487 -0.465614 -0.305770
vn -0.860074 -0.498035 -0.110604
vn -0.987641 -0.130562 -0.086706
vn 0.100987 0.183297 -0.977857
vn 0.024781 0.204933 -0.978462
vn 0.051467 0.371312 -0.927081
vn 0.179862 0.305437 -0.935071
vn 0.426988 0.779689 -0.458003
vn 0.107619 0.905055 -0.411454
vn 0.125955 0.966250 -0.224716
vn 0.478238 0.836840 -0.266434
vn 0.174477 0.103246 -0.979233
vn 0.100987 0.183297 -0.977857
vn 0.179862 0.305437 -0.935071
vn 0.298333 0.171161 -0.938989
vn 0.748385 0.444205 -0.492546
vn 0.426988 0.779689 -0.458003
vn 0.478238 0.836840 -0.266434
vn 0.823811 0.479612 -0.302173
vn 0.189800 0.025117 -0.981502
vn 0.174477 0.103246 -0.979233
vn 0.298333 0.171161 -0.938989
vn 0.345655 0.045843 -0.937241
vn 0.862401 0.114099 -0.493201
vn 0.748385 0.444205 -0.492546
vn 0.823811 0.479612 -0.302173
vn 0.942142 0.124821 -0.311107
vn -0.029298 0.209512 0.977367
vn 0.024781 0.204933 0.978462
vn 0.051467 0.371298 0.927086
vn -0.047342 0.380972 0.923374
vn -0.129692 0.914406 0.383461
vn 0.107617 0.905055 0.411454
vn 0.125955 0.966250 0.224716
vn -0.127784 0.972378 0.195324
vn 0.189800 0.025087 0.981502
vn 0.189800 -0.025087 0.981502
vn 0.345650 -0.045842 0.937243
vn 0.345669 0.045842 0.937236
vn 0.862402 0.114098 0.493198
vn 0.862406 -0.114101 0.493190
vn 0.942142 -0.124822 0.311107
vn 0.942142 0.124821 0.311107
vn -0.987641 0.130563 0.086706
vn -0.987641 -0.130562 0.086706
vn -0.953242 -0.122875 0.276099
vn -0.953242 0.122876 0.276099
vn -0.413756 0.055533 0.908693
vn -0.413763 -0.055535 0.908689
vn -0.228711 -0.029604 0.973044
vn -0.228682 0.029604 0.973051
vn -0.127813 -0.972388 0.195259
vn 0.125950 -0.966252 0.224709
vn 0.107613 -0.905086 0.411387
vn -0.129690 -0.914446 0.383365
vn -0.047331 -0.380934 0.923390
vn 0.051467 -0.371284 0.927092
vn 0.024781 -0.204904 0.978468
vn -0.029298 -0.209483 0.977373
vn 0.189800 -0.025087 -0.981502
vn 0.189800 0.025117 -0.981502
vn 0.345655 0.045843 -0.937241
vn 0.345650 -0.045842 -0.937243
vn 0.862408 -0.114100 -0.493187
vn 0.862401 0.114099 -0.493201
vn 0.942142 0.124821 -0.311107
vn 0.942142 -0.124822 -0.311107
vn -0.987641 -0.130562 -0.086706
vn -0.987641 0.130563 -0.086706
vn -0.953242 0.122876 -0.276099
vn -0.953242 -0.122875 -0.276099
vn -0.413770 -0.055537 -0.908686
vn -0.413756 0.055533 -0.908693
vn -0.228682 0.029604 -0.973051
vn -0.228711 -0.029604 -0.973044
vn -0.127814 0.972374 -0.195323
vn 0.125955 0.966250 -0.224716
vn 0.107619 0.905055 -0.411454
vn -0.129690 0.914406 -0.383461
vn -0.047344 0.381011 -0.923358
vn 0.051467 0.371312 -0.927081
vn 0.024781 0.204933 -0.978462
vn -0.029298 0.209512 -0.977367
vn 0.125950 -0.966252 -0.224709
vn -0.127783 -0.972392 -0.195260
vn -0.129692 -0.914446 -0.383365
vn 0.107612 -0.905086 -0.411387
vn 0.051460 -0.371274 -0.927096
vn -0.047336 -0.380949 -0.923384
vn -0.029298 -0.209483 -0.977373
vn 0.024781 -0.204904 -0.978468
vn 0.189800 0.025087 0.981502
vn 0.174477 0.103276 0.979230
vn 0.100987 0.183297 0.977857
vn 0.024781 0.204933 0.978462
vn -0.029298 0.209512 0.977367
vn -0.117896 0.196697 0.973350
vn -0.206978 0.116521 0.971382
vn -0.228682 0.029604 0.973051
vn -0.228711 -0.029604 0.973044
vn -0.207013 -0.116553 0.971371
vn -0.117897 -0.196667 0.973356
vn -0.029298 -0.209483 0.977373
vn 0.024781 -0.204904 0.978468
vn 0.100987 -0.183297 0.977857
vn 0.174477 -0.103246 0.979233
vn 0.189800 -0.025087 0.981502
vn -0.000000 -1.000000 0.000000
vn -0.000000 -1.000000 0.000000
vn -0.000000 -1.000000 0.000000
vn -0.000000 -1.000000 0.000000
vn -0.000000 0.000000 1.000000
vn -0.000000 0.000000 1.000000
vn -0.000000 0.000000 1.000000
vn -0.000000 0.000000 1.000000
vn 1.000000 -0.000000 0.000000
vn 1.000000 -0.000000 0.000000
vn 1.000000 -0.000000 0.000000
vn 1.000000 -0.000000 0.000000
vn -1.000000 0.000000 -0.000001
vn -1.000000 0.000000 -0.000001
vn -1.000000 0.000000 -0.000001
vn -1.000000 0.000000 -0.000001
vn 0.000000 0.000000 -1.000000
vn 0.000000 0.000000 -1.000000
vn 0.000000 0.000000 -1.000000
vn 0.000000 0.000000 -1.000000
vn 0.000000 1.000000 0.000000
vn 0.000000 1.000000 0.000000
vn 0.000000 1.000000 0.000000
vn 0.000000 1.000000 0.000000
vn 0.000000 -0.002074 -0.999998
vn 0.000000 -0.002074 -0.999998
vn 0.000000 -0.002074 -0.999998
vn 0.000000 -0.002074 -0.999998
vn -0.999998 -0.002073 -0.000000
vn -0.999998 -0.002073 -0.000000
vn -0.999998 -0.002073 -0.000000
vn -0.999998 -0.002073 -0.000000
vn 0.999998 -0.002074 0.000000
vn 0.999998 -0.002074 0.000000
vn 0.999998 -0.002074 0.000000
vn 0.999998 -0.002074 0.000000
vn -0.000000 -0.002074 0.999998
vn -0.000000 -0.002074 0.999998
vn -0.000000 -0.002074 0.999998
vn -0.000000 -0.002074 0.999998
vn 0.000000 1.000000 -0.000001
vn 0.000000 1.000000 -0.000001
vn 0.000000 1.000000 -0.000001
vn 0.000000 1.000000 -0.000001
vn 0.000000 1.000000 0.000000
vn 0.000000 1.000000 0.000000
vn 0.000000 1.000000 0.000000
vn 0.000000 1.000000 0.000000
vn 0.000000 1.000000 -0.000000
vn 0.000000 1.000000 -0.000000
vn 0.000000 1.000000 -0.000000
vn 0.000000 1.000000 -0.000000
vn 0.000000 1.000000 0.000000
vn 0.000000 1.000000 0.000000
vn 0.000000 1.000000 0.000000
vn 0.000000 1.000000 0.000000
vn -0.000000 -1.000000 0.000000
vn -0.000000 -1.000000 0.000000
vn -0.000000 -1.000000 0.000000
vn -0.000000 -1.000000 0.000000
vn -0.000000 0.000000 1.000000
vn -0.000000 0.000000 1.000000
vn -0.000000 0.000000 1.000000
vn -0.000000 0.000000 1.000000
vn 1.000000 -0.000000 0.000000
vn 1.000000 -0.000000 0.000000
vn 1.000000 -0.000000 0.000000
vn 1.000000 -0.000000 0.000000
vn -1.000000 0.000000 -0.000001
vn -1.000000 0.000000 -0.000001
vn -1.000000 0.000000 -0.000001
vn -1.000000 0.000000 -0.000001
vn 0.000000 0.000000 -1.000000
vn 0.000000 0.000000 -1.000000
vn 0.000000 0.000000 -1.000000
vn 0.000000 0.000000 -1.000000
vn 0.000000 1.000000 0.000000
vn 0.000000 1.000000 0.000000
vn 0.000000 1.000000 0.000000
vn 0.000000 1.000000 0.000000
vn 0.000000 -0.002074 -0.999998
vn 0.000000 -0.002074 -0.999998
vn 0.000000 -0.002074 -0.999998
vn 0.000000 -0.002074 -0.999998
vn -0.999998 -0.002073 -0.000000
vn -0.999998 -0.002073 -0.000000
vn -0.999998 -0.002073 -0.000000
vn -0.999998 -0.002073 -0.000000
vn 0.999998 -0.002074 0.000000
vn 0.999998 -0.002074 0.000000
vn 0.999998 -0.002074 0.000000
vn 0.999998 -0.002074 0.000000
vn -0.000000 -0.002074 0.999998
vn -0.000000 -0.002074 0.999998
vn -0.000000 -0.002074 0.999998
vn -0.000000 -0.002074 0.999998
vn 0.000000 1.000000 -0.000007
vn 0.000000 1.000000 -0.000007
vn 0.000000 1.000000 -0.000007
vn 0.000000 1.000000 -0.000007
vn 0.000000 1.000000 0.000000
vn 0.000000 1.000000 0.000000
vn 0.000000 1.000000 0.000000
vn 0.000000 1.000000 0.000000
vn 0.000000 1.000000 0.000000
vn 0.000000 1.000000 0.000000
vn 0.000000 1.000000 0.000000
vn 0.000000 1.000000 0.000000
vn 0.000000 1.000000 0.000000
vn 0.000000 1.000000 0.000000
vn 0.000000 1.000000 0.000000
vn 0.000000 1.000000 0.000000
vn -0.000000 -1.000000 -0.000000
vn -0.000000 -1.000000 -0.000000
vn -0.000000 -1.000000 -0.000000
vn -0.000000 -1.000000 -0.000000
vn -0.000000 0.000000 1.000000
vn -0.000000 0.000000 1.000000
vn -0.000000 0.000000 1.000000
vn -0.000000 0.000000 1.000000
vn 1.000000 -0.000000 0.000000
vn 1.000000 -0.000000 0.000000
vn 1.000000 -0.000000 0.000000
vn 1.000000 -0.000000 0.000000
vn -1.000000 0.000000 -0.000000
vn -1.000000 0.000000 -0.000000
vn -1.000000 0.000000 -0.000000
vn -1.000000 0.000000 -0.000000
vn 0.000000 0.000000 -1.000000
vn 0.000000 0.000000 -1.000000
vn 0.000000 0.000000 -1.000000
vn 0.000000 0.000000 -1.000000
vn 0.000000 1.000000 0.000000
vn 0.000000 1.000000 0.000000
vn 0.000000 1.000000 0.000000
vn 0.000000 1.000000 0.000000
vn 0.000000 -0.007629 -0.999971
vn 0.000000 -0.007629 -0.999971
vn 0.000000 -0.007629 -0.999971
vn 0.000000 -0.007629 -0.999971
vn -0.999971 -0.007629 -0.000000
vn -0.999971 -0.007629 -0.000000
vn -0.999971 -0.007629 -0.000000
vn -0.999971 -0.007629 -0.000000
vn 0.999971 -0.007629 0.000000
vn 0.999971 -0.007629 0.000000
vn 0.999971 -0.007629 0.000000
vn 0.999971 -0.007629 0.000000
vn -0.000000 -0.007629 0.999971
vn -0.000000 -0.007629 0.999971
vn -0.000000 -0.007629 0.999971
vn -0.000000 -0.007629 0.999971
vn 0.000000 1.000000 0.000000
vn 0.000000 1.000000 0.000000
vn 0.000000 1.000000 0.000000
vn 0.000000 1.000000 0.000000
vn 0.000000 1.000000 -0.000000
vn 0.000000 1.000000 -0.000000
vn 0.000000 1.000000 -0.000000
vn 0.000000 1.000000 -0.000000
vn 0.000000 1.000000 0.000000
vn 0.000000 1.000000 0.000000
vn 0.000000 1.000000 0.000000
vn 0.000000 1.000000 0.000000
vn 0.000000 1.000000 0.000000
vn 0.000000 1.000000 0.000000
vn 0.000000 1.000000 0.000000
vn 0.000000 1.000000 0.000000
vn 0.000000 0.000000 -1.000000
vn 0.000000 0.000000 -1.000000
vn 0.000000 0.000000 -1.000000
vn 0.000000 0.000000 -1.000000
vn -1.000000 0.000000 -0.000001
vn -1.000000 0.000000 -0.000001
vn -1.000000 0.000000 -0.000001
vn -1.000000 0.000000 -0.000001
vn 1.000000 -0.000000 0.000000
vn 1.000000 -0.000000 0.000000
vn 1.000000 -0.000000 0.000000
vn 1.000000 -0.000000 0.000000
vn -0.000000 0.000000 1.000000
vn -0.000000 0.000000 1.000000
vn -0.000000 0.000000 1.000000
vn -0.000000 0.000000 1.000000
vn 0.000000 0.000000 -1.000000
vn 0.000000 0.000000 -1.000000
vn 0.000000 0.000000 -1.000000
vn 0.000000 0.000000 -1.000000
vn -1.000000 0.000000 -0.000001
vn -1.000000 0.000000 -0.000001
vn -1.000000 0.000000 -0.000001
vn -1.000000 0.000000 -0.000001
vn 1.000000 -0.000000 0.000000
vn 1.000000 -0.000000 0.000000
vn 1.000000 -0.000000 0.000000
vn 1.000000 -0.000000 0.000000
vn -0.000000 0.000000 1.000000
vn -0.000000 0.000000 1.000000
vn -0.000000 0.000000 1.000000
vn -0.000000 0.000000 1.000000
vn 1.000000 -0.000000 0.000000
vn 1.000000 -0.000000 0.000000
vn 1.000000 -0.000000 0.000000
vn 1.000000 -0.000000 0.000000
vn -1.000000 0.000000 0.000000
vn -1.000000 0.000000 0.000000
vn -1.000000 0.000000 0.000000
vn -1.000000 0.000000 0.000000
vn 0.000000 1.000000 0.000000
vn 0.000000 1.000000 0.000000
vn 0.000000 1.000000 0.000000
vn 0.000000 1.000000 0.000000
vn 0.000000 1.000000 -0.000000
vn 0.000000 1.000000 -0.000000
vn 0.000000 1.000000 -0.000000
vn 0.000000 1.000000 -0.000000
vn 0.999998 -0.002074 0.000000
vn 0.999998 -0.002074 0.000000
vn 0.999998 -0.002074 0.000000
vn 0.999998 -0.002074 0.000000
vn -0.999998 -0.002073 -0.000000
vn -0.999998 -0.002073 -0.000000
vn -0.999998 -0.002073 -0.000000
vn -0.999998 -0.002073 -0.000000
vn 0.000000 1.000000 0.000000
vn 0.000000 1.000000 0.000000
vn 0.000000 1.000000 0.000000
vn 0.000000 1.000000 0.000000
vn -1.000000 0.000000 0.000000
vn -1.000000 0.000000 0.000000
vn -1.000000 0.000000 0.000000
vn -1.000000 0.000000 0.000000
vn 1.000000 -0.000000 0.000000
vn 1.000000 -0.000000 0.000000
vn 1.000000 -0.000000 0.000000
vn 1.000000 -0.000000 0.000000
vn -0.000000 -1.000000 0.000000
vn -0.000000 -1.000000 0.000000
vn -0.000000 -1.000000 0.000000
vn -0.000000 -1.000000 0.000000
vn 1.000000 -0.000000 0.000000
vn 1.000000 -0.000000 0.000000
vn 1.000000 -0.000000 0.000000
vn 1.000000 -0.000000 0.000000
vn -1.000000 0.000000 0.000000
vn -1.000000 0.000000 0.000000
vn -1.000000 0.000000 0.000000
vn -1.000000 0.000000 0.000000
vn 0.000000 1.000000 -0.000000
vn 0.000000 1.000000 -0.000000
vn 0.000000 1.000000 -0.000000
vn 0.000000 1.000000 -0.000000
vn 0.000000 1.000000 0.000000
vn 0.000000 1.000000 0.000000
vn 0.000000 1.000000 0.000000
vn 0.000000 1.000000 0.000000
vn 0.999998 -0.002074 0.000000
vn 0.999998 -0.002074 0.000000
vn 0.999998 -0.002074 0.000000
vn 0.999998 -0.002074 0.000000
vn -0.999998 -0.002073 -0.000000
vn -0.999998 -0.002073 -0.000000
vn -0.999998 -0.002073 -0.000000
vn -0.999998 -0.002073 -0.000000
vn 0.000000 1.000000 0.000000
vn 0.000000 1.000000 0.000000
vn 0.000000 1.000000 0.000000
vn 0.000000 1.000000 0.000000
vn -1.000000 0.000000 0.000000
vn -1.000000 0.000000 0.000000
vn -1.000000 0.000000 0.000000
vn -1.000000 0.000000 0.000000
vn 1.000000 -0.000000 0.000000
vn 1.000000 -0.000000 0.000000
vn 1.000000 -0.000000 0.000000
vn 1.000000 -0.000000 0.000000
vn -0.000000 -1.000000 0.000000
vn -0.000000 -1.000000 0.000000
vn -0.000000 -1.000000 0.000000
vn -0.000000 -1.000000 0.000000
vn -0.000000 -1.000000 0.000000
vn -0.000000 -1.000000 0.000000
vn -0.000000 -1.000000 0.000000
vn -0.000000 -1.000000 0.000000
vn 0.000000 1.000000 0.000000
vn 0.000000 1.000000 0.000000
vn 0.000000 1.000000 0.000000
vn 0.000000 1.000000 0.000000
vn -0.000000 0.000000 1.000000
vn -0.000000 0.000000 1.000000
vn -0.000000 0.000000 1.000000
vn -0.000000 0.000000 1.000000
vn 0.000000 0.000000 -1.000000
vn 0.000000 0.000000 -1.000000
vn 0.000000 0.000000 -1.000000
vn 0.000000 0.000000 -1.000000
vn 0.000000 1.000000 0.000007
vn 0.000000 1.000000 0.000007
vn 0.000000 1.000000 0.000007
vn 0.000000 1.000000 0.000007
vn 0.000000 1.000000 0.000000
vn 0.000000 1.000000 0.000000
vn 0.000000 1.000000 0.000000
vn 0.000000 1.000000 0.000000
vn -0.000000 -0.002074 0.999998
vn -0.000000 -0.002074 0.999998
vn -0.000000 -0.002074 0.999998
vn -0.000000 -0.002074 0.999998
vn 0.000000 -0.002074 -0.999998
vn 0.000000 -0.002074 -0.999998
vn 0.000000 -0.002074 -0.999998
vn 0.000000 -0.002074 -0.999998
vn 0.000000 1.000000 -0.000000
vn 0.000000 1.000000 -0.000000
vn 0.000000 1.000000 -0.000000
vn 0.000000 1.000000 -0.000000
vn 0.000000 0.000000 -1.000000
vn 0.000000 0.000000 -1.000000
vn 0.000000 0.000000 -1.000000
vn 0.000000 0.000000 -1.000000
vn -0.000000 0.000000 1.000000
vn -0.000000 0.000000 1.000000
vn -0.000000 0.000000 1.000000
vn -0.000000 0.000000 1.000000
vn -0.000000 -1.000000 0.000000
vn -0.000000 -1.000000 0.000000
vn -0.000000 -1.000000 0.000000
vn -0.000000 -1.000000 0.000000
vn -0.000000 -1.000000 -0.000000
vn -0.000000 -1.000000 -0.000000
vn -0.000000 -1.000000 -0.000000
vn -0.000000 -1.000000 -0.000000
vn 0.000000 1.000000 0.000000
vn 0.000000 1.000000 0.000000
vn 0.000000 1.000000 0.000000
vn 0.000000 1.000000 0.000000
vn -0.000000 0.000000 1.000000
vn -0.000000 0.000000 1.000000
vn -0.000000 0.000000 1.000000
vn -0.000000 0.000000 1.000000
vn 0.000000 0.000000 -1.000000
vn 0.000000 0.000000 -1.000000
vn 0.000000 0.000000 -1.000000
vn 0.000000 0.000000 -1.000000
vn 0.000000 1.000000 0.000001
vn 0.000000 1.000000 0.000001
vn 0.000000 1.000000 0.000001
vn 0.000000 1.000000 0.000001
vn 0.000000 1.000000 0.000000
vn 0.000000 1.000000 0.000000
vn 0.000000 1.000000 0.000000
vn 0.000000 1.000000 0.000000
vn -0.000000 -0.002074 0.999998
vn -0.000000 -0.002074 0.999998
vn -0.000000 -0.002074 0.999998
vn -0.000000 -0.002074 0.999998
vn 0.000000 -0.002074 -0.999998
vn 0.000000 -0.002074 -0.999998
vn 0.000000 -0.002074 -0.999998
vn 0.000000 -0.002074 -0.999998
vn 0.000000 1.000000 -0.000000
vn 0.000000 1.000000 -0.000000
vn 0.000000 1.000000 -0.000000
vn 0.000000 1.000000 -0.000000
vn 0.000000 0.000000 -1.000000
vn 0.000000 0.000000 -1.000000
vn 0.000000 0.000000 -1.000000
vn 0.000000 0.000000 -1.000000
vn -0.000000 0.000000 1.000000
vn -0.000000 0.000000 1.000000
vn -0.000000 0.000000 1.000000
vn -0.000000 0.000000 1.000000
vn -0.000000 -1.000000 0.000000
vn -0.000000 -1.000000 0.000000
vn -0.000000 -1.000000 0.000000
vn -0.000000 -1.000000 0.000000
vn 0.000000 1.000000 0.000000
vn 0.000000 1.000000 0.000000
vn 0.000000 1.000000 0.000000
vn 0.000000 1.000000 0.000000
vn 0.000000 1.000000 0.000000
vn 0.000000 1.000000 0.000000
vn 0.000000 1.000000 0.000000
vn 0.000000 1.000000 0.000000
vn -0.000000 -0.007629 0.999971
vn -0.000000 -0.007629 0.999971
vn -0.000000 -0.007629 0.999971
vn -0.000000 -0.007629 0.999971
vn 0.000000 -0.007629 -0.999971
vn 0.000000 -0.007629 -0.999971
vn 0.000000 -0.007629 -0.999971
vn 0.000000 -0.007629 -0.999971
vn 0.000000 1.000000 -0.000000
vn 0.000000 1.000000 -0.000000
vn 0.000000 1.000000 -0.000000
vn 0.000000 1.000000 -0.000000
vn 0.000000 0.000000 -1.000000
vn 0.000000 0.000000 -1.000000
vn 0.000000 0.000000 -1.000000
vn 0.000000 0.000000 -1.000000
vn -0.000000 0.000000 1.000000
vn -0.000000 0.000000 1.000000
vn -0.000000 0.000000 1.000000
vn -0.000000 0.000000 1.000000
vn -0.000000 -1.000000 -0.000000
vn -0.000000 -1.000000 -0.000000
vn -0.000000 -1.000000 -0.000000
vn -0.000000 -1.000000 -0.000000
vn -0.000000 -1.000000 -0.000000
vn -0.000000 -1.000000 -0.000000
vn -0.000000 -1.000000 -0.000000
vn -0.000000 -1.000000 -0.000000
vn 0.000000 1.000000 -0.000000
vn 0.000000 1.000000 -0.000000
vn 0.000000 1.000000 -0.000000
vn 0.000000 1.000000 -0.000000
vn 0.000000 1.000000 0.000000
vn 0.000000 1.000000 0.000000
vn 0.000000 1.000000 0.000000
vn 0.000000 1.000000 0.000000
vn 0.000000 1.000000 -0.000000
vn 0.000000 1.000000 -0.000000
vn 0.000000 1.000000 -0.000000
vn 0.000000 1.000000 -0.000000
vn 0.999971 -0.007629 0.000000
vn 0.999971 -0.007629 0.000000
vn 0.999971 -0.007629 0.000000
vn 0.999971 -0.007629 0.000000
vn -0.999971 -0.007629 -0.000000
vn -0.999971 -0.007629 -0.000000
vn -0.999971 -0.007629 -0.000000
vn -0.999971 -0.007629 -0.000000
vn 0.000000 1.000000 -0.000000
vn 0.000000 1.000000 -0.000000
vn 0.000000 1.000000 -0.000000
vn 0.000000 1.000000 -0.000000
vn -1.000000 0.000000 -0.000000
vn -1.000000 0.000000 -0.000000
vn -1.000000 0.000000 -0.000000
vn -1.000000 0.000000 -0.000000
vn 1.000000 -0.000000 0.000000
vn 1.000000 -0.000000 0.000000
vn 1.000000 -0.000000 0.000000
vn 1.000000 -0.000000 0.000000
vn -0.000000 -1.000000 -0.000000
vn -0.000000 -1.000000 -0.000000
vn -0.000000 -1.000000 -0.000000
vn -0.000000 -1.000000 -0.000000
vn 0.000000 -0.002074 -0.999998
vn 0.000000 -0.002074 -0.999998
vn 0.000000 -0.002074 -0.999998
vn 0.000000 -0.002074 -0.999998
vn -0.000000 -0.002074 0.999998
vn -0.000000 -0.002074 0.999998
vn -0.000000 -0.002074 0.999998
vn -0.000000 -0.002074 0.999998
vn -0.999998 -0.002073 -0.000000
vn -0.999998 -0.002073 -0.000000
vn -0.999998 -0.002073 -0.000000
vn -0.999998 -0.002073 -0.000000
vn 0.999998 -0.002074 0.000000
vn 0.999998 -0.002074 0.000000
vn 0.999998 -0.002074 0.000000
vn 0.999998 -0.002074 0.000000
vn -0.000000 -0.002074 0.999998
vn -0.000000 -0.002074 0.999998
vn -0.000000 -0.002074 0.999998
vn -0.000000 -0.002074 0.999998
vn 0.999998 -0.002074 0.000000
vn 0.999998 -0.002074 0.000000
vn 0.999998 -0.002074 0.000000
vn 0.999998 -0.002074 0.000000
vn -0.999998 -0.002073 -0.000000
vn -0.999998 -0.002073 -0.000000
vn -0.999998 -0.002073 -0.000000
vn -0.999998 -0.002073 -0.000000
vn 0.000000 -0.002074 -0.999998
vn 0.000000 -0.002074 -0.999998
vn 0.000000 -0.002074 -0.999998
vn 0.000000 -0.002074 -0.999998
vn 0.000000 -0.002074 -0.999998
vn 0.000000 -0.002074 -0.999998
vn 0.000000 -0.002074 -0.999998
vn 0.000000 -0.002074 -0.999998
vn -0.000000 -0.002074 0.999998
vn -0.000000 -0.002074 0.999998
vn -0.000000 -0.002074 0.999998
vn -0.000000 -0.002074 0.999998
vn -0.999998 -0.002073 -0.000000
vn -0.999998 -0.002073 -0.000000
vn -0.999998 -0.002073 -0.000000
vn -0.999998 -0.002073 -0.000000
vn 0.999998 -0.002074 0.000000
vn 0.999998 -0.002074 0.000000
vn 0.999998 -0.002074 0.000000
vn 0.999998 -0.002074 0.000000
vn -0.000000 -0.002074 0.999998
vn -0.000000 -0.002074 0.999998
vn -0.000000 -0.002074 0.999998
vn -0.000000 -0.002074 0.999998
vn 0.999998 -0.002074 0.000000
vn 0.999998 -0.002074 0.000000
vn 0.999998 -0.002074 0.000000
vn 0.999998 -0.002074 0.000000
vn -0.999998 -0.002073 -0.000000
vn -0.999998 -0.002073 -0.000000
vn -0.999998 -0.002073 -0.000000
vn -0.999998 -0.002073 -0.000000
vn 0.000000 -0.002074 -0.999998
vn 0.000000 -0.002074 -0.999998
vn 0.000000 -0.002074 -0.999998
vn 0.000000 -0.002074 -0.999998
vn -0.021588 -0.999767 -0.000000
vn -0.010713 -0.999879 0.011275
vn -0.011043 -0.999879 0.010933
vn -0.021588 -0.999767 -0.000000
vn -0.000000 -1.000000 -0.000000
vn -0.000000 -1.000000 -0.000000
vn -0.000000 -1.000000 -0.000000
vn -0.000000 -1.000000 -0.000000
vn 0.000000 0.000000 -1.000000
vn 0.000000 0.000000 -1.000000
vn 0.000000 0.000000 -1.000000
vn 0.000000 0.000000 -1.000000
vn -1.000000 0.000000 0.000000
vn -1.000000 0.000000 0.000000
vn -1.000000 0.000000 0.000000
vn -1.000000 0.000000 0.000000
vn 0.000000 0.000000 1.000000
vn 0.000000 0.000000 1.000000
vn 0.000000 0.000000 1.000000
vn 0.000000 -0.000000 1.000000
vn -0.000000 -1.000000 -0.000000
vn -0.000000 -1.000000 -0.000000
vn -0.000000 -1.000000 -0.000000
vn -0.000000 -1.000000 -0.000000
vn 0.000000 1.000000 0.000000
vn 0.000000 1.000000 0.000000
vn 0.000000 1.000000 0.000000
vn 0.000000 1.000000 0.000000
vn 0.000000 0.000000 1.000000
vn 0.000000 0.000000 1.000000
vn 0.000000 0.000000 1.000000
vn 0.000000 0.000000 1.000000
vn 1.000000 -0.000000 0.000000
vn 1.000000 -0.000000 0.000000
vn 1.000000 -0.000000 0.000000
vn 1.000000 -0.000000 0.000000
vn 0.000000 -0.000000 -1.000000
vn 0.000000 -0.000000 -1.000000
vn 0.000000 0.000000 -1.000000
vn 0.000000 0.000000 -1.000000
vn 1.000000 -0.000005 0.000000
vn 1.000000 -0.000001 0.000000
vn 1.000000 -0.000003 0.000000
vn 1.000000 -0.000005 0.000000
vn 1.000000 0.000000 0.000000
vn 1.000000 0.000000 0.000000
vn 1.000000 -0.000000 0.000000
vn 1.000000 0.000000 0.000000
vn 1.000000 -0.000000 0.000000
vn 1.000000 -0.000001 0.000000
vn 1.000000 -0.000003 0.000000
vn 1.000000 -0.000000 0.000000
vn 1.000000 -0.000000 0.000000
vn 1.000000 0.000000 0.000000
vn 1.000000 -0.000000 0.000000
vn 1.000000 -0.000000 0.000000
vn 0.000000 1.000000 0.000000
vn 0.000000 0.999997 -0.002289
vn -0.001617 0.999997 -0.001709
vn -0.002197 0.999998 0.000000
vn 0.021587 -0.999767 0.000000
vn 0.010712 -0.999879 -0.011282
vn 0.011042 -0.999879 -0.010940
vn 0.021587 -0.999767 0.000000
vn 1.000000 -0.000000 0.000000
vn 1.000000 -0.000000 0.000000
vn 0.984793 0.173731 0.000000
vn 0.979859 0.199689 0.000000
vn -1.000000 0.000000 0.000000
vn -1.000000 0.000000 0.000000
vn -0.984796 0.173717 0.000000
vn -0.979859 0.199689 0.000000
vn 0.000000 0.999997 0.002289
vn -0.001617 0.999997 0.001709
vn 0.137275 0.980057 -0.143683
vn 0.000000 0.982419 -0.186687
vn 0.002198 0.999998 0.000000
vn 0.001618 0.999997 0.001709
vn -0.137274 0.980057 -0.143683
vn -0.180762 0.983527 0.000000
vn 0.000000 0.999997 -0.002289
vn 0.001618 0.999997 -0.001709
vn -0.137274 0.980057 0.143683
vn 0.000000 0.982419 0.186687
vn 0.000000 0.000000 1.000000
vn 0.000000 0.000000 1.000000
vn 0.000000 0.167173 0.985928
vn 0.000000 0.193427 0.981115
vn -0.000000 -0.999749 -0.022383
vn -0.010713 -0.999879 -0.011275
vn -0.011043 -0.999879 -0.010933
vn -0.000000 -0.999749 -0.022383
vn 0.000000 0.000000 -1.000000
vn 0.000000 0.000000 -1.000000
vn 0.000000 0.167166 -0.985929
vn 0.000000 0.193427 -0.981115
vn -0.000000 -0.999749 0.022383
vn 0.010712 -0.999879 0.011282
vn 0.011042 -0.999879 0.010940
vn -0.000000 -0.999749 0.022383
vn 0.180763 0.983527 0.000000
vn 0.137274 0.980052 0.143713
vn 0.189979 0.963592 0.188143
vn 0.359714 0.933063 0.000000
vn 0.920231 0.391376 0.000000
vn 0.920237 0.391361 0.000000
vn 0.984796 0.173715 0.000000
vn 0.979859 0.199689 0.000000
vn 0.000000 0.982419 -0.186687
vn 0.137275 0.980057 -0.143683
vn 0.189975 0.963593 -0.188143
vn 0.000000 0.928602 -0.371076
vn 0.000000 0.379560 -0.925167
vn 0.000000 0.379560 -0.925167
vn 0.000000 0.167166 -0.985929
vn 0.000000 0.193427 -0.981115
vn -0.180762 0.983527 0.000000
vn -0.137274 0.980057 -0.143683
vn -0.189976 0.963595 -0.188134
vn -0.359701 0.933068 0.000000
vn -0.920237 0.391361 0.000000
vn -0.920237 0.391361 0.000000
vn -0.984796 0.173717 0.000000
vn -0.979859 0.199689 0.000000
vn 0.000000 0.982419 0.186687
vn -0.137274 0.980057 0.143683
vn -0.189976 0.963595 0.188135
vn 0.000000 0.928600 0.371083
vn 0.000000 0.379572 0.925162
vn 0.000000 0.379568 0.925164
vn 0.000000 0.167169 0.985928
vn 0.000000 0.193427 0.981115
vn -0.002197 0.999998 0.000000
vn -0.001617 0.999997 -0.001709
vn 0.137274 0.980052 0.143713
vn 0.180763 0.983527 0.000000
vn 1.000000 -0.000001 0.000000
vn 1.000000 -0.000000 0.000000
vn 1.000000 -0.000000 0.000000
vn 1.000000 -0.000003 0.000000
vn 1.000000 -0.000000 0.000000
vn 1.000000 -0.000000 0.000000
vn 1.000000 -0.000000 0.000000
vn 1.000000 -0.000000 0.000000
vn 1.000000 0.000000 0.000000
vn 1.000000 -0.000000 0.000000
vn 1.000000 -0.000000 0.000000
vn 1.000000 -0.000000 0.000000
vn 1.000000 -0.000000 0.000000
vn 1.000000 -0.000000 0.000000
vn 1.000000 -0.000000 0.000000
vn 1.000000 -0.000000 0.000000
vn 0.000000 -0.000000 -1.000000
vn 0.000000 -0.000000 -1.000000
vn 0.000000 -0.000000 -1.000000
vn 0.000000 -0.000000 -1.000000
vn 0.000000 -0.000000 -1.000000
vn 0.000000 -0.000000 -1.000000
vn 0.000000 -0.000000 -1.000000
vn 0.000000 -0.000000 -1.000000
vn 1.000000 -0.000000 0.000000
vn 1.000000 -0.000000 0.000000
vn 1.000000 -0.000000 0.000000
vn 1.000000 -0.000000 0.000000
vn 1.000000 -0.000000 0.000000
vn 1.000000 -0.000000 0.000000
vn 1.000000 -0.000000 0.000000
vn 1.000000 -0.000000 0.000000
vn 0.000000 0.000000 1.000000
vn 0.000000 0.000000 1.000000
vn 0.000000 0.000000 1.000000
vn 0.000000 0.000000 1.000000
vn 0.000000 0.000000 1.000000
vn 0.000000 0.000000 1.000000
vn 0.000000 0.000000 1.000000
vn 0.000000 0.000000 1.000000
vn -0.000000 0.000000 1.000000
vn 0.000000 0.000000 1.000000
vn 0.000000 -0.000000 1.000000
vn -0.000000 0.000000 1.000000
vn 0.000000 0.000000 1.000000
vn 0.000000 0.000000 1.000000
vn 0.000000 -0.000000 1.000000
vn 0.000000 -0.000000 1.000000
vn -1.000000 0.000000 0.000000
vn -1.000000 0.000000 0.000000
vn -1.000000 0.000000 0.000000
vn -1.000000 0.000000 0.000000
vn -1.000000 0.000000 0.000000
vn -1.000000 0.000000 0.000000
vn -1.000000 0.000000 0.000000
vn -1.000000 0.000000 0.000000
vn 0.000000 0.000000 -1.000000
vn 0.000000 0.000000 -1.000000
vn 0.000000 0.000000 -1.000000
vn 0.000000 0.000000 -1.000000
vn 0.000000 0.000000 -1.000000
vn 0.000000 0.000000 -1.000000
vn 0.000000 0.000000 -1.000000
vn 0.000000 0.000000 -1.000000
vn 0.000000 0.000000 -1.000000
vn 0.000000 0.000000 -1.000000
vn 0.000000 0.000000 -1.000000
vn 0.000000 0.000000 -1.000000
vn 0.000000 0.000000 -1.000000
vn 0.000000 0.000000 -1.000000
vn 0.000000 0.000000 -1.000000
vn 0.000000 0.000000 -1.000000
vn 0.000000 0.000000 1.000000
vn 0.000000 0.000000 1.000000
vn 0.000000 0.000000 1.000000
vn 0.000000 0.000000 1.000000
vn 0.000000 0.000000 1.000000
vn 0.000000 0.000000 1.000000
vn 0.000000 0.000000 1.000000
vn -0.000000 0.000000 1.000000
vn 0.000000 0.379576 0.925161
vn 0.000000 0.379572 0.925162
vn 0.000000 0.193427 0.981115
vn 0.000000 0.167173 0.985928
vn 0.137274 0.980052 0.143713
vn 0.000000 0.982419 0.186687
vn 0.000000 0.928600 0.371083
vn 0.189979 0.963592 0.188143
vn 0.000000 0.379560 -0.925167
vn 0.000000 0.379560 -0.925167
vn 0.000000 0.193427 -0.981115
vn 0.000000 0.167166 -0.985929
vn -0.137274 0.980057 -0.143683
vn 0.000000 0.982419 -0.186687
vn 0.000000 0.928602 -0.371076
vn -0.189976 0.963595 -0.188134
vn -0.010713 -0.999879 0.011275
vn -0.000000 -0.999749 0.022383
vn -0.000000 -0.999749 0.022383
vn -0.011043 -0.999879 0.010933
vn 0.000000 0.000000 -1.000000
vn 0.000000 0.000000 -1.000000
vn 0.000000 0.193427 -0.981115
vn 0.000000 0.167166 -0.985929
vn 0.010712 -0.999879 -0.011282
vn -0.000000 -0.999749 -0.022383
vn -0.000000 -0.999749 -0.022383
vn 0.011042 -0.999879 -0.010940
vn 0.000000 0.000000 1.000000
vn 0.000000 0.000000 1.000000
vn 0.000000 0.193427 0.981115
vn 0.000000 0.167169 0.985928
vn -0.001617 0.999997 -0.001709
vn 0.000000 0.999997 -0.002289
vn 0.000000 0.982419 0.186687
vn 0.137274 0.980052 0.143713
vn 0.001618 0.999997 0.001709
vn 0.000000 0.999997 0.002289
vn 0.000000 0.982419 -0.186687
vn -0.137274 0.980057 -0.143683
vn 0.002198 0.999998 0.000000
vn 0.001618 0.999997 -0.001709
vn 0.000000 0.999997 -0.002289
vn 0.000000 1.000000 0.000000
vn 0.000000 0.000000 1.000000
vn 0.000000 0.000000 1.000000
vn 0.000000 0.000000 1.000000
vn 0.000000 0.000000 1.000000
vn 0.000000 0.000000 -1.000000
vn 0.000000 0.000000 -1.000000
vn 0.000000 0.000000 -1.000000
vn 0.000000 0.000000 -1.000000
vn -0.000000 -1.000000 0.000000
vn -0.000000 -1.000000 -0.000000
vn -0.000000 -1.000000 -0.000000
vn -0.000000 -1.000000 -0.000000
vn -0.000000 -1.000000 0.000000
vn -0.000000 -1.000000 0.000000
vn -0.000000 -1.000000 -0.000000
vn -0.000000 -1.000000 0.000000
vn 0.001618 0.999997 0.001709
vn 0.002198 0.999998 0.000000
vn 0.000000 1.000000 0.000000
vn 0.000000 0.999997 0.002289
vn -1.000000 0.000000 0.000000
vn -1.000000 0.000000 0.000000
vn -1.000000 0.000000 0.000000
vn -1.000000 0.000000 0.000000
vn -1.000000 0.000000 0.000000
vn -1.000000 0.000000 0.000000
vn -1.000000 0.000000 0.000000
vn -1.000000 0.000000 0.000000
vn 1.000000 -0.000000 0.000000
vn 1.000000 -0.000000 0.000000
vn 1.000000 -0.000000 0.000000
vn 1.000000 -0.000000 0.000000
vn 1.000000 -0.000000 0.000000
vn 1.000000 -0.000000 0.000000
vn 1.000000 -0.000000 0.000000
vn 1.000000 -0.000000 0.000000
vn -0.001617 0.999997 0.001709
vn -0.002197 0.999998 0.000000
vn 0.180763 0.983527 0.000000
vn 0.137275 0.980057 -0.143683
vn -0.920237 0.391361 0.000000
vn -0.920237 0.391361 0.000000
vn -0.979859 0.199689 0.000000
vn -0.984796 0.173717 0.000000
vn -0.137274 0.980057 0.143683
vn -0.180762 0.983527 0.000000
vn -0.359701 0.933068 0.000000
vn -0.189976 0.963595 0.188135
vn 0.920224 0.391392 0.000000
vn 0.920231 0.391376 0.000000
vn 0.979859 0.199689 0.000000
vn 0.984793 0.173731 0.000000
vn 0.137275 0.980057 -0.143683
vn 0.180763 0.983527 0.000000
vn 0.359714 0.933063 0.000000
vn 0.189975 0.963593 -0.188143
vn 0.001618 0.999997 -0.001709
vn 0.002198 0.999998 0.000000
vn -0.180762 0.983527 0.000000
vn -0.137274 0.980057 0.143683
vn -1.000000 0.000000 0.000000
vn -1.000000 0.000000 0.000000
vn -0.979859 0.199689 0.000000
vn -0.984796 0.173717 0.000000
vn 1.000000 -0.000000 0.000000
vn 1.000000 -0.000000 0.000000
vn 0.979859 0.199689 0.000000
vn 0.984796 0.173715 0.000000
vn 0.010712 -0.999879 0.011282
vn 0.021587 -0.999767 0.000000
vn 0.021587 -0.999767 0.000000
vn 0.011042 -0.999879 0.010940
vn 0.000000 0.999997 0.002289
vn 0.000000 1.000000 0.000000
vn -0.002197 0.999998 0.000000
vn -0.001617 0.999997 0.001709
vn 1.000000 0.000000 0.000000
vn 1.000000 0.000000 0.000000
vn 1.000000 0.000000 0.000000
vn 1.000000 -0.000000 0.000000
vn 1.000000 -0.000001 0.000000
vn 1.000000 -0.000005 0.000000
vn 1.000000 -0.000005 0.000000
vn 1.000000 -0.000003 0.000000
vn 1.000000 -0.000000 0.000000
vn 1.000000 -0.000000 0.000000
vn 1.000000 -0.000000 0.000000
vn 1.000000 -0.000000 0.000000
vn 0.000000 1.000000 0.000000
vn 0.000000 1.000000 0.000000
vn 0.000000 1.000000 0.000000
vn 0.000000 1.000000 0.000000
vn -0.000000 -1.000000 -0.000000
vn -0.000000 -1.000000 -0.000000
vn -0.000000 -1.000000 -0.000000
vn -0.000000 -1.000000 -0.000000
vn -1.000000 0.000000 0.000000
vn -1.000000 0.000000 0.000000
vn -1.000000 0.000000 0.000000
vn -1.000000 0.000000 0.000000
vn -0.000000 -1.000000 0.000000
vn -0.000000 -1.000000 -0.000000
vn -0.000000 -1.000000 -0.000000
vn -0.000000 -1.000000 -0.000000
vn -0.010713 -0.999879 -0.011275
vn -0.021588 -0.999767 -0.000000
vn -0.021588 -0.999767 -0.000000
vn -0.011043 -0.999879 -0.010933
s off
g pasted__pasted__CubeFBXASC046000 pasted__group2 group3
usemtl pasted__pasted__standardSurface2SG
f 2429/6893/8427 2428/7344/8428 2426/5780/8429 2427/6087/8430
f 2427/7201/8431 2426/7183/8432 2431/7254/8433 2430/6998/8434
f 2433/6443/8435 2438/5899/8436 2428/6406/8437 2429/6399/8438
f 2427/5728/8439 2430/6957/8440 2432/7557/8441 2434/5644/8442 2435/6124/8443 2436/7215/8444 2437/6751/8445 2433/7003/8446 2429/7184/8447
f 2431/6899/8448 2426/6715/8449 2428/5610/8450 2438/5981/8451 2440/7069/8452 2441/6744/8453 2442/6188/8454 2443/7266/8455 2439/7558/8456
f 2438/5899/8457 2433/6443/8458 2437/6335/8459 2440/7556/8460
f 2440/7556/8461 2437/6335/8462 2436/5670/8463 2441/7066/8464
f 2441/7066/8465 2436/5670/8466 2435/6006/8467 2442/7226/8468
f 2442/7226/8469 2435/6006/8470 2434/6368/8471 2443/5893/8472
f 2443/5893/8473 2434/6368/8474 2432/6859/8475 2439/5810/8476
f 2430/7437/8477 2431/7559/8478 2439/7560/8479 2432/7561/8480
f 2447/7256/8481 2446/5522/8482 2444/5953/8483 2445/5971/8484
f 2445/5521/8485 2444/6067/8486 2449/6252/8487 2448/6714/8488
f 2451/6644/8489 2456/5659/8490 2446/5622/8491 2447/7278/8492
f 2445/7434/8493 2448/5655/8494 2450/7562/8495 2452/7540/8496 2453/7305/8497 2454/7458/8498 2455/6985/8499 2451/6170/8500 2447/5936/8501
f 2449/5549/8502 2444/6030/8503 2446/7195/8504 2456/7072/8505 2458/7416/8506 2459/7304/8507 2460/6783/8508 2461/7175/8509 2457/7563/8510
f 2456/5659/8511 2451/6644/8512 2455/6979/8513 2458/7196/8514
f 2458/7196/8515 2455/6979/8516 2454/7341/8517 2459/6176/8518
f 2459/6176/8519 2454/7341/8520 2453/7070/8521 2460/7147/8522
f 2460/7147/8523 2453/7070/8524 2452/5908/8525 2461/6151/8526
f 2461/6151/8527 2452/5908/8528 2450/5711/8529 2457/7244/8530
f 2448/7564/8531 2449/7565/8532 2457/7566/8533 2450/7567/8534
f 2465/7541/8535 2464/6800/8536 2462/6850/8537 2463/5778/8538
f 2463/7071/8539 2462/6091/8540 2467/6561/8541 2466/5726/8542
f 2469/7329/8543 2474/6849/8544 2464/6361/8545 2465/6963/8546
f 2463/7552/8547 2466/5698/8548 2468/7568/8549 2470/6267/8550 2471/5632/8551 2472/7151/8552 2473/6839/8553 2469/6022/8554 2465/6329/8555
f 2467/5958/8556 2462/6131/8557 2464/6347/8558 2474/6287/8559 2476/7008/8560 2477/6042/8561 2478/6243/8562 2479/5822/8563 2475/7569/8564
f 2474/6849/8565 2469/7329/8566 2473/6900/8567 2476/5779/8568
f 2476/5779/8569 2473/6900/8570 2472/5847/8571 2477/5811/8572
f 2477/5811/8573 2472/5847/8574 2471/6396/8575 2478/5597/8576
f 2478/5597/8577 2471/6396/8578 2470/6535/8579 2479/6388/8580
f 2479/6388/8581 2470/6535/8582 2468/6336/8583 2475/5757/8584
f 2466/7570/8585 2467/7571/8586 2475/7572/8587 2468/7573/8588
f 2750/5928/8589 2575/6574/8590 2574/7073/8591 2753/7348/8592
f 2492/6074/8593 2538/5574/8594 2541/5859/8595 2725/7034/8596 2708/6708/8597
f 2541/5859/8598 2540/5881/8599 2487/7058/8600 2652/6633/8601 2725/7034/8602
f 2738/7295/8603 2603/6709/8604 2602/7047/8605 2741/5823/8606
f 2804/7074/8607 2771/6829/8608 2596/6996/8609 2681/6052/8610
f 2624/7401/8611 2653/5611/8612 2816/7442/8613 2759/6736/8614
f 2624/7401/8615 2759/6736/8616 2765/6330/8617 2626/5902/8618
f 2592/5512/8619 2649/7312/8620 2531/6397/8621 2530/6037/8622 2490/5722/8623
f 2684/5633/8624 2688/6331/8625 2616/6007/8626 2620/6298/8627
f 2486/7161/8628 2536/6495/8629 2535/6506/8630 2717/5894/8631 2656/7373/8632
f 2613/6244/8633 2665/7499/8634 2661/6472/8635 2617/6304/8636
f 2637/6041/8637 2576/5788/8638 2489/5575/8639 2511/6882/8640 2510/7435/8641
f 2572/6946/8642 2645/5959/8643 2516/6398/8644 2515/6175/8645 2488/6002/8646
f 2732/7197/8647 2601/6194/8648 2603/6866/8649 2738/5824/8650
f 2697/7233/8651 2581/5789/8652 2577/5927/8653 2701/5550/8654
f 2693/6105/8655 2585/6254/8656 2581/5789/8657 2697/7233/8658
f 2689/6255/8659 2589/7462/8660 2585/6254/8661 2693/6105/8662
f 2685/7267/8663 2593/6940/8664 2589/7462/8665 2689/6255/8666
f 2681/6052/8667 2596/6996/8668 2640/6805/8669 2633/6948/8670 2648/5699/8671 2593/6940/8672 2685/7267/8673
f 2628/6266/8674 2637/6041/8675 2510/7435/8676 2509/5609/8677 2497/5874/8678
f 2596/6996/8679 2771/6829/8680 2777/7463/8681 2598/6389/8682
f 2588/7325/8683 2592/5512/8684 2490/5722/8685 2482/7330/8686 2486/7161/8687 2656/7373/8688 2660/6974/8689
f 2584/5763/8690 2588/7325/8691 2660/6974/8692 2664/5692/8693
f 2580/5623/8694 2584/5763/8695 2664/5692/8696 2668/7119/8697
f 2576/5788/8698 2580/5623/8699 2668/7119/8700 2672/7326/8701 2485/7508/8702 2481/6288/8703 2489/5575/8704
f 2546/7257/8705 2545/6489/8706 2485/7508/8707 2672/7326/8708 2729/5608/8709
f 2484/6234/8710 2521/6757/8711 2520/5590/8712 2721/7059/8713 2677/6473/8714
f 2627/5829/8715 2762/6264/8716 2756/7340/8717 2625/6276/8718
f 2499/6418/8719 2544/6765/8720 2569/5907/8721 2503/7268/8722
f 2700/5854/8723 2705/6956/8724 2600/6141/8725 2604/6510/8726
f 2696/5875/8727 2700/5854/8728 2604/6510/8729 2608/5906/8730
f 2692/6860/8731 2696/5875/8732 2608/5906/8733 2612/5687/8734
f 2688/6331/8735 2692/6860/8736 2612/5687/8737 2616/6007/8738
f 2520/5590/8739 2519/7539/8740 2496/6289/8741 2712/7148/8742 2721/7059/8743
f 2492/7515/8744 2534/6031/8745 2563/6975/8746 2504/7331/8747
f 2493/5526/8748 2524/5796/8749 2557/6480/8750 2500/6069/8751
f 2496/7234/8752 2519/6068/8753 2554/6556/8754 2506/6043/8755
f 2680/6315/8756 2684/5633/8757 2620/6298/8758 2625/6276/8759
f 2498/6478/8760 2514/6922/8761 2551/6245/8762 2507/7500/8763
f 2480/7048/8764 2498/7399/8765 2518/7067/8766 2521/6757/8767 2484/6234/8768
f 2508/6591/8769 2511/6882/8770 2489/5575/8771 2481/6288/8772 2499/6467/8773
f 2645/5959/8774 2628/6266/8775 2497/5874/8776 2513/6792/8777 2516/6398/8778
f 2632/5898/8779 2641/6934/8780 2525/6623/8781 2524/6730/8782 2493/6297/8783
f 2513/6070/8784 2497/6479/8785 2502/6237/8786 2552/5598/8787
f 2605/5548/8788 2673/7436/8789 2669/5631/8790 2609/6820/8791
f 2518/5812/8792 2498/6478/8793 2507/7500/8794 2555/6125/8795
f 2523/5940/8796 2495/5764/8797 2501/6741/8798 2558/6793/8799
f 2609/6820/8800 2669/5631/8801 2665/7499/8802 2613/6244/8803
f 2523/7051/8804 2526/7303/8805 2491/6737/8806 2483/5865/8807 2495/6622/8808
f 2649/7312/8809 2632/5898/8810 2493/6297/8811 2528/7474/8812 2531/6397/8813
f 2528/6890/8814 2493/5526/8815 2500/6069/8816 2561/7529/8817
f 2641/6934/8818 2597/6114/8819 2491/6737/8820 2526/7303/8821 2525/6623/8822
f 2533/6758/8823 2494/7261/8824 2505/5654/8825 2564/5790/8826
f 2496/6289/8827 2543/6933/8828 2546/7257/8829 2729/5608/8830 2712/7148/8831
f 2508/5741/8832 2499/6418/8833 2503/7268/8834 2549/6958/8835
f 2495/6622/8836 2483/5865/8837 2487/7058/8838 2540/5881/8839 2539/7415/8840
f 2621/7272/8841 2657/6458/8842 2716/6362/8843 2709/7031/8844 2724/7363/8845 2653/5611/8846 2624/7401/8847
f 2538/6546/8848 2492/7515/8849 2504/7331/8850 2567/5527/8851
f 2499/6467/8852 2481/6288/8853 2485/7508/8854 2545/6489/8855 2544/5676/8856
f 2488/6002/8857 2515/6175/8858 2514/5830/8859 2498/7399/8860 2480/7048/8861
f 2543/5802/8862 2496/7234/8863 2506/6043/8864 2570/5589/8865
f 2617/6304/8866 2661/6472/8867 2657/6458/8868 2621/7272/8869
f 2490/5722/8870 2530/6037/8871 2529/6742/8872 2494/7185/8873 2482/7330/8874
f 2535/6506/8875 2534/6752/8876 2492/6074/8877 2708/6708/8878 2717/5894/8879
f 2701/5550/8880 2577/5927/8881 2636/7258/8882 2629/6997/8883 2644/6656/8884 2573/5765/8885 2704/7091/8886
f 2495/5764/8887 2539/5528/8888 2566/6060/8889 2501/6741/8890
f 2482/7330/8891 2494/7185/8892 2533/7464/8893 2536/6495/8894 2486/7161/8895
f 2494/7261/8896 2529/7068/8897 2560/5996/8898 2505/5654/8899
f 2601/6194/8900 2676/5941/8901 2720/6582/8902 2713/7214/8903 2728/6303/8904 2673/7436/8905 2605/5548/8906
f 2508/6591/8907 2512/7509/8908 2509/5609/8909 2510/7435/8910 2511/6882/8911
f 2513/6792/8912 2517/5943/8913 2514/5830/8914 2515/6175/8915 2516/6398/8916
f 2518/7067/8917 2522/6475/8918 2519/7539/8919 2520/5590/8920 2521/6757/8921
f 2523/7051/8922 2527/5918/8923 2524/6730/8924 2525/6623/8925 2526/7303/8926
f 2528/7474/8927 2532/6132/8928 2529/6742/8929 2530/6037/8930 2531/6397/8931
f 2533/7464/8932 2537/5525/8933 2534/6752/8934 2535/6506/8935 2536/6495/8936
f 2538/5574/8937 2542/7425/8938 2539/7415/8939 2540/5881/8940 2541/5859/8941
f 2543/6933/8942 2547/6072/8943 2544/5676/8944 2545/6489/8945 2546/7257/8946
f 2508/5741/8947 2549/6958/8948 2550/5942/8949 2512/6895/8950
f 2512/6367/8951 2550/6723/8952 2548/6821/8953 2509/7337/8954
f 2566/6060/8955 2539/5528/8956 2542/6071/8957 2568/7020/8958
f 2568/5919/8959 2542/6735/8960 2538/6546/8961 2567/5527/8962
f 2513/6070/8963 2552/5598/8964 2553/7127/8965 2517/6253/8966
f 2517/6126/8967 2553/6812/8968 2551/6245/8969 2514/6922/8970
f 2518/5812/8971 2555/6125/8972 2556/6474/8973 2522/7400/8974
f 2522/6542/8975 2556/7332/8976 2554/6556/8977 2519/6068/8978
f 2543/5802/8979 2570/5589/8980 2571/7473/8981 2547/7409/8982
f 2547/6459/8983 2571/7306/8984 2569/5907/8985 2544/6765/8986
f 2528/6890/8987 2561/7529/8988 2562/6185/8989 2532/7349/8990
f 2532/6830/8991 2562/6527/8992 2560/5996/8993 2529/7068/8994
f 2523/5940/8995 2558/6793/8996 2559/6547/8997 2527/5624/8998
f 2527/6115/8999 2559/5742/9000 2557/6480/9001 2524/5796/9002
f 2533/6758/9003 2564/5790/9004 2565/6320/9005 2537/6840/9006
f 2537/7374/9007 2565/6444/9008 2563/6975/9009 2534/6031/9010
f 2497/6479/9011 2509/7337/9012 2548/6821/9013 2502/6237/9014
f 2598/6389/9015 2777/7463/9016 2774/7049/9017 2599/6570/9018
f 2707/6092/9019 2786/7245/9020 2780/7510/9021 2705/6956/9022
f 2597/6114/9023 2768/6548/9024 2819/7402/9025 2652/6633/9026 2487/7058/9027 2483/5865/9028 2491/6737/9029
f 2626/7490/9030 2765/6845/9031 2762/6264/9032 2627/5829/9033
f 2599/5900/9034 2774/5693/9035 2768/6548/9036 2597/6114/9037
f 2807/6227/9038 2680/6315/9039 2625/6276/9040 2756/7340/9041
f 2704/7091/9042 2573/5765/9043 2744/6784/9044 2783/6673/9045
f 2769/6337/9046 2775/6424/9047 2778/6235/9048 2772/7309/9049 2805/6806/9050 2811/5929/9051 2814/6496/9052 2808/7269/9053 2757/5797/9054 2763/5583/9055 2766/7042/9056 2760/6332/9057 2817/5831/9058 2823/6497/9059 2826/6790/9060 2820/6400/9061
f 2747/6999/9062 2572/6946/9063 2488/6002/9064 2480/7048/9065 2484/6234/9066 2677/6473/9067 2792/7104/9068
f 2636/7258/9069 2577/5927/9070 2579/6536/9071 2638/6447/9072
f 2638/6447/9073 2579/6536/9074 2578/6898/9075 2639/6851/9076
f 2639/6691/9077 2578/6013/9078 2576/5788/9079 2637/6041/9080
f 2577/5927/9081 2581/5789/9082 2583/5876/9083 2579/6536/9084
f 2579/6536/9085 2583/5876/9086 2582/7479/9087 2578/6898/9088
f 2578/6013/9089 2582/6305/9090 2580/5623/9091 2576/5788/9092
f 2581/5789/9093 2585/6254/9094 2587/5645/9095 2583/5876/9096
f 2583/5876/9097 2587/5645/9098 2586/7036/9099 2582/7479/9100
f 2582/6305/9101 2586/5803/9102 2584/5763/9103 2580/5623/9104
f 2585/6254/9105 2589/7462/9106 2591/6216/9107 2587/5645/9108
f 2587/5645/9109 2591/6216/9110 2590/6519/9111 2586/7036/9112
f 2586/5803/9113 2590/6964/9114 2588/7325/9115 2584/5763/9116
f 2589/7462/9117 2593/6940/9118 2595/6171/9119 2591/6216/9120
f 2591/6216/9121 2595/6171/9122 2594/6277/9123 2590/6519/9124
f 2590/6964/9125 2594/6142/9126 2592/5512/9127 2588/7325/9128
f 2640/6805/9129 2596/6996/9130 2598/6389/9131 2642/6645/9132
f 2642/6645/9133 2598/6389/9134 2599/6570/9135 2643/7333/9136
f 2643/5813/9137 2599/5900/9138 2597/6114/9139 2641/6934/9140
f 2732/7197/9141 2795/5688/9142 2676/5941/9143 2601/6194/9144
f 2744/6784/9145 2573/5765/9146 2575/6574/9147 2750/5928/9148
f 2705/6956/9149 2780/7510/9150 2735/6604/9151 2600/6141/9152
f 2601/6194/9153 2605/5548/9154 2607/6980/9155 2603/6866/9156
f 2603/6709/9157 2607/6306/9158 2606/6914/9159 2602/7047/9160
f 2602/7047/9161 2606/6914/9162 2604/6510/9163 2600/6141/9164
f 2605/5548/9165 2609/6820/9166 2611/7389/9167 2607/6980/9168
f 2607/6306/9169 2611/6831/9170 2610/7383/9171 2606/6914/9172
f 2606/6914/9173 2610/7383/9174 2608/5906/9175 2604/6510/9176
f 2609/6820/9177 2613/6244/9178 2615/6634/9179 2611/7389/9180
f 2611/6831/9181 2615/5832/9182 2614/6896/9183 2610/7383/9184
f 2610/7383/9185 2614/6896/9186 2612/5687/9187 2608/5906/9188
f 2613/6244/9189 2617/6304/9190 2619/7438/9191 2615/6634/9192
f 2615/5832/9193 2619/5677/9194 2618/6257/9195 2614/6896/9196
f 2614/6896/9197 2618/6257/9198 2616/6007/9199 2612/5687/9200
f 2617/6304/9201 2621/7272/9202 2623/5882/9203 2619/7438/9204
f 2619/5677/9205 2623/6369/9206 2622/7176/9207 2618/6257/9208
f 2618/6257/9209 2622/7176/9210 2620/6298/9211 2616/6007/9212
f 2621/7272/9213 2624/7401/9214 2626/5902/9215 2623/5882/9216
f 2623/6369/9217 2626/7490/9218 2627/5829/9219 2622/7176/9220
f 2622/7176/9221 2627/5829/9222 2625/6276/9223 2620/6298/9224
f 2644/6656/9225 2629/6997/9226 2631/7310/9227 2646/6217/9228
f 2646/6217/9229 2631/7310/9230 2630/6692/9231 2647/6852/9232
f 2647/5751/9233 2630/6700/9234 2628/6266/9235 2645/5959/9236
f 2648/5699/9237 2633/6948/9238 2635/6228/9239 2650/5752/9240
f 2650/5752/9241 2635/6228/9242 2634/5866/9243 2651/6032/9244
f 2651/7105/9245 2634/7279/9246 2632/5898/9247 2649/7312/9248
f 2629/6997/9249 2636/7258/9250 2638/6447/9251 2631/7310/9252
f 2631/7310/9253 2638/6447/9254 2639/6851/9255 2630/6692/9256
f 2630/6700/9257 2639/6691/9258 2637/6041/9259 2628/6266/9260
f 2633/6948/9261 2640/6805/9262 2642/6645/9263 2635/6228/9264
f 2635/6228/9265 2642/6645/9266 2643/7333/9267 2634/5866/9268
f 2634/7279/9269 2643/5813/9270 2641/6934/9271 2632/5898/9272
f 2573/5765/9273 2644/6656/9274 2646/6217/9275 2575/6574/9276
f 2575/6574/9277 2646/6217/9278 2647/6852/9279 2574/7073/9280
f 2574/5694/9281 2647/5751/9282 2645/5959/9283 2572/6946/9284
f 2593/6940/9285 2648/5699/9286 2650/5752/9287 2595/6171/9288
f 2595/6171/9289 2650/5752/9290 2651/6032/9291 2594/6277/9292
f 2594/6142/9293 2651/7105/9294 2649/7312/9295 2592/5512/9296
f 2741/5823/9297 2602/7047/9298 2600/6141/9299 2735/6604/9300
f 2678/6731/9301 2801/7227/9302 2798/6876/9303 2679/5529/9304
f 2804/7074/9305 2681/6052/9306 2683/6370/9307 2810/6147/9308
f 2676/5941/9309 2795/5688/9310 2801/7227/9311 2678/6731/9312
f 2706/7501/9313 2789/6236/9314 2786/7245/9315 2707/6092/9316
f 2679/6073/9317 2798/7262/9318 2792/7104/9319 2677/6473/9320
f 2704/7091/9321 2783/6673/9322 2789/6476/9323 2706/7120/9324
f 2825/5695/9325 2654/5720/9326 2652/6633/9327 2819/7402/9328
f 2822/5669/9329 2655/7440/9330 2654/6879/9331 2825/7141/9332
f 2716/6362/9333 2657/6458/9334 2659/6419/9335 2718/7165/9336
f 2718/7165/9337 2659/6419/9338 2658/7357/9339 2719/7334/9340
f 2719/6433/9341 2658/5700/9342 2656/7373/9343 2717/5894/9344
f 2657/6458/9345 2661/6472/9346 2663/5990/9347 2659/6419/9348
f 2659/6419/9349 2663/5990/9350 2662/7315/9351 2658/7357/9352
f 2658/5700/9353 2662/6605/9354 2660/6974/9355 2656/7373/9356
f 2661/6472/9357 2665/7499/9358 2667/6557/9359 2663/5990/9360
f 2663/5990/9361 2667/6557/9362 2666/5883/9363 2662/7315/9364
f 2662/6605/9365 2666/6093/9366 2664/5692/9367 2660/6974/9368
f 2665/7499/9369 2669/5631/9370 2671/6316/9371 2667/6557/9372
f 2667/6557/9373 2671/6316/9374 2670/6635/9375 2666/5883/9376
f 2666/6093/9377 2670/6755/9378 2668/7119/9379 2664/5692/9380
f 2669/5631/9381 2673/7436/9382 2675/6268/9383 2671/6316/9384
f 2671/6316/9385 2675/6268/9386 2674/6350/9387 2670/6635/9388
f 2670/6755/9389 2674/5774/9390 2672/7326/9391 2668/7119/9392
f 2720/6582/9393 2676/5941/9394 2678/6731/9395 2722/7142/9396
f 2722/7142/9397 2678/6731/9398 2679/5529/9399 2723/6701/9400
f 2723/6716/9401 2679/6073/9402 2677/6473/9403 2721/7059/9404
f 2813/5842/9405 2682/6981/9406 2680/6315/9407 2807/6227/9408
f 2816/7442/9409 2653/5611/9410 2655/7440/9411 2822/5669/9412
f 2810/7106/9413 2683/5867/9414 2682/6981/9415 2813/5842/9416
f 2681/6052/9417 2685/7267/9418 2687/5724/9419 2683/6370/9420
f 2683/5867/9421 2687/6841/9422 2686/6959/9423 2682/6981/9424
f 2682/6981/9425 2686/6959/9426 2684/5633/9427 2680/6315/9428
f 2685/7267/9429 2689/6255/9430 2691/6133/9431 2687/5724/9432
f 2687/6841/9433 2691/6520/9434 2690/6537/9435 2686/6959/9436
f 2686/6959/9437 2690/6537/9438 2688/6331/9439 2684/5633/9440
f 2689/6255/9441 2693/6105/9442 2695/5888/9443 2691/6133/9444
f 2691/6520/9445 2695/6745/9446 2694/6290/9447 2690/6537/9448
f 2690/6537/9449 2694/6290/9450 2692/6860/9451 2688/6331/9452
f 2693/6105/9453 2697/7233/9454 2699/7451/9455 2695/5888/9456
f 2695/6745/9457 2699/6448/9458 2698/7114/9459 2694/6290/9460
f 2694/6290/9461 2698/7114/9462 2696/5875/9463 2692/6860/9464
f 2697/7233/9465 2701/5550/9466 2703/5576/9467 2699/7451/9468
f 2699/6448/9469 2703/6931/9470 2702/7009/9471 2698/7114/9472
f 2698/7114/9473 2702/7009/9474 2700/5854/9475 2696/5875/9476
f 2701/5550/9477 2704/7091/9478 2706/7120/9479 2703/5576/9480
f 2703/6931/9481 2706/7501/9482 2707/6092/9483 2702/7009/9484
f 2702/7009/9485 2707/6092/9486 2705/6956/9487 2700/5854/9488
f 2724/7363/9489 2709/7031/9490 2711/6353/9491 2726/5530/9492
f 2726/5530/9493 2711/6353/9494 2710/6434/9495 2727/7426/9496
f 2727/6023/9497 2710/7475/9498 2708/6708/9499 2725/7034/9500
f 2728/6303/9501 2713/7214/9502 2715/6158/9503 2730/6853/9504
f 2730/6853/9505 2715/6158/9506 2714/5891/9507 2731/6260/9508
f 2731/6120/9509 2714/7521/9510 2712/7148/9511 2729/5608/9512
f 2709/7031/9513 2716/6362/9514 2718/7165/9515 2711/6353/9516
f 2711/6353/9517 2718/7165/9518 2719/7334/9519 2710/6434/9520
f 2710/7475/9521 2719/6433/9522 2717/5894/9523 2708/6708/9524
f 2713/7214/9525 2720/6582/9526 2722/7142/9527 2715/6158/9528
f 2715/6158/9529 2722/7142/9530 2723/6701/9531 2714/5891/9532
f 2714/7521/9533 2723/6716/9534 2721/7059/9535 2712/7148/9536
f 2653/5611/9537 2724/7363/9538 2726/5530/9539 2655/7440/9540
f 2655/7440/9541 2726/5530/9542 2727/7426/9543 2654/6879/9544
f 2654/5720/9545 2727/6023/9546 2725/7034/9547 2652/6633/9548
f 2673/7436/9549 2728/6303/9550 2730/6853/9551 2675/6268/9552
f 2675/6268/9553 2730/6853/9554 2731/6260/9555 2674/6350/9556
f 2674/5774/9557 2731/6120/9558 2729/5608/9559 2672/7326/9560
f 2753/7255/9561 2574/5694/9562 2572/6946/9563 2747/6999/9564
f 2772/7309/9565 2778/6235/9566 2779/7465/9567 2773/6702/9568
f 2773/5599/9569 2779/5972/9570 2777/7463/9571 2771/6829/9572
f 2778/6235/9573 2775/6424/9574 2776/6945/9575 2779/7465/9576
f 2779/5972/9577 2776/6558/9578 2774/7049/9579 2777/7463/9580
f 2775/6424/9581 2769/6337/9582 2770/5884/9583 2776/6945/9584
f 2776/5937/9585 2770/5730/9586 2768/6548/9587 2774/5693/9588
f 2760/6332/9589 2766/7042/9590 2767/6842/9591 2761/6435/9592
f 2761/6242/9593 2767/6684/9594 2765/6330/9595 2759/6736/9596
f 2766/7042/9597 2763/5583/9598 2764/6205/9599 2767/6842/9600
f 2767/6685/9601 2764/6348/9602 2762/6264/9603 2765/6845/9604
f 2763/5583/9605 2757/5797/9606 2758/7177/9607 2764/6205/9608
f 2764/6348/9609 2758/7043/9610 2756/7340/9611 2762/6264/9612
f 2751/7296/9613 2745/5536/9614 2746/6014/9615 2752/7386/9616
f 2752/5678/9617 2746/6218/9618 2744/6784/9619 2750/5928/9620
f 2754/6930/9621 2751/7296/9622 2752/7386/9623 2755/7092/9624
f 2755/5612/9625 2752/5678/9626 2750/5928/9627 2753/7348/9628
f 2748/5909/9629 2754/6930/9630 2755/7092/9631 2749/6746/9632
f 2749/6626/9633 2755/6589/9634 2753/7255/9635 2747/6999/9636
f 2739/6521/9637 2733/6098/9638 2734/7220/9639 2740/7480/9640
f 2740/6531/9641 2734/6627/9642 2732/7197/9643 2738/5824/9644
f 2742/6854/9645 2739/6521/9646 2740/7480/9647 2743/6549/9648
f 2743/6333/9649 2740/6531/9650 2738/5824/9651 2741/6511/9652
f 2736/6308/9653 2742/6854/9654 2743/6549/9655 2737/5860/9656
f 2737/6961/9657 2743/7246/9658 2741/5823/9659 2735/6604/9660
f 2796/6359/9661 2802/6901/9662 2803/6584/9663 2797/5849/9664
f 2797/6095/9665 2803/6562/9666 2801/7227/9667 2795/5688/9668
f 2802/6901/9669 2799/6160/9670 2800/6154/9671 2803/6584/9672
f 2803/6562/9673 2800/5895/9674 2798/6876/9675 2801/7227/9676
f 2799/6160/9677 2793/5732/9678 2794/6108/9679 2800/6154/9680
f 2800/6219/9681 2794/7204/9682 2792/7104/9683 2798/7262/9684
f 2784/5982/9685 2790/6075/9686 2791/5961/9687 2785/5537/9688
f 2785/6148/9689 2791/6484/9690 2789/6476/9691 2783/6673/9692
f 2790/6075/9693 2787/5962/9694 2788/6404/9695 2791/5961/9696
f 2791/6269/9697 2788/6908/9698 2786/7245/9699 2789/6236/9700
f 2787/5962/9701 2781/5844/9702 2782/6285/9703 2788/6404/9704
f 2788/6908/9705 2782/6206/9706 2780/7510/9707 2786/7245/9708
f 2823/6497/9709 2817/5831/9710 2818/6190/9711 2824/6801/9712
f 2824/6338/9713 2818/7270/9714 2816/7442/9715 2822/5669/9716
f 2826/6790/9717 2823/6497/9718 2824/6801/9719 2827/6822/9720
f 2827/6779/9721 2824/6338/9722 2822/5669/9723 2825/7141/9724
f 2820/6400/9725 2826/6790/9726 2827/6822/9727 2821/6828/9728
f 2821/6498/9729 2827/5600/9730 2825/5695/9731 2819/7402/9732
f 2811/5929/9733 2805/6806/9734 2806/6550/9735 2812/5614/9736
f 2812/5689/9737 2806/7178/9738 2804/7074/9739 2810/6147/9740
f 2814/6496/9741 2811/5929/9742 2812/5614/9743 2815/5619/9744
f 2815/6522/9745 2812/5855/9746 2810/7106/9747 2813/5842/9748
f 2808/7269/9749 2814/6496/9750 2815/5619/9751 2809/7000/9752
f 2809/7307/9753 2815/6522/9754 2813/5842/9755 2807/6227/9756
f 2745/5536/9757 2784/5982/9758 2785/5537/9759 2746/6014/9760
f 2746/6218/9761 2785/6148/9762 2783/6673/9763 2744/6784/9764
f 2781/5844/9765 2736/6308/9766 2737/5860/9767 2782/6285/9768
f 2782/6206/9769 2737/6961/9770 2735/6604/9771 2780/7510/9772
f 2747/6999/9773 2792/7104/9774 2794/7204/9775 2749/6626/9776
f 2749/6746/9777 2794/6108/9778 2793/5732/9779 2748/5909/9780
f 2795/5688/9781 2732/7197/9782 2734/6627/9783 2797/6095/9784
f 2797/5849/9785 2734/7220/9786 2733/6098/9787 2796/6359/9788
f 2757/5797/9789 2808/7269/9790 2809/7000/9791 2758/7177/9792
f 2758/7043/9793 2809/7307/9794 2807/6227/9795 2756/7340/9796
f 2819/7402/9797 2768/6548/9798 2770/5730/9799 2821/6498/9800
f 2821/6828/9801 2770/5884/9802 2769/6337/9803 2820/6400/9804
f 2771/6829/9805 2804/7074/9806 2806/7178/9807 2773/5599/9808
f 2773/6702/9809 2806/6550/9810 2805/6806/9811 2772/7309/9812
f 2759/6736/9813 2816/7442/9814 2818/7270/9815 2761/6242/9816
f 2761/6435/9817 2818/6190/9818 2817/5831/9819 2760/6332/9820
f 2781/5844/9821 2787/5962/9822 2790/6075/9823 2784/5982/9824 2745/5536/9825 2751/7296/9826 2754/6930/9827 2748/5909/9828 2793/5732/9829 2799/6160/9830 2802/6901/9831 2796/6359/9832 2733/6098/9833 2739/6521/9834 2742/6854/9835 2736/6308/9836
f 3098/6891/9837 2923/6995/9838 2922/6407/9839 3101/7491/9840
f 2840/5679/9841 2886/6486/9842 2889/5601/9843 3073/7459/9844 3056/5833/9845
f 2889/5601/9846 2888/7044/9847 2835/5727/9848 3000/6704/9849 3073/7459/9850
f 3086/7347/9851 2951/7083/9852 2950/7293/9853 3089/5758/9854
f 3152/6460/9855 3119/6371/9856 2944/6636/9857 3029/6608/9858
f 2972/7492/9859 3001/7228/9860 3164/7229/9861 3107/6317/9862
f 2972/7492/9863 3107/6317/9864 3113/6106/9865 2974/6334/9866
f 2940/6724/9867 2997/5886/9868 2879/7417/9869 2878/5646/9870 2838/6909/9871
f 3032/7098/9872 3036/7166/9873 2964/6405/9874 2968/6504/9875
f 2834/6008/9876 2884/6786/9877 2883/7324/9878 3065/7311/9879 3004/6200/9880
f 2961/6508/9881 3013/6436/9882 3009/6843/9883 2965/5804/9884
f 2985/6211/9885 2924/6461/9886 2837/6640/9887 2859/7219/9888 2858/6844/9889
f 2920/6364/9890 2993/5814/9891 2864/7143/9892 2863/5978/9893 2836/5762/9894
f 3080/6420/9895 2949/6186/9896 2951/6802/9897 3086/6207/9898
f 3045/5729/9899 2929/7235/9900 2925/7271/9901 3049/6153/9902
f 3041/6009/9903 2933/5920/9904 2929/7235/9905 3045/5729/9906
f 3037/7443/9907 2937/6615/9908 2933/5920/9909 3041/6009/9910
f 3033/6572/9911 2941/6833/9912 2937/6615/9913 3037/7443/9914
f 3029/6608/9915 2944/6636/9916 2988/7014/9917 2981/7179/9918 2996/7403/9919 2941/6833/9920 3033/6572/9921
f 2976/5846/9922 2985/6211/9923 2858/6844/9924 2857/6639/9925 2845/7221/9926
f 2944/6636/9927 3119/6371/9928 3125/6986/9929 2946/6286/9930
f 2936/7021/9931 2940/6724/9932 2838/6909/9933 2830/7250/9934 2834/6008/9935 3004/6200/9936 3008/7395/9937
f 2932/5703/9938 2936/7021/9939 3008/7395/9940 3012/5776/9941
f 2928/6354/9942 2932/5703/9943 3012/5776/9944 3016/7553/9945
f 2924/6461/9946 2928/6354/9947 3016/7553/9948 3020/5701/9949 2833/7554/9950 2829/6710/9951 2837/6640/9952
f 2894/6753/9953 2893/6501/9954 2833/7554/9955 3020/5701/9956 3077/6637/9957
f 2832/7461/9958 2869/7335/9959 2868/5798/9960 3069/7493/9961 3025/6848/9962
f 2975/5761/9963 3110/7504/9964 3104/7387/9965 2973/7001/9966
f 2847/7167/9967 2892/6693/9968 2917/7063/9969 2851/6221/9970
f 3048/5861/9971 3053/6910/9972 2948/6201/9973 2952/7236/9974
f 3044/6587/9975 3048/5861/9976 2952/7236/9977 2956/5747/9978
f 3040/7232/9979 3044/6587/9980 2956/5747/9981 2960/6502/9982
f 3036/7166/9983 3040/7232/9984 2960/6502/9985 2964/6405/9986
f 2868/5798/9987 2867/6401/9988 2844/6469/9989 3060/6807/9990 3069/7493/9991
f 2840/7121/9992 2882/6161/9993 2911/5827/9994 2852/5709/9995
f 2841/6944/9996 2872/6543/9997 2905/6500/9998 2848/6595/9999
f 2844/7294/10000 2867/6769/10001 2902/6346/10002 2854/6143/10003
f 3028/6586/10004 3032/7098/10005 2968/6504/10006 2973/7001/10007
f 2846/5749/10008 2862/6652/10009 2899/6653/10010 2855/5750/10011
f 2828/6657/10012 2846/5634/10013 2866/6101/10014 2869/7335/10015 2832/7461/10016
f 2856/6780/10017 2859/7219/10018 2837/6640/10019 2829/6710/10020 2847/7342/10021
f 2993/5814/10022 2976/5846/10023 2845/7221/10024 2861/6425/10025 2864/7143/10026
f 2980/6590/10027 2989/7247/10028 2873/7424/10029 2872/6239/10030 2841/7109/10031
f 2861/7530/10032 2845/6062/10033 2850/5648/10034 2900/7077/10035
f 2953/6794/10036 3021/5591/10037 3017/5868/10038 2957/6855/10039
f 2866/6690/10040 2846/5749/10041 2855/5750/10042 2903/5719/10043
f 2871/7168/10044 2843/5872/10045 2849/5873/10046 2906/6220/10047
f 2957/6855/10048 3017/5868/10049 3013/6436/10050 2961/6508/10051
f 2871/6695/10052 2874/6129/10053 2839/5988/10054 2831/6943/10055 2843/6892/10056
f 2997/5886/10057 2980/6590/10058 2841/7109/10059 2876/6877/10060 2879/7417/10061
f 2876/7432/10062 2841/6944/10063 2848/6595/10064 2909/6426/10065
f 2989/7247/10066 2945/6065/10067 2839/5988/10068 2874/6129/10069 2873/7424/10070
f 2881/5960/10071 2842/6024/10072 2853/7505/10073 2912/7006/10074
f 2844/6469/10075 2891/7356/10076 2894/6753/10077 3077/6637/10078 3060/6807/10079
f 2856/7495/10080 2847/7167/10081 2851/6221/10082 2897/6468/10083
f 2843/6892/10084 2831/6943/10085 2835/5727/10086 2888/7044/10087 2887/6339/10088
f 2969/6552/10089 3005/7535/10090 3064/6096/10091 3057/5704/10092 3072/5848/10093 3001/7228/10094 2972/7492/10095
f 2886/5805/10096 2840/7121/10097 2852/5709/10098 2915/7230/10099
f 2847/7342/10100 2829/6710/10101 2833/7554/10102 2893/6501/10103 2892/6102/10104
f 2836/5762/10105 2863/5978/10106 2862/7476/10107 2846/5634/10108 2828/6657/10109
f 2891/7198/10110 2844/7294/10111 2854/6143/10112 2918/7265/10113
f 2965/5804/10114 3009/6843/10115 3005/7535/10116 2969/6552/10117
f 2838/6909/10118 2878/5646/10119 2877/6962/10120 2842/6606/10121 2830/7250/10122
f 2883/7324/10123 2882/5815/10124 2840/5679/10125 3056/5833/10126 3065/7311/10127
f 3049/6153/10128 2925/7271/10129 2984/7448/10130 2977/6641/10131 2992/6826/10132 2921/5843/10133 3052/7313/10134
f 2843/5872/10135 2887/6609/10136 2914/5885/10137 2849/5873/10138
f 2830/7250/10139 2842/6606/10140 2881/6392/10141 2884/6786/10142 2834/6008/10143
f 2842/6024/10144 2877/5889/10145 2908/6947/10146 2853/7505/10147
f 2949/6186/10148 3024/6462/10149 3068/6768/10150 3061/6155/10151 3076/5748/10152 3021/5591/10153 2953/6794/10154
f 2856/6780/10155 2860/6717/10156 2857/6639/10157 2858/6844/10158 2859/7219/10159
f 2861/6425/10160 2865/7248/10161 2862/7476/10162 2863/5978/10163 2864/7143/10164
f 2866/6101/10165 2870/7249/10166 2867/6401/10167 2868/5798/10168 2869/7335/10169
f 2871/6695/10170 2875/7477/10171 2872/6239/10172 2873/7424/10173 2874/6129/10174
f 2876/6877/10175 2880/7449/10176 2877/6962/10177 2878/5646/10178 2879/7417/10179
f 2881/6392/10180 2885/7433/10181 2882/5815/10182 2883/7324/10183 2884/6786/10184
f 2886/6486/10185 2890/5968/10186 2887/6339/10187 2888/7044/10188 2889/5601/10189
f 2891/7356/10190 2895/7419/10191 2892/6102/10192 2893/6501/10193 2894/6753/10194
f 2856/7495/10195 2897/6468/10196 2898/7004/10197 2860/5954/10198
f 2860/5775/10199 2898/5620/10200 2896/5799/10201 2857/6481/10202
f 2914/5885/10203 2887/6609/10204 2890/7133/10205 2916/6503/10206
f 2916/6191/10207 2890/7144/10208 2886/5805/10209 2915/7230/10210
f 2861/7530/10211 2900/7077/10212 2901/6594/10213 2865/5661/10214
f 2865/5647/10215 2901/5539/10216 2899/6653/10217 2862/6652/10218
f 2866/6690/10219 2903/5719/10220 2904/7122/10221 2870/7444/10222
f 2870/7251/10223 2904/5997/10224 2902/6346/10225 2867/6769/10226
f 2891/7198/10227 2918/7265/10228 2919/7516/10229 2895/5533/10230
f 2895/6827/10231 2919/5877/10232 2917/7063/10233 2892/6693/10234
f 2876/7432/10235 2909/6426/10236 2910/7422/10237 2880/5523/10238
f 2880/6667/10239 2910/5560/10240 2908/6947/10241 2877/5889/10242
f 2871/7168/10243 2906/6220/10244 2907/6703/10245 2875/5524/10246
f 2875/6770/10247 2907/7420/10248 2905/6500/10249 2872/6543/10250
f 2881/5960/10251 2912/7006/10252 2913/5577/10253 2885/6127/10254
f 2885/6544/10255 2913/6076/10256 2911/5827/10257 2882/6161/10258
f 2845/6062/10259 2857/6481/10260 2896/5799/10261 2850/5648/10262
f 2946/6286/10263 3125/6986/10264 3122/7396/10265 2947/5657/10266
f 3055/6233/10267 3134/5916/10268 3128/5715/10269 3053/6910/10270
f 2945/6065/10271 3116/7527/10272 3167/6414/10273 3000/6704/10274 2835/5727/10275 2831/6943/10276 2839/5988/10277
f 2974/6044/10278 3113/7350/10279 3110/7504/10280 2975/5761/10281
f 2947/7414/10282 3122/6262/10283 3116/7527/10284 2945/6065/10285
f 3155/6628/10286 3028/6586/10287 2973/7001/10288 3104/7387/10289
f 3052/7313/10290 2921/5843/10291 3092/6416/10292 3131/6555/10293
f 3117/6378/10294 3123/7202/10295 3126/6149/10296 3120/6977/10297 3153/6993/10298 3159/7050/10299 3162/6624/10300 3156/6671/10301 3105/6648/10302 3111/5568/10303 3114/6661/10304 3108/6718/10305 3165/7460/10306 3171/5903/10307 3174/6309/10308 3168/6094/10309
f 3095/5998/10310 2920/6364/10311 2836/5762/10312 2828/6657/10313 2832/7461/10314 3025/6848/10315 3140/6924/10316
f 2984/7448/10317 2925/7271/10318 2927/6116/10319 2986/7385/10320
f 2986/7385/10321 2927/6116/10322 2926/6301/10323 2987/7472/10324
f 2987/7410/10325 2926/7252/10326 2924/6461/10327 2985/6211/10328
f 2925/7271/10329 2929/7235/10330 2931/6505/10331 2927/6116/10332
f 2927/6116/10333 2931/6505/10334 2930/7518/10335 2926/6301/10336
f 2926/7252/10337 2930/5564/10338 2928/6354/10339 2924/6461/10340
f 2929/7235/10341 2933/5920/10342 2935/6819/10343 2931/6505/10344
f 2931/6505/10345 2935/6819/10346 2934/5816/10347 2930/7518/10348
f 2930/5564/10349 2934/6711/10350 2932/5703/10351 2928/6354/10352
f 2933/5920/10353 2937/6615/10354 2939/6987/10355 2935/6819/10356
f 2935/6819/10357 2939/6987/10358 2938/5531/10359 2934/5816/10360
f 2934/6711/10361 2938/5712/10362 2936/7021/10363 2932/5703/10364
f 2937/6615/10365 2941/6833/10366 2943/7323/10367 2939/6987/10368
f 2939/6987/10369 2943/7323/10370 2942/6047/10371 2938/5531/10372
f 2938/5712/10373 2942/7502/10374 2940/6724/10375 2936/7021/10376
f 2988/7014/10377 2944/6636/10378 2946/6286/10379 2990/7336/10380
f 2990/7336/10381 2946/6286/10382 2947/5657/10383 2991/5991/10384
f 2991/5723/10385 2947/7414/10386 2945/6065/10387 2989/7247/10388
f 3080/6420/10389 3143/7130/10390 3024/6462/10391 2949/6186/10392
f 3092/6416/10393 2921/5843/10394 2923/6995/10395 3098/6891/10396
f 3053/6910/10397 3128/5715/10398 3083/6658/10399 2948/6201/10400
f 2949/6186/10401 2953/6794/10402 2955/6177/10403 2951/6802/10404
f 2951/7083/10405 2955/6282/10406 2954/7338/10407 2950/7293/10408
f 2950/7293/10409 2954/7338/10410 2952/7236/10411 2948/6201/10412
f 2953/6794/10413 2957/6855/10414 2959/6978/10415 2955/6177/10416
f 2955/6282/10417 2959/6442/10418 2958/7040/10419 2954/7338/10420
f 2954/7338/10421 2958/7040/10422 2956/5747/10423 2952/7236/10424
f 2957/6855/10425 2961/6508/10426 2963/7362/10427 2959/6978/10428
f 2959/6442/10429 2963/5931/10430 2962/7035/10431 2958/7040/10432
f 2958/7040/10433 2962/7035/10434 2960/6502/10435 2956/5747/10436
f 2961/6508/10437 2965/5804/10438 2967/7450/10439 2963/7362/10440
f 2963/5931/10441 2967/6077/10442 2966/5607/10443 2962/7035/10444
f 2962/7035/10445 2966/5607/10446 2964/6405/10447 2960/6502/10448
f 2965/5804/10449 2969/6552/10450 2971/5887/10451 2967/7450/10452
f 2967/6077/10453 2971/6748/10454 2970/5515/10455 2966/5607/10456
f 2966/5607/10457 2970/5515/10458 2968/6504/10459 2964/6405/10460
f 2969/6552/10461 2972/7492/10462 2974/6334/10463 2971/5887/10464
f 2971/6748/10465 2974/6044/10466 2975/5761/10467 2970/5515/10468
f 2970/5515/10469 2975/5761/10470 2973/7001/10471 2968/6504/10472
f 2992/6826/10473 2977/6641/10474 2979/6696/10475 2994/7520/10476
f 2994/7520/10477 2979/6696/10478 2978/6517/10479 2995/6858/10480
f 2995/6417/10481 2978/5691/10482 2976/5846/10483 2993/5814/10484
f 2996/7403/10485 2981/7179/10486 2983/5552/10487 2998/6554/10488
f 2998/6554/10489 2983/5552/10490 2982/7149/10491 2999/6668/10492
f 2999/5840/10493 2982/6307/10494 2980/6590/10495 2997/5886/10496
f 2977/6641/10497 2984/7448/10498 2986/7385/10499 2979/6696/10500
f 2979/6696/10501 2986/7385/10502 2987/7472/10503 2978/6517/10504
f 2978/5691/10505 2987/7410/10506 2985/6211/10507 2976/5846/10508
f 2981/7179/10509 2988/7014/10510 2990/7336/10511 2983/5552/10512
f 2983/5552/10513 2990/7336/10514 2991/5991/10515 2982/7149/10516
f 2982/6307/10517 2991/5723/10518 2989/7247/10519 2980/6590/10520
f 2921/5843/10521 2992/6826/10522 2994/7520/10523 2923/6995/10524
f 2923/6995/10525 2994/7520/10526 2995/6858/10527 2922/6407/10528
f 2922/5578/10529 2995/6417/10530 2993/5814/10531 2920/6364/10532
f 2941/6833/10533 2996/7403/10534 2998/6554/10535 2943/7323/10536
f 2943/7323/10537 2998/6554/10538 2999/6668/10539 2942/6047/10540
f 2942/7502/10541 2999/5840/10542 2997/5886/10543 2940/6724/10544
f 3089/5758/10545 2950/7293/10546 2948/6201/10547 3083/6658/10548
f 3026/6212/10549 3149/6156/10550 3146/7364/10551 3027/5923/10552
f 3152/6460/10553 3029/6608/10554 3031/6393/10555 3158/6327/10556
f 3024/6462/10557 3143/7130/10558 3149/6156/10559 3026/6212/10560
f 3054/5878/10561 3137/6566/10562 3134/5916/10563 3055/6233/10564
f 3027/7223/10565 3146/5782/10566 3140/6924/10567 3025/6848/10568
f 3052/7313/10569 3131/6555/10570 3137/5602/10571 3054/5569/10572
f 3173/6261/10573 3002/7064/10574 3000/6704/10575 3167/6414/10576
f 3170/6545/10577 3003/6066/10578 3002/6470/10579 3173/7061/10580
f 3064/6096/10581 3005/7535/10582 3007/5516/10583 3066/7276/10584
f 3066/7276/10585 3007/5516/10586 3006/5721/10587 3067/5681/10588
f 3067/7394/10589 3006/7079/10590 3004/6200/10591 3065/7311/10592
f 3005/7535/10593 3009/6843/10594 3011/6881/10595 3007/5516/10596
f 3007/5516/10597 3011/6881/10598 3010/6867/10599 3006/5721/10600
f 3006/7079/10601 3010/5739/10602 3008/7395/10603 3004/6200/10604
f 3009/6843/10605 3013/6436/10606 3015/7259/10607 3011/6881/10608
f 3011/6881/10609 3015/7259/10610 3014/7057/10611 3010/6867/10612
f 3010/5739/10613 3014/6445/10614 3012/5776/10615 3008/7395/10616
f 3013/6436/10617 3017/5868/10618 3019/7533/10619 3015/7259/10620
f 3015/7259/10621 3019/7533/10622 3018/5680/10623 3014/7057/10624
f 3014/6445/10625 3018/5917/10626 3016/7553/10627 3012/5776/10628
f 3017/5868/10629 3021/5591/10630 3023/5845/10631 3019/7533/10632
f 3019/7533/10633 3023/5845/10634 3022/7471/10635 3018/5680/10636
f 3018/5917/10637 3022/7375/10638 3020/5701/10639 3016/7553/10640
f 3068/6768/10641 3024/6462/10642 3026/6212/10643 3070/6699/10644
f 3070/6699/10645 3026/6212/10646 3027/5923/10647 3071/7019/10648
f 3071/7013/10649 3027/7223/10650 3025/6848/10651 3069/7493/10652
f 3161/6011/10653 3030/6660/10654 3028/6586/10655 3155/6628/10656
f 3164/7229/10657 3001/7228/10658 3003/6066/10659 3170/6545/10660
f 3158/6394/10661 3031/6251/10662 3030/6660/10663 3161/6011/10664
f 3029/6608/10665 3033/6572/10666 3035/7519/10667 3031/6393/10668
f 3031/6251/10669 3035/7378/10670 3034/6440/10671 3030/6660/10672
f 3030/6660/10673 3034/6440/10674 3032/7098/10675 3028/6586/10676
f 3033/6572/10677 3037/7443/10678 3039/6569/10679 3035/7519/10680
f 3035/7378/10681 3039/6732/10682 3038/7398/10683 3034/6440/10684
f 3034/6440/10685 3038/7398/10686 3036/7166/10687 3032/7098/10688
f 3037/7443/10689 3041/6009/10690 3043/6278/10691 3039/6569/10692
f 3039/6732/10693 3043/6532/10694 3042/6134/10695 3038/7398/10696
f 3038/7398/10697 3042/6134/10698 3040/7232/10699 3036/7166/10700
f 3041/6009/10701 3045/5729/10702 3047/6583/10703 3043/6278/10704
f 3043/6532/10705 3047/6906/10706 3046/6791/10707 3042/6134/10708
f 3042/6134/10709 3046/6791/10710 3044/6587/10711 3040/7232/10712
f 3045/5729/10713 3049/6153/10714 3051/6340/10715 3047/6583/10716
f 3047/6906/10717 3051/6787/10718 3050/7308/10719 3046/6791/10720
f 3046/6791/10721 3050/7308/10722 3048/5861/10723 3044/6587/10724
f 3049/6153/10725 3052/7313/10726 3054/5569/10727 3051/6340/10728
f 3051/6787/10729 3054/5878/10730 3055/6233/10731 3050/7308/10732
f 3050/7308/10733 3055/6233/10734 3053/6910/10735 3048/5861/10736
f 3072/5848/10737 3057/5704/10738 3059/5995/10739 3074/6451/10740
f 3074/6451/10741 3059/5995/10742 3058/6697/10743 3075/7345/10744
f 3075/6686/10745 3058/6507/10746 3056/5833/10747 3073/7459/10748
f 3076/5748/10749 3061/6155/10750 3063/7427/10751 3078/6360/10752
f 3078/6360/10753 3063/7427/10754 3062/5932/10755 3079/6551/10756
f 3079/6955/10757 3062/5566/10758 3060/6807/10759 3077/6637/10760
f 3057/5704/10761 3064/6096/10762 3066/7276/10763 3059/5995/10764
f 3059/5995/10765 3066/7276/10766 3067/5681/10767 3058/6697/10768
f 3058/6507/10769 3067/7394/10770 3065/7311/10771 3056/5833/10772
f 3061/6155/10773 3068/6768/10774 3070/6699/10775 3063/7427/10776
f 3063/7427/10777 3070/6699/10778 3071/7019/10779 3062/5932/10780
f 3062/5566/10781 3071/7013/10782 3069/7493/10783 3060/6807/10784
f 3001/7228/10785 3072/5848/10786 3074/6451/10787 3003/6066/10788
f 3003/6066/10789 3074/6451/10790 3075/7345/10791 3002/6470/10792
f 3002/7064/10793 3075/6686/10794 3073/7459/10795 3000/6704/10796
f 3021/5591/10797 3076/5748/10798 3078/6360/10799 3023/5845/10800
f 3023/5845/10801 3078/6360/10802 3079/6551/10803 3022/7471/10804
f 3022/7375/10805 3079/6955/10806 3077/6637/10807 3020/5701/10808
f 3101/5781/10809 2922/5578/10810 2920/6364/10811 3095/5998/10812
f 3120/6977/10813 3126/6149/10814 3127/6897/10815 3121/7277/10816
f 3121/7536/10817 3127/5571/10818 3125/6986/10819 3119/6371/10820
f 3126/6149/10821 3123/7202/10822 3124/6832/10823 3127/6897/10824
f 3127/5571/10825 3124/5786/10826 3122/7396/10827 3125/6986/10828
f 3123/7202/10829 3117/6378/10830 3118/6533/10831 3124/6832/10832
f 3124/6617/10833 3118/5897/10834 3116/7527/10835 3122/6262/10836
f 3108/6718/10837 3114/6661/10838 3115/7538/10839 3109/6560/10840
f 3109/5977/10841 3115/6814/10842 3113/6106/10843 3107/6317/10844
f 3114/6661/10845 3111/5568/10846 3112/6596/10847 3115/7538/10848
f 3115/7439/10849 3112/6343/10850 3110/7504/10851 3113/7350/10852
f 3111/5568/10853 3105/6648/10854 3106/6240/10855 3112/6596/10856
f 3112/6343/10857 3106/5791/10858 3104/7387/10859 3110/7504/10860
f 3099/6427/10861 3093/6351/10862 3094/7132/10863 3100/6109/10864
f 3100/6230/10865 3094/6666/10866 3092/6416/10867 3098/6891/10868
f 3102/6689/10869 3099/6427/10870 3100/6109/10871 3103/6516/10872
f 3103/7550/10873 3100/6230/10874 3098/6891/10875 3101/7491/10876
f 3096/5924/10877 3102/6689/10878 3103/6516/10879 3097/7152/10880
f 3097/7116/10881 3103/5821/10882 3101/5781/10883 3095/5998/10884
f 3087/6377/10885 3081/6939/10886 3082/5979/10887 3088/6728/10888
f 3088/6279/10889 3082/6192/10890 3080/6420/10891 3086/6207/10892
f 3090/6847/10893 3087/6377/10894 3088/6728/10895 3091/5615/10896
f 3091/6107/10897 3088/6279/10898 3086/6207/10899 3089/5586/10900
f 3084/6706/10901 3090/6847/10902 3091/5615/10903 3085/6698/10904
f 3085/7093/10905 3091/5561/10906 3089/5758/10907 3083/6658/10908
f 3144/7094/10909 3150/7046/10910 3151/5710/10911 3145/6457/10912
f 3145/5869/10913 3151/6110/10914 3149/6156/10915 3143/7130/10916
f 3150/7046/10917 3147/6646/10918 3148/7316/10919 3151/5710/10920
f 3151/6110/10921 3148/6413/10922 3146/7364/10923 3149/6156/10924
f 3147/6646/10925 3141/5957/10926 3142/6743/10927 3148/7316/10928
f 3148/6259/10929 3142/6355/10930 3140/6924/10931 3146/5782/10932
f 3132/6215/10933 3138/6441/10934 3139/6488/10935 3133/6349/10936
f 3133/5970/10937 3139/5934/10938 3137/5602/10939 3131/6555/10940
f 3138/6441/10941 3135/6949/10942 3136/7018/10943 3139/6488/10944
f 3139/5592/10945 3136/6761/10946 3134/5916/10947 3137/6566/10948
f 3135/6949/10949 3129/7095/10950 3130/7108/10951 3136/7018/10952
f 3136/6761/10953 3130/6875/10954 3128/5715/10955 3134/5916/10956
f 3171/5903/10957 3165/7460/10958 3166/5696/10959 3172/6808/10960
f 3172/6719/10961 3166/5817/10962 3164/7229/10963 3170/6545/10964
f 3174/6309/10965 3171/5903/10966 3172/6808/10967 3175/6647/10968
f 3175/6803/10969 3172/6719/10970 3170/6545/10971 3173/7061/10972
f 3168/6094/10973 3174/6309/10974 3175/6647/10975 3169/5538/10976
f 3169/6314/10977 3175/6299/10978 3173/6261/10979 3167/6414/10980
f 3159/7050/10981 3153/6993/10982 3154/6028/10983 3160/6437/10984
f 3160/6000/10985 3154/6222/10986 3152/6460/10987 3158/6327/10988
f 3162/6624/10989 3159/7050/10990 3160/6437/10991 3163/6422/10992
f 3163/6471/10993 3160/6238/10994 3158/6394/10995 3161/6011/10996
f 3156/6671/10997 3162/6624/10998 3163/6422/10999 3157/6580/11000
f 3157/6045/11001 3163/6471/11002 3161/6011/11003 3155/6628/11004
f 3093/6351/11005 3132/6215/11006 3133/6349/11007 3094/7132/11008
f 3094/6666/11009 3133/5970/11010 3131/6555/11011 3092/6416/11012
f 3129/7095/11013 3084/6706/11014 3085/6698/11015 3130/7108/11016
f 3130/6875/11017 3085/7093/11018 3083/6658/11019 3128/5715/11020
f 3095/5998/11021 3140/6924/11022 3142/6355/11023 3097/7116/11024
f 3097/7152/11025 3142/6743/11026 3141/5957/11027 3096/5924/11028
f 3143/7130/11029 3080/6420/11030 3082/6192/11031 3145/5869/11032
f 3145/6457/11033 3082/5979/11034 3081/6939/11035 3144/7094/11036
f 3105/6648/11037 3156/6671/11038 3157/6580/11039 3106/6240/11040
f 3106/5791/11041 3157/6045/11042 3155/6628/11043 3104/7387/11044
f 3167/6414/11045 3116/7527/11046 3118/5897/11047 3169/6314/11048
f 3169/5538/11049 3118/6533/11050 3117/6378/11051 3168/6094/11052
f 3119/6371/11053 3152/6460/11054 3154/6222/11055 3121/7536/11056
f 3121/7277/11057 3154/6028/11058 3153/6993/11059 3120/6977/11060
f 3107/6317/11061 3164/7229/11062 3166/5817/11063 3109/5977/11064
f 3109/6560/11065 3166/5696/11066 3165/7460/11067 3108/6718/11068
f 3129/7095/11069 3135/6949/11070 3138/6441/11071 3132/6215/11072 3093/6351/11073 3099/6427/11074 3102/6689/11075 3096/5924/11076 3141/5957/11077 3147/6646/11078 3150/7046/11079 3144/7094/11080 3081/6939/11081 3087/6377/11082 3090/6847/11083 3084/6706/11084
f 3446/7534/11085 3271/5892/11086 3270/7314/11087 3449/6950/11088
f 3188/6868/11089 3234/7101/11090 3237/7216/11091 3421/6144/11092 3404/6518/11093
f 3237/7216/11094 3236/6449/11095 3183/6592/11096 3348/7012/11097 3421/6144/11098
f 3434/5573/11099 3299/6246/11100 3298/6837/11101 3437/5713/11102
f 3500/5579/11103 3467/6515/11104 3292/6366/11105 3377/6911/11106
f 3320/7243/11107 3349/6713/11108 3512/5801/11109 3455/6883/11110
f 3320/7243/11111 3455/6883/11112 3461/6817/11113 3322/6344/11114
f 3288/6363/11115 3345/7319/11116 3227/7288/11117 3226/6345/11118 3186/5976/11119
f 3380/5658/11120 3384/6408/11121 3312/6795/11122 3316/6487/11123
f 3182/6804/11124 3232/5588/11125 3231/6064/11126 3413/7528/11127 3352/7388/11128
f 3309/5603/11129 3361/6888/11130 3357/6534/11131 3313/6740/11132
f 3333/6563/11133 3272/5818/11134 3185/6778/11135 3207/6055/11136 3206/7150/11137
f 3268/7007/11138 3341/6174/11139 3212/5714/11140 3211/6005/11141 3184/5939/11142
f 3428/6971/11143 3297/5565/11144 3299/7123/11145 3434/5543/11146
f 3393/6894/11147 3277/7466/11148 3273/5540/11149 3397/7260/11150
f 3389/7447/11151 3281/6090/11152 3277/7466/11153 3393/6894/11154
f 3385/6450/11155 3285/5785/11156 3281/6090/11157 3389/7447/11158
f 3381/6925/11159 3289/6823/11160 3285/5785/11161 3385/6450/11162
f 3377/6911/11163 3292/6366/11164 3336/6283/11165 3329/6485/11166 3344/6593/11167 3289/6823/11168 3381/6925/11169
f 3324/6907/11170 3333/6563/11171 3206/7150/11172 3205/7041/11173 3193/5994/11174
f 3292/6366/11175 3467/6515/11176 3473/7060/11177 3294/7213/11178
f 3284/6553/11179 3288/6363/11180 3186/5976/11181 3178/6747/11182 3182/6804/11183 3352/7388/11184 3356/5705/11185
f 3280/5532/11186 3284/6553/11187 3356/5705/11188 3360/7129/11189
f 3276/6674/11190 3280/5532/11191 3360/7129/11192 3364/6376/11193
f 3272/5818/11194 3276/6674/11195 3364/6376/11196 3368/6816/11197 3181/5584/11198 3177/6325/11199 3185/6778/11200
f 3242/7390/11201 3241/6541/11202 3181/5584/11203 3368/6816/11204 3425/6756/11205
f 3180/5787/11206 3217/6169/11207 3216/5989/11208 3417/6029/11209 3373/6749/11210
f 3323/5743/11211 3458/6356/11212 3452/6054/11213 3321/6310/11214
f 3195/5702/11215 3240/6280/11216 3265/7231/11217 3199/6923/11218
f 3396/6270/11219 3401/5980/11220 3296/6078/11221 3300/7075/11222
f 3392/5999/11223 3396/6270/11224 3300/7075/11225 3304/6838/11226
f 3388/6785/11227 3392/5999/11228 3304/6838/11229 3308/7418/11230
f 3384/6408/11231 3388/6785/11232 3308/7418/11233 3312/6795/11234
f 3216/5989/11235 3215/6994/11236 3192/7078/11237 3408/5671/11238 3417/6029/11239
f 3188/7222/11240 3230/6846/11241 3259/7372/11242 3200/6760/11243
f 3189/7153/11244 3220/7199/11245 3253/5933/11246 3196/5792/11247
f 3192/5513/11248 3215/5926/11249 3250/6588/11250 3202/7115/11251
f 3376/7134/11252 3380/5658/11253 3316/6487/11254 3321/6310/11255
f 3194/7096/11256 3210/5850/11257 3247/6387/11258 3203/6813/11259
f 3176/5567/11260 3194/6157/11261 3214/6932/11262 3217/6169/11263 3180/5787/11264
f 3204/5553/11265 3207/6055/11266 3185/6778/11267 3177/6325/11268 3195/6193/11269
f 3341/6174/11270 3324/6907/11271 3193/5994/11272 3209/7107/11273 3212/5714/11274
f 3328/5660/11275 3337/5921/11276 3221/5967/11277 3220/6229/11278 3189/6781/11279
f 3209/7445/11280 3193/7263/11281 3198/6902/11282 3248/6984/11283
f 3301/6782/11284 3369/6585/11285 3365/5656/11286 3305/6103/11287
f 3214/5613/11288 3194/7096/11289 3203/6813/11290 3251/6172/11291
f 3219/7097/11292 3191/6250/11293 3197/7207/11294 3254/5963/11295
f 3305/6103/11296 3365/5656/11297 3361/6888/11298 3309/5603/11299
f 3219/6415/11300 3222/6439/11301 3187/6725/11302 3179/5740/11303 3191/5969/11304
f 3345/7319/11305 3328/5660/11306 3189/6781/11307 3224/6766/11308 3227/7288/11309
f 3224/6525/11310 3189/7153/11311 3196/5792/11312 3257/6326/11313
f 3337/5921/11314 3293/6438/11315 3187/6725/11316 3222/6439/11317 3221/5967/11318
f 3229/5551/11319 3190/6597/11320 3201/5593/11321 3260/6573/11322
f 3192/7078/11323 3239/6187/11324 3242/7390/11325 3425/6756/11326 3408/5671/11327
f 3204/6903/11328 3195/5702/11329 3199/6923/11330 3245/6616/11331
f 3191/5969/11332 3179/5740/11333 3183/6592/11334 3236/6449/11335 3235/5635/11336
f 3317/7408/11337 3353/6509/11338 3412/7537/11339 3405/6145/11340 3420/6214/11341 3349/6713/11342 3320/7243/11343
f 3234/5675/11344 3188/7222/11345 3200/6760/11346 3263/5753/11347
f 3195/6193/11348 3177/6325/11349 3181/5584/11350 3241/6541/11351 3240/6705/11352
f 3184/5939/11353 3211/6005/11354 3210/6284/11355 3194/6157/11356 3176/5567/11357
f 3239/7506/11358 3192/5513/11359 3202/7115/11360 3266/5544/11361
f 3313/6740/11362 3357/6534/11363 3353/6509/11364 3317/7408/11365
f 3186/5976/11366 3226/6345/11367 3225/6818/11368 3190/6494/11369 3178/6747/11370
f 3231/6064/11371 3230/5905/11372 3188/6868/11373 3404/6518/11374 3413/7528/11375
f 3397/7260/11376 3273/5540/11377 3332/6099/11378 3325/6659/11379 3340/7002/11380 3269/7124/11381 3400/6598/11382
f 3191/6250/11383 3235/5930/11384 3262/6321/11385 3197/7207/11386
f 3178/6747/11387 3190/6494/11388 3229/6972/11389 3232/5588/11390 3182/6804/11391
f 3190/6597/11392 3225/5570/11393 3256/6121/11394 3201/5593/11395
f 3297/5565/11396 3372/6001/11397 3416/7030/11398 3409/5809/11399 3424/7496/11400 3369/6585/11401 3301/6782/11402
f 3204/5553/11403 3208/5858/11404 3205/7041/11405 3206/7150/11406 3207/6055/11407
f 3209/7107/11408 3213/6654/11409 3210/6284/11410 3211/6005/11411 3212/5714/11412
f 3214/6932/11413 3218/6128/11414 3215/6994/11415 3216/5989/11416 3217/6169/11417
f 3219/6415/11418 3223/6720/11419 3220/6229/11420 3221/5967/11421 3222/6439/11422
f 3224/6766/11423 3228/7339/11424 3225/6818/11425 3226/6345/11426 3227/7288/11427
f 3229/6972/11428 3233/5841/11429 3230/5905/11430 3231/6064/11431 3232/5588/11432
f 3234/7101/11433 3238/7203/11434 3235/5635/11435 3236/6449/11436 3237/7216/11437
f 3239/6187/11438 3243/6256/11439 3240/6705/11440 3241/6541/11441 3242/7390/11442
f 3204/6903/11443 3245/6616/11444 3246/5766/11445 3208/5716/11446
f 3208/7076/11447 3246/6053/11448 3244/6352/11449 3205/6976/11450
f 3262/6321/11451 3235/5930/11452 3238/6767/11453 3264/6638/11454
f 3264/7489/11455 3238/6729/11456 3234/5675/11457 3263/5753/11458
f 3209/7445/11459 3248/6984/11460 3249/6300/11461 3213/5938/11462
f 3213/6687/11463 3249/5795/11464 3247/6387/11465 3210/5850/11466
f 3214/5613/11467 3251/6172/11468 3252/5935/11469 3218/6889/11470
f 3218/6395/11471 3252/6152/11472 3250/6588/11473 3215/5926/11474
f 3239/7506/11475 3266/5544/11476 3267/6020/11477 3243/6111/11478
f 3243/5819/11479 3267/6602/11480 3265/7231/11481 3240/6280/11482
f 3224/6525/11483 3257/6326/11484 3258/5820/11485 3228/6629/11486
f 3228/7084/11487 3258/6122/11488 3256/6121/11489 3225/5570/11490
f 3219/7097/11491 3254/5963/11492 3255/5925/11493 3223/6319/11494
f 3223/7128/11495 3255/6063/11496 3253/5933/11497 3220/7199/11498
f 3229/5551/11499 3260/6573/11500 3261/6241/11501 3233/6232/11502
f 3233/5777/11503 3261/5559/11504 3259/7372/11505 3230/6846/11506
f 3193/7263/11507 3205/6976/11508 3244/6352/11509 3198/6902/11510
f 3294/7213/11511 3473/7060/11512 3470/6672/11513 3295/5585/11514
f 3403/6021/11515 3482/7470/11516 3476/5800/11517 3401/5980/11518
f 3293/6438/11519 3464/5604/11520 3515/6328/11521 3348/7012/11522 3183/6592/11523 3179/5740/11524 3187/6725/11525
f 3322/6607/11526 3461/7407/11527 3458/6356/11528 3323/5743/11529
f 3295/7551/11530 3470/5621/11531 3464/5604/11532 3293/6438/11533
f 3503/6815/11534 3376/7134/11535 3321/6310/11536 3452/6054/11537
f 3400/6598/11538 3269/7124/11539 3440/6012/11540 3479/7525/11541
f 3465/7397/11542 3471/6061/11543 3474/7099/11544 3468/6097/11545 3501/7346/11546 3507/5828/11547 3510/5697/11548 3504/6880/11549 3453/6159/11550 3459/7062/11551 3462/6865/11552 3456/5904/11553 3513/7488/11554 3519/7206/11555 3522/5572/11556 3516/6625/11557
f 3443/7205/11558 3268/7007/11559 3184/5939/11560 3176/5567/11561 3180/5787/11562 3373/6749/11563 3488/6046/11564
f 3332/6099/11565 3273/5540/11566 3275/6150/11567 3334/5890/11568
f 3334/5890/11569 3275/6150/11570 3274/5731/11571 3335/7507/11572
f 3335/7180/11573 3274/6390/11574 3272/5818/11575 3333/6563/11576
f 3273/5540/11577 3277/7466/11578 3279/6423/11579 3275/6150/11580
f 3275/6150/11581 3279/6423/11582 3278/7125/11583 3274/5731/11584
f 3274/6390/11585 3278/7186/11586 3276/6674/11587 3272/5818/11588
f 3277/7466/11589 3281/6090/11590 3283/6771/11591 3279/6423/11592
f 3279/6423/11593 3283/6771/11594 3282/6884/11595 3278/7125/11596
f 3278/7186/11597 3282/7376/11598 3280/5532/11599 3276/6674/11600
f 3281/6090/11601 3285/5785/11602 3287/6581/11603 3283/6771/11604
f 3283/6771/11605 3287/6581/11606 3286/6834/11607 3282/6884/11608
f 3282/7376/11609 3286/6754/11610 3284/6553/11611 3280/5532/11612
f 3285/5785/11613 3289/6823/11614 3291/6202/11615 3287/6581/11616
f 3287/6581/11617 3291/6202/11618 3290/7428/11619 3286/6834/11620
f 3286/6754/11621 3290/5517/11622 3288/6363/11623 3284/6553/11624
f 3336/6283/11625 3292/6366/11626 3294/7213/11627 3338/6982/11628
f 3338/6982/11629 3294/7213/11630 3295/5585/11631 3339/7429/11632
f 3339/6935/11633 3295/7551/11634 3293/6438/11635 3337/5921/11636
f 3428/6971/11637 3491/5901/11638 3372/6001/11639 3297/5565/11640
f 3440/6012/11641 3269/7124/11642 3271/5892/11643 3446/7534/11644
f 3401/5980/11645 3476/5800/11646 3431/6726/11647 3296/6078/11648
f 3297/5565/11649 3301/6782/11650 3303/7421/11651 3299/7123/11652
f 3299/6246/11653 3303/6231/11654 3302/7289/11655 3298/6837/11656
f 3298/6837/11657 3302/7289/11658 3300/7075/11659 3296/6078/11660
f 3301/6782/11661 3305/6103/11662 3307/6512/11663 3303/7421/11664
f 3303/6231/11665 3307/7391/11666 3306/6311/11667 3302/7289/11668
f 3302/7289/11669 3306/6311/11670 3304/6838/11671 3300/7075/11672
f 3305/6103/11673 3309/5603/11674 3311/6762/11675 3307/6512/11676
f 3307/7391/11677 3311/7005/11678 3310/7015/11679 3306/6311/11680
f 3306/6311/11681 3310/7015/11682 3308/7418/11683 3304/6838/11684
f 3309/5603/11685 3313/6740/11686 3315/6630/11687 3311/6762/11688
f 3311/7005/11689 3315/5605/11690 3314/7384/11691 3310/7015/11692
f 3310/7015/11693 3314/7384/11694 3312/6795/11695 3308/7418/11696
f 3313/6740/11697 3317/7408/11698 3319/6025/11699 3315/6630/11700
f 3315/5605/11701 3319/7135/11702 3318/5545/11703 3314/7384/11704
f 3314/7384/11705 3318/5545/11706 3316/6487/11707 3312/6795/11708
f 3317/7408/11709 3320/7243/11710 3322/6344/11711 3319/6025/11712
f 3319/7135/11713 3322/6607/11714 3323/5743/11715 3318/5545/11716
f 3318/5545/11717 3323/5743/11718 3321/6310/11719 3316/6487/11720
f 3340/7002/11721 3325/6659/11722 3327/7467/11723 3342/5853/11724
f 3342/5853/11725 3327/7467/11726 3326/6135/11727 3343/5662/11728
f 3343/6926/11729 3326/7392/11730 3324/6907/11731 3341/6174/11732
f 3344/6593/11733 3329/6485/11734 3331/6727/11735 3346/5518/11736
f 3346/5518/11737 3331/6727/11738 3330/7358/11739 3347/6796/11740
f 3347/6391/11741 3330/5964/11742 3328/5660/11743 3345/7319/11744
f 3325/6659/11745 3332/6099/11746 3334/5890/11747 3327/7467/11748
f 3327/7467/11749 3334/5890/11750 3335/7507/11751 3326/6135/11752
f 3326/7392/11753 3335/7180/11754 3333/6563/11755 3324/6907/11756
f 3329/6485/11757 3336/6283/11758 3338/6982/11759 3331/6727/11760
f 3331/6727/11761 3338/6982/11762 3339/7429/11763 3330/7358/11764
f 3330/5964/11765 3339/6935/11766 3337/5921/11767 3328/5660/11768
f 3269/7124/11769 3340/7002/11770 3342/5853/11771 3271/5892/11772
f 3271/5892/11773 3342/5853/11774 3343/5662/11775 3270/7314/11776
f 3270/7280/11777 3343/6926/11778 3341/6174/11779 3268/7007/11780
f 3289/6823/11781 3344/6593/11782 3346/5518/11783 3291/6202/11784
f 3291/6202/11785 3346/5518/11786 3347/6796/11787 3290/7428/11788
f 3290/5517/11789 3347/6391/11790 3345/7319/11791 3288/6363/11792
f 3437/5713/11793 3298/6837/11794 3296/6078/11795 3431/6726/11796
f 3374/6428/11797 3497/7181/11798 3494/6571/11799 3375/6772/11800
f 3500/5579/11801 3377/6911/11802 3379/6203/11803 3506/5806/11804
f 3372/6001/11805 3491/5901/11806 3497/7181/11807 3374/6428/11808
f 3402/5955/11809 3485/6088/11810 3482/7470/11811 3403/6021/11812
f 3375/6885/11813 3494/7169/11814 3488/6046/11815 3373/6749/11816
f 3400/6598/11817 3479/7525/11818 3485/6291/11819 3402/7481/11820
f 3521/7430/11821 3350/7145/11822 3348/7012/11823 3515/6328/11824
f 3518/7290/11825 3351/7110/11826 3350/5519/11827 3521/6824/11828
f 3412/7537/11829 3353/6509/11830 3355/6263/11831 3414/5992/11832
f 3414/5992/11833 3355/6263/11834 3354/5534/11835 3415/7320/11836
f 3415/6603/11837 3354/7140/11838 3352/7388/11839 3413/7528/11840
f 3353/6509/11841 3357/6534/11842 3359/6048/11843 3355/6263/11844
f 3355/6263/11845 3359/6048/11846 3358/5717/11847 3354/5534/11848
f 3354/7140/11849 3358/5546/11850 3356/5705/11851 3352/7388/11852
f 3357/6534/11853 3361/6888/11854 3363/6688/11855 3359/6048/11856
f 3359/6048/11857 3363/6688/11858 3362/6372/11859 3358/5717/11860
f 3358/5546/11861 3362/7273/11862 3360/7129/11863 3356/5705/11864
f 3361/6888/11865 3365/5656/11866 3367/7045/11867 3363/6688/11868
f 3363/6688/11869 3367/7045/11870 3366/7102/11871 3362/6372/11872
f 3362/7273/11873 3366/6610/11874 3364/6376/11875 3360/7129/11876
f 3365/5656/11877 3369/6585/11878 3371/5834/11879 3367/7045/11880
f 3367/7045/11881 3371/5834/11882 3370/6773/11883 3366/7102/11884
f 3366/6610/11885 3370/6712/11886 3368/6816/11887 3364/6376/11888
f 3416/7030/11889 3372/6001/11890 3374/6428/11891 3418/6825/11892
f 3418/6825/11893 3374/6428/11894 3375/6772/11895 3419/5733/11896
f 3419/6528/11897 3375/6885/11898 3373/6749/11899 3417/6029/11900
f 3509/7089/11901 3378/6960/11902 3376/7134/11903 3503/6815/11904
f 3512/5801/11905 3349/6713/11906 3351/7110/11907 3518/7290/11908
f 3506/6373/11909 3379/5682/11910 3378/6960/11911 3509/7089/11912
f 3377/6911/11913 3381/6925/11914 3383/7411/11915 3379/6203/11916
f 3379/5682/11917 3383/5754/11918 3382/7503/11919 3378/6960/11920
f 3378/6960/11921 3382/7503/11922 3380/5658/11923 3376/7134/11924
f 3381/6925/11925 3385/6450/11926 3387/6649/11927 3383/7411/11928
f 3383/5754/11929 3387/5562/11930 3386/5744/11931 3382/7503/11932
f 3382/7503/11933 3386/5744/11934 3384/6408/11935 3380/5658/11936
f 3385/6450/11937 3389/7447/11938 3391/5718/11939 3387/6649/11940
f 3387/5562/11941 3391/7494/11942 3390/6213/11943 3386/5744/11944
f 3386/5744/11945 3390/6213/11946 3388/6785/11947 3384/6408/11948
f 3389/7447/11949 3393/6894/11950 3395/7482/11951 3391/5718/11952
f 3391/7494/11953 3395/5983/11954 3394/7052/11955 3390/6213/11956
f 3390/6213/11957 3394/7052/11958 3392/5999/11959 3388/6785/11960
f 3393/6894/11961 3397/7260/11962 3399/7281/11963 3395/7482/11964
f 3395/5983/11965 3399/6861/11966 3398/6941/11967 3394/7052/11968
f 3394/7052/11969 3398/6941/11970 3396/6270/11971 3392/5999/11972
f 3397/7260/11973 3400/6598/11974 3402/7481/11975 3399/7281/11976
f 3399/6861/11977 3402/5955/11978 3403/6021/11979 3398/6941/11980
f 3398/6941/11981 3403/6021/11982 3401/5980/11983 3396/6270/11984
f 3420/6214/11985 3405/6145/11986 3407/6513/11987 3422/6039/11988
f 3422/6039/11989 3407/6513/11990 3406/5734/11991 3423/6463/11992
f 3423/7452/11993 3406/5606/11994 3404/6518/11995 3421/6144/11996
f 3424/7496/11997 3409/5809/11998 3411/6927/11999 3426/7131/12000
f 3426/7131/12001 3411/6927/12002 3410/7085/12003 3427/6529/12004
f 3427/6538/12005 3410/7208/12006 3408/5671/12007 3425/6756/12008
f 3405/6145/12009 3412/7537/12010 3414/5992/12011 3407/6513/12012
f 3407/6513/12013 3414/5992/12014 3415/7320/12015 3406/5734/12016
f 3406/5606/12017 3415/6603/12018 3413/7528/12019 3404/6518/12020
f 3409/5809/12021 3416/7030/12022 3418/6825/12023 3411/6927/12024
f 3411/6927/12025 3418/6825/12026 3419/5733/12027 3410/7085/12028
f 3410/7208/12029 3419/6528/12030 3417/6029/12031 3408/5671/12032
f 3349/6713/12033 3420/6214/12034 3422/6039/12035 3351/7110/12036
f 3351/7110/12037 3422/6039/12038 3423/6463/12039 3350/5519/12040
f 3350/7145/12041 3423/7452/12042 3421/6144/12043 3348/7012/12044
f 3369/6585/12045 3424/7496/12046 3426/7131/12047 3371/5834/12048
f 3371/5834/12049 3426/7131/12050 3427/6529/12051 3370/6773/12052
f 3370/6712/12053 3427/6538/12054 3425/6756/12055 3368/6816/12056
f 3449/7037/12057 3270/7280/12058 3268/7007/12059 3443/7205/12060
f 3468/6097/12061 3474/7099/12062 3475/6312/12063 3469/7297/12064
f 3469/5783/12065 3475/6530/12066 3473/7060/12067 3467/6515/12068
f 3474/7099/12069 3471/6061/12070 3472/6056/12071 3475/6312/12072
f 3475/6530/12073 3472/5636/12074 3470/6672/12075 3473/7060/12076
f 3471/6061/12077 3465/7397/12078 3466/7522/12079 3472/6056/12080
f 3472/6869/12081 3466/5625/12082 3464/5604/12083 3470/5621/12084
f 3456/5904/12085 3462/6865/12086 3463/5835/12087 3457/5554/12088
f 3457/5922/12089 3463/6763/12090 3461/6817/12091 3455/6883/12092
f 3462/6865/12093 3459/7062/12094 3460/7282/12095 3463/5835/12096
f 3463/5663/12097 3460/7412/12098 3458/6356/12099 3461/7407/12100
f 3459/7062/12101 3453/6159/12102 3454/7379/12103 3460/7282/12104
f 3460/7412/12105 3454/7365/12106 3452/6054/12107 3458/6356/12108
f 3447/6057/12109 3441/5746/12110 3442/7032/12111 3448/6271/12112
f 3448/5862/12113 3442/5769/12114 3440/6012/12115 3446/7534/12116
f 3450/6051/12117 3447/6057/12118 3448/6271/12119 3451/5735/12120
f 3451/6575/12121 3448/5862/12122 3446/7534/12123 3449/6950/12124
f 3444/7022/12125 3450/6051/12126 3451/5735/12127 3445/6809/12128
f 3445/5759/12129 3451/6988/12130 3449/7037/12131 3443/7205/12132
f 3435/5760/12133 3429/7080/12134 3430/5807/12135 3436/6499/12136
f 3436/5836/12137 3430/6178/12138 3428/6971/12139 3434/5543/12140
f 3438/6989/12141 3435/5760/12142 3436/6499/12143 3439/7531/12144
f 3439/7366/12145 3436/5836/12146 3434/5543/12147 3437/5672/12148
f 3432/6642/12149 3438/6989/12150 3439/7531/12151 3433/7321/12152
f 3433/7283/12153 3439/6733/12154 3437/5713/12155 3431/6726/12156
f 3492/5664/12157 3498/6379/12158 3499/7136/12159 3493/7010/12160
f 3493/7441/12161 3499/7367/12162 3497/7181/12163 3491/5901/12164
f 3498/6379/12165 3495/6446/12166 3496/6514/12167 3499/7136/12168
f 3499/7367/12169 3496/6721/12170 3494/6571/12171 3497/7181/12172
f 3495/6446/12173 3489/5870/12174 3490/5637/12175 3496/6514/12176
f 3496/7146/12177 3490/7182/12178 3488/6046/12179 3494/7169/12180
f 3480/7016/12181 3486/7274/12182 3487/6631/12183 3481/7327/12184
f 3481/6835/12185 3487/5580/12186 3485/6291/12187 3479/7525/12188
f 3486/7274/12189 3483/6247/12190 3484/6970/12191 3487/6631/12192
f 3487/5673/12193 3484/5984/12194 3482/7470/12195 3485/6088/12196
f 3483/6247/12197 3477/7478/12198 3478/6272/12199 3484/6970/12200
f 3484/5984/12201 3478/7343/12202 3476/5800/12203 3482/7470/12204
f 3519/7206/12205 3513/7488/12206 3514/6722/12207 3520/6936/12208
f 3520/6089/12209 3514/7162/12210 3512/5801/12211 3518/7290/12212
f 3522/5572/12213 3519/7206/12214 3520/6936/12215 3523/7468/12216
f 3523/6655/12217 3520/6089/12218 3518/7290/12219 3521/6824/12220
f 3516/6625/12221 3522/5572/12222 3523/7468/12223 3517/6452/12224
f 3517/6258/12225 3523/7038/12226 3521/7430/12227 3515/6328/12228
f 3507/5828/12229 3501/7346/12230 3502/6965/12231 3508/7368/12232
f 3508/6248/12233 3502/7359/12234 3500/5579/12235 3506/5806/12236
f 3510/5697/12237 3507/5828/12238 3508/7368/12239 3511/6564/12240
f 3511/6669/12241 3508/6886/12242 3506/6373/12243 3509/7089/12244
f 3504/6880/12245 3510/5697/12246 3511/6564/12247 3505/6568/12248
f 3505/5555/12249 3511/6669/12250 3509/7089/12251 3503/6815/12252
f 3441/5746/12253 3480/7016/12254 3481/7327/12255 3442/7032/12256
f 3442/5769/12257 3481/6835/12258 3479/7525/12259 3440/6012/12260
f 3477/7478/12261 3432/6642/12262 3433/7321/12263 3478/6272/12264
f 3478/7343/12265 3433/7283/12266 3431/6726/12267 3476/5800/12268
f 3443/7205/12269 3488/6046/12270 3490/7182/12271 3445/5759/12272
f 3445/6809/12273 3490/5637/12274 3489/5870/12275 3444/7022/12276
f 3491/5901/12277 3428/6971/12278 3430/6178/12279 3493/7441/12280
f 3493/7010/12281 3430/5807/12282 3429/7080/12283 3492/5664/12284
f 3453/6159/12285 3504/6880/12286 3505/6568/12287 3454/7379/12288
f 3454/7365/12289 3505/5555/12290 3503/6815/12291 3452/6054/12292
f 3515/6328/12293 3464/5604/12294 3466/5625/12295 3517/6258/12296
f 3517/6452/12297 3466/7522/12298 3465/7397/12299 3516/6625/12300
f 3467/6515/12301 3500/5579/12302 3502/7359/12303 3469/5783/12304
f 3469/7297/12305 3502/6965/12306 3501/7346/12307 3468/6097/12308
f 3455/6883/12309 3512/5801/12310 3514/7162/12311 3457/5922/12312
f 3457/5554/12313 3514/6722/12314 3513/7488/12315 3456/5904/12316
f 3477/7478/12317 3483/6247/12318 3486/7274/12319 3480/7016/12320 3441/5746/12321 3447/6057/12322 3450/6051/12323 3444/7022/12324 3489/5870/12325 3495/6446/12326 3498/6379/12327 3492/5664/12328 3429/7080/12329 3435/5760/12330 3438/6989/12331 3432/6642/12332
f 3623/6905/12333 3612/7237/12334 3525/7111/12335 3591/6273/12336
f 3621/6274/12337 3577/6662/12338 3531/6870/12339 3615/6774/12340
f 3599/5793/12341 3578/5794/12342 3529/6871/12343 3593/6836/12344
f 3598/6477/12345 3576/7157/12346 3530/6677/12347 3592/5667/12348
f 3620/7188/12349 3579/5973/12350 3528/6341/12351 3614/6951/12352
f 3622/6104/12353 3616/6365/12354 3532/6033/12355 3594/5541/12356
f 3657/6942/12357 3651/6385/12358 3534/6386/12359 3617/5616/12360
f 3655/7081/12361 3652/7086/12362 3533/6611/12363 3595/6862/12364
f 3654/6576/12365 3650/6650/12366 3535/7154/12367 3594/7126/12368
f 3656/5993/12369 3653/5863/12370 3532/7469/12371 3616/6490/12372
f 3614/6992/12373 3528/7238/12374 3536/6663/12375 3618/7404/12376
f 3592/6380/12377 3530/6621/12378 3538/6599/12379 3596/6990/12380
f 3593/6966/12381 3529/6409/12382 3537/6797/12383 3597/7317/12384
f 3615/5649/12385 3531/5581/12386 3539/6179/12387 3619/6904/12388
f 3611/6322/12389 3600/6079/12390 3541/5767/12391 3581/6952/12392
f 3609/7377/12393 3573/6619/12394 3547/6929/12395 3603/6080/12396
f 3589/7284/12397 3574/6049/12398 3545/6015/12399 3583/6180/12400
f 3588/5683/12401 3572/7285/12402 3546/6798/12403 3582/5650/12404
f 3608/6081/12405 3575/6181/12406 3544/7112/12407 3602/7023/12408
f 3610/6196/12409 3604/6195/12410 3548/7542/12411 3584/5948/12412
f 3649/6100/12413 3643/6739/12414 3550/5665/12415 3605/7511/12416
f 3647/5737/12417 3644/5880/12418 3549/6675/12419 3585/5594/12420
f 3646/6275/12421 3642/6050/12422 3551/6225/12423 3584/6381/12424
f 3648/6916/12425 3645/5651/12426 3548/6136/12427 3604/7137/12428
f 3602/5755/12429 3544/7380/12430 3552/6600/12431 3606/7029/12432
f 3582/7298/12433 3546/5626/12434 3554/6137/12435 3586/6539/12436
f 3583/5582/12437 3545/6491/12438 3553/5556/12439 3587/5756/12440
f 3603/6983/12441 3547/6292/12442 3555/7088/12443 3607/5944/12444
f 3641/5851/12445 3624/6618/12446 3557/6991/12447 3633/6464/12448
f 3625/7393/12449 3558/7456/12450 3563/6265/12451 3627/6559/12452
f 3633/7189/12453 3557/7155/12454 3561/7239/12455 3635/6382/12456
f 3632/6777/12457 3559/7275/12458 3562/6492/12459 3634/7170/12460
f 3624/6146/12461 3556/7286/12462 3560/7371/12463 3626/6112/12464
f 3640/7369/12465 3628/7483/12466 3564/6857/12467 3636/5627/12468
f 3631/6643/12469 3571/6523/12470 3566/6034/12471 3629/6010/12472
f 3639/6374/12473 3569/6026/12474 3565/7224/12475 3637/5706/12476
f 3638/7053/12477 3570/7318/12478 3567/5638/12479 3636/6524/12480
f 3630/7113/12481 3568/7163/12482 3564/6810/12483 3628/5808/12484
f 3626/6953/12485 3560/7300/12486 3568/6918/12487 3630/5949/12488
f 3634/5770/12489 3562/6678/12490 3570/6162/12491 3638/7158/12492
f 3635/6318/12493 3561/6040/12494 3569/5974/12495 3639/5945/12496
f 3627/7190/12497 3563/6465/12498 3571/6734/12499 3631/6197/12500
f 3600/6540/12501 3540/6302/12502 3575/6181/12503 3608/6081/12504
f 3580/5825/12505 3543/6016/12506 3572/7285/12507 3588/5683/12508
f 3581/6928/12509 3541/7212/12510 3574/6049/12511 3589/7284/12512
f 3601/5684/12513 3542/7240/12514 3573/6619/12515 3609/7377/12516
f 3612/5668/12517 3524/5856/12518 3579/5973/12519 3620/7188/12520
f 3590/5950/12521 3527/5596/12522 3576/7157/12523 3598/6477/12524
f 3591/6967/12525 3525/6577/12526 3578/5794/12527 3599/5793/12528
f 3613/6632/12529 3526/7171/12530 3577/6662/12531 3621/6274/12532
f 3542/7024/12533 3581/6928/12534 3589/7284/12535 3573/6872/12536
f 3540/5652/12537 3580/5825/12538 3588/5683/12539 3575/6453/12540
f 3547/6292/12541 3583/5582/12542 3587/5756/12543 3555/7088/12544
f 3544/7380/12545 3582/7298/12546 3586/6539/12547 3552/6600/12548
f 3645/7351/12549 3646/6275/12550 3584/6381/12551 3548/6410/12552
f 3643/6759/12553 3647/5737/12554 3585/5594/12555 3550/6612/12556
f 3605/5911/12557 3610/6196/12558 3584/5948/12559 3551/7423/12560
f 3575/6453/12561 3588/5683/12562 3582/5650/12563 3544/7172/12564
f 3573/6872/12565 3589/7284/12566 3583/6180/12567 3547/5542/12568
f 3601/7156/12569 3611/6322/12570 3581/6952/12571 3542/7025/12572
f 3526/6123/12573 3591/6967/12574 3599/5793/12575 3577/6208/12576
f 3524/7453/12577 3590/5950/12578 3598/6477/12579 3579/6138/12580
f 3531/5581/12581 3593/6966/12582 3597/7317/12583 3539/6179/12584
f 3528/7238/12585 3592/6380/12586 3596/6990/12587 3536/6663/12588
f 3653/6873/12589 3654/6576/12590 3594/7126/12591 3532/6411/12592
f 3651/6058/12593 3655/7081/12594 3595/6862/12595 3534/7173/12596
f 3617/6454/12597 3622/6104/12598 3594/5541/12599 3535/6383/12600
f 3579/6138/12601 3598/6477/12602 3592/5667/12603 3528/6579/12604
f 3577/6208/12605 3599/5793/12606 3593/6836/12607 3531/6455/12608
f 3613/5618/12609 3623/6905/12610 3591/6273/12611 3526/6035/12612
f 3543/5826/12613 3580/7484/12614 3611/6322/12615 3601/7156/12616
f 3550/7543/12617 3585/5784/12618 3610/6196/12619 3605/5911/12620
f 3543/7139/12621 3601/5684/12622 3609/7377/12623 3572/5707/12624
f 3541/7328/12625 3600/6540/12626 3608/6081/12627 3574/7526/12628
f 3546/5626/12629 3603/6983/12630 3607/5944/12631 3554/6137/12632
f 3545/6491/12633 3602/5755/12634 3606/7029/12635 3553/5556/12636
f 3644/7523/12637 3648/6916/12638 3604/7137/12639 3549/6421/12640
f 3642/6429/12641 3649/6100/12642 3605/7511/12643 3551/5642/12644
f 3585/5784/12645 3549/7512/12646 3604/6195/12647 3610/6196/12648
f 3574/7526/12649 3608/6081/12650 3602/7023/12651 3545/7209/12652
f 3572/5707/12653 3609/7377/12654 3603/6080/12655 3546/6017/12656
f 3580/7484/12657 3540/7370/12658 3600/6079/12659 3611/6322/12660
f 3527/7241/12661 3590/6295/12662 3623/6905/12663 3613/5618/12664
f 3534/7011/12665 3595/6342/12666 3622/6104/12667 3617/6454/12668
f 3527/7087/12669 3613/6632/12670 3621/6274/12671 3576/5557/12672
f 3525/5771/12673 3612/5668/12674 3620/7188/12675 3578/6919/12676
f 3530/6621/12677 3615/5649/12678 3619/6904/12679 3538/6599/12680
f 3529/6409/12681 3614/6992/12682 3618/7404/12683 3537/6797/12684
f 3652/7352/12685 3656/5993/12686 3616/6490/12687 3533/7264/12688
f 3650/6799/12689 3657/6942/12690 3617/5616/12691 3535/6493/12692
f 3595/6342/12693 3533/5910/12694 3616/6365/12695 3622/6104/12696
f 3578/6919/12697 3620/7188/12698 3614/6951/12699 3529/6679/12700
f 3576/5557/12701 3621/6274/12702 3615/6774/12703 3530/7054/12704
f 3590/6295/12705 3524/7174/12706 3612/7237/12707 3623/6905/12708
f 3562/6678/12709 3627/7190/12710 3631/6197/12711 3570/6162/12712
f 3561/6040/12713 3626/6953/12714 3630/5949/12715 3569/5974/12716
f 3569/6082/12717 3630/7113/12718 3628/5808/12719 3565/6913/12720
f 3570/7405/12721 3631/6643/12722 3629/6010/12723 3567/7497/12724
f 3637/6209/12725 3565/6182/12726 3628/7483/12727 3640/7369/12728
f 3557/6249/12729 3624/6146/12730 3626/6112/12731 3561/5617/12732
f 3559/6954/12733 3625/7393/12734 3627/6559/12735 3562/6775/12736
f 3632/6738/12737 3556/5690/12738 3624/6618/12739 3641/5851/12740
f 3559/5595/12741 3632/6738/12742 3641/5851/12743 3625/6613/12744
f 3566/6776/12745 3637/6209/12746 3640/7369/12747 3629/5653/12748
f 3563/6465/12749 3635/6318/12750 3639/5945/12751 3571/6734/12752
f 3560/7300/12753 3634/5770/12754 3638/7158/12755 3568/6918/12756
f 3568/6403/12757 3638/7053/12758 3636/6524/12759 3564/6968/12760
f 3571/7210/12761 3639/6374/12762 3637/5706/12763 3566/6864/12764
f 3629/5653/12765 3640/7369/12766 3636/5627/12767 3567/5987/12768
f 3556/5965/12769 3632/6777/12770 3634/7170/12771 3560/5630/12772
f 3558/7159/12773 3633/7189/12774 3635/6382/12775 3563/6680/12776
f 3625/6613/12777 3641/5851/12778 3633/6464/12779 3558/7485/12780
f 3554/5837/12781 3607/6750/12782 3649/6100/12783 3642/6429/12784
f 3553/7406/12785 3606/7218/12786 3648/6916/12787 3644/7523/12788
f 3555/6163/12789 3587/6164/12790 3647/5737/12791 3643/6759/12792
f 3552/6183/12793 3586/6937/12794 3646/6275/12795 3645/7351/12796
f 3606/7218/12797 3552/7514/12798 3645/5651/12799 3648/6916/12800
f 3586/6937/12801 3554/6130/12802 3642/6050/12803 3646/6275/12804
f 3587/6164/12805 3553/7544/12806 3644/5880/12807 3647/5737/12808
f 3607/6750/12809 3555/6456/12810 3643/6739/12811 3649/6100/12812
f 3538/5975/12813 3619/5641/12814 3657/6942/12815 3650/6799/12816
f 3537/7164/12817 3618/6113/12818 3656/5993/12819 3652/7352/12820
f 3539/5852/12821 3597/6038/12822 3655/7081/12823 3651/6058/12824
f 3536/6083/12825 3596/5511/12826 3654/6576/12827 3653/6873/12828
f 3618/6113/12829 3536/5685/12830 3653/5863/12831 3656/5993/12832
f 3596/5511/12833 3538/7513/12834 3650/6650/12835 3654/6576/12836
f 3597/6038/12837 3537/5946/12838 3652/7086/12839 3655/7081/12840
f 3619/5641/12841 3539/6027/12842 3651/6385/12843 3657/6942/12844
f 3728/6313/12845 3660/6973/12846 3678/6412/12847 3738/6670/12848
f 3751/5639/12849 3711/6293/12850 3661/7299/12851 3729/6788/12852
f 3727/7381/12853 3710/6430/12854 3660/5643/12855 3694/7055/12856
f 3749/6375/12857 3730/6567/12858 3658/6681/12859 3696/7191/12860
f 3725/7457/12861 3712/7065/12862 3662/5912/12863 3698/5913/12864
f 3734/7082/12865 3732/7033/12866 3672/7555/12867 3670/6323/12868
f 3735/6915/12869 3733/6764/12870 3669/7118/12871 3667/7454/12872
f 3704/5674/12873 3702/6878/12874 3668/6357/12875 3666/6165/12876
f 3747/5666/12877 3704/6223/12878 3666/6431/12879 3734/6018/12880
f 3709/7455/12881 3706/6086/12882 3670/7090/12883 3672/7291/12884
f 3728/6003/12885 3664/6526/12886 3672/6565/12887 3732/5628/12888
f 3729/6856/12889 3661/6664/12890 3669/6084/12891 3733/6969/12892
f 3694/5985/12893 3660/5736/12894 3668/5768/12895 3702/6059/12896
f 3700/7225/12897 3665/5520/12898 3673/6139/12899 3708/5947/12900
f 3750/6324/12901 3715/5857/12902 3675/7517/12903 3736/5951/12904
f 3730/5563/12905 3662/5914/12906 3681/7301/12907 3739/5772/12908
f 3738/5686/12909 3678/6665/12910 3682/6140/12911 3742/7353/12912
f 3739/7138/12913 3681/5558/12914 3691/6432/12915 3745/5745/12916
f 3714/6166/12917 3674/6167/12918 3683/7545/12919 3718/6920/12920
f 3737/7192/12921 3676/6402/12922 3689/7160/12923 3743/6198/12924
f 3715/5857/12925 3677/7026/12926 3692/7431/12927 3721/6224/12928
f 3717/5871/12929 3679/7382/12930 3686/6019/12931 3723/6085/12932
f 3712/6707/12933 3664/7103/12934 3679/6204/12935 3717/6199/12936
f 3716/5587/12937 3680/5725/12938 3688/7217/12939 3720/6601/12940
f 3710/5952/12941 3658/6682/12942 3680/6683/12943 3716/5629/12944
f 3740/6620/12945 3685/6281/12946 3687/6938/12947 3741/7292/12948
f 3741/6811/12949 3687/6578/12950 3686/5896/12951 3742/7353/12952
f 3718/6920/12953 3683/7545/12954 3684/7039/12955 3719/7302/12956
f 3719/6863/12957 3684/7355/12958 3682/6189/12959 3720/6601/12960
f 3743/6198/12961 3689/7160/12962 3690/7546/12963 3744/7193/12964
f 3744/7361/12965 3690/7056/12966 3688/6184/12967 3745/5745/12968
f 3721/6224/12969 3692/7431/12970 3693/6466/12971 3722/6226/12972
f 3722/6210/12973 3693/6119/12974 3691/7524/12975 3723/6085/12976
f 3736/5951/12977 3675/7517/12978 3685/6281/12979 3740/6620/12980
f 3664/6526/12981 3701/5514/12982 3709/7017/12983 3672/6565/12984
f 3701/5514/12985 3700/7225/12986 3708/5947/12987 3709/7017/12988
f 3661/6664/12989 3695/6887/12990 3703/6874/12991 3669/6084/12992
f 3695/6887/12993 3694/5985/12994 3702/6059/12995 3703/6874/12996
f 3673/5547/12997 3671/7187/12998 3707/7498/12999 3708/6117/13000
f 3708/6117/13001 3707/7498/13002 3706/6086/13003 3709/7455/13004
f 3735/7446/13005 3667/6694/13006 3705/7486/13007 3746/7242/13008
f 3746/7242/13009 3705/7486/13010 3704/6223/13011 3747/5666/13012
f 3667/7547/13013 3669/6651/13014 3703/6482/13015 3705/7548/13016
f 3705/7548/13017 3703/6482/13018 3702/6878/13019 3704/5674/13020
f 3713/7549/13021 3724/7194/13022 3699/6168/13023 3663/5773/13024
f 3724/7194/13025 3725/7457/13026 3698/5913/13027 3699/6168/13028
f 3731/7200/13029 3748/6294/13030 3697/5915/13031 3659/6004/13032
f 3748/6294/13033 3749/6375/13034 3696/7191/13035 3697/5915/13036
f 3711/6789/13037 3726/7360/13038 3695/7100/13039 3661/5708/13040
f 3726/7360/13041 3727/7381/13042 3694/7055/13043 3695/7100/13044
f 3697/7413/13045 3696/6614/13046 3727/7381/13047 3726/7360/13048
f 3659/6483/13049 3697/7413/13050 3726/7360/13051 3711/6789/13052
f 3700/7287/13053 3701/7027/13054 3725/7457/13055 3724/7194/13056
f 3665/6296/13057 3700/7287/13058 3724/7194/13059 3713/7549/13060
f 3687/5838/13061 3722/6210/13062 3723/6085/13063 3686/6019/13064
f 3685/6281/13065 3721/6224/13066 3722/6226/13067 3687/6938/13068
f 3690/7117/13069 3719/6863/13070 3720/6601/13071 3688/7217/13072
f 3689/7160/13073 3718/6920/13074 3719/7302/13075 3690/7546/13076
f 3660/6973/13077 3710/5952/13078 3716/5629/13079 3678/6412/13080
f 3678/6118/13081 3716/5587/13082 3720/6601/13083 3682/6189/13084
f 3662/5914/13085 3712/6707/13086 3717/6199/13087 3681/7301/13088
f 3681/5864/13089 3717/5871/13090 3723/6085/13091 3691/7524/13092
f 3675/7517/13093 3715/5857/13094 3721/6224/13095 3685/6281/13096
f 3676/6402/13097 3714/6166/13098 3718/6920/13099 3689/7160/13100
f 3737/7192/13101 3677/7026/13102 3715/5857/13103 3750/6324/13104
f 3701/7027/13105 3664/7487/13106 3712/7065/13107 3725/7457/13108
f 3696/6614/13109 3658/5879/13110 3710/6430/13111 3727/7381/13112
f 3731/5640/13113 3659/6676/13114 3711/6293/13115 3751/5639/13116
f 3663/5738/13117 3731/5640/13118 3751/5639/13119 3713/5535/13120
f 3676/6402/13121 3737/7192/13122 3750/6324/13123 3714/6166/13124
f 3699/7322/13125 3698/6912/13126 3749/6375/13127 3748/6294/13128
f 3663/7532/13129 3699/7322/13130 3748/6294/13131 3731/7200/13132
f 3707/5956/13133 3746/7242/13134 3747/5666/13135 3706/5986/13136
f 3671/6921/13137 3735/7446/13138 3746/7242/13139 3707/5956/13140
f 3674/6167/13141 3736/5951/13142 3740/6620/13143 3683/7545/13144
f 3693/7253/13145 3744/7361/13146 3745/5745/13147 3691/6432/13148
f 3692/7431/13149 3743/6198/13150 3744/7193/13151 3693/6466/13152
f 3684/6384/13153 3741/6811/13154 3742/7353/13155 3682/6140/13156
f 3683/7545/13157 3740/6620/13158 3741/7292/13159 3684/7039/13160
f 3677/7026/13161 3737/7192/13162 3743/6198/13163 3692/7431/13164
f 3680/5966/13165 3739/7138/13166 3745/5745/13167 3688/6184/13168
f 3679/6917/13169 3738/5686/13170 3742/7353/13171 3686/5896/13172
f 3658/6682/13173 3730/5563/13174 3739/5772/13175 3680/6683/13176
f 3714/6166/13177 3750/6324/13178 3736/5951/13179 3674/6167/13180
f 3665/5520/13181 3729/6856/13182 3733/6969/13183 3673/6139/13184
f 3660/5736/13185 3728/6003/13186 3732/5628/13187 3668/5768/13188
f 3706/5986/13189 3747/5666/13190 3734/6018/13191 3670/6358/13192
f 3671/7211/13193 3673/7354/13194 3733/6764/13195 3735/6915/13196
f 3666/7028/13197 3668/5839/13198 3732/7033/13199 3734/7082/13200
f 3698/6912/13201 3662/6036/13202 3730/6567/13203 3749/6375/13204
f 3713/5535/13205 3751/5639/13206 3729/6788/13207 3665/6173/13208
f 3664/7103/13209 3728/6313/13210 3738/6670/13211 3679/6204/13212
