# This file uses centimeters as units for non-parametric coordinates.

mtllib skog sak.mtl
g default
v -6.905317 1.291952 -9.945374
v -7.012016 1.291952 -10.154780
v -7.178201 1.291952 -10.320967
v -7.387607 1.291952 -10.427662
v -7.619734 1.291952 -10.464430
v -7.851863 1.291952 -10.427662
v -8.061269 1.291952 -10.320967
v -8.227455 1.291952 -10.154780
v -8.334151 1.291952 -9.945374
v -8.370919 1.291952 -9.713245
v -8.334151 1.291952 -9.481117
v -8.227455 1.291952 -9.271711
v -8.061269 1.291952 -9.105526
v -7.851865 1.291952 -8.998829
v -7.619734 1.291952 -8.962061
v -7.387607 1.291952 -8.998829
v -7.178201 1.291952 -9.105526
v -7.012016 1.291952 -9.271711
v -6.905317 1.291952 -9.481117
v -6.868552 1.291952 -9.713245
v -6.813027 10.055803 -9.975363
v -6.933508 10.055803 -10.211821
v -7.121162 10.055803 -10.399474
v -7.357620 10.055803 -10.519953
v -7.619734 10.055803 -10.561470
v -7.881851 10.055803 -10.519953
v -8.118307 10.055803 -10.399474
v -8.305962 10.055803 -10.211821
v -8.426443 10.055803 -9.975363
v -8.467958 10.055803 -9.713245
v -8.426443 10.055803 -9.451132
v -8.305962 10.055803 -9.214674
v -8.118307 10.055803 -9.027020
v -7.881851 10.055803 -8.906541
v -7.619734 10.055803 -8.865022
v -7.357621 10.055803 -8.906541
v -7.121162 10.055803 -9.027020
v -6.933508 10.055803 -9.214674
v -6.813028 10.055803 -9.451132
v -6.771512 10.055803 -9.713245
v -6.905317 6.289246 -9.945374
v -7.012016 6.281972 -10.154780
v -7.178201 6.275816 -10.320966
v -7.387607 6.271380 -10.427663
v -7.619734 6.269100 -10.464429
v -7.851865 6.269196 -10.427663
v -8.061269 6.271661 -10.320966
v -8.227455 6.276252 -10.154780
v -8.334152 6.282521 -9.945374
v -8.370919 6.289854 -9.713245
v -8.334152 6.297533 -9.481117
v -8.227455 6.304806 -9.271711
v -8.061269 6.310963 -9.105526
v -7.851865 6.315398 -8.998828
v -7.619734 6.317679 -8.962062
v -7.387607 6.317584 -8.998828
v -7.178201 6.315118 -9.105526
v -7.012016 6.310527 -9.271711
v -6.905317 6.304258 -9.481117
v -6.868552 6.296925 -9.713245
v -6.905317 5.850793 -9.945374
v -7.012016 5.841756 -10.154780
v -7.178201 5.835331 -10.320966
v -7.387607 5.832149 -10.427663
v -7.619734 5.832520 -10.464429
v -7.851865 5.836410 -10.427663
v -8.061269 5.843434 -10.320966
v -8.227455 5.852910 -10.154780
v -8.334152 5.863907 -9.945374
v -8.370919 5.875348 -9.713245
v -8.334152 5.886115 -9.481117
v -8.227455 5.895153 -9.271711
v -8.061269 5.901577 -9.105526
v -7.851865 5.904761 -8.998828
v -7.619734 5.904389 -8.962062
v -7.387607 5.900500 -8.998828
v -7.178201 5.893474 -9.105526
v -7.012016 5.883998 -9.271711
v -6.905317 5.873002 -9.481117
v -6.868552 5.861560 -9.713245
v -7.012016 4.779356 -10.154780
v -7.178201 4.765803 -10.320966
v -7.387607 4.756873 -10.427663
v -7.619734 4.753442 -10.464429
v -7.851865 4.755845 -10.427663
v -8.061269 4.763845 -10.320966
v -8.227455 4.776663 -10.154780
v -8.334152 4.793039 -9.945374
v -6.246774 0.166780 -8.715732
v -6.005722 0.166780 -9.188822
v -6.622219 0.166780 -8.340285
v -7.095311 0.166780 -8.099233
v -7.619733 0.166780 -8.016171
v -8.144158 0.166780 -8.099233
v -8.617250 0.166780 -8.340285
v -8.992697 0.166780 -8.715732
v -9.233747 0.166780 -9.188822
v -9.316810 0.166780 -9.713245
v -9.233747 0.166780 -10.237670
v -8.992697 0.166780 -10.710762
v -8.617250 0.166780 -11.086208
v -8.144159 0.166780 -11.327258
v -7.619733 0.166780 -11.410320
v -7.095311 0.166780 -11.327258
v -6.622219 0.166780 -11.086208
v -6.246774 0.166780 -10.710762
v -6.005720 0.166780 -10.237670
v -5.922661 0.166780 -9.713245
v -3.897973 7.984609 -10.231210
v -3.888203 7.987469 -10.169531
v -3.897973 8.101110 -10.231210
v -3.888203 8.103150 -10.169531
v -7.012016 5.409571 -10.154780
v -7.178201 5.400249 -10.320966
v -7.387607 5.394939 -10.427663
v -7.619734 5.394161 -10.464429
v -7.851865 5.397990 -10.427663
v -8.061269 5.406052 -10.320966
v -8.227455 5.417558 -10.154780
v -8.334152 5.431380 -9.945374
v -6.905317 5.421991 -9.945374
v -8.370919 5.446168 -9.713245
v -8.334152 5.460471 -9.481117
v -8.227455 5.472892 -9.271711
v -8.061269 5.482214 -9.105526
v -7.851865 5.487523 -8.998828
v -7.619734 5.488301 -8.962062
v -7.387607 5.484472 -8.998828
v -7.178201 5.476410 -9.105526
v -7.012016 5.464905 -9.271711
v -6.905317 5.451082 -9.481117
v -6.868552 5.436294 -9.713245
v -8.370919 5.640619 -9.713245
v -4.325346 8.374828 -11.582248
v -3.490442 8.981421 -10.944438
v -4.644251 9.356317 -10.944438
v -5.357344 8.374828 -10.944438
v -4.644251 7.393340 -10.944438
v -3.490442 7.768235 -10.944438
v -3.293347 8.374828 -9.912440
v -4.006441 9.356317 -9.912440
v -5.160250 8.981421 -9.912440
v -5.160250 7.768235 -9.912440
v -4.006440 7.393340 -9.912440
v -4.325346 8.374828 -9.274631
v -7.751726 11.379166 -11.800938
v -6.242243 12.475869 -10.647796
v -8.328297 13.153669 -10.647796
v -9.617549 11.379166 -10.647796
v -8.328297 9.604663 -10.647796
v -6.242244 10.282462 -10.647796
v -5.885903 11.379166 -8.781972
v -7.175155 13.153669 -8.781972
v -9.261209 12.475869 -8.781972
v -9.261208 10.282462 -8.781972
v -7.175155 9.604663 -8.781972
v -7.751726 11.379166 -7.628830
vt 0.648603 0.107966
vt 0.626409 0.064408
vt 0.591842 0.029841
vt 0.548284 0.007647
vt 0.500000 -0.000000
vt 0.451716 0.007647
vt 0.408159 0.029841
vt 0.373591 0.064409
vt 0.351397 0.107966
vt 0.343750 0.156250
vt 0.351397 0.204534
vt 0.373591 0.248091
vt 0.408159 0.282659
vt 0.451716 0.304853
vt 0.500000 0.312500
vt 0.548284 0.304853
vt 0.591841 0.282659
vt 0.626409 0.248091
vt 0.648603 0.204534
vt 0.656250 0.156250
vt 0.375000 0.312500
vt 0.387500 0.312500
vt 0.400000 0.312500
vt 0.412500 0.312500
vt 0.425000 0.312500
vt 0.437500 0.312500
vt 0.450000 0.312500
vt 0.462500 0.312500
vt 0.475000 0.312500
vt 0.487500 0.312500
vt 0.500000 0.312500
vt 0.512500 0.312500
vt 0.525000 0.312500
vt 0.537500 0.312500
vt 0.550000 0.312500
vt 0.562500 0.312500
vt 0.575000 0.312500
vt 0.587500 0.312500
vt 0.600000 0.312500
vt 0.612500 0.312500
vt 0.625000 0.312500
vt 0.375000 0.687500
vt 0.387500 0.687500
vt 0.400000 0.687500
vt 0.412500 0.687500
vt 0.425000 0.687500
vt 0.437500 0.687500
vt 0.450000 0.687500
vt 0.462500 0.687500
vt 0.475000 0.687500
vt 0.487500 0.687500
vt 0.500000 0.687500
vt 0.512500 0.687500
vt 0.525000 0.687500
vt 0.537500 0.687500
vt 0.550000 0.687500
vt 0.562500 0.687500
vt 0.575000 0.687500
vt 0.587500 0.687500
vt 0.600000 0.687500
vt 0.612500 0.687500
vt 0.625000 0.687500
vt 0.648603 0.795466
vt 0.626409 0.751908
vt 0.591842 0.717341
vt 0.548284 0.695147
vt 0.500000 0.687500
vt 0.451716 0.695147
vt 0.408159 0.717341
vt 0.373591 0.751909
vt 0.351397 0.795466
vt 0.343750 0.843750
vt 0.351397 0.892034
vt 0.373591 0.935591
vt 0.408159 0.970159
vt 0.451716 0.992353
vt 0.500000 1.000000
vt 0.548284 0.992353
vt 0.591841 0.970159
vt 0.626409 0.935591
vt 0.648603 0.892034
vt 0.656250 0.843750
vt 0.625000 0.579843
vt 0.375000 0.579843
vt 0.387500 0.579454
vt 0.400000 0.579125
vt 0.412500 0.578888
vt 0.425000 0.578766
vt 0.437500 0.578771
vt 0.450000 0.578903
vt 0.462500 0.579148
vt 0.475000 0.579484
vt 0.487500 0.579876
vt 0.500000 0.580287
vt 0.512500 0.580676
vt 0.525000 0.581005
vt 0.537500 0.581242
vt 0.550000 0.581364
vt 0.562500 0.581359
vt 0.575000 0.581227
vt 0.587500 0.580982
vt 0.600000 0.580646
vt 0.612500 0.580254
vt 0.625000 0.556387
vt 0.375000 0.556387
vt 0.387500 0.555904
vt 0.400000 0.555560
vt 0.412500 0.555390
vt 0.425000 0.555410
vt 0.437500 0.555618
vt 0.450000 0.555993
vt 0.462500 0.556500
vt 0.475000 0.557089
vt 0.487500 0.557701
vt 0.500000 0.558277
vt 0.512500 0.558760
vt 0.525000 0.559104
vt 0.537500 0.559274
vt 0.550000 0.559254
vt 0.562500 0.559046
vt 0.575000 0.558670
vt 0.587500 0.558164
vt 0.600000 0.557575
vt 0.612500 0.556963
vt 0.387500 0.499068
vt 0.400000 0.498343
vt 0.412500 0.497865
vt 0.425000 0.497681
vt 0.437500 0.497810
vt 0.450000 0.498238
vt 0.462500 0.498924
vt 0.475000 0.499800
vt 0.648603 0.204534
vt 0.626409 0.248091
vt 0.591841 0.282659
vt 0.548284 0.304853
vt 0.500000 0.312500
vt 0.451716 0.304853
vt 0.408159 0.282659
vt 0.373591 0.248091
vt 0.351397 0.204534
vt 0.343750 0.156250
vt 0.351397 0.107966
vt 0.373591 0.064409
vt 0.408159 0.029841
vt 0.451716 0.007647
vt 0.500000 -0.000000
vt 0.548284 0.007647
vt 0.591842 0.029841
vt 0.626409 0.064408
vt 0.648603 0.107966
vt 0.656250 0.156250
vt 0.612500 0.556963
vt 0.625000 0.556387
vt 0.625000 0.579843
vt 0.612500 0.580254
vt 0.387500 0.532783
vt 0.400000 0.532284
vt 0.412500 0.532000
vt 0.425000 0.531958
vt 0.437500 0.532163
vt 0.450000 0.532595
vt 0.462500 0.533210
vt 0.475000 0.533949
vt 0.625000 0.533447
vt 0.375000 0.533447
vt 0.487500 0.534741
vt 0.500000 0.535506
vt 0.512500 0.536170
vt 0.525000 0.536669
vt 0.537500 0.536953
vt 0.550000 0.536995
vt 0.562500 0.536790
vt 0.575000 0.536358
vt 0.587500 0.535743
vt 0.600000 0.535004
vt 0.612500 0.534212
vt 0.487500 0.545143
vt 1.000000 0.500000
vt 1.088104 0.823792
vt 0.838104 0.676208
vt 1.176208 0.500000
vt 1.088104 0.176208
vt 0.838104 0.323792
vt 0.588104 0.823792
vt 0.088104 0.823792
vt 0.176208 0.500000
vt 0.338104 0.676208
vt 0.088104 0.176208
vt 0.338104 0.323792
vt 0.588104 0.176208
vt 0.676208 0.500000
vt 0.500000 0.500000
vt 1.000000 0.500000
vt 1.088104 0.823792
vt 0.838104 0.676208
vt 1.176208 0.500000
vt 1.088104 0.176208
vt 0.838104 0.323792
vt 0.588104 0.823792
vt 0.088104 0.823792
vt 0.176208 0.500000
vt 0.338104 0.676208
vt 0.088104 0.176208
vt 0.338104 0.323792
vt 0.588104 0.176208
vt 0.676208 0.500000
vt 0.500000 0.500000
vn 0.918294 0.260413 -0.298196
vn 0.781079 0.260897 -0.567317
vn 0.809141 0.000000 -0.587615
vn 0.811303 0.000000 -0.584626
vn 0.952532 0.000000 -0.304439
vn 0.567442 0.261263 -0.780866
vn 0.587896 0.000000 -0.808937
vn 0.589891 0.000000 -0.807483
vn 0.298303 0.261469 -0.917959
vn 0.309072 -0.000000 -0.951039
vn 0.310038 -0.000000 -0.950724
vn -0.000021 0.261501 -0.965203
vn -0.000032 -0.000000 -1.000000
vn -0.000565 -0.000000 -1.000000
vn -0.298349 0.261350 -0.917979
vn -0.309127 -0.000000 -0.951021
vn -0.311056 -0.000000 -0.950392
vn -0.567503 0.261036 -0.780897
vn -0.587934 0.000000 -0.808909
vn -0.590626 0.000000 -0.806945
vn -0.781161 0.260585 -0.567347
vn -0.809161 -0.000000 -0.587587
vn -0.811689 -0.000000 -0.584090
vn -0.918392 0.260046 -0.298215
vn -0.951141 -0.000000 -0.308757
vn -0.950408 -0.000000 -0.311006
vn -0.965750 0.259475 0.000182
vn -0.987687 -0.000000 -0.156443
vn -0.918572 0.258921 0.298638
vn -0.987687 -0.000000 0.156442
vn -0.987687 -0.000000 0.156442
vn -0.781452 0.258445 0.567925
vn -0.806689 -0.000000 0.590976
vn -0.891009 -0.000000 0.453985
vn -0.567797 0.258088 0.781663
vn -0.585631 -0.000000 0.810578
vn -0.298531 0.257885 0.918899
vn -0.307974 -0.000000 0.951395
vn -0.000019 0.257856 0.966184
vn -0.000576 0.000000 1.000000
vn 0.298488 0.258001 0.918880
vn 0.306935 -0.000000 0.951731
vn 0.567738 0.258310 0.781633
vn 0.584878 -0.000000 0.811121
vn 0.781372 0.258751 0.567896
vn 0.806290 0.000000 0.591520
vn 0.918476 0.259284 0.298621
vn 0.949436 0.000000 0.313959
vn 0.965647 0.259857 0.000183
vn 0.999986 0.000000 0.005262
vn 0.000000 -1.000000 -0.000000
vn 0.000000 -1.000000 -0.000000
vn 0.000000 -1.000000 -0.000000
vn 0.000000 -1.000000 -0.000000
vn 0.000000 -1.000000 -0.000000
vn 0.000000 -1.000000 -0.000000
vn 0.000000 -1.000000 -0.000000
vn 0.000000 -1.000000 -0.000000
vn 0.000000 -1.000000 -0.000000
vn 0.000000 -1.000000 -0.000000
vn 0.000000 -1.000000 -0.000000
vn 0.000000 -1.000000 -0.000000
vn 0.000000 -1.000000 -0.000000
vn 0.000000 -1.000000 -0.000000
vn 0.000000 -1.000000 -0.000000
vn 0.000000 -1.000000 -0.000000
vn 0.000000 -1.000000 -0.000000
vn 0.000000 -1.000000 -0.000000
vn 0.000000 -1.000000 -0.000000
vn 0.000000 -1.000000 -0.000000
vn 0.000000 1.000000 0.000000
vn 0.000000 1.000000 0.000000
vn 0.000000 1.000000 0.000000
vn 0.000000 1.000000 0.000000
vn 0.000000 1.000000 0.000000
vn 0.000000 1.000000 0.000000
vn 0.000000 1.000000 0.000000
vn 0.000000 1.000000 0.000000
vn 0.000000 1.000000 0.000000
vn 0.000000 1.000000 0.000000
vn 0.000000 1.000000 0.000000
vn 0.000000 1.000000 0.000000
vn 0.000000 1.000000 0.000000
vn 0.000000 1.000000 0.000000
vn 0.000000 1.000000 0.000000
vn 0.000000 1.000000 0.000000
vn 0.000000 1.000000 0.000000
vn 0.000000 1.000000 0.000000
vn 0.000000 1.000000 0.000000
vn 0.000000 1.000000 0.000000
vn 0.947355 -0.024444 -0.319251
vn 0.807537 -0.023171 -0.589362
vn 0.808867 -0.025708 -0.587429
vn 0.950810 -0.025756 -0.308702
vn 0.586274 -0.023133 -0.809783
vn 0.587718 -0.025667 -0.808658
vn 0.307952 -0.023112 -0.951121
vn 0.309011 -0.025637 -0.950713
vn -0.000292 -0.023112 -0.999733
vn 0.000031 -0.025622 -0.999672
vn -0.308474 -0.023132 -0.950952
vn -0.308950 -0.025623 -0.950733
vn -0.586646 -0.023170 -0.809512
vn -0.587676 -0.025639 -0.808690
vn -0.807726 -0.023223 -0.589101
vn -0.808845 -0.025670 -0.587461
vn -0.947531 -0.024452 -0.318727
vn -0.950805 -0.025711 -0.308722
vn -0.999688 -0.024476 0.005055
vn -0.999668 -0.025760 0.000224
vn -0.951547 -0.023412 0.306612
vn -0.950671 -0.025811 0.309127
vn -0.810068 -0.023465 0.585867
vn -0.808629 -0.025860 0.587751
vn -0.588986 -0.023504 0.807802
vn -0.587459 -0.025901 0.808839
vn -0.309922 -0.023525 0.950471
vn -0.308821 -0.025930 0.950767
vn -0.000292 -0.023525 0.999723
vn 0.000031 -0.025946 0.999663
vn 0.309392 -0.023505 0.950644
vn 0.308879 -0.025945 0.950748
vn 0.588596 -0.023466 0.808087
vn 0.587500 -0.025929 0.808809
vn 0.809857 -0.023413 0.586160
vn 0.808650 -0.025898 0.587719
vn 0.949023 -0.024522 0.314253
vn 0.950675 -0.025856 0.309109
vn 0.999663 -0.025806 -0.002981
vn 0.999667 -0.025807 0.000226
vn 0.933698 0.000000 -0.358061
vn 0.808778 0.000000 -0.588115
vn 0.587625 0.000000 -0.809133
vn 0.309042 0.000000 -0.951048
vn 0.000234 0.000000 -1.000000
vn -0.308629 0.000000 -0.951182
vn -0.587353 0.000000 -0.809331
vn -0.808660 0.000000 -0.588277
vn -0.891008 0.000000 -0.453987
vn -0.987687 0.000000 0.156441
vn -0.951206 0.000000 0.308556
vn -0.809220 0.000000 0.587506
vn -0.587922 0.000000 0.808918
vn -0.308984 0.000000 0.951067
vn 0.000249 0.000000 1.000000
vn 0.309445 0.000000 0.950917
vn 0.588278 0.000000 0.808659
vn 0.809436 0.000000 0.587208
vn 0.932593 0.000000 0.360930
vn 0.987687 0.000000 -0.156440
vn 0.987687 0.000000 -0.156440
vn 0.987687 0.000000 -0.156440
vn 0.987688 0.000000 -0.156440
vn 0.619266 0.643489 0.449923
vn 0.727991 0.643489 0.236539
vn 0.449923 0.643490 0.619266
vn 0.236541 0.643490 0.727990
vn 0.000000 0.643490 0.765454
vn -0.236540 0.643490 0.727990
vn -0.449923 0.643490 0.619266
vn -0.619266 0.643489 0.449923
vn -0.727991 0.643489 0.236539
vn -0.765455 0.643490 -0.000000
vn -0.727991 0.643489 -0.236539
vn -0.619267 0.643490 -0.449922
vn -0.449922 0.643490 -0.619267
vn -0.236538 0.643490 -0.727991
vn -0.000000 0.643490 -0.765455
vn 0.236539 0.643490 -0.727991
vn 0.449922 0.643490 -0.619266
vn 0.619265 0.643490 -0.449923
vn 0.727990 0.643490 -0.236539
vn 0.765455 0.643489 0.000001
vn 0.987689 0.000000 0.156433
vn 0.987689 0.000000 0.156433
vn 0.987689 0.000000 0.156433
vn 0.987689 0.000000 0.156433
vn 0.574491 -0.816787 -0.053101
vn 0.574491 -0.816787 -0.053101
vn 0.574491 -0.816787 -0.053101
vn 0.574491 -0.816787 -0.053101
vn -0.094618 0.000000 -0.995514
vn -0.094618 0.000000 -0.995514
vn -0.094618 0.000000 -0.995514
vn -0.094618 0.000000 -0.995514
vn -0.511661 0.857571 0.052674
vn -0.511661 0.857571 0.052674
vn -0.511661 0.857571 0.052674
vn -0.511661 0.857571 0.052674
vn 0.151335 0.000000 0.988483
vn 0.151335 0.000000 0.988483
vn 0.151335 0.000000 0.988483
vn 0.151335 0.000000 0.988483
vn -0.987688 0.000000 -0.156440
vn -0.987688 0.000000 -0.156440
vn -0.987688 0.000000 -0.156440
vn -0.987688 0.000000 -0.156440
vn -0.987687 0.000000 0.156441
vn 0.999992 0.000000 0.004116
vn -0.987687 0.000000 -0.156441
vn -0.987687 0.000000 -0.156441
vn -0.987687 0.000000 -0.156441
vn -0.987687 0.000000 -0.156441
vn 0.187593 0.577351 -0.794654
vn 0.187593 0.577350 -0.794654
vn 0.187593 0.577351 -0.794654
vn -0.491123 0.356822 -0.794655
vn -0.491123 0.356822 -0.794655
vn -0.491123 0.356822 -0.794655
vn -0.491123 -0.356822 -0.794655
vn -0.491123 -0.356822 -0.794655
vn -0.491123 -0.356822 -0.794655
vn 0.187593 -0.577350 -0.794654
vn 0.187593 -0.577350 -0.794654
vn 0.187593 -0.577350 -0.794654
vn 0.607061 0.000000 -0.794655
vn 0.607061 0.000000 -0.794655
vn 0.607061 0.000000 -0.794655
vn 0.303530 0.934173 -0.187592
vn 0.303530 0.934173 -0.187592
vn 0.303530 0.934173 -0.187592
vn -0.794655 0.577350 -0.187593
vn -0.794655 0.577350 -0.187593
vn -0.794655 0.577350 -0.187593
vn -0.794655 -0.577350 -0.187593
vn -0.794655 -0.577350 -0.187593
vn -0.794655 -0.577350 -0.187593
vn 0.303531 -0.934173 -0.187593
vn 0.303531 -0.934173 -0.187593
vn 0.303530 -0.934173 -0.187593
vn 0.982247 0.000000 -0.187593
vn 0.982247 0.000000 -0.187593
vn 0.982247 0.000000 -0.187593
vn 0.794654 0.577351 0.187593
vn 0.794654 0.577351 0.187593
vn 0.794654 0.577351 0.187593
vn -0.303531 0.934172 0.187593
vn -0.303531 0.934172 0.187593
vn -0.303531 0.934172 0.187593
vn -0.982247 0.000000 0.187593
vn -0.982247 0.000000 0.187593
vn -0.982247 0.000000 0.187593
vn -0.303531 -0.934173 0.187592
vn -0.303531 -0.934172 0.187592
vn -0.303531 -0.934172 0.187592
vn 0.794654 -0.577351 0.187593
vn 0.794654 -0.577351 0.187593
vn 0.794654 -0.577351 0.187593
vn 0.491124 0.356822 0.794654
vn 0.491124 0.356822 0.794654
vn 0.491124 0.356822 0.794654
vn -0.187592 0.577351 0.794654
vn -0.187592 0.577351 0.794654
vn -0.187592 0.577351 0.794654
vn -0.607062 0.000000 0.794655
vn -0.607062 0.000000 0.794655
vn -0.607062 0.000000 0.794655
vn -0.187593 -0.577351 0.794654
vn -0.187593 -0.577350 0.794654
vn -0.187593 -0.577351 0.794654
vn 0.491124 -0.356822 0.794654
vn 0.491124 -0.356822 0.794654
vn 0.491124 -0.356822 0.794654
vn 0.187593 0.577350 -0.794655
vn 0.187593 0.577350 -0.794655
vn 0.187593 0.577350 -0.794655
vn -0.491124 0.356822 -0.794654
vn -0.491124 0.356822 -0.794654
vn -0.491124 0.356822 -0.794654
vn -0.491124 -0.356822 -0.794654
vn -0.491124 -0.356822 -0.794654
vn -0.491124 -0.356822 -0.794654
vn 0.187593 -0.577350 -0.794654
vn 0.187593 -0.577350 -0.794654
vn 0.187593 -0.577350 -0.794654
vn 0.607062 0.000000 -0.794654
vn 0.607062 0.000000 -0.794654
vn 0.607062 0.000000 -0.794654
vn 0.303531 0.934173 -0.187592
vn 0.303531 0.934173 -0.187592
vn 0.303531 0.934173 -0.187592
vn -0.794654 0.577351 -0.187592
vn -0.794654 0.577351 -0.187592
vn -0.794654 0.577350 -0.187592
vn -0.794654 -0.577351 -0.187593
vn -0.794654 -0.577351 -0.187593
vn -0.794654 -0.577351 -0.187593
vn 0.303531 -0.934172 -0.187592
vn 0.303531 -0.934173 -0.187592
vn 0.303531 -0.934173 -0.187592
vn 0.982247 0.000000 -0.187592
vn 0.982247 0.000000 -0.187592
vn 0.982247 0.000000 -0.187592
vn 0.794655 0.577350 0.187592
vn 0.794654 0.577350 0.187592
vn 0.794655 0.577350 0.187592
vn -0.303531 0.934172 0.187592
vn -0.303531 0.934172 0.187592
vn -0.303531 0.934172 0.187592
vn -0.982247 0.000000 0.187592
vn -0.982247 0.000000 0.187592
vn -0.982247 0.000000 0.187592
vn -0.303531 -0.934172 0.187593
vn -0.303531 -0.934172 0.187593
vn -0.303531 -0.934172 0.187593
vn 0.794654 -0.577350 0.187593
vn 0.794654 -0.577350 0.187593
vn 0.794654 -0.577350 0.187593
vn 0.491124 0.356822 0.794654
vn 0.491124 0.356822 0.794654
vn 0.491124 0.356822 0.794654
vn -0.187593 0.577350 0.794655
vn -0.187593 0.577350 0.794655
vn -0.187593 0.577350 0.794655
vn -0.607062 0.000000 0.794654
vn -0.607062 0.000000 0.794654
vn -0.607062 0.000000 0.794654
vn -0.187592 -0.577350 0.794655
vn -0.187592 -0.577350 0.794655
vn -0.187592 -0.577350 0.794655
vn 0.491124 -0.356822 0.794654
vn 0.491124 -0.356822 0.794654
vn 0.491124 -0.356822 0.794654
s 1
g pasted__pasted__pCylinder2
usemtl pasted__pasted__blinn12SG
f 1/21/1 2/22/2 81/125/3 113/157/4 121/166/5
f 2/22/2 3/23/6 82/126/7 114/158/8 113/157/4 81/125/3
f 3/23/6 4/24/9 83/127/10 115/159/11 114/158/8 82/126/7
f 4/24/9 5/25/12 84/128/13 116/160/14 115/159/11 83/127/10
f 5/25/12 6/26/15 85/129/16 117/161/17 116/160/14 84/128/13
f 6/26/15 7/27/18 86/130/19 118/162/20 117/161/17 85/129/16
f 7/27/18 8/28/21 87/131/22 119/163/23 118/162/20 86/130/19
f 8/28/21 9/29/24 88/132/25 120/164/26 119/163/23 87/131/22
f 9/29/24 10/30/27 122/167/28 120/164/26 88/132/25
f 10/30/27 11/31/29 123/168/30 122/167/31
f 11/31/29 12/32/32 124/169/33 123/168/34
f 12/32/32 13/33/35 125/170/36 124/169/33
f 13/33/35 14/34/37 126/171/38 125/170/36
f 14/34/37 15/35/39 127/172/40 126/171/38
f 15/35/39 16/36/41 128/173/42 127/172/40
f 16/36/41 17/37/43 129/174/44 128/173/42
f 17/37/43 18/38/45 130/175/46 129/174/44
f 18/38/45 19/39/47 131/176/48 130/175/46
f 19/39/47 20/40/49 132/177/50 131/176/48
f 20/40/49 1/41/1 121/165/5 132/177/50
s off
f 90/133/51 89/134/52 91/135/53 92/136/54 93/137/55 94/138/56 95/139/57 96/140/58 97/141/59 98/142/60 99/143/61 100/144/62 101/145/63 102/146/64 103/147/65 104/148/66 105/149/67 106/150/68 107/151/69 108/152/70
f 40/82/71 21/81/72 22/80/73 23/79/74 24/78/75 25/77/76 26/76/77 27/75/78 28/74/79 29/73/80 30/72/81 31/71/82 32/70/83 33/69/84 34/68/85 35/67/86 36/66/87 37/65/88 38/64/89 39/63/90
s 1
f 41/84/91 42/85/92 22/43/93 21/42/94
f 42/85/92 43/86/95 23/44/96 22/43/93
f 43/86/95 44/87/97 24/45/98 23/44/96
f 44/87/97 45/88/99 25/46/100 24/45/98
f 45/88/99 46/89/101 26/47/102 25/46/100
f 46/89/101 47/90/103 27/48/104 26/47/102
f 47/90/103 48/91/105 28/49/106 27/48/104
f 48/91/105 49/92/107 29/50/108 28/49/106
f 49/92/107 50/93/109 30/51/110 29/50/108
f 50/93/109 51/94/111 31/52/112 30/51/110
f 51/94/111 52/95/113 32/53/114 31/52/112
f 52/95/113 53/96/115 33/54/116 32/53/114
f 53/96/115 54/97/117 34/55/118 33/54/116
f 54/97/117 55/98/119 35/56/120 34/55/118
f 55/98/119 56/99/121 36/57/122 35/56/120
f 56/99/121 57/100/123 37/58/124 36/57/122
f 57/100/123 58/101/125 38/59/126 37/58/124
f 58/101/125 59/102/127 39/60/128 38/59/126
f 59/102/127 60/103/129 40/61/130 39/60/128
f 60/103/129 41/83/91 21/62/94 40/61/130
f 61/105/131 62/106/132 42/85/92 41/84/91
f 62/106/132 63/107/133 43/86/95 42/85/92
f 63/107/133 64/108/134 44/87/97 43/86/95
f 64/108/134 65/109/135 45/88/99 44/87/97
f 65/109/135 66/110/136 46/89/101 45/88/99
f 66/110/136 67/111/137 47/90/103 46/89/101
f 67/111/137 68/112/138 48/91/105 47/90/103
f 68/112/138 69/113/139 49/92/107 48/91/105
f 70/114/140 71/115/141 51/94/111 50/93/109
f 71/115/141 72/116/142 52/95/113 51/94/111
f 72/116/142 73/117/143 53/96/115 52/95/113
f 73/117/143 74/118/144 54/97/117 53/96/115
f 74/118/144 75/119/145 55/98/119 54/97/117
f 75/119/145 76/120/146 56/99/121 55/98/119
f 76/120/146 77/121/147 57/100/123 56/99/121
f 77/121/147 78/122/148 58/101/125 57/100/123
f 78/122/148 79/123/149 59/102/127 58/101/125
s off
f 110/153/150 109/154/151 111/155/152 112/156/153
s 1
f 19/19/47 18/18/45 89/134/154 90/133/155
f 18/18/45 17/17/43 91/135/156 89/134/154
f 17/17/43 16/16/41 92/136/157 91/135/156
f 16/16/41 15/15/39 93/137/158 92/136/157
f 15/15/39 14/14/37 94/138/159 93/137/158
f 14/14/37 13/13/35 95/139/160 94/138/159
f 13/13/35 12/12/32 96/140/161 95/139/160
f 12/12/32 11/11/29 97/141/162 96/140/161
f 11/11/29 10/10/27 98/142/163 97/141/162
f 10/10/27 9/9/24 99/143/164 98/142/163
f 9/9/24 8/8/21 100/144/165 99/143/164
f 8/8/21 7/7/18 101/145/166 100/144/165
f 7/7/18 6/6/15 102/146/167 101/145/166
f 6/6/15 5/5/12 103/147/168 102/146/167
f 5/5/12 4/4/9 104/148/169 103/147/168
f 4/4/9 3/3/6 105/149/170 104/148/169
f 3/3/6 2/2/2 106/150/171 105/149/170
f 2/2/2 1/1/1 107/151/172 106/150/171
f 1/1/1 20/20/49 108/152/173 107/151/172
f 20/20/49 19/19/47 90/133/155 108/152/173
s off
f 59/102/174 79/123/175 80/124/176 60/103/177
f 80/124/178 61/104/179 109/154/180 110/153/181
f 61/104/182 41/83/183 111/155/184 109/154/185
f 41/83/186 60/103/187 112/156/188 111/155/189
f 60/103/190 80/124/191 110/153/192 112/156/193
f 49/92/194 69/113/195 70/114/196 50/93/197
s 1
f 121/166/5 113/157/4 62/106/132 61/105/131
f 113/157/4 114/158/8 63/107/133 62/106/132
f 114/158/8 115/159/11 64/108/134 63/107/133
f 115/159/11 116/160/14 65/109/135 64/108/134
f 116/160/14 117/161/17 66/110/136 65/109/135
f 117/161/17 118/162/20 67/111/137 66/110/136
f 118/162/20 119/163/23 68/112/138 67/111/137
f 119/163/23 120/164/26 69/113/139 68/112/138
f 122/167/31 123/168/30 71/115/141 70/114/140 133/178/198
f 123/168/34 124/169/33 72/116/142 71/115/141
f 124/169/33 125/170/36 73/117/143 72/116/142
f 125/170/36 126/171/38 74/118/144 73/117/143
f 126/171/38 127/172/40 75/119/145 74/118/144
f 127/172/40 128/173/42 76/120/146 75/119/145
f 128/173/42 129/174/44 77/121/147 76/120/146
f 129/174/44 130/175/46 78/122/148 77/121/147
f 130/175/46 131/176/48 79/123/149 78/122/148
f 131/176/48 132/177/50 80/124/199 79/123/149
f 132/177/50 121/165/5 61/104/131 80/124/199
s off
f 70/114/200 69/113/201 120/164/202 122/167/203
usemtl blinn13SG
f 134/179/204 136/180/205 135/181/206
f 134/179/207 137/182/208 136/180/209
f 134/179/210 138/183/211 137/182/212
f 134/179/213 139/184/214 138/183/215
f 134/179/216 135/181/217 139/184/218
f 135/181/219 136/180/220 141/185/221
f 136/186/222 137/187/223 142/188/224
f 137/187/225 138/189/226 143/190/227
f 138/183/228 139/184/229 144/191/230
f 139/184/231 135/181/232 140/192/233
f 135/181/234 141/185/235 140/192/236
f 136/186/237 142/188/238 141/185/239
f 137/187/240 143/190/241 142/188/242
f 138/189/243 144/191/244 143/190/245
f 139/184/246 140/192/247 144/191/248
f 140/192/249 141/185/250 145/193/251
f 141/185/252 142/188/253 145/193/254
f 142/188/255 143/190/256 145/193/257
f 143/190/258 144/191/259 145/193/260
f 144/191/261 140/192/262 145/193/263
usemtl blinn14SG
f 146/194/264 148/195/265 147/196/266
f 146/194/267 149/197/268 148/195/269
f 146/194/270 150/198/271 149/197/272
f 146/194/273 151/199/274 150/198/275
f 146/194/276 147/196/277 151/199/278
f 147/196/279 148/195/280 153/200/281
f 148/201/282 149/202/283 154/203/284
f 149/202/285 150/204/286 155/205/287
f 150/198/288 151/199/289 156/206/290
f 151/199/291 147/196/292 152/207/293
f 147/196/294 153/200/295 152/207/296
f 148/201/297 154/203/298 153/200/299
f 149/202/300 155/205/301 154/203/302
f 150/204/303 156/206/304 155/205/305
f 151/199/306 152/207/307 156/206/308
f 152/207/309 153/200/310 157/208/311
f 153/200/312 154/203/313 157/208/314
f 154/203/315 155/205/316 157/208/317
f 155/205/318 156/206/319 157/208/320
f 156/206/321 152/207/322 157/208/323
g default
v -1.607096 1.158346 -9.084639
v -1.713794 1.158346 -9.294045
v -1.879980 1.158346 -9.460232
v -2.089386 1.158346 -9.566927
v -2.321514 1.158346 -9.603695
v -2.553642 1.158346 -9.566927
v -2.763048 1.158346 -9.460232
v -2.929234 1.158346 -9.294045
v -3.035931 1.158346 -9.084639
v -3.072697 1.158346 -8.852510
v -3.035931 1.158346 -8.620382
v -2.929234 1.158346 -8.410976
v -2.763048 1.158346 -8.244791
v -2.553643 1.158346 -8.138094
v -2.321514 1.158346 -8.101326
v -2.089386 1.158346 -8.138094
v -1.879980 1.158346 -8.244791
v -1.713795 1.158346 -8.410976
v -1.607097 1.158346 -8.620382
v -1.570331 1.158346 -8.852510
v -1.514806 10.552553 -9.114628
v -1.635287 10.552553 -9.351086
v -1.822942 10.552553 -9.538739
v -2.059399 10.552553 -9.659218
v -2.321515 10.552553 -9.700735
v -2.583630 10.552553 -9.659218
v -2.820087 10.552553 -9.538739
v -3.007741 10.552553 -9.351086
v -3.128223 10.552553 -9.114628
v -3.169737 10.552553 -8.852510
v -3.128223 10.552553 -8.590397
v -3.007741 10.552553 -8.353940
v -2.820087 10.552553 -8.166286
v -2.583630 10.552553 -8.045806
v -2.321515 10.552553 -8.004287
v -2.059399 10.552553 -8.045806
v -1.822942 10.552553 -8.166286
v -1.635288 10.552553 -8.353940
v -1.514807 10.552553 -8.590397
v -1.473292 10.552553 -8.852510
v -1.607096 6.155640 -9.084639
v -1.713794 6.148366 -9.294045
v -1.879980 6.142210 -9.460231
v -2.089386 6.137774 -9.566928
v -2.321514 6.135494 -9.603694
v -2.553643 6.135590 -9.566928
v -2.763049 6.138055 -9.460231
v -2.929234 6.142646 -9.294045
v -3.035932 6.148915 -9.084639
v -3.072697 6.156248 -8.852510
v -3.035932 6.163927 -8.620382
v -2.929234 6.171200 -8.410976
v -2.763049 6.177357 -8.244791
v -2.553643 6.181792 -8.138093
v -2.321514 6.184073 -8.101327
v -2.089386 6.183978 -8.138093
v -1.879980 6.181512 -8.244791
v -1.713794 6.176921 -8.410976
v -1.607097 6.170652 -8.620382
v -1.570331 6.163319 -8.852510
v -1.607096 5.717187 -9.084639
v -1.713794 5.708150 -9.294045
v -1.879980 5.701725 -9.460231
v -2.089386 5.698543 -9.566928
v -2.321514 5.698915 -9.603694
v -2.553643 5.702804 -9.566928
v -2.763049 5.709828 -9.460231
v -2.929234 5.719304 -9.294045
v -3.035932 5.730301 -9.084639
v -3.072698 5.741742 -8.852510
v -3.035932 5.752509 -8.620382
v -2.929234 5.761547 -8.410976
v -2.763049 5.767972 -8.244791
v -2.553643 5.771155 -8.138093
v -2.321514 5.770783 -8.101327
v -2.089386 5.766894 -8.138093
v -1.879980 5.759868 -8.244791
v -1.713794 5.750392 -8.410976
v -1.607097 5.739396 -8.620382
v -1.570331 5.727954 -8.852510
v -1.713794 4.645750 -9.294045
v -1.879980 4.632196 -9.460231
v -2.089386 4.623267 -9.566928
v -2.321514 4.619836 -9.603694
v -2.553643 4.622239 -9.566928
v -2.763049 4.630239 -9.460231
v -2.929234 4.643057 -9.294045
v -3.035932 4.659433 -9.084639
v -5.965253 6.355543 -9.257457
v -5.945035 6.349252 -9.385106
v -5.965253 6.583486 -9.257457
v -5.945035 6.579453 -9.385106
v -0.948553 0.033174 -7.854997
v -0.707502 0.033174 -8.328087
v -1.323999 0.033174 -7.479551
v -1.797089 0.033174 -7.238498
v -2.321514 0.033174 -7.155436
v -2.845938 0.033174 -7.238498
v -3.319029 0.033174 -7.479551
v -3.694475 0.033174 -7.854997
v -3.935527 0.033174 -8.328087
v -4.018588 0.033174 -8.852510
v -3.935527 0.033174 -9.376935
v -3.694475 0.033174 -9.850027
v -3.319029 0.033174 -10.225473
v -2.845939 0.033174 -10.466523
v -2.321514 0.033174 -10.549585
v -1.797089 0.033174 -10.466523
v -1.323999 0.033174 -10.225473
v -0.948552 0.033174 -9.850027
v -0.707500 0.033174 -9.376935
v -0.624440 0.033174 -8.852510
v -1.555172 7.287829 -9.101511
v -1.515735 7.291187 -8.852510
v -1.555173 7.294395 -8.603513
v -1.669626 7.297137 -8.378887
v -1.847889 7.299145 -8.200623
v -2.072515 7.300223 -8.086171
v -2.321514 7.300265 -8.046731
v -2.570514 7.299268 -8.086171
v -2.795139 7.297327 -8.200623
v -2.973403 7.294635 -8.378887
v -3.087856 7.291453 -8.603513
v -3.127294 7.288095 -8.852510
v -3.087856 7.284887 -9.101511
v -2.973403 7.282146 -9.326138
v -2.795139 7.280138 -9.504401
v -2.570514 7.279059 -9.618852
v -2.321514 7.279017 -9.658291
v -2.072515 7.280015 -9.618852
v -1.847889 7.281955 -9.504401
v -1.669625 7.284648 -9.326138
v -1.567588 7.017120 -9.097477
v -1.528789 7.021512 -8.852510
v -1.567588 7.025706 -8.607546
v -1.680187 7.029291 -8.386559
v -1.855562 7.031916 -8.211184
v -2.076549 7.033327 -8.098586
v -2.321514 7.033382 -8.059785
v -2.566480 7.032077 -8.098586
v -2.787467 7.029540 -8.211184
v -2.962842 7.026019 -8.386559
v -3.075441 7.021860 -8.607546
v -3.114240 7.017467 -8.852510
v -3.075441 7.013274 -9.097477
v -2.962842 7.009689 -9.318464
v -2.787467 7.007064 -9.493840
v -2.566480 7.005653 -9.606437
v -2.321514 7.005599 -9.645237
v -2.076549 7.006903 -9.606437
v -1.855562 7.009440 -9.493840
v -1.680186 7.012960 -9.318464
v 1.158973 8.152322 -8.949917
v 1.271571 8.156482 -8.728930
v 1.169534 8.424009 -8.957590
v 1.283987 8.427190 -8.732964
v -5.508811 6.898520 -10.082510
v -4.673907 7.505113 -9.444700
v -5.827715 7.880008 -9.444700
v -6.540809 6.898520 -9.444700
v -5.827715 5.917031 -9.444700
v -4.673907 6.291926 -9.444700
v -4.476812 6.898520 -8.412703
v -5.189906 7.880008 -8.412703
v -6.343715 7.505113 -8.412703
v -6.343714 6.291926 -8.412703
v -5.189905 5.917031 -8.412703
v -5.508811 6.898520 -7.774893
v -2.285340 11.599631 -10.907216
v -0.775857 12.696335 -9.754074
v -2.861911 13.374135 -9.754074
v -4.151163 11.599631 -9.754074
v -2.861911 9.825129 -9.754074
v -0.775857 10.502928 -9.754074
v -0.419516 11.599631 -7.888250
v -1.708769 13.374134 -7.888251
v -3.794822 12.696335 -7.888250
v -3.794822 10.502928 -7.888251
v -1.708768 9.825129 -7.888251
v -2.285340 11.599631 -6.735108
vt 0.648603 0.107966
vt 0.626409 0.064408
vt 0.591842 0.029841
vt 0.548284 0.007647
vt 0.500000 -0.000000
vt 0.451716 0.007647
vt 0.408159 0.029841
vt 0.373591 0.064409
vt 0.351397 0.107966
vt 0.343750 0.156250
vt 0.351397 0.204534
vt 0.373591 0.248091
vt 0.408159 0.282659
vt 0.451716 0.304853
vt 0.500000 0.312500
vt 0.548284 0.304853
vt 0.591841 0.282659
vt 0.626409 0.248091
vt 0.648603 0.204534
vt 0.656250 0.156250
vt 0.375000 0.312500
vt 0.387500 0.312500
vt 0.400000 0.312500
vt 0.412500 0.312500
vt 0.425000 0.312500
vt 0.437500 0.312500
vt 0.450000 0.312500
vt 0.462500 0.312500
vt 0.475000 0.312500
vt 0.487500 0.312500
vt 0.500000 0.312500
vt 0.512500 0.312500
vt 0.525000 0.312500
vt 0.537500 0.312500
vt 0.550000 0.312500
vt 0.562500 0.312500
vt 0.575000 0.312500
vt 0.587500 0.312500
vt 0.600000 0.312500
vt 0.612500 0.312500
vt 0.625000 0.312500
vt 0.375000 0.687500
vt 0.387500 0.687500
vt 0.400000 0.687500
vt 0.412500 0.687500
vt 0.425000 0.687500
vt 0.437500 0.687500
vt 0.450000 0.687500
vt 0.462500 0.687500
vt 0.475000 0.687500
vt 0.487500 0.687500
vt 0.500000 0.687500
vt 0.512500 0.687500
vt 0.525000 0.687500
vt 0.537500 0.687500
vt 0.550000 0.687500
vt 0.562500 0.687500
vt 0.575000 0.687500
vt 0.587500 0.687500
vt 0.600000 0.687500
vt 0.612500 0.687500
vt 0.625000 0.687500
vt 0.648603 0.795466
vt 0.626409 0.751908
vt 0.591842 0.717341
vt 0.548284 0.695147
vt 0.500000 0.687500
vt 0.451716 0.695147
vt 0.408159 0.717341
vt 0.373591 0.751909
vt 0.351397 0.795466
vt 0.343750 0.843750
vt 0.351397 0.892034
vt 0.373591 0.935591
vt 0.408159 0.970159
vt 0.451716 0.992353
vt 0.500000 1.000000
vt 0.548284 0.992353
vt 0.591841 0.970159
vt 0.626409 0.935591
vt 0.648603 0.892034
vt 0.656250 0.843750
vt 0.625000 0.579843
vt 0.375000 0.579843
vt 0.387500 0.579454
vt 0.400000 0.579125
vt 0.412500 0.578888
vt 0.425000 0.578766
vt 0.437500 0.578771
vt 0.450000 0.578903
vt 0.462500 0.579148
vt 0.475000 0.579484
vt 0.487500 0.579876
vt 0.500000 0.580287
vt 0.512500 0.580676
vt 0.525000 0.581005
vt 0.537500 0.581242
vt 0.550000 0.581364
vt 0.562500 0.581359
vt 0.575000 0.581227
vt 0.587500 0.580982
vt 0.600000 0.580646
vt 0.612500 0.580254
vt 0.625000 0.556387
vt 0.375000 0.556387
vt 0.387500 0.555904
vt 0.400000 0.555560
vt 0.412500 0.555390
vt 0.425000 0.555410
vt 0.437500 0.555618
vt 0.450000 0.555993
vt 0.462500 0.556500
vt 0.475000 0.557089
vt 0.487500 0.557701
vt 0.500000 0.558277
vt 0.512500 0.558760
vt 0.525000 0.559104
vt 0.537500 0.559274
vt 0.550000 0.559254
vt 0.562500 0.559046
vt 0.575000 0.558670
vt 0.587500 0.558164
vt 0.600000 0.557575
vt 0.612500 0.556963
vt 0.387500 0.499068
vt 0.400000 0.498343
vt 0.412500 0.497865
vt 0.425000 0.497681
vt 0.437500 0.497810
vt 0.450000 0.498238
vt 0.462500 0.498924
vt 0.475000 0.499800
vt 0.475000 0.557089
vt 0.487500 0.557701
vt 0.487500 0.579876
vt 0.475000 0.579484
vt 0.648603 0.204534
vt 0.626409 0.248091
vt 0.591841 0.282659
vt 0.548284 0.304853
vt 0.500000 0.312500
vt 0.451716 0.304853
vt 0.408159 0.282659
vt 0.373591 0.248091
vt 0.351397 0.204534
vt 0.343750 0.156250
vt 0.351397 0.107966
vt 0.373591 0.064409
vt 0.408159 0.029841
vt 0.451716 0.007647
vt 0.500000 -0.000000
vt 0.548284 0.007647
vt 0.591842 0.029841
vt 0.626409 0.064408
vt 0.648603 0.107966
vt 0.656250 0.156250
vt 0.625000 0.640413
vt 0.375000 0.640413
vt 0.612500 0.640592
vt 0.600000 0.640764
vt 0.587500 0.640911
vt 0.575000 0.641018
vt 0.562500 0.641076
vt 0.550000 0.641078
vt 0.537500 0.641025
vt 0.525000 0.640921
vt 0.512500 0.640777
vt 0.500000 0.640607
vt 0.487500 0.640427
vt 0.475000 0.640255
vt 0.462500 0.640109
vt 0.450000 0.640001
vt 0.437500 0.639943
vt 0.425000 0.639941
vt 0.412500 0.639995
vt 0.400000 0.640098
vt 0.387500 0.640242
vt 0.625000 0.625930
vt 0.375000 0.625930
vt 0.612500 0.626165
vt 0.600000 0.626390
vt 0.587500 0.626582
vt 0.575000 0.626722
vt 0.562500 0.626797
vt 0.550000 0.626800
vt 0.537500 0.626731
vt 0.525000 0.626595
vt 0.512500 0.626406
vt 0.500000 0.626184
vt 0.487500 0.625949
vt 0.475000 0.625725
vt 0.462500 0.625533
vt 0.450000 0.625392
vt 0.437500 0.625317
vt 0.425000 0.625314
vt 0.412500 0.625384
vt 0.400000 0.625520
vt 0.387500 0.625708
vt 0.375000 0.625930
vt 0.387500 0.625708
vt 0.387500 0.640242
vt 0.375000 0.640413
vt 1.000000 0.500000
vt 1.088104 0.823792
vt 0.838104 0.676208
vt 1.176208 0.500000
vt 1.088104 0.176208
vt 0.838104 0.323792
vt 0.588104 0.823792
vt 0.088104 0.823792
vt 0.176208 0.500000
vt 0.338104 0.676208
vt 0.088104 0.176208
vt 0.338104 0.323792
vt 0.588104 0.176208
vt 0.676208 0.500000
vt 0.500000 0.500000
vt 1.000000 0.500000
vt 1.088104 0.823792
vt 0.838104 0.676208
vt 1.176208 0.500000
vt 1.088104 0.176208
vt 0.838104 0.323792
vt 0.588104 0.823792
vt 0.088104 0.823792
vt 0.176208 0.500000
vt 0.338104 0.676208
vt 0.088104 0.176208
vt 0.338104 0.323792
vt 0.588104 0.176208
vt 0.676208 0.500000
vt 0.500000 0.500000
vn 0.922271 0.244320 -0.299539
vn 0.784490 0.244632 -0.569851
vn 0.809097 0.000000 -0.587675
vn 0.810678 0.000000 -0.585492
vn 0.952167 0.000000 -0.305577
vn 0.569937 0.244854 -0.784359
vn 0.587851 0.000000 -0.808969
vn 0.589218 0.000000 -0.807974
vn 0.299618 0.244963 -0.922075
vn 0.309040 0.000000 -0.951049
vn 0.309538 0.000000 -0.950887
vn -0.000023 0.244952 -0.969535
vn -0.000034 0.000000 -1.000000
vn -0.000731 -0.000000 -1.000000
vn -0.299672 0.244816 -0.922097
vn -0.309103 -0.000000 -0.951029
vn -0.310865 -0.000000 -0.950454
vn -0.570011 0.244574 -0.784392
vn -0.587899 -0.000000 -0.808935
vn -0.590190 0.000000 -0.807265
vn -0.784587 0.244247 -0.569883
vn -0.809124 -0.000000 -0.587639
vn -0.811202 -0.000000 -0.584766
vn -0.922383 0.243869 -0.299562
vn -0.951116 -0.000000 -0.308832
vn -0.950315 -0.000000 -0.311289
vn -0.969907 0.243478 0.000131
vn -0.987688 -0.000000 -0.156437
vn -0.922488 0.243110 0.299857
vn -0.949915 -0.000000 0.312508
vn -0.987688 -0.000000 0.156436
vn -0.784754 0.242802 0.570270
vn -0.807316 -0.000000 0.590119
vn -0.570182 0.242584 0.784885
vn -0.586316 -0.000000 0.810082
vn -0.299783 0.242476 0.922679
vn -0.308487 -0.000000 0.951228
vn -0.000024 0.242490 0.970154
vn -0.000748 0.000000 1.000000
vn 0.299727 0.242620 0.922659
vn 0.307138 -0.000000 0.951665
vn 0.570109 0.242860 0.784853
vn 0.585349 -0.000000 0.810781
vn 0.784660 0.243182 0.570238
vn 0.806817 -0.000000 0.590802
vn 0.922376 0.243558 0.299838
vn 0.947384 -0.000000 0.320098
vn 0.969788 0.243950 0.000133
vn 0.999996 0.000000 -0.002701
vn 0.000000 -1.000000 -0.000000
vn 0.000000 -1.000000 -0.000000
vn 0.000000 -1.000000 -0.000000
vn 0.000000 -1.000000 -0.000000
vn 0.000000 -1.000000 -0.000000
vn 0.000000 -1.000000 -0.000000
vn 0.000000 -1.000000 -0.000000
vn 0.000000 -1.000000 -0.000000
vn 0.000000 -1.000000 -0.000000
vn 0.000000 -1.000000 -0.000000
vn 0.000000 -1.000000 -0.000000
vn 0.000000 -1.000000 -0.000000
vn 0.000000 -1.000000 -0.000000
vn 0.000000 -1.000000 -0.000000
vn 0.000000 -1.000000 -0.000000
vn 0.000000 -1.000000 -0.000000
vn 0.000000 -1.000000 -0.000000
vn 0.000000 -1.000000 -0.000000
vn 0.000000 -1.000000 -0.000000
vn 0.000000 -1.000000 -0.000000
vn 0.000000 1.000000 -0.000000
vn 0.000000 1.000000 -0.000000
vn 0.000000 1.000000 -0.000000
vn 0.000000 1.000000 -0.000000
vn 0.000000 1.000000 -0.000000
vn 0.000000 1.000000 -0.000000
vn 0.000000 1.000000 -0.000000
vn 0.000000 1.000000 -0.000000
vn 0.000000 1.000000 -0.000000
vn 0.000000 1.000000 -0.000000
vn 0.000000 1.000000 -0.000000
vn 0.000000 1.000000 -0.000000
vn 0.000000 1.000000 -0.000000
vn 0.000000 1.000000 -0.000000
vn 0.000000 1.000000 -0.000000
vn 0.000000 1.000000 -0.000000
vn 0.000000 1.000000 -0.000000
vn 0.000000 1.000000 -0.000000
vn 0.000000 1.000000 -0.000000
vn 0.000000 1.000000 -0.000000
vn 0.950362 -0.032282 -0.309466
vn 0.808299 -0.032144 -0.587894
vn 0.477512 -0.043344 -0.877555
vn 0.957210 -0.048168 -0.285358
vn 0.587215 -0.032056 -0.808796
vn 0.588047 -0.047859 -0.807410
vn 0.308750 -0.032027 -0.950604
vn 0.309364 -0.047757 -0.949744
vn 0.000116 -0.032060 -0.999486
vn 0.000240 -0.047705 -0.998861
vn -0.308534 -0.032151 -0.950670
vn -0.308932 -0.047707 -0.949887
vn -0.587039 -0.032292 -0.808914
vn -0.587736 -0.047764 -0.807642
vn -0.808184 -0.032470 -0.588034
vn -0.808788 -0.047869 -0.586149
vn -0.940119 -0.038960 -0.338612
vn -0.950419 -0.048013 -0.307243
vn -0.998837 -0.038946 0.028439
vn -0.998837 -0.048183 0.001647
vn -0.950757 -0.033049 0.308171
vn -0.949435 -0.048362 0.310218
vn -0.808904 -0.033192 0.587003
vn -0.807194 -0.048533 0.588288
vn -0.587753 -0.033284 0.808355
vn -0.586143 -0.048678 0.808744
vn -0.308968 -0.033315 0.950489
vn -0.307948 -0.048783 0.950152
vn 0.000118 -0.033280 0.999446
vn 0.000241 -0.048838 0.998807
vn 0.309177 -0.033185 0.950426
vn 0.308383 -0.048835 0.950008
vn 0.587893 -0.033038 0.808264
vn 0.586455 -0.048776 0.808512
vn 0.808968 -0.032855 0.586934
vn 0.807355 -0.048668 0.588056
vn 0.940769 -0.038919 0.336808
vn 0.949473 -0.048520 0.310076
vn 0.998709 -0.038944 -0.032615
vn 0.998829 -0.048348 0.001650
vn -0.987688 0.000000 -0.156436
vn -0.987688 0.000000 -0.156436
vn -0.987688 0.000000 -0.156436
vn -0.987688 0.000000 -0.156436
vn 0.987688 -0.000000 0.156435
vn 0.987688 -0.000000 0.156435
vn 0.987688 -0.000000 0.156435
vn 0.987688 -0.000000 0.156435
vn -0.209565 -0.977680 0.014999
vn -0.209565 -0.977680 0.014999
vn -0.209565 -0.977680 0.014999
vn -0.209565 -0.977680 0.014999
vn -0.138644 0.000000 0.990342
vn -0.138644 0.000000 0.990342
vn -0.138644 0.000000 0.990342
vn -0.138644 0.000000 0.990342
vn 0.147200 0.989075 -0.007934
vn 0.147200 0.989075 -0.007934
vn 0.147200 0.989075 -0.007934
vn 0.147200 0.989075 -0.007934
vn 0.102739 0.000000 -0.994708
vn 0.102739 0.000000 -0.994708
vn 0.102739 0.000000 -0.994708
vn 0.102739 0.000000 -0.994708
vn 0.619266 0.643490 0.449923
vn 0.727991 0.643489 0.236539
vn 0.449923 0.643490 0.619266
vn 0.236541 0.643489 0.727990
vn 0.000000 0.643490 0.765455
vn -0.236541 0.643489 0.727990
vn -0.449923 0.643490 0.619266
vn -0.619265 0.643490 0.449924
vn -0.727991 0.643489 0.236539
vn -0.765455 0.643489 -0.000000
vn -0.727991 0.643489 -0.236538
vn -0.619266 0.643490 -0.449922
vn -0.449921 0.643490 -0.619267
vn -0.236538 0.643489 -0.727991
vn 0.000000 0.643490 -0.765455
vn 0.236538 0.643490 -0.727991
vn 0.449921 0.643490 -0.619267
vn 0.619266 0.643490 -0.449923
vn 0.727991 0.643489 -0.236538
vn 0.765455 0.643489 0.000001
vn 0.999878 -0.015615 -0.001083
vn 0.952456 -0.014361 -0.304338
vn 0.950978 -0.013000 -0.308987
vn 0.999915 -0.013013 0.000003
vn 0.951243 -0.015631 0.308046
vn 0.950975 -0.013025 0.308994
vn 0.809378 -0.015645 0.587080
vn 0.808947 -0.013036 0.587737
vn 0.588125 -0.015655 0.808619
vn 0.587733 -0.013044 0.808950
vn 0.309161 -0.015660 0.950881
vn 0.308996 -0.013048 0.950974
vn -0.000157 -0.015661 0.999877
vn 0.000001 -0.013048 0.999915
vn -0.309445 -0.015655 0.950789
vn -0.308994 -0.013044 0.950975
vn -0.588331 -0.015646 0.808469
vn -0.587733 -0.013037 0.808950
vn -0.809487 -0.015632 0.586929
vn -0.808947 -0.013026 0.587738
vn -0.951273 -0.015616 0.307954
vn -0.950975 -0.013014 0.308994
vn -0.999878 -0.015600 -0.001084
vn -0.999915 -0.013001 0.000002
vn -0.950637 -0.015584 -0.309913
vn -0.950977 -0.012988 -0.308989
vn -0.808458 -0.015570 -0.588348
vn -0.808950 -0.012978 -0.587735
vn -0.587298 -0.015560 -0.809221
vn -0.587733 -0.012970 -0.808951
vn -0.308803 -0.015555 -0.950999
vn -0.308991 -0.012966 -0.950977
vn -0.000157 -0.015555 -0.999879
vn 0.000001 -0.012966 -0.999916
vn 0.308517 -0.015560 -0.951092
vn 0.308991 -0.012970 -0.950977
vn 0.587090 -0.015569 -0.809372
vn 0.587732 -0.012977 -0.808952
vn 0.610755 -0.022795 -0.791492
vn 0.808950 -0.012988 -0.587734
vn 0.890318 -0.047489 -0.452856
vn 0.890318 -0.047489 -0.452856
vn 0.890318 -0.047489 -0.452856
vn 0.890318 -0.047489 -0.452856
vn 0.386377 -0.904638 -0.179843
vn 0.386377 -0.904638 -0.179843
vn 0.386377 -0.904638 -0.179843
vn 0.386377 -0.904638 -0.179843
vn 0.141850 -0.033455 -0.989323
vn 0.141850 -0.033455 -0.989323
vn -0.386559 0.903690 0.184165
vn -0.386559 0.903690 0.184165
vn -0.386559 0.903690 0.184165
vn -0.386559 0.903690 0.184165
vn -0.136998 0.021041 0.990348
vn -0.136998 0.021041 0.990348
vn -0.136998 0.021041 0.990348
vn -0.136998 0.021041 0.990348
vn 0.187593 0.577350 -0.794655
vn 0.187593 0.577350 -0.794655
vn 0.187593 0.577350 -0.794655
vn -0.491123 0.356821 -0.794655
vn -0.491123 0.356822 -0.794655
vn -0.491123 0.356822 -0.794655
vn -0.491124 -0.356822 -0.794654
vn -0.491124 -0.356822 -0.794654
vn -0.491124 -0.356822 -0.794654
vn 0.187593 -0.577350 -0.794654
vn 0.187593 -0.577350 -0.794654
vn 0.187593 -0.577350 -0.794654
vn 0.607062 0.000000 -0.794654
vn 0.607062 0.000000 -0.794654
vn 0.607062 0.000000 -0.794654
vn 0.303531 0.934172 -0.187592
vn 0.303531 0.934172 -0.187592
vn 0.303531 0.934172 -0.187592
vn -0.794655 0.577350 -0.187592
vn -0.794655 0.577350 -0.187592
vn -0.794655 0.577350 -0.187592
vn -0.794655 -0.577350 -0.187592
vn -0.794655 -0.577350 -0.187592
vn -0.794655 -0.577350 -0.187592
vn 0.303531 -0.934172 -0.187593
vn 0.303531 -0.934172 -0.187593
vn 0.303531 -0.934172 -0.187593
vn 0.982247 0.000000 -0.187593
vn 0.982247 0.000000 -0.187593
vn 0.982247 0.000000 -0.187593
vn 0.794654 0.577351 0.187593
vn 0.794654 0.577351 0.187593
vn 0.794654 0.577351 0.187593
vn -0.303531 0.934173 0.187592
vn -0.303531 0.934173 0.187592
vn -0.303531 0.934173 0.187592
vn -0.982247 -0.000001 0.187592
vn -0.982247 -0.000001 0.187592
vn -0.982247 -0.000001 0.187592
vn -0.303531 -0.934172 0.187593
vn -0.303531 -0.934172 0.187593
vn -0.303531 -0.934172 0.187593
vn 0.794654 -0.577350 0.187593
vn 0.794654 -0.577350 0.187593
vn 0.794654 -0.577350 0.187593
vn 0.491123 0.356822 0.794655
vn 0.491123 0.356822 0.794655
vn 0.491123 0.356822 0.794655
vn -0.187593 0.577350 0.794655
vn -0.187593 0.577350 0.794655
vn -0.187593 0.577350 0.794655
vn -0.607062 0.000000 0.794655
vn -0.607061 0.000000 0.794655
vn -0.607061 0.000000 0.794655
vn -0.187592 -0.577350 0.794655
vn -0.187592 -0.577350 0.794655
vn -0.187592 -0.577350 0.794655
vn 0.491123 -0.356822 0.794655
vn 0.491123 -0.356822 0.794655
vn 0.491123 -0.356822 0.794655
vn 0.187593 0.577350 -0.794655
vn 0.187593 0.577350 -0.794655
vn 0.187593 0.577350 -0.794655
vn -0.491123 0.356822 -0.794655
vn -0.491123 0.356822 -0.794655
vn -0.491123 0.356822 -0.794655
vn -0.491122 -0.356822 -0.794655
vn -0.491122 -0.356822 -0.794655
vn -0.491122 -0.356822 -0.794655
vn 0.187592 -0.577351 -0.794654
vn 0.187592 -0.577351 -0.794654
vn 0.187592 -0.577351 -0.794654
vn 0.607062 -0.000000 -0.794655
vn 0.607062 -0.000000 -0.794655
vn 0.607062 -0.000000 -0.794655
vn 0.303531 0.934173 -0.187591
vn 0.303531 0.934173 -0.187591
vn 0.303531 0.934173 -0.187591
vn -0.794655 0.577350 -0.187592
vn -0.794655 0.577350 -0.187592
vn -0.794655 0.577350 -0.187592
vn -0.794654 -0.577350 -0.187592
vn -0.794654 -0.577350 -0.187592
vn -0.794654 -0.577350 -0.187592
vn 0.303531 -0.934172 -0.187593
vn 0.303531 -0.934172 -0.187593
vn 0.303531 -0.934172 -0.187593
vn 0.982247 0.000000 -0.187593
vn 0.982247 0.000000 -0.187593
vn 0.982247 0.000000 -0.187593
vn 0.794654 0.577350 0.187592
vn 0.794654 0.577351 0.187592
vn 0.794654 0.577351 0.187592
vn -0.303531 0.934173 0.187591
vn -0.303531 0.934173 0.187591
vn -0.303531 0.934173 0.187591
vn -0.982247 -0.000000 0.187593
vn -0.982247 -0.000000 0.187593
vn -0.982247 -0.000000 0.187593
vn -0.303531 -0.934173 0.187592
vn -0.303531 -0.934173 0.187592
vn -0.303531 -0.934173 0.187592
vn 0.794655 -0.577350 0.187593
vn 0.794654 -0.577350 0.187593
vn 0.794654 -0.577350 0.187593
vn 0.491123 0.356822 0.794655
vn 0.491123 0.356822 0.794655
vn 0.491123 0.356822 0.794655
vn -0.187592 0.577350 0.794655
vn -0.187592 0.577350 0.794655
vn -0.187592 0.577350 0.794655
vn -0.607061 -0.000000 0.794655
vn -0.607061 -0.000000 0.794655
vn -0.607061 -0.000000 0.794655
vn -0.187592 -0.577350 0.794654
vn -0.187592 -0.577350 0.794654
vn -0.187592 -0.577350 0.794654
vn 0.491123 -0.356822 0.794655
vn 0.491123 -0.356822 0.794655
vn 0.491123 -0.356822 0.794655
s 1
g group19_pasted__pCylinder2
usemtl pasted__blinn12SG1
f 158/229/324 159/230/325 238/333/326 219/314/327 218/313/328
f 159/230/325 160/231/329 239/334/330 220/315/331 219/314/327 238/333/326
f 160/231/329 161/232/332 240/335/333 221/316/334 220/315/331 239/334/330
f 161/232/332 162/233/335 241/336/336 222/317/337 221/316/334 240/335/333
f 162/233/335 163/234/338 242/337/339 223/318/340 222/317/337 241/336/336
f 163/234/338 164/235/341 243/338/342 224/319/343 223/318/340 242/337/339
f 164/235/341 165/236/344 244/339/345 225/320/346 224/319/343 243/338/342
f 165/236/344 166/237/347 245/340/348 226/321/349 225/320/346 244/339/345
f 166/237/347 167/238/350 227/322/351 226/321/349 245/340/348
f 167/238/350 168/239/352 228/323/353 227/322/354
f 168/239/352 169/240/355 229/324/356 228/323/353
f 169/240/355 170/241/357 230/325/358 229/324/356
f 170/241/357 171/242/359 231/326/360 230/325/358
f 171/242/359 172/243/361 232/327/362 231/326/360
f 172/243/361 173/244/363 233/328/364 232/327/362
f 173/244/363 174/245/365 234/329/366 233/328/364
f 174/245/365 175/246/367 235/330/368 234/329/366
f 175/246/367 176/247/369 236/331/370 235/330/368
f 176/247/369 177/248/371 237/332/372 236/331/370
f 177/248/371 158/249/324 218/312/328 237/332/372
s off
f 251/345/373 250/346/374 252/347/375 253/348/376 254/349/377 255/350/378 256/351/379 257/352/380 258/353/381 259/354/382 260/355/383 261/356/384 262/357/385 263/358/386 264/359/387 265/360/388 266/361/389 267/362/390 268/363/391 269/364/392
f 197/290/393 178/289/394 179/288/395 180/287/396 181/286/397 182/285/398 183/284/399 184/283/400 185/282/401 186/281/402 187/280/403 188/279/404 189/278/405 190/277/406 191/276/407 192/275/408 193/274/409 194/273/410 195/272/411 196/271/412
s 1
f 198/292/413 199/293/414 309/406/415 290/387/416
f 199/293/414 200/294/417 308/405/418 309/406/415
f 200/294/417 201/295/419 307/404/420 308/405/418
f 201/295/419 202/296/421 306/403/422 307/404/420
f 202/296/421 203/297/423 305/402/424 306/403/422
f 203/297/423 204/298/425 304/401/426 305/402/424
f 204/298/425 205/299/427 303/400/428 304/401/426
f 205/299/427 206/300/429 302/399/430 303/400/428
f 206/300/429 207/301/431 301/398/432 302/399/430
f 207/301/431 208/302/433 300/397/434 301/398/432
f 208/302/433 209/303/435 299/396/436 300/397/434
f 209/303/435 210/304/437 298/395/438 299/396/436
f 210/304/437 211/305/439 297/394/440 298/395/438
f 211/305/439 212/306/441 296/393/442 297/394/440
f 212/306/441 213/307/443 295/392/444 296/393/442
f 213/307/443 214/308/445 294/391/446 295/392/444
f 214/308/445 215/309/447 293/390/448 294/391/446
f 215/309/447 216/310/449 292/389/450 293/390/448
f 216/310/449 217/311/451 291/388/452 292/389/450
f 217/311/451 198/291/413 290/386/416 291/388/452
f 218/313/328 219/314/327 199/293/414 198/292/413
f 219/314/327 220/315/331 200/294/417 199/293/414
f 220/315/331 221/316/334 201/295/419 200/294/417
f 221/316/334 222/317/337 202/296/421 201/295/419
f 222/317/337 223/318/340 203/297/423 202/296/421
f 223/318/340 224/319/343 204/298/425 203/297/423
f 224/319/343 225/320/346 205/299/427 204/298/425
f 225/320/346 226/321/349 206/300/429 205/299/427
s off
f 247/341/453 246/342/454 248/343/455 249/344/456
s 1
f 227/322/354 228/323/353 208/302/433 207/301/431
f 228/323/353 229/324/356 209/303/435 208/302/433
f 229/324/356 230/325/358 210/304/437 209/303/435
f 230/325/358 231/326/360 211/305/439 210/304/437
f 231/326/360 232/327/362 212/306/441 211/305/439
f 232/327/362 233/328/364 213/307/443 212/306/441
f 233/328/364 234/329/366 214/308/445 213/307/443
f 234/329/366 235/330/368 215/309/447 214/308/445
f 235/330/368 236/331/370 216/310/449 215/309/447
f 237/332/372 218/312/328 198/291/413 217/311/451
s off
f 216/310/457 236/331/458 237/332/459 217/311/460
f 226/321/461 227/322/462 246/342/463 247/341/464
f 227/322/465 207/301/466 248/343/467 246/342/468
f 207/301/469 206/300/470 249/344/471 248/343/472
f 206/300/473 226/321/474 247/341/475 249/344/476
s 1
f 176/227/369 175/226/367 250/346/477 251/345/478
f 175/226/367 174/225/365 252/347/479 250/346/477
f 174/225/365 173/224/363 253/348/480 252/347/479
f 173/224/363 172/223/361 254/349/481 253/348/480
f 172/223/361 171/222/359 255/350/482 254/349/481
f 171/222/359 170/221/357 256/351/483 255/350/482
f 170/221/357 169/220/355 257/352/484 256/351/483
f 169/220/355 168/219/352 258/353/485 257/352/484
f 168/219/352 167/218/350 259/354/486 258/353/485
f 167/218/350 166/217/347 260/355/487 259/354/486
f 166/217/347 165/216/344 261/356/488 260/355/487
f 165/216/344 164/215/341 262/357/489 261/356/488
f 164/215/341 163/214/338 263/358/490 262/357/489
f 163/214/338 162/213/335 264/359/491 263/358/490
f 162/213/335 161/212/332 265/360/492 264/359/491
f 161/212/332 160/211/329 266/361/493 265/360/492
f 160/211/329 159/210/325 267/362/494 266/361/493
f 159/210/325 158/209/324 268/363/495 267/362/494
f 158/209/324 177/228/371 269/364/496 268/363/495
f 177/228/371 176/227/369 251/345/478 269/364/496
f 271/367/497 270/365/498 178/270/499 197/269/500
f 272/368/501 271/367/497 197/269/500 196/268/502
f 273/369/503 272/368/501 196/268/502 195/267/504
f 274/370/505 273/369/503 195/267/504 194/266/506
f 275/371/507 274/370/505 194/266/506 193/265/508
f 276/372/509 275/371/507 193/265/508 192/264/510
f 277/373/511 276/372/509 192/264/510 191/263/512
f 278/374/513 277/373/511 191/263/512 190/262/514
f 279/375/515 278/374/513 190/262/514 189/261/516
f 280/376/517 279/375/515 189/261/516 188/260/518
f 281/377/519 280/376/517 188/260/518 187/259/520
f 282/378/521 281/377/519 187/259/520 186/258/522
f 283/379/523 282/378/521 186/258/522 185/257/524
f 284/380/525 283/379/523 185/257/524 184/256/526
f 285/381/527 284/380/525 184/256/526 183/255/528
f 286/382/529 285/381/527 183/255/528 182/254/530
f 287/383/531 286/382/529 182/254/530 181/253/532
f 288/384/533 287/383/531 181/253/532 180/252/534
f 289/385/535 288/384/533 180/252/534 179/251/536
f 270/366/498 289/385/535 179/251/536 178/250/499
f 291/388/452 290/386/416 270/365/498 271/367/497
f 292/389/450 291/388/452 271/367/497 272/368/501
f 293/390/448 292/389/450 272/368/501 273/369/503
f 294/391/446 293/390/448 273/369/503 274/370/505
f 295/392/444 294/391/446 274/370/505 275/371/507
f 296/393/442 295/392/444 275/371/507 276/372/509
f 297/394/440 296/393/442 276/372/509 277/373/511
f 298/395/438 297/394/440 277/373/511 278/374/513
f 299/396/436 298/395/438 278/374/513 279/375/515
f 300/397/434 299/396/436 279/375/515 280/376/517
f 301/398/432 300/397/434 280/376/517 281/377/519
f 302/399/430 301/398/432 281/377/519 282/378/521
f 303/400/428 302/399/430 282/378/521 283/379/523
f 304/401/426 303/400/428 283/379/523 284/380/525
f 305/402/424 304/401/426 284/380/525 285/381/527
f 306/403/422 305/402/424 285/381/527 286/382/529
f 307/404/420 306/403/422 286/382/529 287/383/531
f 308/405/418 307/404/420 287/383/531 288/384/533
f 309/406/415 308/405/418 288/384/533 289/385/535
s off
f 311/407/537 310/408/538 312/409/539 313/410/540
f 290/387/541 309/406/542 310/408/543 311/407/544
s 1
f 309/406/415 289/385/535 312/409/545 310/408/546
s off
f 289/385/547 270/366/548 313/410/549 312/409/550
f 270/366/551 290/387/552 311/407/553 313/410/554
usemtl blinn15SG
f 314/411/555 316/412/556 315/413/557
f 314/411/558 317/414/559 316/412/560
f 314/411/561 318/415/562 317/414/563
f 314/411/564 319/416/565 318/415/566
f 314/411/567 315/413/568 319/416/569
f 315/413/570 316/412/571 321/417/572
f 316/418/573 317/419/574 322/420/575
f 317/419/576 318/421/577 323/422/578
f 318/415/579 319/416/580 324/423/581
f 319/416/582 315/413/583 320/424/584
f 315/413/585 321/417/586 320/424/587
f 316/418/588 322/420/589 321/417/590
f 317/419/591 323/422/592 322/420/593
f 318/421/594 324/423/595 323/422/596
f 319/416/597 320/424/598 324/423/599
f 320/424/600 321/417/601 325/425/602
f 321/417/603 322/420/604 325/425/605
f 322/420/606 323/422/607 325/425/608
f 323/422/609 324/423/610 325/425/611
f 324/423/612 320/424/613 325/425/614
usemtl blinn16SG
f 326/426/615 328/427/616 327/428/617
f 326/426/618 329/429/619 328/427/620
f 326/426/621 330/430/622 329/429/623
f 326/426/624 331/431/625 330/430/626
f 326/426/627 327/428/628 331/431/629
f 327/428/630 328/427/631 333/432/632
f 328/433/633 329/434/634 334/435/635
f 329/434/636 330/436/637 335/437/638
f 330/430/639 331/431/640 336/438/641
f 331/431/642 327/428/643 332/439/644
f 327/428/645 333/432/646 332/439/647
f 328/433/648 334/435/649 333/432/650
f 329/434/651 335/437/652 334/435/653
f 330/436/654 336/438/655 335/437/656
f 331/431/657 332/439/658 336/438/659
f 332/439/660 333/432/661 337/440/662
f 333/432/663 334/435/664 337/440/665
f 334/435/666 335/437/667 337/440/668
f 335/437/669 336/438/670 337/440/671
f 336/438/672 332/439/673 337/440/674
g default
v 3.229731 1.291952 -9.945374
v 3.123032 1.291952 -10.154780
v 2.956847 1.291952 -10.320967
v 2.747440 1.291952 -10.427662
v 2.515314 1.291952 -10.464430
v 2.283184 1.291952 -10.427662
v 2.073779 1.291952 -10.320967
v 1.907592 1.291952 -10.154780
v 1.800896 1.291952 -9.945374
v 1.764128 1.291952 -9.713245
v 1.800896 1.291952 -9.481117
v 1.907592 1.291952 -9.271711
v 2.073779 1.291952 -9.105526
v 2.283183 1.291952 -8.998829
v 2.515314 1.291952 -8.962061
v 2.747440 1.291952 -8.998829
v 2.956847 1.291952 -9.105526
v 3.123032 1.291952 -9.271711
v 3.229731 1.291952 -9.481117
v 3.266496 1.291952 -9.713245
v 3.322021 8.301612 -9.975363
v 3.201539 8.301612 -10.211821
v 3.013886 8.301612 -10.399474
v 2.777428 8.301612 -10.519953
v 2.515314 8.301612 -10.561470
v 2.253196 8.301612 -10.519953
v 2.016740 8.301612 -10.399474
v 1.829085 8.301612 -10.211821
v 1.708605 8.301612 -9.975363
v 1.667089 8.301612 -9.713245
v 1.708605 8.301612 -9.451132
v 1.829085 8.301612 -9.214674
v 2.016740 8.301612 -9.027020
v 2.253196 8.301612 -8.906541
v 2.515314 8.301612 -8.865022
v 2.777426 8.301612 -8.906541
v 3.013886 8.301612 -9.027020
v 3.201539 8.301612 -9.214674
v 3.322019 8.301612 -9.451132
v 3.363535 8.301612 -9.713245
v 3.229731 6.289246 -9.945374
v 3.123032 6.281972 -10.154780
v 2.956847 6.275816 -10.320966
v 2.747440 6.271380 -10.427663
v 2.515314 6.269100 -10.464429
v 2.283183 6.269196 -10.427663
v 2.073779 6.271661 -10.320966
v 1.907592 6.276252 -10.154780
v 1.800895 6.282521 -9.945374
v 1.764128 6.289854 -9.713245
v 1.800895 6.297533 -9.481117
v 1.907592 6.304806 -9.271711
v 2.073779 6.310963 -9.105526
v 2.283183 6.315398 -8.998828
v 2.515314 6.317679 -8.962062
v 2.747440 6.317584 -8.998828
v 2.956847 6.315118 -9.105526
v 3.123032 6.310527 -9.271711
v 3.229731 6.304258 -9.481117
v 3.266496 6.296925 -9.713245
v 3.229731 5.850793 -9.945374
v 3.123032 5.841756 -10.154780
v 2.956847 5.835331 -10.320966
v 2.747440 5.832149 -10.427663
v 2.515314 5.832520 -10.464429
v 2.283183 5.836410 -10.427663
v 2.073779 5.843434 -10.320966
v 1.907592 5.852910 -10.154780
v 1.800895 5.863907 -9.945374
v 1.764128 5.875348 -9.713245
v 1.800895 5.886115 -9.481117
v 1.907592 5.895153 -9.271711
v 2.073779 5.901577 -9.105526
v 2.283183 5.904761 -8.998828
v 2.515314 5.904389 -8.962062
v 2.747440 5.900500 -8.998828
v 2.956847 5.893474 -9.105526
v 3.123032 5.883998 -9.271711
v 3.229731 5.873002 -9.481117
v 3.266496 5.861560 -9.713245
v 3.123032 4.779356 -10.154780
v 2.956847 4.765803 -10.320966
v 2.747440 4.756873 -10.427663
v 2.515314 4.753442 -10.464429
v 2.283183 4.755845 -10.427663
v 2.073779 4.763845 -10.320966
v 1.907592 4.776663 -10.154780
v 1.800895 4.793039 -9.945374
v 3.888273 0.166780 -8.715732
v 4.129325 0.166780 -9.188822
v 3.512828 0.166780 -8.340285
v 3.039736 0.166780 -8.099233
v 2.515314 0.166780 -8.016171
v 1.990889 0.166780 -8.099233
v 1.517798 0.166780 -8.340285
v 1.142351 0.166780 -8.715732
v 0.901300 0.166780 -9.188822
v 0.818238 0.166780 -9.713245
v 0.901300 0.166780 -10.237670
v 1.142351 0.166780 -10.710762
v 1.517798 0.166780 -11.086208
v 1.990889 0.166780 -11.327258
v 2.515314 0.166780 -11.410320
v 3.039736 0.166780 -11.327258
v 3.512828 0.166780 -11.086208
v 3.888273 0.166780 -10.710762
v 4.129328 0.166780 -10.237670
v 4.212386 0.166780 -9.713245
v 5.586021 7.126079 -10.231210
v 5.595790 7.128939 -10.169531
v 5.586021 7.242579 -10.231210
v 5.595790 7.244620 -10.169531
v 3.123032 5.409571 -10.154780
v 2.956847 5.400249 -10.320966
v 2.747440 5.394939 -10.427663
v 2.515314 5.394161 -10.464429
v 2.283183 5.397990 -10.427663
v 2.073779 5.406052 -10.320966
v 1.907592 5.417558 -10.154780
v 1.800895 5.431380 -9.945374
v 3.229731 5.421991 -9.945374
v 1.764128 5.446168 -9.713245
v 1.800895 5.460471 -9.481117
v 1.907592 5.472892 -9.271711
v 2.073779 5.482214 -9.105526
v 2.283183 5.487523 -8.998828
v 2.515314 5.488301 -8.962062
v 2.747440 5.484472 -8.998828
v 2.956847 5.476410 -9.105526
v 3.123032 5.464905 -9.271711
v 3.229731 5.451082 -9.481117
v 3.266496 5.436294 -9.713245
v 1.764128 5.640619 -9.713245
v -1.066122 5.559839 -10.161524
v -1.029356 5.545052 -10.393652
v -1.066122 5.754290 -10.161524
v -1.066122 5.989019 -10.161524
v -1.029356 5.977578 -10.393652
v -2.258458 5.392090 -10.188996
v -2.221692 5.377302 -10.421124
v -2.258458 5.586541 -10.188996
v -2.258458 5.821270 -10.188996
v -2.221692 5.809829 -10.421124
v 2.479910 9.228334 -11.703294
v 3.989392 10.325038 -10.550152
v 1.903338 11.002838 -10.550152
v 0.614086 9.228334 -10.550152
v 1.903338 7.453831 -10.550152
v 3.989392 8.131631 -10.550152
v 4.345733 9.228334 -8.684328
v 3.056481 11.002838 -8.684328
v 0.970427 10.325038 -8.684328
v 0.970427 8.131631 -8.684328
v 3.056481 7.453831 -8.684328
v 2.479910 9.228334 -7.531186
vt 0.648603 0.107966
vt 0.626409 0.064408
vt 0.591842 0.029841
vt 0.548284 0.007647
vt 0.500000 -0.000000
vt 0.451716 0.007647
vt 0.408159 0.029841
vt 0.373591 0.064409
vt 0.351397 0.107966
vt 0.343750 0.156250
vt 0.351397 0.204534
vt 0.373591 0.248091
vt 0.408159 0.282659
vt 0.451716 0.304853
vt 0.500000 0.312500
vt 0.548284 0.304853
vt 0.591841 0.282659
vt 0.626409 0.248091
vt 0.648603 0.204534
vt 0.656250 0.156250
vt 0.375000 0.312500
vt 0.387500 0.312500
vt 0.400000 0.312500
vt 0.412500 0.312500
vt 0.425000 0.312500
vt 0.437500 0.312500
vt 0.450000 0.312500
vt 0.462500 0.312500
vt 0.475000 0.312500
vt 0.487500 0.312500
vt 0.500000 0.312500
vt 0.512500 0.312500
vt 0.525000 0.312500
vt 0.537500 0.312500
vt 0.550000 0.312500
vt 0.562500 0.312500
vt 0.575000 0.312500
vt 0.587500 0.312500
vt 0.600000 0.312500
vt 0.612500 0.312500
vt 0.625000 0.312500
vt 0.375000 0.687500
vt 0.387500 0.687500
vt 0.400000 0.687500
vt 0.412500 0.687500
vt 0.425000 0.687500
vt 0.437500 0.687500
vt 0.450000 0.687500
vt 0.462500 0.687500
vt 0.475000 0.687500
vt 0.487500 0.687500
vt 0.500000 0.687500
vt 0.512500 0.687500
vt 0.525000 0.687500
vt 0.537500 0.687500
vt 0.550000 0.687500
vt 0.562500 0.687500
vt 0.575000 0.687500
vt 0.587500 0.687500
vt 0.600000 0.687500
vt 0.612500 0.687500
vt 0.625000 0.687500
vt 0.648603 0.795466
vt 0.626409 0.751908
vt 0.591842 0.717341
vt 0.548284 0.695147
vt 0.500000 0.687500
vt 0.451716 0.695147
vt 0.408159 0.717341
vt 0.373591 0.751909
vt 0.351397 0.795466
vt 0.343750 0.843750
vt 0.351397 0.892034
vt 0.373591 0.935591
vt 0.408159 0.970159
vt 0.451716 0.992353
vt 0.500000 1.000000
vt 0.548284 0.992353
vt 0.591841 0.970159
vt 0.626409 0.935591
vt 0.648603 0.892034
vt 0.656250 0.843750
vt 0.625000 0.579843
vt 0.375000 0.579843
vt 0.387500 0.579454
vt 0.400000 0.579125
vt 0.412500 0.578888
vt 0.425000 0.578766
vt 0.437500 0.578771
vt 0.450000 0.578903
vt 0.462500 0.579148
vt 0.475000 0.579484
vt 0.487500 0.579876
vt 0.500000 0.580287
vt 0.512500 0.580676
vt 0.525000 0.581005
vt 0.537500 0.581242
vt 0.550000 0.581364
vt 0.562500 0.581359
vt 0.575000 0.581227
vt 0.587500 0.580982
vt 0.600000 0.580646
vt 0.612500 0.580254
vt 0.625000 0.556387
vt 0.375000 0.556387
vt 0.387500 0.555904
vt 0.400000 0.555560
vt 0.412500 0.555390
vt 0.425000 0.555410
vt 0.437500 0.555618
vt 0.450000 0.555993
vt 0.462500 0.556500
vt 0.475000 0.557089
vt 0.487500 0.557701
vt 0.500000 0.558277
vt 0.512500 0.558760
vt 0.525000 0.559104
vt 0.537500 0.559274
vt 0.550000 0.559254
vt 0.562500 0.559046
vt 0.575000 0.558670
vt 0.587500 0.558164
vt 0.600000 0.557575
vt 0.612500 0.556963
vt 0.387500 0.499068
vt 0.400000 0.498343
vt 0.412500 0.497865
vt 0.425000 0.497681
vt 0.437500 0.497810
vt 0.450000 0.498238
vt 0.462500 0.498924
vt 0.475000 0.499800
vt 0.648603 0.204534
vt 0.626409 0.248091
vt 0.591841 0.282659
vt 0.548284 0.304853
vt 0.500000 0.312500
vt 0.451716 0.304853
vt 0.408159 0.282659
vt 0.373591 0.248091
vt 0.351397 0.204534
vt 0.343750 0.156250
vt 0.351397 0.107966
vt 0.373591 0.064409
vt 0.408159 0.029841
vt 0.451716 0.007647
vt 0.500000 -0.000000
vt 0.548284 0.007647
vt 0.591842 0.029841
vt 0.626409 0.064408
vt 0.648603 0.107966
vt 0.656250 0.156250
vt 0.612500 0.556963
vt 0.625000 0.556387
vt 0.625000 0.579843
vt 0.612500 0.580254
vt 0.387500 0.532783
vt 0.400000 0.532284
vt 0.412500 0.532000
vt 0.425000 0.531958
vt 0.437500 0.532163
vt 0.450000 0.532595
vt 0.462500 0.533210
vt 0.475000 0.533949
vt 0.625000 0.533447
vt 0.375000 0.533447
vt 0.487500 0.534741
vt 0.500000 0.535506
vt 0.512500 0.536170
vt 0.525000 0.536669
vt 0.537500 0.536953
vt 0.550000 0.536995
vt 0.562500 0.536790
vt 0.575000 0.536358
vt 0.587500 0.535743
vt 0.600000 0.535004
vt 0.612500 0.534212
vt 0.487500 0.545143
vt 0.475000 0.533949
vt 0.487500 0.534741
vt 0.487500 0.545143
vt 0.487500 0.557701
vt 0.475000 0.557089
vt 0.475000 0.533949
vt 0.487500 0.534741
vt 0.487500 0.545143
vt 0.487500 0.557701
vt 0.475000 0.557089
vt 1.000000 0.500000
vt 1.088104 0.823792
vt 0.838104 0.676208
vt 1.176208 0.500000
vt 1.088104 0.176208
vt 0.838104 0.323792
vt 0.588104 0.823792
vt 0.088104 0.823792
vt 0.176208 0.500000
vt 0.338104 0.676208
vt 0.088104 0.176208
vt 0.338104 0.323792
vt 0.588104 0.176208
vt 0.676208 0.500000
vt 0.500000 0.500000
vn 0.918294 0.260413 -0.298196
vn 0.781079 0.260897 -0.567317
vn 0.809141 0.000000 -0.587615
vn 0.811303 0.000000 -0.584626
vn 0.952532 0.000000 -0.304439
vn 0.567442 0.261263 -0.780866
vn 0.587896 0.000000 -0.808937
vn 0.589891 0.000000 -0.807483
vn 0.298303 0.261470 -0.917959
vn 0.309072 -0.000000 -0.951039
vn 0.310038 -0.000000 -0.950724
vn -0.000021 0.261501 -0.965203
vn -0.000032 -0.000000 -1.000000
vn -0.000565 -0.000000 -1.000000
vn -0.298349 0.261350 -0.917979
vn -0.309127 -0.000000 -0.951021
vn -0.311056 -0.000000 -0.950392
vn -0.567503 0.261036 -0.780897
vn -0.587934 -0.000000 -0.808909
vn -0.590627 -0.000000 -0.806945
vn -0.781160 0.260586 -0.567348
vn -0.809160 0.000000 -0.587588
vn -0.811689 0.000000 -0.584090
vn -0.918392 0.260047 -0.298216
vn -0.951141 -0.000000 -0.308758
vn -0.950408 -0.000000 -0.311007
vn -0.965750 0.259475 0.000182
vn -0.987687 -0.000000 -0.156442
vn -0.918572 0.258922 0.298639
vn -0.987687 -0.000000 0.156442
vn -0.987687 -0.000000 0.156442
vn -0.781452 0.258445 0.567926
vn -0.806689 -0.000000 0.590977
vn -0.891008 -0.000000 0.453987
vn -0.567798 0.258088 0.781663
vn -0.585631 -0.000000 0.810578
vn -0.298531 0.257885 0.918899
vn -0.307975 -0.000000 0.951395
vn -0.000019 0.257856 0.966183
vn -0.000576 0.000000 1.000000
vn 0.298488 0.258001 0.918880
vn 0.306935 -0.000000 0.951731
vn 0.567738 0.258310 0.781633
vn 0.584878 -0.000000 0.811121
vn 0.781372 0.258751 0.567896
vn 0.806290 0.000000 0.591520
vn 0.918476 0.259285 0.298621
vn 0.949436 0.000000 0.313959
vn 0.965647 0.259857 0.000183
vn 0.999986 0.000000 0.005262
vn 0.000000 -1.000000 -0.000000
vn 0.000000 -1.000000 -0.000000
vn 0.000000 -1.000000 -0.000000
vn 0.000000 -1.000000 -0.000000
vn 0.000000 -1.000000 -0.000000
vn 0.000000 -1.000000 -0.000000
vn 0.000000 -1.000000 -0.000000
vn 0.000000 -1.000000 -0.000000
vn 0.000000 -1.000000 -0.000000
vn 0.000000 -1.000000 -0.000000
vn 0.000000 -1.000000 -0.000000
vn 0.000000 -1.000000 -0.000000
vn 0.000000 -1.000000 -0.000000
vn 0.000000 -1.000000 -0.000000
vn 0.000000 -1.000000 -0.000000
vn 0.000000 -1.000000 -0.000000
vn 0.000000 -1.000000 -0.000000
vn 0.000000 -1.000000 -0.000000
vn 0.000000 -1.000000 -0.000000
vn 0.000000 -1.000000 -0.000000
vn 0.000000 1.000000 -0.000000
vn 0.000000 1.000000 -0.000000
vn 0.000000 1.000000 -0.000000
vn 0.000000 1.000000 -0.000000
vn 0.000000 1.000000 -0.000000
vn 0.000000 1.000000 -0.000000
vn 0.000000 1.000000 -0.000000
vn 0.000000 1.000000 -0.000000
vn 0.000000 1.000000 -0.000000
vn 0.000000 1.000000 -0.000000
vn 0.000000 1.000000 -0.000000
vn 0.000000 1.000000 -0.000000
vn 0.000000 1.000000 -0.000000
vn 0.000000 1.000000 -0.000000
vn 0.000000 1.000000 -0.000000
vn 0.000000 1.000000 -0.000000
vn 0.000000 1.000000 -0.000000
vn 0.000000 1.000000 -0.000000
vn 0.000000 1.000000 -0.000000
vn 0.000000 1.000000 -0.000000
vn 0.944782 -0.043787 -0.324760
vn 0.807423 -0.039873 -0.588623
vn 0.808303 -0.048000 -0.586807
vn 0.950081 -0.048168 -0.308261
vn 0.586318 -0.039760 -0.809105
vn 0.587348 -0.047859 -0.807918
vn 0.308072 -0.039700 -0.950535
vn 0.308841 -0.047757 -0.949914
vn -0.000162 -0.039700 -0.999212
vn 0.000061 -0.047705 -0.998861
vn -0.308359 -0.039759 -0.950439
vn -0.308731 -0.047707 -0.949952
vn -0.586516 -0.039871 -0.808956
vn -0.587272 -0.047763 -0.807979
vn -0.807513 -0.040026 -0.588490
vn -0.808266 -0.047869 -0.586868
vn -0.945027 -0.043811 -0.324043
vn -0.950077 -0.048013 -0.308301
vn -0.998969 -0.043886 0.011589
vn -0.998839 -0.048182 0.000419
vn -0.950851 -0.040590 0.306977
vn -0.949814 -0.048362 0.309054
vn -0.809312 -0.040751 0.585964
vn -0.807841 -0.048533 0.587399
vn -0.588310 -0.040869 0.807602
vn -0.586846 -0.048678 0.808234
vn -0.309467 -0.040931 0.950029
vn -0.308471 -0.048784 0.949982
vn -0.000160 -0.040933 0.999162
vn 0.000062 -0.048838 0.998807
vn 0.309175 -0.040872 0.950126
vn 0.308584 -0.048836 0.949943
vn 0.588089 -0.040755 0.807769
vn 0.586923 -0.048777 0.808172
vn 0.809189 -0.040596 0.586144
vn 0.807879 -0.048668 0.587336
vn 0.946243 -0.044037 0.320446
vn 0.949818 -0.048520 0.309018
vn 0.998827 -0.048345 -0.002773
vn 0.998831 -0.048347 0.000421
vn 0.933698 0.000000 -0.358061
vn 0.808778 0.000000 -0.588115
vn 0.587625 0.000000 -0.809133
vn 0.309042 0.000000 -0.951048
vn 0.000234 0.000000 -1.000000
vn -0.308629 0.000000 -0.951182
vn -0.587353 0.000000 -0.809331
vn -0.808660 0.000000 -0.588276
vn -0.891007 0.000000 -0.453989
vn -0.987687 0.000000 0.156441
vn -0.951206 0.000000 0.308557
vn -0.809220 0.000000 0.587506
vn -0.587923 0.000000 0.808917
vn -0.308984 0.000000 0.951067
vn 0.000249 0.000000 1.000000
vn 0.309445 0.000000 0.950917
vn 0.588278 0.000000 0.808659
vn 0.809436 0.000000 0.587208
vn 0.932593 0.000000 0.360930
vn 0.987688 0.000000 -0.156439
vn 0.987688 0.000000 -0.156439
vn 0.987688 0.000000 -0.156439
vn 0.987688 0.000000 -0.156439
vn 0.619266 0.643490 0.449923
vn 0.727991 0.643489 0.236539
vn 0.449923 0.643490 0.619266
vn 0.236541 0.643489 0.727990
vn 0.000000 0.643490 0.765454
vn -0.236540 0.643490 0.727990
vn -0.449923 0.643490 0.619266
vn -0.619266 0.643490 0.449923
vn -0.727991 0.643489 0.236539
vn -0.765455 0.643490 -0.000000
vn -0.727991 0.643489 -0.236539
vn -0.619266 0.643490 -0.449922
vn -0.449922 0.643490 -0.619267
vn -0.236538 0.643490 -0.727991
vn -0.000000 0.643490 -0.765454
vn 0.236539 0.643490 -0.727991
vn 0.449922 0.643490 -0.619266
vn 0.619266 0.643490 -0.449923
vn 0.727990 0.643490 -0.236539
vn 0.765455 0.643489 0.000001
vn 0.987689 0.000000 0.156433
vn 0.987689 0.000000 0.156433
vn 0.987689 0.000000 0.156433
vn 0.987689 0.000000 0.156433
vn 0.472515 -0.880667 -0.033993
vn 0.472515 -0.880667 -0.033993
vn 0.472515 -0.880667 -0.033993
vn 0.472515 -0.880667 -0.033993
vn -0.120425 0.000000 -0.992722
vn -0.120425 0.000000 -0.992722
vn -0.120425 0.000000 -0.992722
vn -0.120425 0.000000 -0.992722
vn -0.371962 0.927819 0.028226
vn -0.371962 0.927819 0.028226
vn -0.371962 0.927819 0.028226
vn -0.371962 0.927819 0.028226
vn 0.192235 0.000000 0.981349
vn 0.192235 0.000000 0.981349
vn 0.192235 0.000000 0.981349
vn 0.192235 0.000000 0.981349
vn -0.987688 0.000000 -0.156440
vn -0.987688 0.000000 -0.156440
vn -0.987688 0.000000 -0.156440
vn -0.987688 0.000000 -0.156440
vn -0.987688 0.000000 -0.156436
vn -0.987688 0.000000 -0.156436
vn -0.987688 0.000000 -0.156436
vn -0.987688 0.000000 -0.156435
vn -0.987688 0.000000 -0.156435
vn -0.987687 0.000000 0.156441
vn 0.999992 0.000000 0.004116
vn 0.005788 -0.997902 0.064488
vn 0.005788 -0.997902 0.064488
vn 0.005788 -0.997902 0.064488
vn 0.005788 -0.997902 0.064488
vn 0.005788 -0.997902 0.064488
vn 0.005788 -0.997902 0.064488
vn 0.117451 0.000000 -0.993079
vn 0.117451 0.000000 -0.993079
vn 0.117451 0.000000 -0.993079
vn 0.117451 0.000000 -0.993079
vn 0.117451 0.000000 -0.993079
vn 0.117451 0.000000 -0.993079
vn -0.117451 0.000000 0.993079
vn -0.117451 0.000000 0.993079
vn -0.117451 0.000000 0.993079
vn -0.117451 0.000000 0.993079
vn -0.117451 0.000000 0.993079
vn -0.117451 0.000000 0.993079
vn -0.117451 0.000000 0.993079
vn -0.117451 0.000000 0.993079
vn -0.117451 0.000000 0.993079
vn -0.007464 0.998701 -0.050407
vn -0.007464 0.998701 -0.050407
vn -0.007464 0.998701 -0.050407
vn -0.007464 0.998701 -0.050407
vn -0.007464 0.998701 -0.050407
vn -0.007464 0.998701 -0.050407
vn 0.187592 0.577350 -0.794655
vn 0.187592 0.577350 -0.794655
vn 0.187592 0.577350 -0.794655
vn -0.491123 0.356822 -0.794655
vn -0.491123 0.356822 -0.794655
vn -0.491123 0.356822 -0.794655
vn -0.491123 -0.356822 -0.794655
vn -0.491123 -0.356822 -0.794655
vn -0.491123 -0.356822 -0.794655
vn 0.187592 -0.577350 -0.794654
vn 0.187592 -0.577350 -0.794654
vn 0.187592 -0.577350 -0.794654
vn 0.607062 0.000000 -0.794654
vn 0.607062 0.000000 -0.794654
vn 0.607062 0.000000 -0.794654
vn 0.303531 0.934172 -0.187593
vn 0.303531 0.934172 -0.187593
vn 0.303531 0.934172 -0.187593
vn -0.794654 0.577351 -0.187592
vn -0.794654 0.577351 -0.187592
vn -0.794654 0.577350 -0.187592
vn -0.794655 -0.577350 -0.187592
vn -0.794655 -0.577350 -0.187592
vn -0.794655 -0.577350 -0.187592
vn 0.303531 -0.934172 -0.187593
vn 0.303531 -0.934172 -0.187593
vn 0.303531 -0.934172 -0.187593
vn 0.982247 0.000000 -0.187592
vn 0.982247 0.000000 -0.187592
vn 0.982247 0.000000 -0.187592
vn 0.794655 0.577350 0.187592
vn 0.794655 0.577350 0.187592
vn 0.794655 0.577350 0.187592
vn -0.303531 0.934172 0.187592
vn -0.303531 0.934172 0.187592
vn -0.303531 0.934172 0.187592
vn -0.982247 -0.000000 0.187592
vn -0.982247 -0.000000 0.187592
vn -0.982247 -0.000000 0.187592
vn -0.303531 -0.934172 0.187593
vn -0.303531 -0.934172 0.187593
vn -0.303531 -0.934172 0.187593
vn 0.794655 -0.577350 0.187592
vn 0.794655 -0.577350 0.187592
vn 0.794655 -0.577350 0.187592
vn 0.491123 0.356822 0.794655
vn 0.491123 0.356822 0.794655
vn 0.491123 0.356822 0.794655
vn -0.187592 0.577350 0.794655
vn -0.187592 0.577350 0.794655
vn -0.187592 0.577350 0.794655
vn -0.607062 0.000000 0.794654
vn -0.607062 0.000000 0.794654
vn -0.607062 0.000000 0.794654
vn -0.187592 -0.577350 0.794654
vn -0.187592 -0.577350 0.794654
vn -0.187592 -0.577350 0.794654
vn 0.491123 -0.356822 0.794655
vn 0.491123 -0.356822 0.794655
vn 0.491123 -0.356822 0.794655
s 1
g group18_pasted__pCylinder2
usemtl pasted__blinn12SG
f 338/461/675 339/462/676 418/565/677 450/597/678 458/606/679
f 339/462/676 340/463/680 419/566/681 451/598/682 450/597/678 418/565/677
f 340/463/680 341/464/683 420/567/684 452/599/685 451/598/682 419/566/681
f 341/464/683 342/465/686 421/568/687 453/600/688 452/599/685 420/567/684
f 342/465/686 343/466/689 422/569/690 454/601/691 453/600/688 421/568/687
f 343/466/689 344/467/692 423/570/693 455/602/694 454/601/691 422/569/690
f 344/467/692 345/468/695 424/571/696 456/603/697 455/602/694 423/570/693
f 345/468/695 346/469/698 425/572/699 457/604/700 456/603/697 424/571/696
f 346/469/698 347/470/701 459/607/702 457/604/700 425/572/699
f 347/470/701 348/471/703 460/608/704 459/607/705
f 348/471/703 349/472/706 461/609/707 460/608/708
f 349/472/706 350/473/709 462/610/710 461/609/707
f 350/473/709 351/474/711 463/611/712 462/610/710
f 351/474/711 352/475/713 464/612/714 463/611/712
f 352/475/713 353/476/715 465/613/716 464/612/714
f 353/476/715 354/477/717 466/614/718 465/613/716
f 354/477/717 355/478/719 467/615/720 466/614/718
f 355/478/719 356/479/721 468/616/722 467/615/720
f 356/479/721 357/480/723 469/617/724 468/616/722
f 357/480/723 338/481/675 458/605/679 469/617/724
s off
f 427/573/725 426/574/726 428/575/727 429/576/728 430/577/729 431/578/730 432/579/731 433/580/732 434/581/733 435/582/734 436/583/735 437/584/736 438/585/737 439/586/738 440/587/739 441/588/740 442/589/741 443/590/742 444/591/743 445/592/744
f 377/522/745 358/521/746 359/520/747 360/519/748 361/518/749 362/517/750 363/516/751 364/515/752 365/514/753 366/513/754 367/512/755 368/511/756 369/510/757 370/509/758 371/508/759 372/507/760 373/506/761 374/505/762 375/504/763 376/503/764
s 1
f 378/524/765 379/525/766 359/483/767 358/482/768
f 379/525/766 380/526/769 360/484/770 359/483/767
f 380/526/769 381/527/771 361/485/772 360/484/770
f 381/527/771 382/528/773 362/486/774 361/485/772
f 382/528/773 383/529/775 363/487/776 362/486/774
f 383/529/775 384/530/777 364/488/778 363/487/776
f 384/530/777 385/531/779 365/489/780 364/488/778
f 385/531/779 386/532/781 366/490/782 365/489/780
f 386/532/781 387/533/783 367/491/784 366/490/782
f 387/533/783 388/534/785 368/492/786 367/491/784
f 388/534/785 389/535/787 369/493/788 368/492/786
f 389/535/787 390/536/789 370/494/790 369/493/788
f 390/536/789 391/537/791 371/495/792 370/494/790
f 391/537/791 392/538/793 372/496/794 371/495/792
f 392/538/793 393/539/795 373/497/796 372/496/794
f 393/539/795 394/540/797 374/498/798 373/497/796
f 394/540/797 395/541/799 375/499/800 374/498/798
f 395/541/799 396/542/801 376/500/802 375/499/800
f 396/542/801 397/543/803 377/501/804 376/500/802
f 397/543/803 378/523/765 358/502/768 377/501/804
f 398/545/805 399/546/806 379/525/766 378/524/765
f 399/546/806 400/547/807 380/526/769 379/525/766
f 400/547/807 401/548/808 381/527/771 380/526/769
f 401/548/808 402/549/809 382/528/773 381/527/771
f 402/549/809 403/550/810 383/529/775 382/528/773
f 403/550/810 404/551/811 384/530/777 383/529/775
f 404/551/811 405/552/812 385/531/779 384/530/777
f 405/552/812 406/553/813 386/532/781 385/531/779
f 407/554/814 408/555/815 388/534/785 387/533/783
f 408/555/815 409/556/816 389/535/787 388/534/785
f 409/556/816 410/557/817 390/536/789 389/535/787
f 410/557/817 411/558/818 391/537/791 390/536/789
f 411/558/818 412/559/819 392/538/793 391/537/791
f 412/559/819 413/560/820 393/539/795 392/538/793
f 413/560/820 414/561/821 394/540/797 393/539/795
f 414/561/821 415/562/822 395/541/799 394/540/797
f 415/562/822 416/563/823 396/542/801 395/541/799
s off
f 447/593/824 446/594/825 448/595/826 449/596/827
s 1
f 356/459/721 355/458/719 426/574/828 427/573/829
f 355/458/719 354/457/717 428/575/830 426/574/828
f 354/457/717 353/456/715 429/576/831 428/575/830
f 353/456/715 352/455/713 430/577/832 429/576/831
f 352/455/713 351/454/711 431/578/833 430/577/832
f 351/454/711 350/453/709 432/579/834 431/578/833
f 350/453/709 349/452/706 433/580/835 432/579/834
f 349/452/706 348/451/703 434/581/836 433/580/835
f 348/451/703 347/450/701 435/582/837 434/581/836
f 347/450/701 346/449/698 436/583/838 435/582/837
f 346/449/698 345/448/695 437/584/839 436/583/838
f 345/448/695 344/447/692 438/585/840 437/584/839
f 344/447/692 343/446/689 439/586/841 438/585/840
f 343/446/689 342/445/686 440/587/842 439/586/841
f 342/445/686 341/444/683 441/588/843 440/587/842
f 341/444/683 340/443/680 442/589/844 441/588/843
f 340/443/680 339/442/676 443/590/845 442/589/844
f 339/442/676 338/441/675 444/591/846 443/590/845
f 338/441/675 357/460/723 445/592/847 444/591/846
f 357/460/723 356/459/721 427/573/829 445/592/847
s off
f 396/542/848 416/563/849 417/564/850 397/543/851
f 417/564/852 398/544/853 446/594/854 447/593/855
f 398/544/856 378/523/857 448/595/858 446/594/859
f 378/523/860 397/543/861 449/596/862 448/595/863
f 397/543/864 417/564/865 447/593/866 449/596/867
f 386/532/868 406/553/869 407/554/870 387/533/871
s 1
f 458/606/679 450/597/678 399/546/806 398/545/805
f 450/597/678 451/598/682 400/547/807 399/546/806
f 451/598/682 452/599/685 401/548/808 400/547/807
f 452/599/685 453/600/688 402/549/809 401/548/808
f 453/600/688 454/601/691 403/550/810 402/549/809
f 454/601/691 455/602/694 404/551/811 403/550/810
f 455/602/694 456/603/697 405/552/812 404/551/811
f 456/603/697 457/604/700 406/553/813 405/552/812
s off
f 477/624/872 476/625/873 478/626/874 479/627/875 480/628/876
s 1
f 459/607/705 460/608/704 408/555/815 407/554/814 470/618/877
f 460/608/708 461/609/707 409/556/816 408/555/815
f 461/609/707 462/610/710 410/557/817 409/556/816
f 462/610/710 463/611/712 411/558/818 410/557/817
f 463/611/712 464/612/714 412/559/819 411/558/818
f 464/612/714 465/613/716 413/560/820 412/559/819
f 465/613/716 466/614/718 414/561/821 413/560/820
f 466/614/718 467/615/720 415/562/822 414/561/821
f 467/615/720 468/616/722 416/563/823 415/562/822
f 468/616/722 469/617/724 417/564/878 416/563/823
f 469/617/724 458/605/679 398/544/805 417/564/878
s off
f 472/619/879 457/604/880 459/607/881 471/620/882 476/625/883 477/624/884
f 475/623/885 406/553/886 457/604/887 472/619/888 477/624/889 480/628/890
s 5
f 473/621/891 478/626/892 476/625/893 471/620/894 459/607/895 470/618/896
f 474/622/897 479/627/898 478/626/892 473/621/891 470/618/896 407/554/899
s off
f 475/623/900 480/628/901 479/627/902 474/622/903 407/554/904 406/553/905
usemtl blinn17SG
f 481/629/906 483/630/907 482/631/908
f 481/629/909 484/632/910 483/630/911
f 481/629/912 485/633/913 484/632/914
f 481/629/915 486/634/916 485/633/917
f 481/629/918 482/631/919 486/634/920
f 482/631/921 483/630/922 488/635/923
f 483/636/924 484/637/925 489/638/926
f 484/637/927 485/639/928 490/640/929
f 485/633/930 486/634/931 491/641/932
f 486/634/933 482/631/934 487/642/935
f 482/631/936 488/635/937 487/642/938
f 483/636/939 489/638/940 488/635/941
f 484/637/942 490/640/943 489/638/944
f 485/639/945 491/641/946 490/640/947
f 486/634/948 487/642/949 491/641/950
f 487/642/951 488/635/952 492/643/953
f 488/635/954 489/638/955 492/643/956
f 489/638/957 490/640/958 492/643/959
f 490/640/960 491/641/961 492/643/962
f 491/641/963 487/642/964 492/643/965
g default
v 7.579346 1.158346 -9.049529
v 7.472648 1.158346 -9.258936
v 7.306463 1.158346 -9.425122
v 7.097056 1.158346 -9.531817
v 6.864928 1.158346 -9.568585
v 6.632800 1.158346 -9.531817
v 6.423394 1.158346 -9.425122
v 6.257208 1.158346 -9.258936
v 6.150511 1.158346 -9.049529
v 6.113744 1.158346 -8.817401
v 6.150511 1.158346 -8.585273
v 6.257208 1.158346 -8.375867
v 6.423394 1.158346 -8.209682
v 6.632800 1.158346 -8.102984
v 6.864928 1.158346 -8.066216
v 7.097056 1.158346 -8.102984
v 7.306462 1.158346 -8.209682
v 7.472647 1.158346 -8.375867
v 7.579345 1.158346 -8.585273
v 7.616111 1.158346 -8.817401
v 7.671636 8.168006 -9.079518
v 7.551155 8.168006 -9.315976
v 7.363500 8.168006 -9.503630
v 7.127043 8.168006 -9.624108
v 6.864928 8.168006 -9.665626
v 6.602812 8.168006 -9.624108
v 6.366354 8.168006 -9.503630
v 6.178701 8.168006 -9.315976
v 6.058219 8.168006 -9.079518
v 6.016704 8.168006 -8.817401
v 6.058219 8.168006 -8.555287
v 6.178701 8.168006 -8.318830
v 6.366354 8.168006 -8.131176
v 6.602812 8.168006 -8.010696
v 6.864928 8.168006 -7.969177
v 7.127042 8.168006 -8.010696
v 7.363500 8.168006 -8.131176
v 7.551154 8.168006 -8.318830
v 7.671635 8.168006 -8.555287
v 7.713150 8.168006 -8.817401
v 7.579345 6.155640 -9.049529
v 7.472648 6.148366 -9.258936
v 7.306462 6.142210 -9.425121
v 7.097056 6.137774 -9.531818
v 6.864928 6.135494 -9.568584
v 6.632800 6.135590 -9.531818
v 6.423394 6.138055 -9.425121
v 6.257207 6.142646 -9.258936
v 6.150510 6.148915 -9.049529
v 6.113744 6.156248 -8.817401
v 6.150510 6.163927 -8.585273
v 6.257207 6.171200 -8.375867
v 6.423394 6.177357 -8.209682
v 6.632800 6.181792 -8.102983
v 6.864928 6.184073 -8.066217
v 7.097056 6.183978 -8.102983
v 7.306462 6.181512 -8.209682
v 7.472647 6.176921 -8.375867
v 7.579345 6.170652 -8.585273
v 7.616110 6.163319 -8.817401
v 7.579345 5.717187 -9.049529
v 7.472648 5.708150 -9.258936
v 7.306462 5.701725 -9.425121
v 7.097056 5.698543 -9.531818
v 6.864928 5.698915 -9.568584
v 6.632800 5.702804 -9.531818
v 6.423394 5.709828 -9.425121
v 6.257207 5.719304 -9.258936
v 6.150510 5.730301 -9.049529
v 6.113744 5.741742 -8.817401
v 6.150510 5.752509 -8.585273
v 6.257207 5.761547 -8.375867
v 6.423394 5.767972 -8.209682
v 6.632800 5.771155 -8.102983
v 6.864928 5.770783 -8.066217
v 7.097056 5.766894 -8.102983
v 7.306462 5.759868 -8.209682
v 7.472647 5.750392 -8.375867
v 7.579345 5.739396 -8.585273
v 7.616110 5.727954 -8.817401
v 7.472648 4.645750 -9.258936
v 7.306463 4.632197 -9.425121
v 7.097056 4.623267 -9.531818
v 6.864928 4.619836 -9.568584
v 6.632800 4.622239 -9.531818
v 6.423394 4.630239 -9.425121
v 6.257207 4.643057 -9.258936
v 6.150510 4.659433 -9.049529
v 10.371185 6.710414 -8.328452
v 10.350669 6.716800 -8.198925
v 10.371185 6.953350 -8.328452
v 10.350669 6.957442 -8.198925
v 3.111404 6.782698 -9.743396
v 3.131622 6.776406 -9.871044
v 3.111404 7.010640 -9.743396
v 3.131622 7.006607 -9.871044
v 8.237889 0.033174 -7.819887
v 8.478940 0.033174 -8.292977
v 7.862442 0.033174 -7.444441
v 7.389352 0.033174 -7.203388
v 6.864928 0.033174 -7.120326
v 6.340503 0.033174 -7.203388
v 5.867413 0.033174 -7.444441
v 5.491967 0.033174 -7.819887
v 5.250915 0.033174 -8.292977
v 5.167854 0.033174 -8.817401
v 5.250915 0.033174 -9.341825
v 5.491967 0.033174 -9.814918
v 5.867413 0.033174 -10.190364
v 6.340503 0.033174 -10.431414
v 6.864928 0.033174 -10.514476
v 7.389352 0.033174 -10.431414
v 7.862443 0.033174 -10.190364
v 8.237890 0.033174 -9.814918
v 8.478941 0.033174 -9.341825
v 8.562002 0.033174 -8.817401
v 6.823171 9.228334 -10.907216
v 8.332653 10.325038 -9.754074
v 6.246600 11.002838 -9.754074
v 4.957348 9.228334 -9.754074
v 6.246600 7.453831 -9.754074
v 8.332653 8.131631 -9.754074
v 8.688995 9.228334 -7.888250
v 7.399742 11.002838 -7.888251
v 5.313688 10.325038 -7.888250
v 5.313689 8.131631 -7.888251
v 7.399743 7.453831 -7.888251
v 6.823171 9.228334 -6.735108
v 10.579945 6.898520 -9.974971
v 11.414849 7.505113 -9.337161
v 10.261040 7.880008 -9.337161
v 9.547946 6.898520 -9.337161
v 10.261040 5.917031 -9.337161
v 11.414849 6.291926 -9.337161
v 11.611944 6.898520 -8.305163
v 10.898850 7.880008 -8.305163
v 9.745041 7.505113 -8.305163
v 9.745041 6.291926 -8.305163
v 10.898850 5.917031 -8.305163
v 10.579945 6.898520 -7.667354
vt 0.648603 0.107966
vt 0.626409 0.064408
vt 0.591842 0.029841
vt 0.548284 0.007647
vt 0.500000 -0.000000
vt 0.451716 0.007647
vt 0.408159 0.029841
vt 0.373591 0.064409
vt 0.351397 0.107966
vt 0.343750 0.156250
vt 0.351397 0.204534
vt 0.373591 0.248091
vt 0.408159 0.282659
vt 0.451716 0.304853
vt 0.500000 0.312500
vt 0.548284 0.304853
vt 0.591841 0.282659
vt 0.626409 0.248091
vt 0.648603 0.204534
vt 0.656250 0.156250
vt 0.375000 0.312500
vt 0.387500 0.312500
vt 0.400000 0.312500
vt 0.412500 0.312500
vt 0.425000 0.312500
vt 0.437500 0.312500
vt 0.450000 0.312500
vt 0.462500 0.312500
vt 0.475000 0.312500
vt 0.487500 0.312500
vt 0.500000 0.312500
vt 0.512500 0.312500
vt 0.525000 0.312500
vt 0.537500 0.312500
vt 0.550000 0.312500
vt 0.562500 0.312500
vt 0.575000 0.312500
vt 0.587500 0.312500
vt 0.600000 0.312500
vt 0.612500 0.312500
vt 0.625000 0.312500
vt 0.375000 0.687500
vt 0.387500 0.687500
vt 0.400000 0.687500
vt 0.412500 0.687500
vt 0.425000 0.687500
vt 0.437500 0.687500
vt 0.450000 0.687500
vt 0.462500 0.687500
vt 0.475000 0.687500
vt 0.487500 0.687500
vt 0.500000 0.687500
vt 0.512500 0.687500
vt 0.525000 0.687500
vt 0.537500 0.687500
vt 0.550000 0.687500
vt 0.562500 0.687500
vt 0.575000 0.687500
vt 0.587500 0.687500
vt 0.600000 0.687500
vt 0.612500 0.687500
vt 0.625000 0.687500
vt 0.648603 0.795466
vt 0.626409 0.751908
vt 0.591842 0.717341
vt 0.548284 0.695147
vt 0.500000 0.687500
vt 0.451716 0.695147
vt 0.408159 0.717341
vt 0.373591 0.751909
vt 0.351397 0.795466
vt 0.343750 0.843750
vt 0.351397 0.892034
vt 0.373591 0.935591
vt 0.408159 0.970159
vt 0.451716 0.992353
vt 0.500000 1.000000
vt 0.548284 0.992353
vt 0.591841 0.970159
vt 0.626409 0.935591
vt 0.648603 0.892034
vt 0.656250 0.843750
vt 0.625000 0.579843
vt 0.375000 0.579843
vt 0.387500 0.579454
vt 0.400000 0.579125
vt 0.412500 0.578888
vt 0.425000 0.578766
vt 0.437500 0.578771
vt 0.450000 0.578903
vt 0.462500 0.579148
vt 0.475000 0.579484
vt 0.487500 0.579876
vt 0.500000 0.580287
vt 0.512500 0.580676
vt 0.525000 0.581005
vt 0.537500 0.581242
vt 0.550000 0.581364
vt 0.562500 0.581359
vt 0.575000 0.581227
vt 0.587500 0.580982
vt 0.600000 0.580646
vt 0.612500 0.580254
vt 0.625000 0.556387
vt 0.375000 0.556387
vt 0.387500 0.555904
vt 0.400000 0.555560
vt 0.412500 0.555390
vt 0.425000 0.555410
vt 0.437500 0.555618
vt 0.450000 0.555993
vt 0.462500 0.556500
vt 0.475000 0.557089
vt 0.487500 0.557701
vt 0.500000 0.558277
vt 0.512500 0.558760
vt 0.525000 0.559104
vt 0.537500 0.559274
vt 0.550000 0.559254
vt 0.562500 0.559046
vt 0.575000 0.558670
vt 0.587500 0.558164
vt 0.600000 0.557575
vt 0.612500 0.556963
vt 0.387500 0.499068
vt 0.400000 0.498343
vt 0.412500 0.497865
vt 0.425000 0.497681
vt 0.437500 0.497810
vt 0.450000 0.498238
vt 0.462500 0.498924
vt 0.475000 0.499800
vt 0.600000 0.557575
vt 0.612500 0.556963
vt 0.612500 0.580254
vt 0.600000 0.580646
vt 0.475000 0.557089
vt 0.487500 0.557701
vt 0.487500 0.579876
vt 0.475000 0.579484
vt 0.648603 0.204534
vt 0.626409 0.248091
vt 0.591841 0.282659
vt 0.548284 0.304853
vt 0.500000 0.312500
vt 0.451716 0.304853
vt 0.408159 0.282659
vt 0.373591 0.248091
vt 0.351397 0.204534
vt 0.343750 0.156250
vt 0.351397 0.107966
vt 0.373591 0.064409
vt 0.408159 0.029841
vt 0.451716 0.007647
vt 0.500000 -0.000000
vt 0.548284 0.007647
vt 0.591842 0.029841
vt 0.626409 0.064408
vt 0.648603 0.107966
vt 0.656250 0.156250
vt 1.000000 0.500000
vt 1.088104 0.823792
vt 0.838104 0.676208
vt 1.176208 0.500000
vt 1.088104 0.176208
vt 0.838104 0.323792
vt 0.588104 0.823792
vt 0.088104 0.823792
vt 0.176208 0.500000
vt 0.338104 0.676208
vt 0.088104 0.176208
vt 0.338104 0.323792
vt 0.588104 0.176208
vt 0.676208 0.500000
vt 0.500000 0.500000
vt 1.000000 0.500000
vt 1.088104 0.823792
vt 0.838104 0.676208
vt 1.176208 0.500000
vt 1.088104 0.176208
vt 0.838104 0.323792
vt 0.588104 0.823792
vt 0.088104 0.823792
vt 0.176208 0.500000
vt 0.338104 0.676208
vt 0.088104 0.176208
vt 0.338104 0.323792
vt 0.588104 0.176208
vt 0.676208 0.500000
vt 0.500000 0.500000
vn 0.922271 0.244320 -0.299540
vn 0.784490 0.244632 -0.569851
vn 0.809097 0.000000 -0.587675
vn 0.810678 0.000000 -0.585492
vn 0.952168 0.000000 -0.305577
vn 0.569936 0.244854 -0.784359
vn 0.587850 0.000000 -0.808970
vn 0.589217 0.000000 -0.807975
vn 0.299616 0.244963 -0.922076
vn 0.309038 0.000000 -0.951050
vn 0.309536 0.000000 -0.950888
vn -0.000025 0.244951 -0.969535
vn -0.000036 -0.000000 -1.000000
vn -0.000733 -0.000000 -1.000000
vn -0.299675 0.244816 -0.922095
vn -0.309108 -0.000000 -0.951027
vn -0.310870 -0.000000 -0.950453
vn -0.570013 0.244574 -0.784391
vn -0.587901 0.000000 -0.808933
vn -0.590191 0.000000 -0.807263
vn -0.784586 0.244248 -0.569885
vn -0.809122 -0.000000 -0.587641
vn -0.811200 -0.000000 -0.584769
vn -0.922383 0.243869 -0.299562
vn -0.951117 -0.000000 -0.308832
vn -0.950315 -0.000000 -0.311289
vn -0.969906 0.243478 0.000131
vn -0.987688 0.000000 -0.156438
vn -0.922488 0.243110 0.299858
vn -0.949915 -0.000000 0.312508
vn -0.987688 0.000000 0.156439
vn -0.784755 0.242802 0.570269
vn -0.807317 -0.000000 0.590118
vn -0.570182 0.242584 0.784885
vn -0.586316 -0.000000 0.810083
vn -0.299781 0.242476 0.922679
vn -0.308486 -0.000000 0.951229
vn -0.000025 0.242489 0.970154
vn -0.000749 0.000000 1.000000
vn 0.299725 0.242620 0.922659
vn 0.307137 -0.000000 0.951666
vn 0.570110 0.242859 0.784853
vn 0.585350 -0.000000 0.810781
vn 0.784660 0.243182 0.570239
vn 0.806816 0.000000 0.590803
vn 0.922376 0.243558 0.299838
vn 0.947384 0.000000 0.320098
vn 0.969788 0.243950 0.000132
vn 0.999996 0.000000 -0.002702
vn 0.000000 -1.000000 0.000000
vn 0.000000 -1.000000 0.000000
vn 0.000000 -1.000000 0.000000
vn 0.000000 -1.000000 0.000000
vn 0.000000 -1.000000 0.000000
vn 0.000000 -1.000000 0.000000
vn 0.000000 -1.000000 0.000000
vn 0.000000 -1.000000 0.000000
vn 0.000000 -1.000000 0.000000
vn 0.000000 -1.000000 0.000000
vn 0.000000 -1.000000 0.000000
vn 0.000000 -1.000000 0.000000
vn 0.000000 -1.000000 0.000000
vn 0.000000 -1.000000 0.000000
vn 0.000000 -1.000000 0.000000
vn 0.000000 -1.000000 0.000000
vn 0.000000 -1.000000 0.000000
vn 0.000000 -1.000000 0.000000
vn 0.000000 -1.000000 0.000000
vn 0.000000 -1.000000 0.000000
vn 0.000000 1.000000 0.000000
vn 0.000000 1.000000 0.000000
vn 0.000000 1.000000 0.000000
vn 0.000000 1.000000 0.000000
vn 0.000000 1.000000 0.000000
vn 0.000000 1.000000 0.000000
vn 0.000000 1.000000 0.000000
vn 0.000000 1.000000 0.000000
vn 0.000000 1.000000 0.000000
vn 0.000000 1.000000 0.000000
vn 0.000000 1.000000 0.000000
vn 0.000000 1.000000 0.000000
vn 0.000000 1.000000 0.000000
vn 0.000000 1.000000 0.000000
vn 0.000000 1.000000 0.000000
vn 0.000000 1.000000 0.000000
vn 0.000000 1.000000 0.000000
vn 0.000000 1.000000 0.000000
vn 0.000000 1.000000 0.000000
vn 0.000000 1.000000 0.000000
vn 0.949727 -0.040029 -0.310510
vn 0.807424 -0.039872 -0.588623
vn 0.808303 -0.048000 -0.586806
vn 0.950082 -0.048169 -0.308260
vn 0.586316 -0.039760 -0.809106
vn 0.587345 -0.047858 -0.807920
vn 0.308072 -0.039700 -0.950534
vn 0.308840 -0.047757 -0.949914
vn -0.000163 -0.039700 -0.999212
vn 0.000059 -0.047705 -0.998861
vn -0.308361 -0.039759 -0.950438
vn -0.308733 -0.047707 -0.949952
vn -0.586512 -0.039871 -0.808958
vn -0.587268 -0.047764 -0.807982
vn -0.807513 -0.040026 -0.588490
vn -0.808266 -0.047869 -0.586868
vn -0.945027 -0.043810 -0.324043
vn -0.950077 -0.048013 -0.308301
vn -0.998969 -0.043887 0.011589
vn -0.998838 -0.048183 0.000419
vn -0.950851 -0.040590 0.306977
vn -0.949814 -0.048362 0.309055
vn -0.809313 -0.040751 0.585962
vn -0.807842 -0.048533 0.587397
vn -0.588310 -0.040869 0.807602
vn -0.586846 -0.048678 0.808234
vn -0.309467 -0.040931 0.950029
vn -0.308471 -0.048784 0.949982
vn -0.000161 -0.040933 0.999162
vn 0.000061 -0.048838 0.998807
vn 0.309174 -0.040872 0.950127
vn 0.308583 -0.048836 0.949943
vn 0.588090 -0.040755 0.807768
vn 0.586924 -0.048777 0.808172
vn 0.809188 -0.040595 0.586145
vn 0.807878 -0.048668 0.587337
vn 0.946243 -0.044037 0.320445
vn 0.949818 -0.048520 0.309018
vn 0.998891 -0.043966 -0.016865
vn 0.998831 -0.048348 0.000421
vn -0.987688 0.000000 -0.156438
vn -0.987688 0.000000 -0.156438
vn -0.987688 0.000000 -0.156438
vn -0.987688 0.000000 -0.156438
vn 0.987688 0.000000 0.156437
vn 0.987688 0.000000 0.156437
vn 0.987688 0.000000 0.156437
vn 0.987688 0.000000 0.156437
vn 0.318982 -0.942784 0.097000
vn 0.318982 -0.942784 0.097000
vn 0.318982 -0.942784 0.097000
vn 0.318982 -0.942784 0.097000
vn 0.174741 0.000000 -0.984614
vn 0.174741 0.000000 -0.984614
vn 0.174741 0.000000 -0.984614
vn 0.174741 0.000000 -0.984614
vn -0.263091 0.962076 -0.072061
vn -0.263091 0.962076 -0.072061
vn -0.263091 0.962076 -0.072061
vn -0.263091 0.962076 -0.072061
vn -0.138073 0.000000 0.990422
vn -0.138073 0.000000 0.990422
vn -0.138073 0.000000 0.990422
vn -0.138073 0.000000 0.990422
vn -0.326183 -0.945293 -0.005070
vn -0.326183 -0.945293 -0.005070
vn -0.326183 -0.945293 -0.005070
vn -0.326183 -0.945293 -0.005070
vn -0.294726 0.000000 0.955582
vn -0.294726 0.000000 0.955582
vn -0.294726 0.000000 0.955582
vn -0.294726 0.000000 0.955582
vn 0.270156 0.962737 0.012376
vn 0.270156 0.962737 0.012376
vn 0.270156 0.962737 0.012376
vn 0.270156 0.962737 0.012376
vn 0.262577 0.000000 -0.964911
vn 0.262577 0.000000 -0.964911
vn 0.262577 0.000000 -0.964911
vn 0.262577 0.000000 -0.964911
vn 0.619266 0.643489 0.449923
vn 0.727990 0.643490 0.236540
vn 0.449924 0.643489 0.619266
vn 0.236541 0.643489 0.727991
vn 0.000000 0.643489 0.765455
vn -0.236540 0.643490 0.727990
vn -0.449924 0.643490 0.619265
vn -0.619266 0.643490 0.449923
vn -0.727990 0.643490 0.236540
vn -0.765455 0.643490 -0.000000
vn -0.727990 0.643490 -0.236539
vn -0.619267 0.643490 -0.449922
vn -0.449922 0.643491 -0.619266
vn -0.236538 0.643490 -0.727991
vn -0.000000 0.643489 -0.765455
vn 0.236538 0.643490 -0.727991
vn 0.449922 0.643490 -0.619267
vn 0.619267 0.643489 -0.449922
vn 0.727991 0.643490 -0.236538
vn 0.765455 0.643489 0.000001
vn 0.187593 0.577350 -0.794655
vn 0.187593 0.577350 -0.794655
vn 0.187593 0.577350 -0.794655
vn -0.491123 0.356822 -0.794655
vn -0.491123 0.356822 -0.794655
vn -0.491123 0.356822 -0.794655
vn -0.491123 -0.356822 -0.794655
vn -0.491123 -0.356822 -0.794655
vn -0.491123 -0.356822 -0.794655
vn 0.187592 -0.577351 -0.794654
vn 0.187592 -0.577351 -0.794654
vn 0.187592 -0.577351 -0.794654
vn 0.607062 0.000000 -0.794654
vn 0.607062 0.000000 -0.794654
vn 0.607062 0.000000 -0.794654
vn 0.303531 0.934172 -0.187592
vn 0.303531 0.934172 -0.187592
vn 0.303531 0.934172 -0.187592
vn -0.794655 0.577350 -0.187592
vn -0.794655 0.577350 -0.187592
vn -0.794655 0.577350 -0.187592
vn -0.794655 -0.577350 -0.187592
vn -0.794655 -0.577350 -0.187592
vn -0.794655 -0.577350 -0.187592
vn 0.303531 -0.934172 -0.187593
vn 0.303531 -0.934172 -0.187593
vn 0.303531 -0.934172 -0.187593
vn 0.982247 0.000000 -0.187593
vn 0.982247 0.000000 -0.187593
vn 0.982247 0.000000 -0.187593
vn 0.794655 0.577350 0.187592
vn 0.794655 0.577350 0.187592
vn 0.794655 0.577350 0.187592
vn -0.303531 0.934172 0.187593
vn -0.303531 0.934172 0.187593
vn -0.303531 0.934172 0.187593
vn -0.982247 -0.000000 0.187592
vn -0.982247 -0.000000 0.187592
vn -0.982247 -0.000000 0.187592
vn -0.303531 -0.934172 0.187593
vn -0.303531 -0.934172 0.187593
vn -0.303531 -0.934172 0.187593
vn 0.794655 -0.577350 0.187592
vn 0.794655 -0.577350 0.187592
vn 0.794655 -0.577350 0.187592
vn 0.491123 0.356823 0.794655
vn 0.491123 0.356823 0.794655
vn 0.491123 0.356823 0.794655
vn -0.187592 0.577350 0.794655
vn -0.187592 0.577350 0.794655
vn -0.187592 0.577350 0.794655
vn -0.607062 -0.000000 0.794655
vn -0.607062 -0.000000 0.794655
vn -0.607062 -0.000000 0.794654
vn -0.187592 -0.577351 0.794654
vn -0.187592 -0.577351 0.794654
vn -0.187592 -0.577351 0.794654
vn 0.491123 -0.356822 0.794655
vn 0.491123 -0.356822 0.794655
vn 0.491123 -0.356822 0.794655
vn 0.187593 0.577350 -0.794654
vn 0.187593 0.577350 -0.794654
vn 0.187593 0.577350 -0.794654
vn -0.491123 0.356822 -0.794654
vn -0.491123 0.356822 -0.794654
vn -0.491123 0.356822 -0.794654
vn -0.491123 -0.356823 -0.794654
vn -0.491123 -0.356823 -0.794654
vn -0.491123 -0.356823 -0.794654
vn 0.187592 -0.577350 -0.794655
vn 0.187592 -0.577350 -0.794655
vn 0.187592 -0.577350 -0.794655
vn 0.607061 0.000000 -0.794655
vn 0.607061 0.000000 -0.794655
vn 0.607061 0.000000 -0.794655
vn 0.303531 0.934172 -0.187593
vn 0.303531 0.934172 -0.187593
vn 0.303531 0.934172 -0.187593
vn -0.794654 0.577351 -0.187592
vn -0.794654 0.577351 -0.187592
vn -0.794654 0.577351 -0.187592
vn -0.794654 -0.577352 -0.187592
vn -0.794654 -0.577352 -0.187592
vn -0.794654 -0.577352 -0.187592
vn 0.303531 -0.934172 -0.187593
vn 0.303531 -0.934172 -0.187593
vn 0.303531 -0.934172 -0.187593
vn 0.982247 0.000000 -0.187593
vn 0.982247 0.000000 -0.187593
vn 0.982247 0.000000 -0.187593
vn 0.794654 0.577351 0.187592
vn 0.794654 0.577351 0.187592
vn 0.794654 0.577351 0.187592
vn -0.303531 0.934172 0.187593
vn -0.303531 0.934172 0.187593
vn -0.303531 0.934172 0.187593
vn -0.982247 0.000000 0.187593
vn -0.982247 0.000000 0.187593
vn -0.982247 0.000000 0.187593
vn -0.303531 -0.934172 0.187593
vn -0.303531 -0.934172 0.187593
vn -0.303531 -0.934172 0.187593
vn 0.794654 -0.577351 0.187592
vn 0.794654 -0.577351 0.187592
vn 0.794654 -0.577351 0.187592
vn 0.491123 0.356823 0.794655
vn 0.491123 0.356822 0.794655
vn 0.491123 0.356823 0.794655
vn -0.187593 0.577350 0.794654
vn -0.187593 0.577350 0.794654
vn -0.187593 0.577350 0.794654
vn -0.607062 0.000000 0.794654
vn -0.607062 0.000000 0.794654
vn -0.607062 0.000000 0.794654
vn -0.187593 -0.577350 0.794654
vn -0.187593 -0.577350 0.794654
vn -0.187593 -0.577350 0.794654
vn 0.491123 -0.356823 0.794655
vn 0.491123 -0.356823 0.794655
vn 0.491123 -0.356823 0.794655
s 1
g pCylinder3
usemtl blinn12SG
f 493/664/966 494/665/967 573/768/968 554/749/969 553/748/970
f 494/665/967 495/666/971 574/769/972 555/750/973 554/749/969 573/768/968
f 495/666/971 496/667/974 575/770/975 556/751/976 555/750/973 574/769/972
f 496/667/974 497/668/977 576/771/978 557/752/979 556/751/976 575/770/975
f 497/668/977 498/669/980 577/772/981 558/753/982 557/752/979 576/771/978
f 498/669/980 499/670/983 578/773/984 559/754/985 558/753/982 577/772/981
f 499/670/983 500/671/986 579/774/987 560/755/988 559/754/985 578/773/984
f 500/671/986 501/672/989 580/775/990 561/756/991 560/755/988 579/774/987
f 501/672/989 502/673/992 562/757/993 561/756/991 580/775/990
f 502/673/992 503/674/994 563/758/995 562/757/996
f 503/674/994 504/675/997 564/759/998 563/758/995
f 504/675/997 505/676/999 565/760/1000 564/759/998
f 505/676/999 506/677/1001 566/761/1002 565/760/1000
f 506/677/1001 507/678/1003 567/762/1004 566/761/1002
f 507/678/1003 508/679/1005 568/763/1006 567/762/1004
f 508/679/1005 509/680/1007 569/764/1008 568/763/1006
f 509/680/1007 510/681/1009 570/765/1010 569/764/1008
f 510/681/1009 511/682/1011 571/766/1012 570/765/1010
f 511/682/1011 512/683/1013 572/767/1014 571/766/1012
f 512/683/1013 493/684/966 553/747/970 572/767/1014
s off
f 590/784/1015 589/785/1016 591/786/1017 592/787/1018 593/788/1019 594/789/1020 595/790/1021 596/791/1022 597/792/1023 598/793/1024 599/794/1025 600/795/1026 601/796/1027 602/797/1028 603/798/1029 604/799/1030 605/800/1031 606/801/1032 607/802/1033 608/803/1034
f 532/725/1035 513/724/1036 514/723/1037 515/722/1038 516/721/1039 517/720/1040 518/719/1041 519/718/1042 520/717/1043 521/716/1044 522/715/1045 523/714/1046 524/713/1047 525/712/1048 526/711/1049 527/710/1050 528/709/1051 529/708/1052 530/707/1053 531/706/1054
s 1
f 533/727/1055 534/728/1056 514/686/1057 513/685/1058
f 534/728/1056 535/729/1059 515/687/1060 514/686/1057
f 535/729/1059 536/730/1061 516/688/1062 515/687/1060
f 536/730/1061 537/731/1063 517/689/1064 516/688/1062
f 537/731/1063 538/732/1065 518/690/1066 517/689/1064
f 538/732/1065 539/733/1067 519/691/1068 518/690/1066
f 539/733/1067 540/734/1069 520/692/1070 519/691/1068
f 540/734/1069 541/735/1071 521/693/1072 520/692/1070
f 541/735/1071 542/736/1073 522/694/1074 521/693/1072
f 542/736/1073 543/737/1075 523/695/1076 522/694/1074
f 543/737/1075 544/738/1077 524/696/1078 523/695/1076
f 544/738/1077 545/739/1079 525/697/1080 524/696/1078
f 545/739/1079 546/740/1081 526/698/1082 525/697/1080
f 546/740/1081 547/741/1083 527/699/1084 526/698/1082
f 547/741/1083 548/742/1085 528/700/1086 527/699/1084
f 548/742/1085 549/743/1087 529/701/1088 528/700/1086
f 549/743/1087 550/744/1089 530/702/1090 529/701/1088
f 550/744/1089 551/745/1091 531/703/1092 530/702/1090
f 551/745/1091 552/746/1093 532/704/1094 531/703/1092
f 552/746/1093 533/726/1055 513/705/1058 532/704/1094
f 553/748/970 554/749/969 534/728/1056 533/727/1055
f 554/749/969 555/750/973 535/729/1059 534/728/1056
f 555/750/973 556/751/976 536/730/1061 535/729/1059
f 556/751/976 557/752/979 537/731/1063 536/730/1061
f 557/752/979 558/753/982 538/732/1065 537/731/1063
f 558/753/982 559/754/985 539/733/1067 538/732/1065
f 559/754/985 560/755/988 540/734/1069 539/733/1067
f 560/755/988 561/756/991 541/735/1071 540/734/1069
s off
f 586/780/1095 585/781/1096 587/782/1097 588/783/1098
s 1
f 562/757/996 563/758/995 543/737/1075 542/736/1073
f 563/758/995 564/759/998 544/738/1077 543/737/1075
f 564/759/998 565/760/1000 545/739/1079 544/738/1077
f 565/760/1000 566/761/1002 546/740/1081 545/739/1079
f 566/761/1002 567/762/1004 547/741/1083 546/740/1081
f 567/762/1004 568/763/1006 548/742/1085 547/741/1083
f 568/763/1006 569/764/1008 549/743/1087 548/742/1085
f 569/764/1008 570/765/1010 550/744/1089 549/743/1087
f 570/765/1010 571/766/1012 551/745/1091 550/744/1089
s off
f 582/776/1099 581/777/1100 583/778/1101 584/779/1102
s 1
f 572/767/1014 553/747/970 533/726/1055 552/746/1093
s off
f 571/766/1103 572/767/1104 581/777/1105 582/776/1106
f 572/767/1107 552/746/1108 583/778/1109 581/777/1110
f 552/746/1111 551/745/1112 584/779/1113 583/778/1114
f 551/745/1115 571/766/1116 582/776/1117 584/779/1118
f 561/756/1119 562/757/1120 585/781/1121 586/780/1122
f 562/757/1123 542/736/1124 587/782/1125 585/781/1126
f 542/736/1127 541/735/1128 588/783/1129 587/782/1130
f 541/735/1131 561/756/1132 586/780/1133 588/783/1134
s 1
f 511/662/1011 510/661/1009 589/785/1135 590/784/1136
f 510/661/1009 509/660/1007 591/786/1137 589/785/1135
f 509/660/1007 508/659/1005 592/787/1138 591/786/1137
f 508/659/1005 507/658/1003 593/788/1139 592/787/1138
f 507/658/1003 506/657/1001 594/789/1140 593/788/1139
f 506/657/1001 505/656/999 595/790/1141 594/789/1140
f 505/656/999 504/655/997 596/791/1142 595/790/1141
f 504/655/997 503/654/994 597/792/1143 596/791/1142
f 503/654/994 502/653/992 598/793/1144 597/792/1143
f 502/653/992 501/652/989 599/794/1145 598/793/1144
f 501/652/989 500/651/986 600/795/1146 599/794/1145
f 500/651/986 499/650/983 601/796/1147 600/795/1146
f 499/650/983 498/649/980 602/797/1148 601/796/1147
f 498/649/980 497/648/977 603/798/1149 602/797/1148
f 497/648/977 496/647/974 604/799/1150 603/798/1149
f 496/647/974 495/646/971 605/800/1151 604/799/1150
f 495/646/971 494/645/967 606/801/1152 605/800/1151
f 494/645/967 493/644/966 607/802/1153 606/801/1152
f 493/644/966 512/663/1013 608/803/1154 607/802/1153
f 512/663/1013 511/662/1011 590/784/1136 608/803/1154
s off
usemtl blinn19SG
f 609/804/1155 611/805/1156 610/806/1157
f 609/804/1158 612/807/1159 611/805/1160
f 609/804/1161 613/808/1162 612/807/1163
f 609/804/1164 614/809/1165 613/808/1166
f 609/804/1167 610/806/1168 614/809/1169
f 610/806/1170 611/805/1171 616/810/1172
f 611/811/1173 612/812/1174 617/813/1175
f 612/812/1176 613/814/1177 618/815/1178
f 613/808/1179 614/809/1180 619/816/1181
f 614/809/1182 610/806/1183 615/817/1184
f 610/806/1185 616/810/1186 615/817/1187
f 611/811/1188 617/813/1189 616/810/1190
f 612/812/1191 618/815/1192 617/813/1193
f 613/814/1194 619/816/1195 618/815/1196
f 614/809/1197 615/817/1198 619/816/1199
f 615/817/1200 616/810/1201 620/818/1202
f 616/810/1203 617/813/1204 620/818/1205
f 617/813/1206 618/815/1207 620/818/1208
f 618/815/1209 619/816/1210 620/818/1211
f 619/816/1212 615/817/1213 620/818/1214
usemtl blinn18SG
f 621/819/1215 623/820/1216 622/821/1217
f 621/819/1218 624/822/1219 623/820/1220
f 621/819/1221 625/823/1222 624/822/1223
f 621/819/1224 626/824/1225 625/823/1226
f 621/819/1227 622/821/1228 626/824/1229
f 622/821/1230 623/820/1231 628/825/1232
f 623/826/1233 624/827/1234 629/828/1235
f 624/827/1236 625/829/1237 630/830/1238
f 625/823/1239 626/824/1240 631/831/1241
f 626/824/1242 622/821/1243 627/832/1244
f 622/821/1245 628/825/1246 627/832/1247
f 623/826/1248 629/828/1249 628/825/1250
f 624/827/1251 630/830/1252 629/828/1253
f 625/829/1254 631/831/1255 630/830/1256
f 626/824/1257 627/832/1258 631/831/1259
f 627/832/1260 628/825/1261 632/833/1262
f 628/825/1263 629/828/1264 632/833/1265
f 629/828/1266 630/830/1267 632/833/1268
f 630/830/1269 631/831/1270 632/833/1271
f 631/831/1272 627/832/1273 632/833/1274
g default
v -4.141698 0.994023 0.063873
v -3.767280 0.886902 -0.034380
v -4.141705 0.857349 -0.033132
v -3.776950 0.860433 -0.042833
v -4.026704 1.067511 0.052079
v -3.862294 1.025437 0.016174
v -4.052609 0.829265 -0.148134
v -3.908026 0.818684 -0.126148
v -3.668799 0.882959 -0.044309
v -3.674099 0.868579 -0.053664
v -4.141698 0.994023 0.063873
v -3.767280 0.886902 -0.034380
v -4.141705 0.857349 -0.033132
v -3.776950 0.860433 -0.042833
v -4.026704 1.067511 0.052079
v -3.862294 1.025437 0.016174
v -4.052609 0.829265 -0.148134
v -3.908026 0.818684 -0.126148
v -3.668799 0.882959 -0.044309
v -3.674099 0.868579 -0.053664
v -3.855013 0.703249 -0.473961
v -3.718768 0.835287 -0.119953
v -3.691809 0.669621 -0.455955
v -3.694682 0.818653 -0.122891
v -3.897457 0.805281 -0.393022
v -3.846336 0.862185 -0.237332
v -3.589108 0.755890 -0.393007
v -3.601751 0.790918 -0.251188
v -3.710908 0.876772 -0.030344
v -3.694255 0.870661 -0.033129
v -3.438163 1.095200 0.308501
v -3.658200 0.915708 0.024450
v -3.601902 1.109170 0.341425
v -3.681697 0.916255 0.042146
v -3.412503 1.070619 0.176211
v -3.500952 0.988602 0.051550
v -3.711145 1.131813 0.243927
v -3.736424 1.031751 0.139774
v -3.687813 0.866953 -0.056534
v -3.703422 0.870729 -0.048504
v -3.831954 1.407221 -0.049452
v -3.671362 1.068234 0.094131
v -3.670364 1.394431 -0.092053
v -3.648471 1.071219 0.075890
v -3.864350 1.330826 0.059532
v -3.802566 1.181283 0.122064
v -3.559832 1.341427 -0.008833
v -3.563585 1.201575 0.035059
v -3.656780 0.981742 0.140162
v -3.640673 0.984883 0.132878
v -3.831954 1.407221 -0.049452
v -3.671362 1.068234 0.094131
v -3.670364 1.394431 -0.092053
v -3.648471 1.071219 0.075890
v -3.864350 1.330826 0.059532
v -3.802566 1.181283 0.122064
v -3.559832 1.341427 -0.008833
v -3.563585 1.201575 0.035059
v -3.656780 0.981742 0.140162
v -3.640673 0.984883 0.132878
v -3.219644 1.225849 0.170054
v -3.570410 1.035097 0.126552
v -3.204860 1.063289 0.208076
v -3.556503 1.009175 0.127034
v -3.348754 1.270827 0.178462
v -3.502675 1.194463 0.154638
v -3.303573 0.978705 0.279167
v -3.435766 0.956975 0.219570
v -3.665514 1.013229 0.109525
v -3.658737 0.997238 0.114080
v -4.053305 0.731890 0.195441
v -3.730131 0.961153 0.129752
v -4.094918 0.872926 0.115022
v -3.745183 0.976902 0.109979
v -3.934509 0.742264 0.262844
v -3.790253 0.834578 0.235295
v -4.038991 1.008338 0.137120
v -3.896264 1.031943 0.113219
v -3.638042 0.997568 0.127294
v -3.647333 1.010260 0.118636
v -4.153481 0.909346 0.228389
v -3.767879 0.881796 0.119444
v -4.137910 0.909890 0.061514
v -3.776000 0.874707 0.092070
v -4.038420 0.946802 0.292584
v -3.870232 0.931670 0.252902
v -4.032093 0.976172 -0.018246
v -3.892538 0.934524 -0.001239
v -3.669019 0.875495 0.119650
v -3.672747 0.875513 0.102086
v -4.153481 0.909346 0.228389
v -3.767879 0.881796 0.119444
v -4.137910 0.909890 0.061514
v -3.776000 0.874707 0.092070
v -4.038420 0.946802 0.292584
v -3.870232 0.931670 0.252902
v -4.032093 0.976172 -0.018246
v -3.892538 0.934524 -0.001239
v -3.669019 0.875495 0.119650
v -3.672747 0.875513 0.102086
v -3.786230 1.144145 -0.287365
v -3.706556 0.915738 0.033260
v -3.627546 1.090260 -0.289802
v -3.682215 0.905651 0.020168
v -3.841108 1.142042 -0.161877
v -3.814757 1.042006 -0.022633
v -3.536156 1.075904 -0.174069
v -3.570573 0.982446 -0.066457
v -3.712739 0.865803 0.118588
v -3.695827 0.862523 0.113532
v -3.496299 0.682320 0.514067
v -3.669256 0.837142 0.186296
v -3.663220 0.683718 0.529070
v -3.695191 0.825987 0.194574
v -3.450536 0.772422 0.421599
v -3.518401 0.837516 0.275834
v -3.756339 0.789174 0.482591
v -3.764837 0.819554 0.339398
v -3.685852 0.878597 0.097873
v -3.702528 0.876159 0.104069
v -3.471086 0.662911 0.680887
v -3.643190 1.146304 0.219423
v -3.757143 0.687639 0.658856
v -3.690425 1.128361 0.217954
v -3.356937 0.855043 0.607079
v -3.418502 1.062314 0.401944
v -3.891003 0.902025 0.628408
v -3.855929 1.041176 0.421342
v -3.638993 1.270476 0.103098
v -3.669304 1.265922 0.106588
v -3.791826 1.769464 0.534439
v -3.623925 1.651629 0.189125
v -3.908379 1.719741 0.424744
v -3.649001 1.638366 0.181326
v -3.674063 1.805168 0.474270
v -3.594508 1.753072 0.329192
v -3.909180 1.742916 0.278406
v -3.801746 1.686493 0.196102
v -3.559652 1.630198 0.116860
v -3.575352 1.625771 0.109359
v -3.791826 1.769464 0.534439
v -3.623925 1.651629 0.189125
v -3.908379 1.719741 0.424744
v -3.649001 1.638366 0.181326
v -3.674063 1.805168 0.474270
v -3.594508 1.753072 0.329192
v -3.909180 1.742916 0.278406
v -3.801746 1.686493 0.196102
v -3.559652 1.630198 0.116860
v -3.575352 1.625771 0.109359
v -3.976268 1.785966 -0.114956
v -3.654124 1.649391 0.082245
v -3.869808 1.709403 -0.219331
v -3.647209 1.632283 0.059331
v -3.916072 1.828540 0.000487
v -3.781352 1.769728 0.092585
v -3.721778 1.714617 -0.215821
v -3.650774 1.662513 -0.098590
v -3.587276 1.627604 0.152025
v -3.579866 1.620398 0.137343
v -3.126304 1.533433 0.276736
v -3.504576 1.613073 0.167713
v -3.222059 1.565283 0.410551
v -3.513546 1.608976 0.195432
v -3.178145 1.584919 0.160870
v -3.340107 1.615363 0.106722
v -3.329928 1.666276 0.421372
v -3.447627 1.655316 0.334618
v -3.587320 1.629538 0.115804
v -3.593010 1.631629 0.132705
v -3.791826 1.769464 0.534439
v -3.623925 1.651629 0.189125
v -3.908379 1.719741 0.424744
v -3.649001 1.638366 0.181326
v -3.674063 1.805168 0.474270
v -3.594508 1.753072 0.329192
v -3.909180 1.742916 0.278406
v -3.801746 1.686493 0.196102
v -3.559652 1.630198 0.116860
v -3.575352 1.625771 0.109359
v -3.791826 1.769464 0.534439
v -3.623925 1.651629 0.189125
v -3.908379 1.719741 0.424744
v -3.649001 1.638366 0.181326
v -3.674063 1.805168 0.474270
v -3.594508 1.753072 0.329192
v -3.909180 1.742916 0.278406
v -3.801746 1.686493 0.196102
v -3.559652 1.630198 0.116860
v -3.575352 1.625771 0.109359
v -3.976268 1.785966 -0.114956
v -3.654124 1.649391 0.082245
v -3.869808 1.709403 -0.219331
v -3.647209 1.632283 0.059331
v -3.916072 1.828540 0.000487
v -3.781352 1.769728 0.092585
v -3.721778 1.714617 -0.215821
v -3.650774 1.662513 -0.098590
v -3.587276 1.627604 0.152025
v -3.579866 1.620398 0.137343
v -3.126304 1.533433 0.276736
v -3.504576 1.613073 0.167713
v -3.222059 1.565283 0.410551
v -3.513546 1.608976 0.195432
v -3.178145 1.584919 0.160870
v -3.340107 1.615363 0.106722
v -3.329928 1.666276 0.421372
v -3.447627 1.655316 0.334618
v -3.587320 1.629538 0.115804
v -3.593010 1.631629 0.132705
v -4.107989 1.453840 0.074553
v -3.708208 1.480639 0.102390
v -4.061698 1.603641 0.133769
v -3.710233 1.509879 0.104945
v -4.011861 1.357826 0.091988
v -3.838604 1.363351 0.098485
v -3.950941 1.632288 0.227921
v -3.813248 1.600657 0.188688
v -3.611054 1.461408 0.100450
v -3.611415 1.478335 0.106427
v -3.621387 0.521867 -0.411828
v -3.658489 0.791394 -0.116366
v -3.491754 0.628092 -0.410648
v -3.630088 0.798541 -0.119166
v -3.732016 0.572385 -0.348800
v -3.753124 0.683599 -0.217360
v -3.495494 0.773495 -0.382425
v -3.540134 0.820035 -0.250741
v -3.691192 0.844585 -0.039467
v -3.675607 0.852653 -0.043258
v -3.554871 0.294500 -0.026622
v -3.625041 0.294500 -0.055687
v -3.695211 0.294500 -0.026622
v -3.724275 0.294500 0.043547
v -3.695211 0.294500 0.113717
v -3.625041 0.294500 0.142782
v -3.554871 0.294500 0.113717
v -3.525806 0.294500 0.043547
v -3.495067 1.794974 0.008576
v -3.530038 1.794974 -0.005909
v -3.565009 1.794974 0.008576
v -3.579494 1.794974 0.043547
v -3.565009 1.794974 0.078518
v -3.530038 1.794974 0.093004
v -3.495067 1.794974 0.078518
v -3.480582 1.794974 0.043547
v -3.625041 0.294500 0.043547
v -3.453064 1.405219 -0.026622
v -3.530038 1.451663 -0.055687
v -3.600208 1.520178 -0.026622
v -3.629272 1.570627 0.043547
v -3.600208 1.573459 0.113717
v -3.530038 1.527015 0.142782
v -3.459868 1.458500 0.113717
v -3.423999 1.408050 0.043547
v -3.668952 0.915231 -0.026622
v -3.739122 0.863424 -0.055687
v -3.809291 0.832819 -0.026622
v -3.853020 0.841345 0.043547
v -3.823954 0.884007 0.113717
v -3.739122 0.935815 0.142782
v -3.655065 0.966420 0.113717
v -3.626001 0.957894 0.043547
v -3.572344 0.294500 -0.033860
v -3.686425 0.902331 -0.033860
v -3.477340 1.416783 -0.033860
v -3.503776 1.794974 0.004969
v -3.596530 1.264592 -0.055687
v -3.543834 1.253178 -0.033860
v -3.519557 1.249393 -0.026622
v -3.490493 1.264892 0.043547
v -3.526362 1.302009 0.113717
v -3.596530 1.339002 0.142782
v -3.673915 1.354200 0.113717
v -3.702980 1.338701 0.043547
v -3.666700 1.301584 -0.026622
v -3.600194 1.114502 -0.033860
v -3.582722 1.117312 -0.026622
v -3.553656 1.143548 0.043547
v -3.582722 1.169364 0.113717
v -3.652892 1.179638 0.142782
v -3.744940 1.168351 0.113717
v -3.774004 1.142116 0.043547
v -3.723060 1.116300 -0.026622
v -3.652892 1.106026 -0.055687
v -4.071057 1.246327 0.105051
v -4.079140 1.239027 0.085529
v -4.051295 1.298032 0.105051
v -4.059380 1.293718 0.085529
v -3.308299 1.355797 0.044443
v -3.293676 1.363595 0.079746
v -3.274845 1.434195 0.044443
v -3.260223 1.435620 0.079746
v -5.185513 1.343369 0.271926
v -3.981758 1.257879 -0.039441
v -5.125694 1.345058 -0.244686
v -4.005069 1.235882 -0.124922
v -4.832991 1.459594 0.479015
v -4.308496 1.412640 0.367516
v -4.791916 1.550731 -0.484819
v -4.360157 1.421496 -0.422430
v -3.675094 1.238329 -0.031981
v -3.685443 1.238384 -0.086726
v -3.482956 1.343369 1.467949
v -3.699020 1.257879 0.243494
v -3.993292 1.345058 1.367824
v -3.786066 1.235882 0.260033
v -3.248876 1.459594 1.132743
v -3.318925 1.412640 0.601123
v -4.206526 1.550731 1.016252
v -4.110490 1.421496 0.590711
v -3.667549 1.238329 -0.061642
v -3.722935 1.238384 -0.055615
v -2.150187 1.343369 0.131991
v -3.390032 1.257879 0.038429
v -2.373446 1.345058 0.601694
v -3.395540 1.235882 0.126860
v -2.417065 1.459594 -0.177739
v -2.949490 1.412640 -0.241382
v -2.766842 1.550731 0.721327
v -3.155399 1.421496 0.523004
v -3.677898 1.238329 -0.067551
v -3.685760 1.238384 -0.012394
v -3.475324 1.650957 -1.443028
v -3.604208 1.273781 -0.262177
v -3.016550 1.514934 -1.239326
v -3.521088 1.236116 -0.264766
v -3.764650 1.748171 -1.147218
v -3.844886 1.580519 -0.642057
v -2.869789 1.591027 -0.810322
v -3.094448 1.404587 -0.461355
v -3.717028 1.201103 0.014356
v -3.662856 1.189614 0.020478
v -4.043381 1.473853 0.063873
v -3.668963 1.366732 -0.034380
v -4.043388 1.337179 -0.033132
v -3.678633 1.340263 -0.042833
v -3.928387 1.547341 0.052079
v -3.763978 1.505266 0.016174
v -3.954293 1.309094 -0.148134
v -3.809709 1.298514 -0.126148
v -3.570483 1.362788 -0.044309
v -3.575782 1.348408 -0.053664
v -4.043381 1.473853 0.063873
v -3.668963 1.366732 -0.034380
v -4.043388 1.337179 -0.033132
v -3.678633 1.340263 -0.042833
v -3.928387 1.547341 0.052079
v -3.763978 1.505266 0.016174
v -3.954293 1.309094 -0.148134
v -3.809709 1.298514 -0.126148
v -3.570483 1.362788 -0.044309
v -3.575782 1.348408 -0.053664
v -3.756696 1.183078 -0.473961
v -3.620451 1.315117 -0.119953
v -3.593493 1.149451 -0.455955
v -3.596365 1.298482 -0.122891
v -3.799140 1.285111 -0.393022
v -3.748019 1.342015 -0.237332
v -3.490791 1.235719 -0.393007
v -3.503434 1.270747 -0.251188
v -3.612592 1.356601 -0.030344
v -3.595938 1.350490 -0.033129
v -3.339845 1.575029 0.308501
v -3.559884 1.395538 0.024450
v -3.503585 1.588999 0.341425
v -3.583380 1.396085 0.042146
v -3.314185 1.550449 0.176211
v -3.402634 1.468431 0.051550
v -3.612828 1.611643 0.243927
v -3.638107 1.511580 0.139774
v -3.589496 1.346783 -0.056534
v -3.605106 1.350558 -0.048504
v -3.733637 1.887051 -0.049452
v -3.573045 1.548064 0.094131
v -3.572047 1.874260 -0.092053
v -3.550154 1.551048 0.075890
v -3.766033 1.810655 0.059532
v -3.704249 1.661113 0.122064
v -3.461515 1.821256 -0.008833
v -3.465269 1.681404 0.035059
v -3.558464 1.461571 0.140162
v -3.542356 1.464713 0.132878
v -3.733637 1.887051 -0.049452
v -3.573045 1.548064 0.094131
v -3.572047 1.874260 -0.092053
v -3.550154 1.551048 0.075890
v -3.766033 1.810655 0.059532
v -3.704249 1.661113 0.122064
v -3.461515 1.821256 -0.008833
v -3.465269 1.681404 0.035059
v -3.558464 1.461571 0.140162
v -3.542356 1.464713 0.132878
v -3.121326 1.705678 0.170054
v -3.472094 1.514926 0.126552
v -3.106542 1.543118 0.208076
v -3.458186 1.489004 0.127034
v -3.250436 1.750656 0.178462
v -3.404357 1.674293 0.154638
v -3.205255 1.458534 0.279167
v -3.337448 1.436804 0.219570
v -3.567197 1.493058 0.109525
v -3.560420 1.477067 0.114080
v -3.954988 1.211719 0.195441
v -3.631814 1.440982 0.129752
v -3.996601 1.352755 0.115022
v -3.646866 1.456732 0.109979
v -3.836193 1.222093 0.262844
v -3.691937 1.314408 0.235295
v -3.940675 1.488167 0.137120
v -3.797947 1.511773 0.113219
v -3.539725 1.477397 0.127294
v -3.549016 1.490089 0.118636
v -4.055164 1.389175 0.228389
v -3.669562 1.361625 0.119444
v -4.039594 1.389720 0.061514
v -3.677683 1.354536 0.092070
v -3.940104 1.426631 0.292584
v -3.771915 1.411499 0.252902
v -3.933776 1.456001 -0.018246
v -3.794221 1.414353 -0.001239
v -3.570703 1.355324 0.119650
v -3.574431 1.355342 0.102086
v -4.055164 1.389175 0.228389
v -3.669562 1.361625 0.119444
v -4.039594 1.389720 0.061514
v -3.677683 1.354536 0.092070
v -3.940104 1.426631 0.292584
v -3.771915 1.411499 0.252902
v -3.933776 1.456001 -0.018246
v -3.794221 1.414353 -0.001239
v -3.570703 1.355324 0.119650
v -3.574431 1.355342 0.102086
v -3.687913 1.623974 -0.287365
v -3.608240 1.395567 0.033260
v -3.529229 1.570089 -0.289802
v -3.583899 1.385480 0.020168
v -3.742791 1.621872 -0.161877
v -3.716441 1.521835 -0.022633
v -3.437840 1.555734 -0.174069
v -3.472256 1.462275 -0.066457
v -3.614422 1.345633 0.118588
v -3.597510 1.342352 0.113532
v -3.397981 1.162149 0.514067
v -3.570939 1.316971 0.186296
v -3.564903 1.163547 0.529070
v -3.596874 1.305817 0.194574
v -3.352218 1.252251 0.421599
v -3.420083 1.317346 0.275834
v -3.658022 1.269004 0.482591
v -3.666520 1.299383 0.339398
v -3.587535 1.358426 0.097873
v -3.604211 1.355988 0.104069
v -4.243896 0.326876 0.493004
v -3.831844 0.651521 0.044611
v -4.397050 0.486963 0.309041
v -3.871528 0.661154 0.014819
v -4.019884 0.396950 0.510321
v -3.831971 0.527514 0.319339
v -4.336082 0.716527 0.217441
v -4.127978 0.742521 0.077847
v -3.696803 0.710662 -0.040443
v -3.720241 0.723795 -0.055605
v -4.778441 0.607545 0.601563
v -3.961448 0.716870 0.129237
v -4.844663 0.711768 0.224859
v -3.995806 0.714671 0.068762
v -4.481277 0.686835 0.703449
v -4.119780 0.722806 0.512736
v -4.659822 0.939103 0.032583
v -4.325902 0.873300 -0.034109
v -3.734944 0.729999 0.070752
v -3.754154 0.739383 0.034057
v -3.279594 0.542363 1.115994
v -3.694606 0.690156 0.274304
v -3.673982 0.514445 1.144899
v -3.753851 0.662733 0.298399
v -3.184348 0.712704 0.857374
v -3.346781 0.771901 0.485275
v -3.912675 0.711306 0.980318
v -3.927925 0.705864 0.633880
v -3.735737 0.736299 0.048303
v -3.774942 0.729992 0.063362
v -2.589571 0.919544 -0.088465
v -3.512372 0.757877 0.069092
v -2.652926 0.811255 0.287585
v -3.496726 0.724579 0.128159
v -2.855072 1.037945 -0.231518
v -3.255939 0.965439 -0.182575
v -2.923084 0.902362 0.491374
v -3.244214 0.808498 0.400011
v -3.744559 0.736439 0.046139
v -3.738577 0.725345 0.086694
v -3.905205 1.316997 -0.880796
v -3.733480 0.806023 -0.098534
v -3.521217 1.222133 -0.854201
v -3.671800 0.786740 -0.124346
v -4.057577 1.305242 -0.595108
v -4.002214 1.079674 -0.256877
v -3.325679 1.210840 -0.563593
v -3.408365 0.987353 -0.311604
v -3.754280 0.690051 0.103988
v -3.712933 0.685577 0.095392
v -4.107989 1.453840 0.074553
v -3.708208 1.480639 0.102390
v -4.061698 1.603641 0.133769
v -3.710233 1.509879 0.104945
v -4.011861 1.357826 0.091988
v -3.838604 1.363351 0.098485
v -3.950941 1.632288 0.227921
v -3.813248 1.600657 0.188688
v -3.611054 1.461408 0.100450
v -3.611415 1.478335 0.106427
v -4.436279 1.307991 0.205447
v -4.048348 1.280440 0.105103
v -4.417002 1.308535 0.038959
v -4.055860 1.273351 0.077555
v -4.322673 1.345446 0.272185
v -4.153645 1.330315 0.236252
v -4.309435 1.374817 -0.038428
v -4.170293 1.333168 -0.018322
v -3.949520 1.274140 0.107507
v -3.952856 1.274157 0.089865
v -3.917947 1.126765 0.554577
v -4.003670 1.263802 0.186894
v -4.083611 1.135314 0.530652
v -4.031351 1.254224 0.189654
v -3.847764 1.208258 0.469744
v -3.877281 1.265126 0.308544
v -4.158139 1.240472 0.457578
v -4.132303 1.260763 0.314679
v -3.997575 1.299366 0.094641
v -4.015325 1.297989 0.096972
v -3.621387 0.521867 -0.411828
v -3.658489 0.791394 -0.116366
v -3.491754 0.628092 -0.410648
v -3.630088 0.798541 -0.119166
v -3.732016 0.572385 -0.348800
v -3.753124 0.683599 -0.217360
v -3.495494 0.773495 -0.382425
v -3.540134 0.820035 -0.250741
v -3.691192 0.844585 -0.039467
v -3.675607 0.852653 -0.043258
v -3.917947 1.126765 0.554577
v -4.003670 1.263802 0.186894
v -4.083611 1.135314 0.530652
v -4.031351 1.254224 0.189654
v -3.847764 1.208258 0.469744
v -3.877281 1.265126 0.308544
v -4.158139 1.240472 0.457578
v -4.132303 1.260763 0.314679
v -3.997575 1.299366 0.094641
v -4.015325 1.297989 0.096972
v -3.585039 0.369083 0.554577
v -3.670762 0.506120 0.186894
v -3.750704 0.377631 0.530652
v -3.698443 0.496541 0.189654
v -3.514856 0.450575 0.469744
v -3.544373 0.507443 0.308544
v -3.825231 0.482790 0.457578
v -3.799396 0.503080 0.314679
v -3.664667 0.541683 0.094641
v -3.682417 0.540306 0.096972
v -3.868189 2.238775 0.339882
v -3.611466 1.858869 0.081263
v -3.939730 2.221611 0.138001
v -3.638848 1.859392 0.054959
v -3.701757 2.168335 0.357892
v -3.588505 2.000001 0.255545
v -3.829860 2.182548 -0.021205
v -3.735878 2.017803 -0.035803
v -3.530543 1.762730 0.047691
v -3.542795 1.765800 0.028431
v -2.893657 1.966202 -0.036896
v -3.411079 1.841677 0.057794
v -2.944278 1.962100 0.176299
v -3.403691 1.834421 0.094148
v -3.041584 1.987313 -0.133937
v -3.265102 1.929129 -0.102690
v -3.113035 2.020651 0.265469
v -3.282489 1.936057 0.227468
v -3.538836 1.810915 0.045797
v -3.537136 1.811672 0.068879
v -3.683539 2.233395 -0.373422
v -3.545437 1.861169 -0.045831
v -3.459909 2.215238 -0.367838
v -3.508713 1.861104 -0.061294
v -3.771040 2.167124 -0.229175
v -3.721390 2.002130 -0.088651
v -3.353401 2.179611 -0.214365
v -3.379878 2.017365 -0.121109
v -3.547768 1.767249 0.040420
v -3.524128 1.770085 0.035984
v -3.409925 1.841793 0.656824
v -3.510943 1.806487 0.151914
v -3.631260 1.842491 0.627071
v -3.548486 1.797402 0.160840
v -3.310758 1.889793 0.511736
v -3.344340 1.870402 0.291963
v -3.725657 1.927432 0.485638
v -3.686753 1.874059 0.306158
v -3.499217 1.798412 0.024092
v -3.523135 1.798435 0.027899
v -3.426328 0.599406 0.204558
v -3.651717 0.928747 0.159245
v -3.560947 0.594384 0.304271
v -3.674169 0.915379 0.172765
v -3.393827 0.726637 0.165583
v -3.487708 0.869993 0.138647
v -3.621949 0.707514 0.377980
v -3.676619 0.821036 0.302992
v -3.687201 1.016758 0.130831
v -3.699639 1.011306 0.142575
v -3.426328 0.599406 0.204558
v -3.651717 0.928747 0.159245
v -3.560947 0.594384 0.304271
v -3.674169 0.915379 0.172765
v -3.393827 0.726637 0.165583
v -3.487708 0.869993 0.138647
v -3.621949 0.707514 0.377980
v -3.676619 0.821036 0.302992
v -3.687201 1.016758 0.130831
v -3.699639 1.011306 0.142575
v -3.821382 0.965988 0.611445
v -3.720557 0.987913 0.223280
v -3.903991 1.090004 0.534727
v -3.744102 1.004745 0.217998
v -3.706971 0.929623 0.545481
v -3.660944 0.931272 0.378241
v -3.851482 1.181552 0.430735
v -3.806703 1.126469 0.302439
v -3.678963 0.972895 0.134641
v -3.690177 0.986506 0.131271
v -3.540418 1.146037 -0.298653
v -3.655863 1.009481 0.060990
v -3.473521 0.995644 -0.267079
v -3.646948 0.982408 0.053699
v -3.578920 1.211969 -0.184926
v -3.635231 1.158065 -0.029962
v -3.422678 0.945845 -0.137127
v -3.515001 0.933117 -0.023928
v -3.696985 1.000021 0.150612
v -3.688031 0.984548 0.148934
v -2.960442 2.084145 -0.697568
v -3.355508 1.744145 -0.156181
v -2.837077 2.141755 -0.415069
v -3.313956 1.751642 -0.120859
v -3.206833 2.014521 -0.686077
v -3.382904 1.857952 -0.462843
v -2.974381 2.187096 -0.178539
v -3.135366 1.989750 -0.076517
v -3.481938 1.646296 -0.062407
v -3.461731 1.657059 -0.037823
v -4.238408 2.050818 0.129198
v -3.588961 1.710818 -0.036322
v -4.153481 2.108428 -0.167133
v -3.598477 1.718315 -0.090021
v -4.041185 1.981194 0.277342
v -3.763247 1.824625 0.217481
v -3.896943 2.153769 -0.261939
v -3.707864 1.956423 -0.237990
v -3.431765 1.612969 -0.028033
v -3.431678 1.623732 -0.059857
v -4.180435 1.021435 0.228389
v -3.794831 0.993884 0.119444
v -4.164864 1.021979 0.061514
v -3.802954 0.986795 0.092070
v -4.065373 1.058890 0.292584
v -3.897186 1.043758 0.252902
v -4.059046 1.088261 -0.018246
v -3.919491 1.046612 -0.001239
v -3.695975 0.987583 0.119650
v -3.699701 0.987601 0.102086
v -4.180435 1.021435 0.228389
v -3.794831 0.993884 0.119444
v -4.164864 1.021979 0.061514
v -3.802954 0.986795 0.092070
v -4.065373 1.058890 0.292584
v -3.897186 1.043758 0.252902
v -4.059046 1.088261 -0.018246
v -3.919491 1.046612 -0.001239
v -3.695975 0.987583 0.119650
v -3.699701 0.987601 0.102086
v -3.813183 1.256233 -0.287365
v -3.733509 1.027826 0.033260
v -3.654500 1.202348 -0.289802
v -3.709169 1.017739 0.020168
v -3.868061 1.254131 -0.161877
v -3.841710 1.154094 -0.022633
v -3.563109 1.187993 -0.174069
v -3.597526 1.094534 -0.066457
v -3.739693 0.977892 0.118588
v -3.722779 0.974611 0.113532
v -3.523252 0.794408 0.514067
v -3.696210 0.949231 0.186296
v -3.690175 0.795806 0.529070
v -3.722145 0.938076 0.194574
v -3.477487 0.884510 0.421599
v -3.545354 0.949605 0.275834
v -3.783293 0.901262 0.482591
v -3.791789 0.931643 0.339398
v -3.712805 0.990685 0.097873
v -3.729480 0.988248 0.104069
v -3.988225 1.312202 0.353993
v -3.674001 1.481532 0.120397
v -4.052895 1.423086 0.230665
v -3.694747 1.490649 0.098882
v -3.848420 1.337771 0.385086
v -3.707636 1.404205 0.286546
v -3.990405 1.559586 0.183480
v -3.849814 1.560087 0.116500
v -3.580048 1.507757 0.080976
v -3.591949 1.517695 0.069874
v -3.988225 1.312202 0.353993
v -3.674001 1.481532 0.120397
v -4.052895 1.423086 0.230665
v -3.694747 1.490649 0.098882
v -3.848420 1.337771 0.385086
v -3.707636 1.404205 0.286546
v -3.990405 1.559586 0.183480
v -3.849814 1.560087 0.116500
v -3.580048 1.507757 0.080976
v -3.591949 1.517695 0.069874
v -3.885114 1.940792 0.024382
v -3.656816 1.582363 0.061591
v -3.735620 1.949958 -0.071818
v -3.639941 1.590367 0.036539
v -3.877468 1.842379 0.131258
v -3.786154 1.683433 0.149752
v -3.593750 1.894386 -0.032467
v -3.575190 1.741385 -0.010139
v -3.622061 1.486887 0.088896
v -3.608410 1.492848 0.076988
v -3.228277 1.160086 0.162320
v -3.548541 1.435155 0.101131
v -3.379610 1.098778 0.233219
v -3.569223 1.412860 0.108314
v -3.228852 1.304452 0.144313
v -3.362686 1.426672 0.111229
v -3.490146 1.182191 0.307968
v -3.566390 1.294107 0.231064
v -3.606396 1.518646 0.073726
v -3.619278 1.507510 0.082312
v -3.426328 0.599406 0.204558
v -3.651717 0.928747 0.159245
v -3.560947 0.594384 0.304271
v -3.674169 0.915379 0.172765
v -3.393827 0.726637 0.165583
v -3.487708 0.869993 0.138647
v -3.621949 0.707514 0.377980
v -3.676619 0.821036 0.302992
v -3.687201 1.016758 0.130831
v -3.699639 1.011306 0.142575
v -3.426328 0.599406 0.204558
v -3.651717 0.928747 0.159245
v -3.560947 0.594384 0.304271
v -3.674169 0.915379 0.172765
v -3.393827 0.726637 0.165583
v -3.487708 0.869993 0.138647
v -3.621949 0.707514 0.377980
v -3.676619 0.821036 0.302992
v -3.687201 1.016758 0.130831
v -3.699639 1.011306 0.142575
v -3.821382 0.965988 0.611445
v -3.720557 0.987913 0.223280
v -3.903991 1.090004 0.534727
v -3.744102 1.004745 0.217998
v -3.706971 0.929623 0.545481
v -3.660944 0.931272 0.378241
v -3.851482 1.181552 0.430735
v -3.806703 1.126469 0.302439
v -3.678963 0.972895 0.134641
v -3.690177 0.986506 0.131271
v -3.540418 1.146037 -0.298653
v -3.655863 1.009481 0.060990
v -3.473521 0.995644 -0.267079
v -3.646948 0.982408 0.053699
v -3.578920 1.211969 -0.184926
v -3.635231 1.158065 -0.029962
v -3.422678 0.945845 -0.137127
v -3.515001 0.933117 -0.023928
v -3.696985 1.000021 0.150612
v -3.688031 0.984548 0.148934
v -2.844950 1.233883 -0.008428
v -3.216040 1.371864 0.059183
v -2.943564 1.113415 0.053643
v -3.226049 1.344274 0.061229
v -2.890955 1.359837 0.019539
v -3.049751 1.425463 0.043362
v -3.047571 1.127946 0.158161
v -3.162788 1.215154 0.133283
v -3.296358 1.429284 0.067209
v -3.302494 1.413417 0.072950
v -2.844950 1.233883 -0.008428
v -3.216040 1.371864 0.059183
v -2.943564 1.113415 0.053643
v -3.226049 1.344274 0.061229
v -2.890955 1.359837 0.019539
v -3.049751 1.425463 0.043362
v -3.047571 1.127946 0.158161
v -3.162788 1.215154 0.133283
v -3.296358 1.429284 0.067209
v -3.302494 1.413417 0.072950
v -3.328157 1.099441 0.443726
v -3.298445 1.348264 0.129842
v -3.472539 1.180298 0.417155
v -3.327762 1.350391 0.128608
v -3.220304 1.164098 0.389405
v -3.201125 1.267093 0.251149
v -3.489674 1.321475 0.375583
v -3.436576 1.365232 0.246102
v -3.265338 1.400524 0.052477
v -3.282423 1.405927 0.053626
v -3.290934 1.798015 -0.227277
v -3.273937 1.472961 0.008029
v -3.150324 1.711068 -0.254830
v -3.252654 1.461698 -0.008874
v -3.346262 1.772060 -0.104688
v -3.347086 1.632080 -0.002240
v -3.066760 1.641802 -0.153975
v -3.124460 1.531739 -0.076154
v -3.293295 1.403020 0.075453
v -3.277642 1.397449 0.068648
v -4.436279 1.307991 0.205447
v -4.048348 1.280440 0.105103
v -4.417002 1.308535 0.038959
v -4.055860 1.273351 0.077555
v -4.322673 1.345446 0.272185
v -4.153645 1.330315 0.236252
v -4.309435 1.374817 -0.038428
v -4.170293 1.333168 -0.018322
v -3.949520 1.274140 0.107507
v -3.952856 1.274157 0.089865
v -4.240589 1.779392 0.276900
v -3.649469 1.439391 -0.038935
v -4.228891 1.837001 -0.031140
v -3.671534 1.446889 -0.088808
v -4.013695 1.709767 0.373655
v -3.758095 1.553198 0.249147
v -4.002419 1.882343 -0.184469
v -3.813094 1.684997 -0.206369
v -3.494840 1.341543 -0.068429
v -3.502356 1.352305 -0.099354
v -2.730291 1.746065 0.087842
v -3.387121 1.406065 -0.045400
v -2.935585 1.803675 0.317793
v -3.401893 1.413562 0.007097
v -2.843510 1.676440 -0.131304
v -3.119837 1.519871 -0.198213
v -3.207829 1.849016 0.291662
v -3.367701 1.651670 0.187903
v -3.525085 1.308216 -0.121194
v -3.538999 1.318978 -0.092572
v -3.471086 0.662911 0.680887
v -3.643190 1.146304 0.219423
v -3.757143 0.687639 0.658856
v -3.690425 1.128361 0.217954
v -3.356937 0.855043 0.607079
v -3.418502 1.062314 0.401944
v -3.891003 0.902025 0.628408
v -3.855929 1.041176 0.421342
v -3.638993 1.270476 0.103098
v -3.669304 1.265922 0.106588
vt 0.000000 0.000000
vt 1.000000 0.000000
vt 0.000000 1.000000
vt 1.000000 1.000000
vt 0.000000 -0.074372
vt 1.000000 -0.074372
vt 0.000000 0.903981
vt 1.000000 0.903981
vt 3.875472 0.000000
vt 3.875472 1.000000
vt 0.000000 0.000000
vt 1.000000 0.000000
vt 1.000000 1.000000
vt 0.000000 1.000000
vt 1.000000 -0.074372
vt 0.000000 -0.074372
vt 1.000000 0.903981
vt 0.000000 0.903981
vt 3.875472 1.000000
vt 3.875472 0.000000
vt 0.000000 0.000000
vt 1.000000 0.000000
vt 1.000000 1.000000
vt 0.000000 1.000000
vt 1.000000 -0.074372
vt 0.000000 -0.074372
vt 1.000000 0.903981
vt 0.000000 0.903981
vt 3.875472 1.000000
vt 3.875472 0.000000
vt 0.000000 0.000000
vt 1.000000 0.000000
vt 1.000000 1.000000
vt 0.000000 1.000000
vt 1.000000 -0.074372
vt 0.000000 -0.074372
vt 1.000000 0.903981
vt 0.000000 0.903981
vt 3.875472 1.000000
vt 3.875472 0.000000
vt 0.000000 0.000000
vt 1.000000 0.000000
vt 1.000000 1.000000
vt 0.000000 1.000000
vt 1.000000 -0.074372
vt 0.000000 -0.074372
vt 1.000000 0.903981
vt 0.000000 0.903981
vt 3.875472 1.000000
vt 3.875472 0.000000
vt 0.000000 0.000000
vt 1.000000 0.000000
vt 1.000000 1.000000
vt 0.000000 1.000000
vt 1.000000 -0.074372
vt 0.000000 -0.074372
vt 1.000000 0.903981
vt 0.000000 0.903981
vt 3.875472 1.000000
vt 3.875472 0.000000
vt 0.000000 0.000000
vt 1.000000 0.000000
vt 1.000000 1.000000
vt 0.000000 1.000000
vt 1.000000 -0.074372
vt 0.000000 -0.074372
vt 1.000000 0.903981
vt 0.000000 0.903981
vt 3.875472 1.000000
vt 3.875472 0.000000
vt 0.000000 0.000000
vt 1.000000 0.000000
vt 1.000000 1.000000
vt 0.000000 1.000000
vt 1.000000 -0.074372
vt 0.000000 -0.074372
vt 1.000000 0.903981
vt 0.000000 0.903981
vt 3.875472 1.000000
vt 3.875472 0.000000
vt 0.000000 0.000000
vt 1.000000 0.000000
vt 1.000000 1.000000
vt 0.000000 1.000000
vt 1.000000 -0.074372
vt 0.000000 -0.074372
vt 1.000000 0.903981
vt 0.000000 0.903981
vt 3.875472 1.000000
vt 3.875472 0.000000
vt 0.000000 0.000000
vt 1.000000 0.000000
vt 1.000000 1.000000
vt 0.000000 1.000000
vt 1.000000 -0.074372
vt 0.000000 -0.074372
vt 1.000000 0.903981
vt 0.000000 0.903981
vt 3.875472 1.000000
vt 3.875472 0.000000
vt 0.000000 0.000000
vt 1.000000 0.000000
vt 1.000000 1.000000
vt 0.000000 1.000000
vt 1.000000 -0.074372
vt 0.000000 -0.074372
vt 1.000000 0.903981
vt 0.000000 0.903981
vt 3.875472 1.000000
vt 3.875472 0.000000
vt 0.000000 0.000000
vt 1.000000 0.000000
vt 1.000000 1.000000
vt 0.000000 1.000000
vt 1.000000 -0.074372
vt 0.000000 -0.074372
vt 1.000000 0.903981
vt 0.000000 0.903981
vt 3.875472 1.000000
vt 3.875472 0.000000
vt 0.000000 0.000000
vt 1.000000 0.000000
vt 1.000000 1.000000
vt 0.000000 1.000000
vt 1.000000 -0.074372
vt 0.000000 -0.074372
vt 1.000000 0.903981
vt 0.000000 0.903981
vt 3.875472 1.000000
vt 3.875472 0.000000
vt 0.000000 0.000000
vt 1.000000 0.000000
vt 1.000000 1.000000
vt 0.000000 1.000000
vt 1.000000 -0.074372
vt 0.000000 -0.074372
vt 1.000000 0.903981
vt 0.000000 0.903981
vt 3.875472 1.000000
vt 3.875472 0.000000
vt 0.000000 0.000000
vt 1.000000 0.000000
vt 1.000000 1.000000
vt 0.000000 1.000000
vt 1.000000 -0.074372
vt 0.000000 -0.074372
vt 1.000000 0.903981
vt 0.000000 0.903981
vt 3.875472 1.000000
vt 3.875472 0.000000
vt 0.000000 0.000000
vt 1.000000 0.000000
vt 1.000000 1.000000
vt 0.000000 1.000000
vt 1.000000 -0.074372
vt 0.000000 -0.074372
vt 1.000000 0.903981
vt 0.000000 0.903981
vt 3.875472 1.000000
vt 3.875472 0.000000
vt 0.000000 0.000000
vt 1.000000 0.000000
vt 1.000000 1.000000
vt 0.000000 1.000000
vt 1.000000 -0.074372
vt 0.000000 -0.074372
vt 1.000000 0.903981
vt 0.000000 0.903981
vt 3.875472 1.000000
vt 3.875472 0.000000
vt 0.000000 0.000000
vt 1.000000 0.000000
vt 1.000000 1.000000
vt 0.000000 1.000000
vt 1.000000 -0.074372
vt 0.000000 -0.074372
vt 1.000000 0.903981
vt 0.000000 0.903981
vt 3.875472 1.000000
vt 3.875472 0.000000
vt 0.000000 0.000000
vt 1.000000 0.000000
vt 1.000000 1.000000
vt 0.000000 1.000000
vt 1.000000 -0.074372
vt 0.000000 -0.074372
vt 1.000000 0.903981
vt 0.000000 0.903981
vt 3.875472 1.000000
vt 3.875472 0.000000
vt 0.000000 0.000000
vt 1.000000 0.000000
vt 1.000000 1.000000
vt 0.000000 1.000000
vt 1.000000 -0.074372
vt 0.000000 -0.074372
vt 1.000000 0.903981
vt 0.000000 0.903981
vt 3.875472 1.000000
vt 3.875472 0.000000
vt 0.000000 0.000000
vt 1.000000 0.000000
vt 1.000000 1.000000
vt 0.000000 1.000000
vt 1.000000 -0.074372
vt 0.000000 -0.074372
vt 1.000000 0.903981
vt 0.000000 0.903981
vt 3.875472 1.000000
vt 3.875472 0.000000
vt 0.000000 0.000000
vt 1.000000 0.000000
vt 1.000000 1.000000
vt 0.000000 1.000000
vt 1.000000 -0.074372
vt 0.000000 -0.074372
vt 1.000000 0.903981
vt 0.000000 0.903981
vt 3.875472 1.000000
vt 3.875472 0.000000
vt 0.000000 0.000000
vt 1.000000 0.000000
vt 1.000000 1.000000
vt 0.000000 1.000000
vt 1.000000 -0.074372
vt 0.000000 -0.074372
vt 1.000000 0.903981
vt 0.000000 0.903981
vt 3.875472 1.000000
vt 3.875472 0.000000
vt 0.375000 0.312500
vt 0.382782 0.312500
vt 0.382782 0.464410
vt 0.375000 0.467634
vt 0.406250 0.312500
vt 0.437500 0.312500
vt 0.437500 0.447037
vt 0.406250 0.454686
vt 0.468750 0.312500
vt 0.468750 0.449168
vt 0.500000 0.312500
vt 0.500000 0.459830
vt 0.531250 0.312500
vt 0.531250 0.472778
vt 0.562500 0.312500
vt 0.562500 0.480427
vt 0.593750 0.312500
vt 0.593750 0.478296
vt 0.625000 0.312500
vt 0.625000 0.467634
vt 0.500000 0.000000
vt 0.582974 0.034369
vt 0.610485 0.045765
vt 0.500000 0.156250
vt 0.389515 0.045765
vt 0.343750 0.156250
vt 0.389515 0.266735
vt 0.500000 0.312500
vt 0.610485 0.266735
vt 0.656250 0.156250
vt 0.610485 0.733265
vt 0.656250 0.843750
vt 0.610485 0.954235
vt 0.582974 0.965631
vt 0.500000 1.000000
vt 0.389515 0.954235
vt 0.343750 0.843750
vt 0.389515 0.733265
vt 0.500000 0.687500
vt 0.375000 0.590092
vt 0.382782 0.592982
vt 0.382782 0.687500
vt 0.375000 0.687500
vt 0.406250 0.601699
vt 0.437500 0.618823
vt 0.437500 0.687500
vt 0.406250 0.687500
vt 0.468750 0.631431
vt 0.468750 0.687500
vt 0.500000 0.632139
vt 0.500000 0.687500
vt 0.531250 0.620531
vt 0.531250 0.687500
vt 0.562500 0.603408
vt 0.562500 0.687500
vt 0.593750 0.590800
vt 0.593750 0.687500
vt 0.625000 0.590092
vt 0.625000 0.687500
vt 0.382782 0.517436
vt 0.375000 0.518138
vt 0.437500 0.517885
vt 0.406250 0.515317
vt 0.468750 0.524337
vt 0.500000 0.530894
vt 0.531250 0.533715
vt 0.562500 0.531147
vt 0.593750 0.524695
vt 0.625000 0.518138
vt 0.382782 0.552094
vt 0.406250 0.554946
vt 0.375000 0.551148
vt 0.593750 0.555021
vt 0.625000 0.551148
vt 0.625000 0.590092
vt 0.593750 0.590800
vt 0.562500 0.564298
vt 0.593750 0.555021
vt 0.531250 0.573543
vt 0.500000 0.577341
vt 0.468750 0.573468
vt 0.437500 0.564192
vt 0.625000 0.551148
vt 0.468750 0.524337
vt 0.500000 0.530894
vt 0.500000 0.577341
vt 0.468750 0.573468
vt 0.000000 0.000000
vt 1.000000 0.000000
vt 1.000000 1.000000
vt 0.000000 1.000000
vt 1.000000 -0.074372
vt 0.000000 -0.074372
vt 1.000000 0.903981
vt 0.000000 0.903981
vt 3.875472 1.000000
vt 3.875472 0.000000
vt 0.000000 0.000000
vt 1.000000 0.000000
vt 1.000000 1.000000
vt 0.000000 1.000000
vt 1.000000 -0.074372
vt 0.000000 -0.074372
vt 1.000000 0.903981
vt 0.000000 0.903981
vt 3.875472 1.000000
vt 3.875472 0.000000
vt 0.000000 0.000000
vt 1.000000 0.000000
vt 1.000000 1.000000
vt 0.000000 1.000000
vt 1.000000 -0.074372
vt 0.000000 -0.074372
vt 1.000000 0.903981
vt 0.000000 0.903981
vt 3.875472 1.000000
vt 3.875472 0.000000
vt 0.000000 0.000000
vt 1.000000 0.000000
vt 1.000000 1.000000
vt 0.000000 1.000000
vt 1.000000 -0.074372
vt 0.000000 -0.074372
vt 1.000000 0.903981
vt 0.000000 0.903981
vt 3.875472 1.000000
vt 3.875472 0.000000
vt 0.000000 0.000000
vt 1.000000 0.000000
vt 1.000000 1.000000
vt 0.000000 1.000000
vt 1.000000 -0.074372
vt 0.000000 -0.074372
vt 0.000000 0.000000
vt 1.000000 1.000000
vt 1.000000 0.903981
vt 0.000000 0.903981
vt 0.000000 1.000000
vt 3.875472 1.000000
vt 3.875472 0.000000
vt 1.000000 0.000000
vt 1.000000 1.000000
vt 0.000000 0.000000
vt 1.000000 0.000000
vt 1.000000 1.000000
vt 0.000000 1.000000
vt 1.000000 -0.074372
vt 0.000000 -0.074372
vt 0.000000 0.000000
vt 1.000000 1.000000
vt 1.000000 0.903981
vt 0.000000 0.903981
vt 0.000000 1.000000
vt 3.875472 1.000000
vt 3.875472 0.000000
vt 1.000000 0.000000
vt 1.000000 1.000000
vt 0.000000 0.000000
vt 1.000000 0.000000
vt 1.000000 1.000000
vt 0.000000 1.000000
vt 1.000000 -0.074372
vt 0.000000 -0.074372
vt 0.000000 0.000000
vt 1.000000 1.000000
vt 1.000000 0.903981
vt 0.000000 0.903981
vt 0.000000 1.000000
vt 3.875472 1.000000
vt 3.875472 0.000000
vt 1.000000 0.000000
vt 1.000000 1.000000
vt 0.000000 0.000000
vt 1.000000 0.000000
vt 1.000000 1.000000
vt 0.000000 1.000000
vt 1.000000 -0.074372
vt 0.000000 -0.074372
vt 0.000000 0.000000
vt 1.000000 1.000000
vt 1.000000 0.903981
vt 0.000000 0.903981
vt 0.000000 1.000000
vt 3.875472 1.000000
vt 3.875472 0.000000
vt 1.000000 0.000000
vt 1.000000 1.000000
vt 0.000000 0.000000
vt 1.000000 0.000000
vt 1.000000 1.000000
vt 0.000000 1.000000
vt 1.000000 -0.074372
vt 0.000000 -0.074372
vt 0.000000 0.000000
vt 1.000000 1.000000
vt 1.000000 0.903981
vt 0.000000 0.903981
vt 0.000000 1.000000
vt 3.875472 1.000000
vt 3.875472 0.000000
vt 1.000000 0.000000
vt 1.000000 1.000000
vt 0.000000 0.000000
vt 1.000000 0.000000
vt 1.000000 1.000000
vt 0.000000 1.000000
vt 1.000000 -0.074372
vt 0.000000 -0.074372
vt 0.000000 0.000000
vt 1.000000 1.000000
vt 1.000000 0.903981
vt 0.000000 0.903981
vt 0.000000 1.000000
vt 3.875472 1.000000
vt 3.875472 0.000000
vt 1.000000 0.000000
vt 1.000000 1.000000
vt 0.000000 0.000000
vt 1.000000 0.000000
vt 1.000000 1.000000
vt 0.000000 1.000000
vt 1.000000 -0.074372
vt 0.000000 -0.074372
vt 0.000000 0.000000
vt 1.000000 1.000000
vt 1.000000 0.903981
vt 0.000000 0.903981
vt 0.000000 1.000000
vt 3.875472 1.000000
vt 3.875472 0.000000
vt 1.000000 0.000000
vt 1.000000 1.000000
vt 0.000000 0.000000
vt 1.000000 0.000000
vt 1.000000 1.000000
vt 0.000000 1.000000
vt 1.000000 -0.074372
vt 0.000000 -0.074372
vt 0.000000 0.000000
vt 1.000000 1.000000
vt 1.000000 0.903981
vt 0.000000 0.903981
vt 0.000000 1.000000
vt 3.875472 1.000000
vt 3.875472 0.000000
vt 1.000000 0.000000
vt 1.000000 1.000000
vt 0.000000 0.000000
vt 1.000000 0.000000
vt 1.000000 1.000000
vt 0.000000 1.000000
vt 1.000000 -0.074372
vt 0.000000 -0.074372
vt 0.000000 0.000000
vt 1.000000 1.000000
vt 1.000000 0.903981
vt 0.000000 0.903981
vt 0.000000 1.000000
vt 3.875472 1.000000
vt 3.875472 0.000000
vt 1.000000 0.000000
vt 1.000000 1.000000
vt 0.000000 0.000000
vt 1.000000 0.000000
vt 1.000000 1.000000
vt 0.000000 1.000000
vt 1.000000 -0.074372
vt 0.000000 -0.074372
vt 0.000000 0.000000
vt 1.000000 1.000000
vt 1.000000 0.903981
vt 0.000000 0.903981
vt 0.000000 1.000000
vt 3.875472 1.000000
vt 3.875472 0.000000
vt 1.000000 0.000000
vt 1.000000 1.000000
vt 0.000000 0.000000
vt 1.000000 0.000000
vt 1.000000 1.000000
vt 0.000000 1.000000
vt 1.000000 -0.074372
vt 0.000000 -0.074372
vt 0.000000 0.000000
vt 1.000000 1.000000
vt 1.000000 0.903981
vt 0.000000 0.903981
vt 0.000000 1.000000
vt 3.875472 1.000000
vt 3.875472 0.000000
vt 1.000000 0.000000
vt 1.000000 1.000000
vt 0.000000 0.000000
vt 1.000000 0.000000
vt 1.000000 1.000000
vt 0.000000 1.000000
vt 1.000000 -0.074372
vt 0.000000 -0.074372
vt 0.000000 0.000000
vt 1.000000 1.000000
vt 1.000000 0.903981
vt 0.000000 0.903981
vt 0.000000 1.000000
vt 3.875472 1.000000
vt 3.875472 0.000000
vt 1.000000 0.000000
vt 1.000000 1.000000
vt 0.000000 0.000000
vt 1.000000 0.000000
vt 1.000000 1.000000
vt 0.000000 1.000000
vt 1.000000 -0.074372
vt 0.000000 -0.074372
vt 1.000000 0.903981
vt 0.000000 0.903981
vt 3.875472 1.000000
vt 3.875472 0.000000
vt 0.000000 0.000000
vt 1.000000 0.000000
vt 1.000000 1.000000
vt 0.000000 1.000000
vt 1.000000 -0.074372
vt 0.000000 -0.074372
vt 1.000000 0.903981
vt 0.000000 0.903981
vt 3.875472 1.000000
vt 3.875472 0.000000
vt 0.000000 0.000000
vt 1.000000 0.000000
vt 1.000000 1.000000
vt 0.000000 1.000000
vt 1.000000 -0.074372
vt 0.000000 -0.074372
vt 1.000000 0.903981
vt 0.000000 0.903981
vt 3.875472 1.000000
vt 3.875472 0.000000
vt 0.000000 0.000000
vt 1.000000 0.000000
vt 1.000000 1.000000
vt 0.000000 1.000000
vt 1.000000 -0.074372
vt 0.000000 -0.074372
vt 1.000000 0.903981
vt 0.000000 0.903981
vt 3.875472 1.000000
vt 3.875472 0.000000
vt 0.000000 0.000000
vt 1.000000 0.000000
vt 1.000000 1.000000
vt 0.000000 1.000000
vt 1.000000 -0.074372
vt 0.000000 -0.074372
vt 1.000000 0.903981
vt 0.000000 0.903981
vt 3.875472 1.000000
vt 3.875472 0.000000
vt 0.000000 0.000000
vt 1.000000 0.000000
vt 1.000000 1.000000
vt 0.000000 1.000000
vt 1.000000 -0.074372
vt 0.000000 -0.074372
vt 1.000000 0.903981
vt 0.000000 0.903981
vt 3.875472 1.000000
vt 3.875472 0.000000
vt 0.000000 0.000000
vt 1.000000 0.000000
vt 1.000000 1.000000
vt 0.000000 1.000000
vt 1.000000 -0.074372
vt 0.000000 -0.074372
vt 1.000000 0.903981
vt 0.000000 0.903981
vt 3.875472 1.000000
vt 3.875472 0.000000
vt 0.000000 0.000000
vt 1.000000 0.000000
vt 1.000000 1.000000
vt 0.000000 1.000000
vt 1.000000 -0.074372
vt 0.000000 -0.074372
vt 1.000000 0.903981
vt 0.000000 0.903981
vt 3.875472 1.000000
vt 3.875472 0.000000
vt 0.000000 0.000000
vt 1.000000 0.000000
vt 1.000000 1.000000
vt 0.000000 1.000000
vt 1.000000 -0.074372
vt 0.000000 -0.074372
vt 1.000000 0.903981
vt 0.000000 0.903981
vt 3.875472 1.000000
vt 3.875472 0.000000
vt 0.000000 0.000000
vt 1.000000 0.000000
vt 1.000000 1.000000
vt 0.000000 1.000000
vt 1.000000 -0.074372
vt 0.000000 -0.074372
vt 1.000000 0.903981
vt 0.000000 0.903981
vt 3.875472 1.000000
vt 3.875472 0.000000
vt 0.000000 0.000000
vt 1.000000 0.000000
vt 1.000000 1.000000
vt 0.000000 1.000000
vt 1.000000 -0.074372
vt 0.000000 -0.074372
vt 1.000000 0.903981
vt 0.000000 0.903981
vt 3.875472 1.000000
vt 3.875472 0.000000
vt 0.000000 0.000000
vt 1.000000 0.000000
vt 1.000000 1.000000
vt 0.000000 1.000000
vt 1.000000 -0.074372
vt 0.000000 -0.074372
vt 1.000000 0.903981
vt 0.000000 0.903981
vt 3.875472 1.000000
vt 3.875472 0.000000
vt 0.000000 0.000000
vt 1.000000 0.000000
vt 1.000000 1.000000
vt 0.000000 1.000000
vt 1.000000 -0.074372
vt 0.000000 -0.074372
vt 1.000000 0.903981
vt 0.000000 0.903981
vt 3.875472 1.000000
vt 3.875472 0.000000
vt 0.000000 0.000000
vt 1.000000 0.000000
vt 1.000000 1.000000
vt 0.000000 1.000000
vt 1.000000 -0.074372
vt 0.000000 -0.074372
vt 1.000000 0.903981
vt 0.000000 0.903981
vt 3.875472 1.000000
vt 3.875472 0.000000
vt 0.000000 0.000000
vt 1.000000 0.000000
vt 1.000000 1.000000
vt 0.000000 1.000000
vt 1.000000 -0.074372
vt 0.000000 -0.074372
vt 1.000000 0.903981
vt 0.000000 0.903981
vt 3.875472 1.000000
vt 3.875472 0.000000
vt 0.000000 0.000000
vt 1.000000 0.000000
vt 1.000000 1.000000
vt 0.000000 1.000000
vt 1.000000 -0.074372
vt 0.000000 -0.074372
vt 1.000000 0.903981
vt 0.000000 0.903981
vt 3.875472 1.000000
vt 3.875472 0.000000
vt 0.000000 0.000000
vt 1.000000 0.000000
vt 1.000000 1.000000
vt 0.000000 1.000000
vt 1.000000 -0.074372
vt 0.000000 -0.074372
vt 1.000000 0.903981
vt 0.000000 0.903981
vt 3.875472 1.000000
vt 3.875472 0.000000
vt 0.000000 0.000000
vt 1.000000 0.000000
vt 1.000000 1.000000
vt 0.000000 1.000000
vt 1.000000 -0.074372
vt 0.000000 -0.074372
vt 1.000000 0.903981
vt 0.000000 0.903981
vt 3.875472 1.000000
vt 3.875472 0.000000
vt 0.000000 0.000000
vt 1.000000 0.000000
vt 1.000000 1.000000
vt 0.000000 1.000000
vt 1.000000 -0.074372
vt 0.000000 -0.074372
vt 1.000000 0.903981
vt 0.000000 0.903981
vt 3.875472 1.000000
vt 3.875472 0.000000
vt 0.000000 0.000000
vt 1.000000 0.000000
vt 1.000000 1.000000
vt 0.000000 1.000000
vt 1.000000 -0.074372
vt 0.000000 -0.074372
vt 1.000000 0.903981
vt 0.000000 0.903981
vt 3.875472 1.000000
vt 3.875472 0.000000
vt 0.000000 0.000000
vt 1.000000 0.000000
vt 1.000000 1.000000
vt 0.000000 1.000000
vt 1.000000 -0.074372
vt 0.000000 -0.074372
vt 1.000000 0.903981
vt 0.000000 0.903981
vt 3.875472 1.000000
vt 3.875472 0.000000
vt 0.000000 0.000000
vt 1.000000 0.000000
vt 1.000000 1.000000
vt 0.000000 1.000000
vt 1.000000 -0.074372
vt 0.000000 -0.074372
vt 1.000000 0.903981
vt 0.000000 0.903981
vt 3.875472 1.000000
vt 3.875472 0.000000
vt 0.000000 0.000000
vt 1.000000 0.000000
vt 1.000000 1.000000
vt 0.000000 1.000000
vt 1.000000 -0.074372
vt 0.000000 -0.074372
vt 1.000000 0.903981
vt 0.000000 0.903981
vt 3.875472 1.000000
vt 3.875472 0.000000
vt 0.000000 0.000000
vt 1.000000 0.000000
vt 1.000000 1.000000
vt 0.000000 1.000000
vt 1.000000 -0.074372
vt 0.000000 -0.074372
vt 1.000000 0.903981
vt 0.000000 0.903981
vt 3.875472 1.000000
vt 3.875472 0.000000
vt 0.000000 0.000000
vt 1.000000 0.000000
vt 1.000000 1.000000
vt 0.000000 1.000000
vt 1.000000 -0.074372
vt 0.000000 -0.074372
vt 1.000000 0.903981
vt 0.000000 0.903981
vt 3.875472 1.000000
vt 3.875472 0.000000
vt 0.000000 0.000000
vt 1.000000 0.000000
vt 1.000000 1.000000
vt 0.000000 1.000000
vt 1.000000 -0.074372
vt 0.000000 -0.074372
vt 1.000000 0.903981
vt 0.000000 0.903981
vt 3.875472 1.000000
vt 3.875472 0.000000
vt 0.000000 0.000000
vt 1.000000 0.000000
vt 1.000000 1.000000
vt 0.000000 1.000000
vt 1.000000 -0.074372
vt 0.000000 -0.074372
vt 1.000000 0.903981
vt 0.000000 0.903981
vt 3.875472 1.000000
vt 3.875472 0.000000
vt 0.000000 0.000000
vt 1.000000 0.000000
vt 1.000000 1.000000
vt 0.000000 1.000000
vt 1.000000 -0.074372
vt 0.000000 -0.074372
vt 1.000000 0.903981
vt 0.000000 0.903981
vt 3.875472 1.000000
vt 3.875472 0.000000
vt 0.000000 0.000000
vt 1.000000 0.000000
vt 1.000000 1.000000
vt 0.000000 1.000000
vt 1.000000 -0.074372
vt 0.000000 -0.074372
vt 1.000000 0.903981
vt 0.000000 0.903981
vt 3.875472 1.000000
vt 3.875472 0.000000
vt 0.000000 0.000000
vt 1.000000 0.000000
vt 1.000000 1.000000
vt 0.000000 1.000000
vt 1.000000 -0.074372
vt 0.000000 -0.074372
vt 1.000000 0.903981
vt 0.000000 0.903981
vt 3.875472 1.000000
vt 3.875472 0.000000
vt 0.000000 0.000000
vt 1.000000 0.000000
vt 1.000000 1.000000
vt 0.000000 1.000000
vt 1.000000 -0.074372
vt 0.000000 -0.074372
vt 1.000000 0.903981
vt 0.000000 0.903981
vt 3.875472 1.000000
vt 3.875472 0.000000
vt 0.000000 0.000000
vt 1.000000 0.000000
vt 1.000000 1.000000
vt 0.000000 1.000000
vt 1.000000 -0.074372
vt 0.000000 -0.074372
vt 1.000000 0.903981
vt 0.000000 0.903981
vt 3.875472 1.000000
vt 3.875472 0.000000
vt 0.000000 0.000000
vt 1.000000 0.000000
vt 1.000000 1.000000
vt 0.000000 1.000000
vt 1.000000 -0.074372
vt 0.000000 -0.074372
vt 1.000000 0.903981
vt 0.000000 0.903981
vt 3.875472 1.000000
vt 3.875472 0.000000
vt 0.000000 0.000000
vt 1.000000 0.000000
vt 1.000000 1.000000
vt 0.000000 1.000000
vt 1.000000 -0.074372
vt 0.000000 -0.074372
vt 1.000000 0.903981
vt 0.000000 0.903981
vt 3.875472 1.000000
vt 3.875472 0.000000
vt 0.000000 0.000000
vt 1.000000 0.000000
vt 1.000000 1.000000
vt 0.000000 1.000000
vt 1.000000 -0.074372
vt 0.000000 -0.074372
vt 1.000000 0.903981
vt 0.000000 0.903981
vt 3.875472 1.000000
vt 3.875472 0.000000
vt 0.000000 0.000000
vt 1.000000 0.000000
vt 1.000000 1.000000
vt 0.000000 1.000000
vt 1.000000 -0.074372
vt 0.000000 -0.074372
vt 1.000000 0.903981
vt 0.000000 0.903981
vt 3.875472 1.000000
vt 3.875472 0.000000
vt 0.000000 0.000000
vt 1.000000 0.000000
vt 1.000000 1.000000
vt 0.000000 1.000000
vt 1.000000 -0.074372
vt 0.000000 -0.074372
vt 1.000000 0.903981
vt 0.000000 0.903981
vt 3.875472 1.000000
vt 3.875472 0.000000
vt 0.000000 0.000000
vt 1.000000 0.000000
vt 1.000000 1.000000
vt 0.000000 1.000000
vt 1.000000 -0.074372
vt 0.000000 -0.074372
vt 1.000000 0.903981
vt 0.000000 0.903981
vt 3.875472 1.000000
vt 3.875472 0.000000
vt 0.000000 0.000000
vt 1.000000 0.000000
vt 1.000000 1.000000
vt 0.000000 1.000000
vt 1.000000 -0.074372
vt 0.000000 -0.074372
vt 1.000000 0.903981
vt 0.000000 0.903981
vt 3.875472 1.000000
vt 3.875472 0.000000
vt 0.000000 0.000000
vt 1.000000 0.000000
vt 1.000000 1.000000
vt 0.000000 1.000000
vt 1.000000 -0.074372
vt 0.000000 -0.074372
vt 1.000000 0.903981
vt 0.000000 0.903981
vt 3.875472 1.000000
vt 3.875472 0.000000
vt 0.000000 0.000000
vt 1.000000 0.000000
vt 1.000000 1.000000
vt 0.000000 1.000000
vt 1.000000 -0.074372
vt 0.000000 -0.074372
vt 1.000000 0.903981
vt 0.000000 0.903981
vt 3.875472 1.000000
vt 3.875472 0.000000
vn -0.099820 0.421783 -0.901185
vn -0.084751 0.457895 -0.884957
vn -0.035668 0.638100 -0.769126
vn -0.026907 0.692230 -0.721175
vn -0.186214 0.193636 -0.963239
vn -0.186214 0.193636 -0.963239
vn 0.021966 0.941538 -0.336191
vn 0.021966 0.941538 -0.336191
vn -0.101520 0.428593 -0.897776
vn -0.101520 0.428593 -0.897776
vn -0.099820 0.421783 -0.901185
vn -0.084751 0.457895 -0.884957
vn -0.035668 0.638100 -0.769126
vn -0.026907 0.692230 -0.721175
vn -0.186214 0.193636 -0.963239
vn -0.186214 0.193636 -0.963239
vn 0.021966 0.941538 -0.336191
vn 0.021966 0.941538 -0.336191
vn -0.101520 0.428593 -0.897776
vn -0.101520 0.428593 -0.897776
vn 0.396956 0.807173 -0.436918
vn 0.360539 0.827689 -0.430049
vn 0.153303 0.898447 -0.411450
vn 0.081340 0.909258 -0.408208
vn 0.596558 0.655944 -0.462445
vn 0.596558 0.655944 -0.462445
vn -0.373119 0.860904 -0.345871
vn -0.373119 0.860904 -0.345871
vn 0.389953 0.809053 -0.439738
vn 0.389953 0.809053 -0.439738
vn -0.192864 0.882359 -0.429238
vn -0.158388 0.877173 -0.453299
vn 0.039998 0.840434 -0.540436
vn 0.108722 0.823158 -0.557306
vn -0.388286 0.880922 -0.270573
vn -0.388286 0.880922 -0.270573
vn 0.521780 0.619888 -0.586075
vn 0.521780 0.619888 -0.586075
vn -0.185212 0.883627 -0.429999
vn -0.185212 0.883627 -0.429999
vn 0.422869 0.502173 0.754324
vn 0.388102 0.494960 0.777427
vn 0.186559 0.471555 0.861877
vn 0.115605 0.465801 0.877305
vn 0.611697 0.527269 0.589757
vn 0.611697 0.527269 0.589757
vn -0.337427 0.380643 0.860961
vn -0.337427 0.380643 0.860961
vn 0.415840 0.504780 0.756488
vn 0.415840 0.504780 0.756488
vn 0.422869 0.502173 0.754324
vn 0.388102 0.494960 0.777427
vn 0.186559 0.471555 0.861877
vn 0.115605 0.465801 0.877305
vn 0.611697 0.527269 0.589757
vn 0.611697 0.527269 0.589757
vn -0.337427 0.380643 0.860961
vn -0.337427 0.380643 0.860961
vn 0.415840 0.504780 0.756488
vn 0.415840 0.504780 0.756488
vn -0.157608 0.033350 0.986938
vn -0.177566 0.070330 0.981592
vn -0.246134 0.272682 0.930087
vn -0.258727 0.339623 0.904277
vn -0.032949 -0.185289 0.982132
vn -0.032949 -0.185289 0.982132
vn -0.296505 0.712715 0.635707
vn -0.296505 0.712715 0.635707
vn -0.156957 0.041120 0.986749
vn -0.156957 0.041120 0.986749
vn -0.237723 0.583674 0.776410
vn -0.214324 0.558596 0.801271
vn -0.114888 0.396176 0.910959
vn -0.087825 0.334342 0.938351
vn -0.367966 0.709210 0.601350
vn -0.367966 0.709210 0.601350
vn 0.081933 -0.091104 0.992465
vn 0.081933 -0.091104 0.992465
vn -0.237607 0.577446 0.781089
vn -0.237607 0.577445 0.781089
vn 0.037348 0.984437 -0.171725
vn 0.049564 0.990069 -0.131554
vn 0.079377 0.993114 0.086166
vn 0.080404 0.984090 0.158439
vn -0.037333 0.914942 -0.401854
vn -0.037333 0.914942 -0.401854
vn 0.068389 0.808343 0.584727
vn 0.068389 0.808343 0.584727
vn 0.035112 0.985771 -0.164385
vn 0.035112 0.985771 -0.164385
vn 0.037348 0.984437 -0.171725
vn 0.049564 0.990069 -0.131554
vn 0.079377 0.993114 0.086166
vn 0.080404 0.984090 0.158439
vn -0.037333 0.914942 -0.401854
vn -0.037333 0.914942 -0.401854
vn 0.068389 0.808343 0.584727
vn 0.068389 0.808343 0.584727
vn 0.035112 0.985771 -0.164385
vn 0.035112 0.985771 -0.164385
vn 0.455070 0.767154 0.452091
vn 0.417924 0.777786 0.469456
vn 0.209927 0.828616 0.518966
vn 0.138266 0.841009 0.523055
vn 0.657016 0.676861 0.331949
vn 0.657016 0.676861 0.331949
vn -0.320124 0.818626 0.476836
vn -0.320124 0.818626 0.476836
vn 0.448584 0.771339 0.451451
vn 0.448584 0.771339 0.451451
vn -0.129327 0.876379 0.463933
vn -0.091542 0.888696 0.449264
vn 0.118044 0.913998 0.388167
vn 0.188627 0.909361 0.370786
vn -0.346765 0.770856 0.534356
vn -0.346765 0.770856 0.534356
vn 0.602241 0.765735 0.225733
vn 0.602241 0.765735 0.225733
vn -0.121644 0.876786 0.465240
vn -0.121644 0.876786 0.465240
vn -0.178454 0.656991 0.732473
vn -0.138069 0.669509 0.729859
vn 0.080227 0.691801 0.717618
vn 0.152573 0.685975 0.711449
vn -0.409638 0.557969 0.721712
vn -0.409638 0.557969 0.721712
vn 0.579836 0.559744 0.592010
vn 0.579836 0.559744 0.592010
vn -0.171167 0.656010 0.735087
vn -0.171167 0.656010 0.735087
vn -0.227384 0.875382 -0.426617
vn -0.189809 0.890289 -0.413954
vn -0.006089 0.950833 -0.309644
vn 0.050450 0.962841 -0.265314
vn -0.441076 0.755534 -0.484376
vn -0.441076 0.755534 -0.484376
vn 0.387441 0.920706 0.046805
vn 0.387441 0.920706 0.046805
vn -0.223411 0.879097 -0.421042
vn -0.223411 0.879097 -0.421042
vn -0.227384 0.875382 -0.426617
vn -0.189809 0.890289 -0.413954
vn -0.006089 0.950833 -0.309644
vn 0.050450 0.962841 -0.265314
vn -0.441076 0.755534 -0.484376
vn -0.441076 0.755534 -0.484376
vn 0.387441 0.920706 0.046805
vn 0.387441 0.920706 0.046805
vn -0.223411 0.879097 -0.421042
vn -0.223411 0.879097 -0.421042
vn 0.539761 0.783022 -0.309086
vn 0.527810 0.803882 -0.274207
vn 0.425803 0.898791 -0.104248
vn 0.381459 0.922936 -0.051746
vn 0.589213 0.631546 -0.503962
vn 0.589213 0.631546 -0.503962
vn 0.055475 0.960582 0.272404
vn 0.055475 0.960582 0.272404
vn 0.534555 0.787846 -0.305858
vn 0.534555 0.787846 -0.305858
vn 0.160838 0.981488 0.103986
vn 0.172417 0.982990 0.063265
vn 0.257294 0.956470 -0.137716
vn 0.289921 0.936016 -0.199550
vn 0.087875 0.936095 0.340595
vn 0.087875 0.936095 0.340595
vn 0.462703 0.693715 -0.551965
vn 0.462703 0.693715 -0.551965
vn 0.166718 0.981035 0.098868
vn 0.166718 0.981035 0.098868
vn -0.227384 0.875382 -0.426617
vn -0.189809 0.890289 -0.413954
vn -0.006089 0.950833 -0.309644
vn 0.050450 0.962841 -0.265314
vn -0.441076 0.755534 -0.484376
vn -0.441076 0.755534 -0.484376
vn 0.387441 0.920706 0.046805
vn 0.387441 0.920706 0.046805
vn -0.223411 0.879097 -0.421042
vn -0.223411 0.879097 -0.421042
vn -0.227384 0.875382 -0.426617
vn -0.189809 0.890289 -0.413954
vn -0.006089 0.950833 -0.309644
vn 0.050450 0.962841 -0.265314
vn -0.441076 0.755534 -0.484376
vn -0.441076 0.755534 -0.484376
vn 0.387441 0.920706 0.046805
vn 0.387441 0.920706 0.046805
vn -0.223411 0.879097 -0.421042
vn -0.223411 0.879097 -0.421042
vn 0.539761 0.783022 -0.309086
vn 0.527810 0.803882 -0.274207
vn 0.425803 0.898791 -0.104248
vn 0.381459 0.922936 -0.051746
vn 0.589213 0.631546 -0.503962
vn 0.589213 0.631546 -0.503962
vn 0.055475 0.960582 0.272404
vn 0.055475 0.960582 0.272404
vn 0.534555 0.787846 -0.305858
vn 0.534555 0.787846 -0.305858
vn 0.160838 0.981488 0.103986
vn 0.172417 0.982990 0.063265
vn 0.257294 0.956470 -0.137716
vn 0.289921 0.936016 -0.199550
vn 0.087875 0.936095 0.340595
vn 0.087875 0.936095 0.340595
vn 0.462703 0.693715 -0.551965
vn 0.462703 0.693715 -0.551965
vn 0.166718 0.981035 0.098868
vn 0.166718 0.981035 0.098868
vn -0.041620 -0.177086 0.983315
vn -0.037826 -0.218472 0.975110
vn -0.049715 -0.425880 0.903413
vn -0.061196 -0.489502 0.869852
vn -0.063772 0.073379 0.995263
vn -0.063772 0.073379 0.995263
vn -0.132846 -0.820218 0.556412
vn -0.132846 -0.820218 0.556412
vn -0.045325 -0.183806 0.981917
vn -0.045325 -0.183806 0.981917
vn -0.327765 0.687482 -0.648026
vn -0.367350 0.674420 -0.640477
vn -0.556183 0.566859 -0.607726
vn -0.611062 0.520274 -0.596589
vn -0.082140 0.738195 -0.669568
vn -0.082140 0.738195 -0.669568
vn -0.871796 0.164629 -0.461378
vn -0.871796 0.164629 -0.461378
vn -0.333554 0.682684 -0.650142
vn -0.333554 0.682684 -0.650142
vn 0.360612 0.066971 -0.930308
vn 0.359953 0.068906 -0.930422
vn 0.388420 -0.006549 -0.921459
vn 0.396275 -0.028408 -0.917692
vn -0.367444 -0.075717 -0.926958
vn -0.367444 -0.075717 -0.926958
vn -0.373918 -0.037382 -0.926708
vn -0.381258 0.010914 -0.924404
vn -0.875309 -0.195866 -0.442120
vn -0.875309 -0.195866 -0.442120
vn -0.858752 -0.026766 -0.511691
vn -0.862586 -0.049062 -0.503526
vn -0.882256 -0.199911 0.426215
vn -0.882256 -0.199911 0.426215
vn -0.933426 0.016646 0.358384
vn -0.908537 -0.114443 0.401825
vn -0.331177 -0.065337 0.941304
vn -0.331177 -0.065337 0.941304
vn -0.338633 0.012669 0.940833
vn -0.333840 -0.039863 0.941786
vn 0.342417 0.055871 0.937885
vn 0.342417 0.055871 0.937885
vn 0.351347 -0.007118 0.936218
vn 0.346391 0.029063 0.937640
vn 0.918004 0.137765 0.371873
vn 0.918004 0.137765 0.371873
vn 0.919290 0.036267 0.391906
vn 0.918647 0.021246 0.394509
vn 0.862003 0.143839 -0.486067
vn 0.862003 0.143839 -0.486067
vn 0.879579 0.083539 -0.468361
vn 0.903422 -0.037774 -0.427085
vn 0.000000 -1.000000 0.000002
vn 0.000000 -1.000000 0.000003
vn 0.000000 -1.000000 0.000002
vn 0.000000 -1.000000 0.000000
vn 0.000000 -1.000000 0.000000
vn 0.000000 -1.000000 0.000000
vn 0.000000 -1.000000 0.000000
vn 0.000000 -1.000000 0.000000
vn 0.000000 -1.000000 0.000000
vn 0.000000 -1.000000 0.000000
vn 0.000000 1.000000 0.000000
vn 0.000000 1.000000 0.000000
vn 0.000000 1.000000 0.000000
vn 0.000000 1.000000 0.000000
vn 0.000000 1.000000 0.000000
vn 0.000000 1.000000 0.000000
vn 0.000000 1.000000 0.000000
vn 0.000000 1.000000 0.000000
vn 0.000000 1.000000 0.000000
vn 0.368830 -0.124829 -0.921077
vn 0.355695 0.005483 -0.934586
vn 0.404032 0.124277 -0.906264
vn 0.347955 0.120644 -0.929716
vn -0.308758 0.114873 -0.944178
vn -0.301846 0.131532 -0.944240
vn -0.295489 0.146610 -0.944030
vn -0.295489 0.146610 -0.944030
vn -0.826169 0.233863 -0.512594
vn -0.848243 0.211104 -0.485715
vn -0.875022 0.180642 -0.449115
vn -0.875022 0.180642 -0.449115
vn -0.901323 0.258466 0.347580
vn -0.901993 0.253056 0.349816
vn -0.906742 0.202039 0.370135
vn -0.906742 0.202039 0.370135
vn -0.314063 0.150993 0.937318
vn -0.318528 0.132802 0.938565
vn -0.305600 0.184159 0.934181
vn -0.305600 0.184159 0.934181
vn 0.413178 0.062571 0.908498
vn 0.354745 -0.036765 0.934240
vn 0.460122 0.149826 0.875122
vn 0.460122 0.149826 0.875122
vn 0.894636 0.004802 0.446770
vn 0.846874 -0.136943 0.513859
vn 0.917309 0.134625 0.374727
vn 0.917309 0.134625 0.374727
vn 0.914351 0.133382 -0.382323
vn 0.914351 0.133382 -0.382323
vn 0.914351 0.133382 -0.382323
vn 0.914351 0.133382 -0.382323
vn 0.403253 -0.157419 -0.901447
vn 0.366316 -0.157737 -0.917023
vn -0.377051 0.123606 -0.917908
vn -0.372233 0.122026 -0.920082
vn -0.775322 0.236140 -0.585759
vn -0.776429 0.233882 -0.585199
vn -0.931592 0.251609 0.262353
vn -0.931592 0.251609 0.262353
vn -0.330993 0.113538 0.936778
vn -0.337755 0.110815 0.934688
vn 0.353479 -0.130514 0.926293
vn 0.356276 -0.130241 0.925259
vn 0.820711 -0.334046 0.463515
vn 0.813593 -0.338766 0.472551
vn 0.884873 -0.382662 -0.265649
vn 0.879801 -0.402657 -0.252619
vn 0.359670 0.069737 -0.930470
vn 0.368437 0.047214 -0.928453
vn 0.421511 -0.159849 -0.892623
vn 0.399076 0.044419 -0.915841
vn 0.426511 0.125628 -0.895715
vn 0.331955 -0.129707 -0.934335
vn 0.352292 -0.133598 -0.926306
vn 0.340425 -0.145154 -0.929000
vn 0.868857 -0.386459 -0.309413
vn 0.868857 -0.386459 -0.309413
vn 0.868857 -0.386459 -0.309413
vn 0.868857 -0.386459 -0.309413
vn 0.753837 -0.342352 0.560825
vn 0.758124 -0.347097 0.552060
vn 0.318225 -0.122842 0.940023
vn 0.320733 -0.123810 0.939043
vn -0.321696 0.114750 0.939864
vn -0.322030 0.114172 0.939820
vn -0.896299 0.292847 0.332999
vn -0.896299 0.292847 0.332999
vn -0.784503 0.253824 -0.565799
vn -0.792009 0.253107 -0.555570
vn -0.329720 0.108088 -0.937871
vn -0.326445 0.107015 -0.939139
vn 0.870647 -0.433993 -0.231567
vn 0.870647 -0.433993 -0.231567
vn -0.901614 0.334905 0.273736
vn -0.901614 0.334905 0.273736
vn -0.901614 0.334905 0.273736
vn -0.901614 0.334905 0.273736
vn -0.221528 -0.879741 0.420690
vn -0.221528 -0.879741 0.420690
vn -0.221528 -0.879741 0.420690
vn -0.221528 -0.879741 0.420690
vn -0.024340 0.009302 0.999660
vn -0.024340 0.009302 0.999660
vn -0.024340 0.009302 0.999660
vn -0.024340 0.009302 0.999660
vn -0.141860 0.977334 -0.157143
vn -0.141860 0.977334 -0.157143
vn -0.141860 0.977334 -0.157143
vn -0.141860 0.977334 -0.157143
vn -0.122373 0.044214 -0.991499
vn -0.122373 0.044214 -0.991499
vn -0.122373 0.044214 -0.991499
vn -0.122373 0.044213 -0.991499
vn 0.446368 -0.894759 0.012729
vn 0.446368 -0.894759 0.012729
vn 0.446368 -0.894759 0.012729
vn 0.446368 -0.894759 0.012729
vn 0.388403 -0.165735 -0.906463
vn 0.388403 -0.165735 -0.906463
vn -0.172751 0.984451 0.031824
vn -0.172751 0.984451 0.031824
vn -0.172751 0.984451 0.031824
vn -0.172751 0.984451 0.031824
vn -0.231810 0.107674 0.966783
vn -0.231810 0.107674 0.966783
vn -0.231810 0.107674 0.966783
vn -0.231810 0.107674 0.966783
vn 0.041158 0.984437 -0.170849
vn 0.052477 0.990069 -0.130419
vn 0.077442 0.993114 0.087909
vn 0.076861 0.984090 0.160187
vn -0.028387 0.914943 -0.402583
vn -0.028387 0.914943 -0.402583
vn 0.055371 0.808342 0.586103
vn 0.055371 0.808342 0.586103
vn 0.038757 0.985773 -0.163554
vn 0.038757 0.985773 -0.163554
vn -0.167098 0.984437 -0.054421
vn -0.125905 0.990069 -0.062537
vn 0.093707 0.993114 -0.070313
vn 0.165717 0.984090 -0.064069
vn -0.403574 0.914941 -0.003252
vn -0.403574 0.914941 -0.003252
vn 0.588638 0.808343 -0.009264
vn 0.588638 0.808343 -0.009264
vn -0.160015 0.985772 -0.051458
vn -0.160015 0.985772 -0.051458
vn -0.094067 0.984437 0.148441
vn -0.091740 0.990069 0.106520
vn -0.044946 0.993114 -0.108190
vn -0.021082 0.984090 -0.176418
vn -0.102988 0.914943 0.390222
vn -0.102988 0.914943 0.390222
vn 0.136643 0.808343 -0.572634
vn 0.136644 0.808343 -0.572634
vn -0.089442 0.985773 0.142308
vn -0.089442 0.985773 0.142308
vn 0.316395 0.887929 0.333881
vn 0.276149 0.901146 0.334181
vn 0.066129 0.953052 0.295497
vn -0.002194 0.962296 0.271996
vn 0.542130 0.777587 0.318517
vn 0.542130 0.777587 0.318517
vn -0.420175 0.903353 0.086060
vn -0.420175 0.903353 0.086060
vn 0.310671 0.891429 0.329906
vn 0.310671 0.891429 0.329906
vn -0.099819 0.421785 -0.901185
vn -0.084751 0.457898 -0.884956
vn -0.035668 0.638103 -0.769124
vn -0.026907 0.692232 -0.721173
vn -0.186214 0.193635 -0.963239
vn -0.186214 0.193635 -0.963239
vn 0.021966 0.941538 -0.336189
vn 0.021966 0.941538 -0.336189
vn -0.101519 0.428601 -0.897772
vn -0.101519 0.428601 -0.897772
vn -0.099819 0.421785 -0.901185
vn -0.084751 0.457898 -0.884956
vn -0.035668 0.638103 -0.769124
vn -0.026907 0.692232 -0.721173
vn -0.186214 0.193635 -0.963239
vn -0.186214 0.193635 -0.963239
vn 0.021966 0.941538 -0.336189
vn 0.021966 0.941538 -0.336189
vn -0.101519 0.428601 -0.897772
vn -0.101519 0.428601 -0.897772
vn 0.396956 0.807174 -0.436917
vn 0.360536 0.827692 -0.430047
vn 0.153302 0.898449 -0.411447
vn 0.081340 0.909259 -0.408205
vn 0.596558 0.655944 -0.462445
vn 0.596558 0.655944 -0.462445
vn -0.373114 0.860908 -0.345866
vn -0.373114 0.860908 -0.345866
vn 0.389926 0.809080 -0.439712
vn 0.389926 0.809080 -0.439712
vn -0.192866 0.882357 -0.429243
vn -0.158388 0.877171 -0.453303
vn 0.039999 0.840430 -0.540441
vn 0.108723 0.823155 -0.557311
vn -0.388283 0.880923 -0.270575
vn -0.388283 0.880923 -0.270575
vn 0.521778 0.619892 -0.586073
vn 0.521778 0.619892 -0.586073
vn -0.185199 0.883644 -0.429970
vn -0.185199 0.883644 -0.429970
vn 0.422869 0.502171 0.754324
vn 0.388102 0.494960 0.777426
vn 0.186559 0.471556 0.861876
vn 0.115605 0.465801 0.877305
vn 0.611700 0.527264 0.589759
vn 0.611700 0.527264 0.589759
vn -0.337427 0.380643 0.860961
vn -0.337427 0.380643 0.860961
vn 0.415832 0.504808 0.756474
vn 0.415832 0.504808 0.756474
vn 0.422869 0.502171 0.754324
vn 0.388102 0.494960 0.777426
vn 0.186559 0.471556 0.861876
vn 0.115605 0.465801 0.877305
vn 0.611700 0.527264 0.589759
vn 0.611700 0.527264 0.589759
vn -0.337427 0.380643 0.860961
vn -0.337427 0.380643 0.860961
vn 0.415832 0.504808 0.756474
vn 0.415832 0.504808 0.756474
vn -0.157608 0.033356 0.986938
vn -0.177566 0.070337 0.981592
vn -0.246133 0.272686 0.930087
vn -0.258725 0.339626 0.904276
vn -0.032949 -0.185289 0.982131
vn -0.032949 -0.185289 0.982131
vn -0.296506 0.712709 0.635712
vn -0.296506 0.712709 0.635712
vn -0.156957 0.041110 0.986749
vn -0.156957 0.041110 0.986749
vn -0.237722 0.583675 0.776410
vn -0.214324 0.558596 0.801271
vn -0.114888 0.396174 0.910959
vn -0.087825 0.334342 0.938351
vn -0.367964 0.709213 0.601347
vn -0.367964 0.709214 0.601347
vn 0.081933 -0.091104 0.992465
vn 0.081933 -0.091104 0.992465
vn -0.237610 0.577433 0.781097
vn -0.237610 0.577433 0.781097
vn 0.037348 0.984437 -0.171723
vn 0.049565 0.990069 -0.131552
vn 0.079377 0.993114 0.086167
vn 0.080404 0.984089 0.158440
vn -0.037333 0.914941 -0.401857
vn -0.037333 0.914941 -0.401857
vn 0.068389 0.808342 0.584727
vn 0.068389 0.808342 0.584727
vn 0.035112 0.985771 -0.164385
vn 0.035112 0.985771 -0.164385
vn 0.037348 0.984437 -0.171723
vn 0.049565 0.990069 -0.131552
vn 0.079377 0.993114 0.086167
vn 0.080404 0.984089 0.158440
vn -0.037333 0.914941 -0.401857
vn -0.037333 0.914941 -0.401857
vn 0.068389 0.808342 0.584727
vn 0.068389 0.808342 0.584727
vn 0.035112 0.985771 -0.164385
vn 0.035112 0.985771 -0.164385
vn 0.455071 0.767153 0.452092
vn 0.417924 0.777786 0.469456
vn 0.209928 0.828616 0.518966
vn 0.138268 0.841008 0.523056
vn 0.657014 0.676862 0.331949
vn 0.657014 0.676862 0.331949
vn -0.320122 0.818628 0.476833
vn -0.320122 0.818628 0.476833
vn 0.448558 0.771370 0.451424
vn 0.448558 0.771370 0.451424
vn -0.129327 0.876380 0.463932
vn -0.091543 0.888696 0.449266
vn 0.118046 0.913995 0.388173
vn 0.188630 0.909358 0.370792
vn -0.346753 0.770873 0.534339
vn -0.346753 0.770872 0.534339
vn 0.602247 0.765730 0.225735
vn 0.602247 0.765730 0.225735
vn -0.121645 0.876787 0.465238
vn -0.121645 0.876787 0.465238
vn -0.074799 0.849026 0.523029
vn -0.040671 0.837306 0.545220
vn 0.115415 0.738512 0.664289
vn 0.160188 0.694597 0.701338
vn -0.274046 0.886129 0.373729
vn -0.274046 0.886129 0.373729
vn 0.409927 0.335655 0.848113
vn 0.409927 0.335655 0.848113
vn -0.072106 0.845330 0.529356
vn -0.072106 0.845330 0.529356
vn -0.058800 0.993424 0.098244
vn -0.036954 0.990238 0.134396
vn 0.047747 0.942269 0.331434
vn 0.067821 0.915656 0.396200
vn -0.186576 0.975342 -0.117888
vn -0.186576 0.975342 -0.117888
vn 0.175089 0.638797 0.749187
vn 0.175089 0.638797 0.749187
vn -0.059135 0.992607 0.105990
vn -0.059135 0.992607 0.105990
vn -0.226010 0.938931 0.259477
vn -0.189063 0.951436 0.242952
vn 0.019196 0.983394 0.180463
vn 0.090452 0.982068 0.165411
vn -0.434923 0.830294 0.348501
vn -0.434923 0.830294 0.348501
vn 0.520324 0.851822 0.060511
vn 0.520324 0.851822 0.060511
vn -0.218456 0.940356 0.260784
vn -0.218456 0.940356 0.260784
vn -0.099377 0.897791 0.429062
vn -0.109132 0.913855 0.391100
vn -0.124328 0.975641 0.180740
vn -0.120018 0.986783 0.108883
vn -0.036897 0.770128 0.636822
vn -0.036897 0.770128 0.636822
vn -0.070297 0.935307 -0.346783
vn -0.070297 0.935307 -0.346784
vn -0.096722 0.901161 0.422557
vn -0.096722 0.901161 0.422557
vn 0.350919 0.809868 0.470075
vn 0.311731 0.817528 0.484222
vn 0.096880 0.851049 0.516071
vn 0.024332 0.857308 0.514228
vn 0.568760 0.735490 0.368194
vn 0.568760 0.735490 0.368194
vn -0.425322 0.795030 0.432469
vn -0.425322 0.795030 0.432469
vn 0.344134 0.813520 0.468784
vn 0.344134 0.813520 0.468784
vn -0.041620 -0.177086 0.983315
vn -0.037826 -0.218472 0.975110
vn -0.049715 -0.425880 0.903413
vn -0.061196 -0.489502 0.869852
vn -0.063772 0.073379 0.995263
vn -0.063772 0.073379 0.995263
vn -0.132846 -0.820218 0.556412
vn -0.132846 -0.820218 0.556412
vn -0.045325 -0.183806 0.981917
vn -0.045325 -0.183806 0.981917
vn 0.041157 0.984438 -0.170846
vn 0.052477 0.990070 -0.130415
vn 0.077442 0.993113 0.087911
vn 0.076861 0.984090 0.160188
vn -0.028388 0.914943 -0.402583
vn -0.028388 0.914943 -0.402583
vn 0.055371 0.808343 0.586103
vn 0.055371 0.808343 0.586102
vn 0.038759 0.985776 -0.163537
vn 0.038759 0.985775 -0.163537
vn -0.185648 0.911607 0.366754
vn -0.144932 0.921452 0.360445
vn 0.074075 0.934647 0.347776
vn 0.146425 0.926206 0.347423
vn -0.418565 0.819412 0.391622
vn -0.418565 0.819411 0.391622
vn 0.574164 0.757542 0.310589
vn 0.574164 0.757542 0.310589
vn -0.178473 0.911804 0.369813
vn -0.178473 0.911804 0.369813
vn -0.327765 0.687482 -0.648026
vn -0.367350 0.674420 -0.640477
vn -0.556183 0.566859 -0.607726
vn -0.611062 0.520274 -0.596589
vn -0.082140 0.738195 -0.669568
vn -0.082140 0.738195 -0.669568
vn -0.871796 0.164629 -0.461378
vn -0.871796 0.164629 -0.461378
vn -0.333554 0.682684 -0.650142
vn -0.333554 0.682684 -0.650142
vn -0.185648 0.911607 0.366754
vn -0.144932 0.921452 0.360445
vn 0.074075 0.934647 0.347776
vn 0.146425 0.926206 0.347423
vn -0.418565 0.819412 0.391622
vn -0.418565 0.819411 0.391622
vn 0.574164 0.757542 0.310589
vn 0.574164 0.757542 0.310589
vn -0.178473 0.911804 0.369813
vn -0.178473 0.911804 0.369813
vn -0.185650 0.911605 0.366757
vn -0.144934 0.921450 0.360448
vn 0.074075 0.934646 0.347779
vn 0.146424 0.926205 0.347425
vn -0.418564 0.819413 0.391621
vn -0.418564 0.819413 0.391621
vn 0.574152 0.757554 0.310583
vn 0.574152 0.757554 0.310583
vn -0.178473 0.911806 0.369806
vn -0.178473 0.911806 0.369806
vn 0.577490 0.678483 -0.454055
vn 0.602713 0.675293 -0.425107
vn 0.716174 0.659959 -0.227045
vn 0.739180 0.653973 -0.161037
vn 0.386489 0.674778 -0.628730
vn 0.386489 0.674778 -0.628729
vn 0.789768 0.536788 0.296860
vn 0.789768 0.536788 0.296860
vn 0.577993 0.681384 -0.449043
vn 0.577993 0.681384 -0.449043
vn -0.219978 0.964313 0.147343
vn -0.229991 0.968001 0.100394
vn -0.237323 0.964346 -0.117105
vn -0.231825 0.956908 -0.174883
vn -0.158873 0.909334 0.384540
vn -0.158873 0.909334 0.384540
vn -0.151141 0.786620 -0.598653
vn -0.151141 0.786620 -0.598653
vn -0.217728 0.966070 0.138938
vn -0.217728 0.966070 0.138938
vn 0.209300 0.677565 0.705053
vn 0.173082 0.674591 0.717614
vn -0.036386 0.664358 0.746528
vn -0.112796 0.660186 0.742584
vn 0.423904 0.674669 0.604258
vn 0.423904 0.674669 0.604258
vn -0.538264 0.563600 0.626600
vn -0.538264 0.563600 0.626600
vn 0.201143 0.680189 0.704900
vn 0.201143 0.680189 0.704900
vn -0.160685 0.985634 -0.052016
vn -0.127631 0.990049 -0.059280
vn 0.082647 0.994020 -0.071375
vn 0.162875 0.984492 -0.065170
vn -0.388050 0.921635 0.002512
vn -0.388050 0.921635 0.002512
vn 0.570166 0.821337 -0.017800
vn 0.570166 0.821336 -0.017800
vn -0.155570 0.986621 -0.048760
vn -0.155570 0.986621 -0.048760
vn 0.382713 0.395006 0.835165
vn 0.413001 0.413045 0.811680
vn 0.574291 0.466900 0.672454
vn 0.625340 0.472782 0.620828
vn 0.190736 0.272950 0.942931
vn 0.190736 0.272950 0.942931
vn 0.866569 0.443536 0.228767
vn 0.866569 0.443536 0.228767
vn 0.389882 0.394309 0.832174
vn 0.389882 0.394309 0.832174
vn 0.382713 0.395006 0.835165
vn 0.413001 0.413045 0.811680
vn 0.574291 0.466900 0.672454
vn 0.625340 0.472782 0.620828
vn 0.190736 0.272950 0.942931
vn 0.190736 0.272950 0.942931
vn 0.866569 0.443536 0.228767
vn 0.866569 0.443536 0.228767
vn 0.389882 0.394309 0.832174
vn 0.389882 0.394309 0.832174
vn 0.615060 0.765840 0.187591
vn 0.646399 0.738004 0.193697
vn 0.780089 0.573194 0.250818
vn 0.813313 0.512913 0.274667
vn 0.407221 0.901594 0.145940
vn 0.407221 0.901594 0.145940
vn 0.914934 0.079536 0.395689
vn 0.914934 0.079536 0.395689
vn 0.618936 0.761433 0.192711
vn 0.618936 0.761433 0.192711
vn 0.873637 0.274914 0.401473
vn 0.856508 0.312530 0.410755
vn 0.754160 0.506903 0.417483
vn 0.715112 0.567647 0.407911
vn 0.942729 0.043420 0.330720
vn 0.942729 0.043420 0.330720
vn 0.390167 0.873489 0.291182
vn 0.390167 0.873489 0.291182
vn 0.872381 0.282220 0.399128
vn 0.872381 0.282220 0.399128
vn -0.461155 0.858719 0.223467
vn -0.491462 0.848640 0.195640
vn -0.615324 0.787891 0.024568
vn -0.644853 0.763393 -0.037350
vn -0.264725 0.887014 0.378321
vn -0.264725 0.887014 0.378321
vn -0.742114 0.523218 -0.418939
vn -0.742114 0.523218 -0.418939
vn -0.463667 0.859252 0.216097
vn -0.463667 0.859252 0.216097
vn 0.497806 0.858719 0.121616
vn 0.503434 0.848639 0.162374
vn 0.489891 0.787888 0.373147
vn 0.473195 0.763391 0.439683
vn 0.445083 0.887016 -0.122899
vn 0.445083 0.887016 -0.122899
vn 0.305006 0.523218 0.795748
vn 0.305006 0.523218 0.795748
vn 0.495044 0.859256 0.128882
vn 0.495044 0.859256 0.128882
vn 0.037349 0.984437 -0.171724
vn 0.049565 0.990069 -0.131556
vn 0.079377 0.993114 0.086162
vn 0.080404 0.984090 0.158435
vn -0.037332 0.914944 -0.401851
vn -0.037332 0.914944 -0.401851
vn 0.068389 0.808343 0.584726
vn 0.068389 0.808343 0.584726
vn 0.035111 0.985770 -0.164390
vn 0.035111 0.985770 -0.164390
vn 0.037349 0.984437 -0.171724
vn 0.049565 0.990069 -0.131556
vn 0.079377 0.993114 0.086162
vn 0.080404 0.984090 0.158435
vn -0.037332 0.914944 -0.401851
vn -0.037332 0.914944 -0.401851
vn 0.068389 0.808343 0.584726
vn 0.068389 0.808343 0.584726
vn 0.035111 0.985770 -0.164390
vn 0.035111 0.985770 -0.164390
vn 0.455077 0.767148 0.452094
vn 0.417930 0.777781 0.469459
vn 0.209928 0.828612 0.518972
vn 0.138265 0.841006 0.523061
vn 0.657015 0.676864 0.331943
vn 0.657015 0.676864 0.331943
vn -0.320116 0.818634 0.476827
vn -0.320116 0.818634 0.476827
vn 0.448549 0.771376 0.451424
vn 0.448549 0.771376 0.451424
vn -0.129323 0.876385 0.463923
vn -0.091539 0.888701 0.449256
vn 0.118042 0.913999 0.388165
vn 0.188626 0.909361 0.370786
vn -0.346753 0.770867 0.534346
vn -0.346753 0.770867 0.534346
vn 0.602266 0.765713 0.225741
vn 0.602266 0.765713 0.225741
vn -0.121648 0.876776 0.465259
vn -0.121648 0.876776 0.465259
vn -0.043594 0.847728 0.528637
vn -0.014668 0.831663 0.555087
vn 0.109580 0.713219 0.692323
vn 0.142896 0.663767 0.734162
vn -0.213512 0.910598 0.353871
vn -0.213512 0.910598 0.353871
vn 0.323254 0.275298 0.905382
vn 0.323254 0.275298 0.905382
vn -0.042297 0.843687 0.535166
vn -0.042297 0.843687 0.535166
vn -0.043594 0.847728 0.528637
vn -0.014668 0.831663 0.555087
vn 0.109580 0.713219 0.692323
vn 0.142896 0.663767 0.734162
vn -0.213512 0.910598 0.353871
vn -0.213512 0.910598 0.353871
vn 0.323254 0.275298 0.905382
vn 0.323254 0.275298 0.905382
vn -0.042297 0.843687 0.535166
vn -0.042297 0.843687 0.535166
vn 0.609451 0.438981 0.660201
vn 0.584030 0.425483 0.691284
vn 0.420295 0.371824 0.827707
vn 0.358070 0.357240 0.862650
vn 0.736104 0.503451 0.452425
vn 0.736104 0.503451 0.452425
vn -0.072399 0.231220 0.970204
vn -0.072399 0.231220 0.970204
vn 0.603329 0.440563 0.664754
vn 0.603330 0.440563 0.664754
vn 0.092366 0.338935 0.936265
vn 0.119566 0.368134 0.922053
vn 0.279527 0.485951 0.828080
vn 0.334831 0.513912 0.789799
vn -0.070425 0.153394 0.985652
vn -0.070425 0.153394 0.985652
vn 0.639545 0.616612 0.459099
vn 0.639545 0.616612 0.459099
vn 0.099820 0.340744 0.934842
vn 0.099820 0.340744 0.934842
vn 0.382713 0.395006 0.835165
vn 0.413001 0.413045 0.811680
vn 0.574291 0.466900 0.672454
vn 0.625340 0.472782 0.620828
vn 0.190736 0.272950 0.942931
vn 0.190736 0.272950 0.942931
vn 0.866569 0.443536 0.228767
vn 0.866569 0.443536 0.228767
vn 0.389882 0.394309 0.832174
vn 0.389882 0.394309 0.832174
vn 0.382713 0.395006 0.835165
vn 0.413001 0.413045 0.811680
vn 0.574291 0.466900 0.672454
vn 0.625340 0.472782 0.620828
vn 0.190736 0.272950 0.942931
vn 0.190736 0.272950 0.942931
vn 0.866569 0.443536 0.228767
vn 0.866569 0.443536 0.228767
vn 0.389882 0.394309 0.832174
vn 0.389882 0.394309 0.832174
vn 0.615060 0.765840 0.187591
vn 0.646399 0.738004 0.193697
vn 0.780089 0.573194 0.250818
vn 0.813313 0.512913 0.274667
vn 0.407221 0.901594 0.145940
vn 0.407221 0.901594 0.145940
vn 0.914934 0.079536 0.395689
vn 0.914934 0.079536 0.395689
vn 0.618936 0.761433 0.192711
vn 0.618936 0.761433 0.192711
vn 0.873637 0.274914 0.401473
vn 0.856508 0.312530 0.410755
vn 0.754160 0.506903 0.417483
vn 0.715112 0.567647 0.407911
vn 0.942729 0.043420 0.330720
vn 0.942729 0.043420 0.330720
vn 0.390167 0.873489 0.291182
vn 0.390167 0.873489 0.291182
vn 0.872381 0.282220 0.399128
vn 0.872381 0.282220 0.399128
vn 0.196818 0.094552 0.975870
vn 0.209741 0.134218 0.968501
vn 0.299847 0.321878 0.898046
vn 0.333578 0.376817 0.864138
vn 0.114580 -0.143258 0.983030
vn 0.114580 -0.143258 0.983030
vn 0.507617 0.664520 0.548396
vn 0.507617 0.664520 0.548396
vn 0.202822 0.099217 0.974176
vn 0.202822 0.099217 0.974176
vn 0.196818 0.094552 0.975870
vn 0.209741 0.134218 0.968501
vn 0.299847 0.321878 0.898046
vn 0.333578 0.376817 0.864138
vn 0.114580 -0.143258 0.983030
vn 0.114580 -0.143258 0.983030
vn 0.507617 0.664520 0.548396
vn 0.507617 0.664520 0.548396
vn 0.202822 0.099217 0.974176
vn 0.202822 0.099217 0.974176
vn 0.119020 0.781864 0.611982
vn 0.160883 0.775584 0.610398
vn 0.367786 0.701486 0.610451
vn 0.430713 0.664796 0.610354
vn -0.132302 0.789166 0.599761
vn -0.132302 0.789166 0.599761
vn 0.763160 0.352524 0.541585
vn 0.763160 0.352524 0.541585
vn 0.125205 0.778327 0.615249
vn 0.125205 0.778327 0.615249
vn 0.623655 0.467638 0.626394
vn 0.590037 0.481193 0.648313
vn 0.400268 0.563150 0.722944
vn 0.333795 0.590486 0.734784
vn 0.798767 0.371512 0.473234
vn 0.798767 0.371512 0.473234
vn -0.115412 0.692693 0.711938
vn -0.115412 0.692693 0.711938
vn 0.618390 0.473307 0.627355
vn 0.618390 0.473307 0.627355
vn 0.041157 0.984438 -0.170846
vn 0.052477 0.990070 -0.130415
vn 0.077442 0.993113 0.087911
vn 0.076861 0.984090 0.160188
vn -0.028388 0.914943 -0.402583
vn -0.028388 0.914943 -0.402583
vn 0.055371 0.808343 0.586103
vn 0.055371 0.808343 0.586102
vn 0.038759 0.985776 -0.163537
vn 0.038759 0.985775 -0.163537
vn 0.512447 0.858718 -0.000793
vn 0.527646 0.848639 0.037442
vn 0.564832 0.787888 0.245350
vn 0.564510 0.763390 0.313949
vn 0.402854 0.887015 -0.225639
vn 0.402854 0.887015 -0.225639
vn 0.486222 0.523215 0.699881
vn 0.486222 0.523215 0.699881
vn 0.511497 0.859257 0.006931
vn 0.511497 0.859257 0.006931
vn -0.395451 0.858719 -0.325914
vn -0.382801 0.848640 -0.365067
vn -0.278983 0.787888 -0.549000
vn -0.235025 0.763390 -0.601663
vn -0.454257 0.887015 -0.082790
vn -0.454257 0.887015 -0.082790
vn 0.071215 0.523221 -0.849216
vn 0.071215 0.523221 -0.849216
vn -0.389803 0.859256 -0.331260
vn -0.389803 0.859256 -0.331260
vn -0.178454 0.656991 0.732473
vn -0.138069 0.669509 0.729859
vn 0.080227 0.691801 0.717618
vn 0.152573 0.685975 0.711449
vn -0.409638 0.557969 0.721712
vn -0.409638 0.557969 0.721712
vn 0.579836 0.559744 0.592010
vn 0.579836 0.559744 0.592010
vn -0.171167 0.656010 0.735087
vn -0.171167 0.656010 0.735087
s 1
g group30_pasted__group28_pasted__pasted__group11_pasted__pasted__pasted__group6_pasted__pasted__pasted__pasted__group4_pasted__group2_pasted__pasted__pPlane3
usemtl blinn26SG
f 633/834/1275 634/835/1276 636/837/1277 635/836/1278
f 634/835/1276 633/839/1275 637/838/1279 638/834/1280
f 635/837/1278 636/841/1277 640/840/1281 639/836/1282
f 636/843/1277 634/842/1276 641/835/1283 642/837/1284
s 2
f 643/844/1285 644/845/1286 646/846/1287 645/847/1288
f 644/845/1286 643/848/1285 647/849/1289 648/844/1290
f 645/846/1288 646/850/1287 650/851/1291 649/847/1292
f 646/852/1287 644/853/1286 651/845/1293 652/846/1294
s 3
f 653/854/1295 654/855/1296 656/856/1297 655/857/1298
f 654/855/1296 653/858/1295 657/859/1299 658/854/1300
f 655/856/1298 656/860/1297 660/861/1301 659/857/1302
f 656/862/1297 654/863/1296 661/855/1303 662/856/1304
s 4
f 663/864/1305 664/865/1306 666/866/1307 665/867/1308
f 664/865/1306 663/868/1305 667/869/1309 668/864/1310
f 665/866/1308 666/870/1307 670/871/1311 669/867/1312
f 666/872/1307 664/873/1306 671/865/1313 672/866/1314
s 5
f 673/874/1315 674/875/1316 676/876/1317 675/877/1318
f 674/875/1316 673/878/1315 677/879/1319 678/874/1320
f 675/876/1318 676/880/1317 680/881/1321 679/877/1322
f 676/882/1317 674/883/1316 681/875/1323 682/876/1324
s 6
f 683/884/1325 684/885/1326 686/886/1327 685/887/1328
f 684/885/1326 683/888/1325 687/889/1329 688/884/1330
f 685/886/1328 686/890/1327 690/891/1331 689/887/1332
f 686/892/1327 684/893/1326 691/885/1333 692/886/1334
s 7
f 693/894/1335 694/895/1336 696/896/1337 695/897/1338
f 694/895/1336 693/898/1335 697/899/1339 698/894/1340
f 695/896/1338 696/900/1337 700/901/1341 699/897/1342
f 696/902/1337 694/903/1336 701/895/1343 702/896/1344
s 8
f 703/904/1345 704/905/1346 706/906/1347 705/907/1348
f 704/905/1346 703/908/1345 707/909/1349 708/904/1350
f 705/906/1348 706/910/1347 710/911/1351 709/907/1352
f 706/912/1347 704/913/1346 711/905/1353 712/906/1354
s 9
f 713/914/1355 714/915/1356 716/916/1357 715/917/1358
f 714/915/1356 713/918/1355 717/919/1359 718/914/1360
f 715/916/1358 716/920/1357 720/921/1361 719/917/1362
f 716/922/1357 714/923/1356 721/915/1363 722/916/1364
s 10
f 723/924/1365 724/925/1366 726/926/1367 725/927/1368
f 724/925/1366 723/928/1365 727/929/1369 728/924/1370
f 725/926/1368 726/930/1367 730/931/1371 729/927/1372
f 726/932/1367 724/933/1366 731/925/1373 732/926/1374
s 11
f 733/934/1375 734/935/1376 736/936/1377 735/937/1378
f 734/935/1376 733/938/1375 737/939/1379 738/934/1380
f 735/936/1378 736/940/1377 740/941/1381 739/937/1382
f 736/942/1377 734/943/1376 741/935/1383 742/936/1384
s 12
f 743/944/1385 744/945/1386 746/946/1387 745/947/1388
f 744/945/1386 743/948/1385 747/949/1389 748/944/1390
f 745/946/1388 746/950/1387 750/951/1391 749/947/1392
f 746/952/1387 744/953/1386 751/945/1393 752/946/1394
s 13
usemtl pasted__blinn27SG
f 753/954/1395 754/955/1396 756/956/1397 755/957/1398
f 754/955/1396 753/958/1395 757/959/1399 758/954/1400
f 755/956/1398 756/960/1397 760/961/1401 759/957/1402
f 756/962/1397 754/963/1396 761/955/1403 762/956/1404
s 14
usemtl pasted__blinn2SG
f 763/964/1405 764/965/1406 766/966/1407 765/967/1408
f 764/965/1406 763/968/1405 767/969/1409 768/964/1410
f 765/966/1408 766/970/1407 770/971/1411 769/967/1412
f 766/972/1407 764/973/1406 771/965/1413 772/966/1414
s 15
f 773/974/1415 774/975/1416 776/976/1417 775/977/1418
f 774/975/1416 773/978/1415 777/979/1419 778/974/1420
f 775/976/1418 776/980/1417 780/981/1421 779/977/1422
f 776/982/1417 774/983/1416 781/975/1423 782/976/1424
s 16
f 783/984/1425 784/985/1426 786/986/1427 785/987/1428
f 784/985/1426 783/988/1425 787/989/1429 788/984/1430
f 785/986/1428 786/990/1427 790/991/1431 789/987/1432
f 786/992/1427 784/993/1426 791/985/1433 792/986/1434
s 17
f 793/994/1435 794/995/1436 796/996/1437 795/997/1438
f 794/995/1436 793/998/1435 797/999/1439 798/994/1440
f 795/996/1438 796/1000/1437 800/1001/1441 799/997/1442
f 796/1002/1437 794/1003/1436 801/995/1443 802/996/1444
s 18
usemtl blinn2SG
f 803/1004/1445 804/1005/1446 806/1006/1447 805/1007/1448
f 804/1005/1446 803/1008/1445 807/1009/1449 808/1004/1450
f 805/1006/1448 806/1010/1447 810/1011/1451 809/1007/1452
f 806/1012/1447 804/1013/1446 811/1005/1453 812/1006/1454
s 19
f 813/1014/1455 814/1015/1456 816/1016/1457 815/1017/1458
f 814/1015/1456 813/1018/1455 817/1019/1459 818/1014/1460
f 815/1016/1458 816/1020/1457 820/1021/1461 819/1017/1462
f 816/1022/1457 814/1023/1456 821/1015/1463 822/1016/1464
s 20
f 823/1024/1465 824/1025/1466 826/1026/1467 825/1027/1468
f 824/1025/1466 823/1028/1465 827/1029/1469 828/1024/1470
f 825/1026/1468 826/1030/1467 830/1031/1471 829/1027/1472
f 826/1032/1467 824/1033/1466 831/1025/1473 832/1026/1474
s 21
f 833/1034/1475 834/1035/1476 836/1036/1477 835/1037/1478
f 834/1035/1476 833/1038/1475 837/1039/1479 838/1034/1480
f 835/1036/1478 836/1040/1477 840/1041/1481 839/1037/1482
f 836/1042/1477 834/1043/1476 841/1035/1483 842/1036/1484
s 22
usemtl pasted__blinn4SG
f 843/1044/1485 844/1045/1486 846/1046/1487 845/1047/1488
f 844/1045/1486 843/1048/1485 847/1049/1489 848/1044/1490
f 845/1046/1488 846/1050/1487 850/1051/1491 849/1047/1492
f 846/1052/1487 844/1053/1486 851/1045/1493 852/1046/1494
s 23
usemtl pasted__blinn6SG
f 853/1054/1495 854/1055/1496 856/1056/1497 855/1057/1498
f 854/1055/1496 853/1058/1495 857/1059/1499 858/1054/1500
f 855/1056/1498 856/1060/1497 860/1061/1501 859/1057/1502
f 856/1062/1497 854/1063/1496 861/1055/1503 862/1056/1504
s 24
usemtl pasted__blinn3SG1
f 863/1064/1505 896/1065/1506 897/1066/1507 888/1067/1508
s 25
f 864/1068/1509 865/1069/1510 890/1070/1511 889/1071/1512
s 26
f 865/1069/1513 866/1072/1514 891/1073/1515 890/1070/1516
s 27
f 866/1072/1517 867/1074/1518 892/1075/1519 891/1073/1520
s 28
f 867/1074/1521 868/1076/1522 893/1077/1523 892/1075/1524
s 29
f 868/1076/1525 869/1078/1526 894/1079/1527 893/1077/1528
s 30
f 869/1078/1529 870/1080/1530 895/1081/1531 894/1079/1532
s 31
f 870/1080/1533 863/1082/1534 888/1083/1535 895/1081/1536
s 32
f 864/1084/1537 896/1085/1538 863/1086/1539 879/1087/1540
f 865/1088/1541 864/1084/1537 879/1087/1540
f 866/1089/1542 865/1088/1541 879/1087/1540
f 867/1090/1543 866/1089/1542 879/1087/1540
f 868/1091/1544 867/1090/1543 879/1087/1540
f 869/1092/1545 868/1091/1544 879/1087/1540
f 870/1093/1546 869/1092/1545 879/1087/1540
f 863/1086/1539 870/1093/1546 879/1087/1540
s off
f 877/1094/1547 878/1095/1548 871/1096/1549 899/1097/1550 872/1098/1551 873/1099/1552 874/1100/1553 875/1101/1554 876/1102/1555
s 24
f 880/1103/1556 898/1104/1557 899/1105/1558 871/1106/1559
s 25
f 881/1107/1560 882/1108/1561 873/1109/1562 872/1110/1563
s 26
f 882/1108/1564 883/1111/1565 874/1112/1566 873/1109/1567
s 36
f 883/1111/1568 884/1113/1569 875/1114/1570 874/1112/1571
s 28
f 884/1113/1572 885/1115/1573 876/1116/1574 875/1114/1575
s 29
f 885/1115/1576 886/1117/1577 877/1118/1578 876/1116/1579
s 30
f 886/1117/1580 887/1119/1581 878/1120/1582 877/1118/1583
s off
f 887/1119/1584 880/1121/1585 871/1122/1586 878/1120/1587
s 24
f 888/1067/1508 897/1066/1507 909/1123/1588 910/1124/1589
s 25
f 889/1071/1512 890/1070/1511 916/1125/1590 917/1126/1591
s 26
f 890/1070/1516 891/1073/1515 915/1127/1592 916/1125/1593
s 27
f 891/1073/1520 892/1075/1519 914/1128/1594 915/1127/1595
s 28
f 892/1075/1524 893/1077/1523 913/1129/1596 914/1128/1597
s 29
f 893/1077/1528 894/1079/1527 912/1130/1598 913/1129/1599
s 30
f 894/1079/1532 895/1081/1531 911/1131/1600 912/1130/1601
s 31
f 895/1081/1536 888/1083/1535 910/1132/1602 911/1131/1603
s 24
f 896/1065/1506 864/1068/1604 889/1071/1605 897/1066/1507
f 917/1126/1606 909/1123/1588 897/1066/1507 889/1071/1605
f 899/1105/1558 898/1104/1557 881/1107/1607 872/1110/1608
f 898/1104/1557 901/1133/1609 900/1134/1610 881/1107/1607
f 902/1135/1611 901/1133/1609 898/1104/1557 880/1103/1556
s off
f 923/1136/1612 922/1137/1613 924/1138/1614 925/1139/1615
s 30
f 904/1140/1616 903/1141/1617 887/1119/1581 886/1117/1580
s 29
f 905/1142/1618 904/1140/1619 886/1117/1577 885/1115/1576
s 28
f 906/1143/1620 905/1142/1621 885/1115/1573 884/1113/1572
s 36
f 907/1144/1622 906/1143/1623 884/1113/1569 883/1111/1568
s 26
f 908/1145/1624 907/1144/1625 883/1111/1565 882/1108/1564
s 25
f 900/1134/1626 908/1145/1627 882/1108/1561 881/1107/1560
s 24
f 910/1124/1589 909/1123/1588 901/1133/1609 902/1135/1611
s 31
f 911/1131/1603 910/1132/1602 902/1146/1628 903/1141/1629
s 30
f 912/1130/1601 911/1131/1600 903/1141/1617 904/1140/1616
s 29
f 913/1129/1599 912/1130/1598 904/1140/1619 905/1142/1618
s 28
f 914/1128/1597 913/1129/1596 905/1142/1621 906/1143/1620
s off
f 919/1147/1630 918/1148/1631 920/1149/1632 921/1150/1633
s 26
f 916/1125/1593 915/1127/1592 907/1144/1625 908/1145/1624
s 25
f 917/1126/1591 916/1125/1590 908/1145/1627 900/1134/1626
s 24
f 901/1133/1609 909/1123/1588 917/1126/1606 900/1134/1610
s off
f 915/1127/1634 914/1128/1635 918/1148/1636 919/1147/1637
f 914/1128/1638 906/1143/1639 920/1149/1640 918/1148/1641
f 906/1143/1642 907/1144/1643 921/1150/1644 920/1149/1645
f 907/1144/1646 915/1127/1647 919/1147/1648 921/1150/1649
f 903/1141/1650 902/1146/1651 922/1137/1652 923/1136/1653
s 24
f 902/1146/1611 880/1121/1556 924/1138/1654 922/1137/1655
s off
f 880/1121/1656 887/1119/1657 925/1139/1658 924/1138/1659
f 887/1119/1660 903/1141/1661 923/1136/1662 925/1139/1663
s 40
usemtl blinn21SG
f 926/1151/1664 927/1152/1665 929/1153/1666 928/1154/1667
f 927/1152/1665 926/1155/1664 930/1156/1668 931/1151/1669
f 928/1153/1667 929/1157/1666 933/1158/1670 932/1154/1671
f 929/1159/1666 927/1160/1665 934/1152/1672 935/1153/1673
s 41
f 936/1161/1674 937/1162/1675 939/1163/1676 938/1164/1677
f 937/1162/1675 936/1165/1674 940/1166/1678 941/1161/1679
f 938/1163/1677 939/1167/1676 943/1168/1680 942/1164/1681
f 939/1169/1676 937/1170/1675 944/1162/1682 945/1163/1683
s 42
f 946/1171/1684 947/1172/1685 949/1173/1686 948/1174/1687
f 947/1172/1685 946/1175/1684 950/1176/1688 951/1171/1689
f 948/1173/1687 949/1177/1686 953/1178/1690 952/1174/1691
f 949/1179/1686 947/1180/1685 954/1172/1692 955/1173/1693
s 43
f 956/1181/1694 957/1182/1695 959/1183/1696 958/1184/1697
f 957/1182/1695 956/1185/1694 960/1186/1698 961/1181/1699
f 958/1183/1697 959/1187/1696 963/1188/1700 962/1184/1701
f 959/1189/1696 957/1190/1695 964/1182/1702 965/1183/1703
s 44
usemtl blinn26SG
f 966/1191/1704 967/1192/1705 969/1193/1706 968/1194/1707
f 967/1192/1705 966/1195/1704 970/1196/1708 971/1197/1709
f 968/1198/1707 969/1199/1706 973/1200/1710 972/1201/1711
f 969/1202/1706 967/1203/1705 974/1204/1712 975/1205/1713
s 45
f 976/1206/1714 977/1207/1715 979/1208/1716 978/1209/1717
f 977/1207/1715 976/1210/1714 980/1211/1718 981/1212/1719
f 978/1213/1717 979/1214/1716 983/1215/1720 982/1216/1721
f 979/1217/1716 977/1218/1715 984/1219/1722 985/1220/1723
s 46
f 986/1221/1724 987/1222/1725 989/1223/1726 988/1224/1727
f 987/1222/1725 986/1225/1724 990/1226/1728 991/1227/1729
f 988/1228/1727 989/1229/1726 993/1230/1730 992/1231/1731
f 989/1232/1726 987/1233/1725 994/1234/1732 995/1235/1733
s 47
f 996/1236/1734 997/1237/1735 999/1238/1736 998/1239/1737
f 997/1237/1735 996/1240/1734 1000/1241/1738 1001/1242/1739
f 998/1243/1737 999/1244/1736 1003/1245/1740 1002/1246/1741
f 999/1247/1736 997/1248/1735 1004/1249/1742 1005/1250/1743
s 48
f 1006/1251/1744 1007/1252/1745 1009/1253/1746 1008/1254/1747
f 1007/1252/1745 1006/1255/1744 1010/1256/1748 1011/1257/1749
f 1008/1258/1747 1009/1259/1746 1013/1260/1750 1012/1261/1751
f 1009/1262/1746 1007/1263/1745 1014/1264/1752 1015/1265/1753
s 49
f 1016/1266/1754 1017/1267/1755 1019/1268/1756 1018/1269/1757
f 1017/1267/1755 1016/1270/1754 1020/1271/1758 1021/1272/1759
f 1018/1273/1757 1019/1274/1756 1023/1275/1760 1022/1276/1761
f 1019/1277/1756 1017/1278/1755 1024/1279/1762 1025/1280/1763
s 50
f 1026/1281/1764 1027/1282/1765 1029/1283/1766 1028/1284/1767
f 1027/1282/1765 1026/1285/1764 1030/1286/1768 1031/1287/1769
f 1028/1288/1767 1029/1289/1766 1033/1290/1770 1032/1291/1771
f 1029/1292/1766 1027/1293/1765 1034/1294/1772 1035/1295/1773
s 51
f 1036/1296/1774 1037/1297/1775 1039/1298/1776 1038/1299/1777
f 1037/1297/1775 1036/1300/1774 1040/1301/1778 1041/1302/1779
f 1038/1303/1777 1039/1304/1776 1043/1305/1780 1042/1306/1781
f 1039/1307/1776 1037/1308/1775 1044/1309/1782 1045/1310/1783
s 52
f 1046/1311/1784 1047/1312/1785 1049/1313/1786 1048/1314/1787
f 1047/1312/1785 1046/1315/1784 1050/1316/1788 1051/1317/1789
f 1048/1318/1787 1049/1319/1786 1053/1320/1790 1052/1321/1791
f 1049/1322/1786 1047/1323/1785 1054/1324/1792 1055/1325/1793
s 53
f 1056/1326/1794 1057/1327/1795 1059/1328/1796 1058/1329/1797
f 1057/1327/1795 1056/1330/1794 1060/1331/1798 1061/1332/1799
f 1058/1333/1797 1059/1334/1796 1063/1335/1800 1062/1336/1801
f 1059/1337/1796 1057/1338/1795 1064/1339/1802 1065/1340/1803
s 54
f 1066/1341/1804 1067/1342/1805 1069/1343/1806 1068/1344/1807
f 1067/1342/1805 1066/1345/1804 1070/1346/1808 1071/1347/1809
f 1068/1348/1807 1069/1349/1806 1073/1350/1810 1072/1351/1811
f 1069/1352/1806 1067/1353/1805 1074/1354/1812 1075/1355/1813
s 55
f 1076/1356/1814 1077/1357/1815 1079/1358/1816 1078/1359/1817
f 1077/1357/1815 1076/1360/1814 1080/1361/1818 1081/1362/1819
f 1078/1363/1817 1079/1364/1816 1083/1365/1820 1082/1366/1821
f 1079/1367/1816 1077/1368/1815 1084/1369/1822 1085/1370/1823
s 56
usemtl pasted__blinn20SG
f 1086/1371/1824 1087/1372/1825 1089/1373/1826 1088/1374/1827
f 1087/1372/1825 1086/1375/1824 1090/1376/1828 1091/1371/1829
f 1088/1373/1827 1089/1377/1826 1093/1378/1830 1092/1374/1831
f 1089/1379/1826 1087/1380/1825 1094/1372/1832 1095/1373/1833
s 57
usemtl pasted__blinn22SG
f 1096/1381/1834 1097/1382/1835 1099/1383/1836 1098/1384/1837
f 1097/1382/1835 1096/1385/1834 1100/1386/1838 1101/1381/1839
f 1098/1383/1837 1099/1387/1836 1103/1388/1840 1102/1384/1841
f 1099/1389/1836 1097/1390/1835 1104/1382/1842 1105/1383/1843
s 58
f 1106/1391/1844 1107/1392/1845 1109/1393/1846 1108/1394/1847
f 1107/1392/1845 1106/1395/1844 1110/1396/1848 1111/1391/1849
f 1108/1393/1847 1109/1397/1846 1113/1398/1850 1112/1394/1851
f 1109/1399/1846 1107/1400/1845 1114/1392/1852 1115/1393/1853
s 59
f 1116/1401/1854 1117/1402/1855 1119/1403/1856 1118/1404/1857
f 1117/1402/1855 1116/1405/1854 1120/1406/1858 1121/1401/1859
f 1118/1403/1857 1119/1407/1856 1123/1408/1860 1122/1404/1861
f 1119/1409/1856 1117/1410/1855 1124/1402/1862 1125/1403/1863
s 60
f 1126/1411/1864 1127/1412/1865 1129/1413/1866 1128/1414/1867
f 1127/1412/1865 1126/1415/1864 1130/1416/1868 1131/1411/1869
f 1128/1413/1867 1129/1417/1866 1133/1418/1870 1132/1414/1871
f 1129/1419/1866 1127/1420/1865 1134/1412/1872 1135/1413/1873
s 61
usemtl blinn4SG
f 1136/1421/1874 1137/1422/1875 1139/1423/1876 1138/1424/1877
f 1137/1422/1875 1136/1425/1874 1140/1426/1878 1141/1421/1879
f 1138/1423/1877 1139/1427/1876 1143/1428/1880 1142/1424/1881
f 1139/1429/1876 1137/1430/1875 1144/1422/1882 1145/1423/1883
s 62
usemtl pasted__blinn10SG
f 1146/1431/1884 1147/1432/1885 1149/1433/1886 1148/1434/1887
f 1147/1432/1885 1146/1435/1884 1150/1436/1888 1151/1431/1889
f 1148/1433/1887 1149/1437/1886 1153/1438/1890 1152/1434/1891
f 1149/1439/1886 1147/1440/1885 1154/1432/1892 1155/1433/1893
s 63
usemtl blinn9SG
f 1156/1441/1894 1157/1442/1895 1159/1443/1896 1158/1444/1897
f 1157/1442/1895 1156/1445/1894 1160/1446/1898 1161/1441/1899
f 1158/1443/1897 1159/1447/1896 1163/1448/1900 1162/1444/1901
f 1159/1449/1896 1157/1450/1895 1164/1442/1902 1165/1443/1903
s 64
usemtl blinn6SG
f 1166/1451/1904 1167/1452/1905 1169/1453/1906 1168/1454/1907
f 1167/1452/1905 1166/1455/1904 1170/1456/1908 1171/1451/1909
f 1168/1453/1907 1169/1457/1906 1173/1458/1910 1172/1454/1911
f 1169/1459/1906 1167/1460/1905 1174/1452/1912 1175/1453/1913
s 65
usemtl pasted__blinn9SG
f 1176/1461/1914 1177/1462/1915 1179/1463/1916 1178/1464/1917
f 1177/1462/1915 1176/1465/1914 1180/1466/1918 1181/1461/1919
f 1178/1463/1917 1179/1467/1916 1183/1468/1920 1182/1464/1921
f 1179/1469/1916 1177/1470/1915 1184/1462/1922 1185/1463/1923
s 66
usemtl blinn5SG
f 1186/1471/1924 1187/1472/1925 1189/1473/1926 1188/1474/1927
f 1187/1472/1925 1186/1475/1924 1190/1476/1928 1191/1471/1929
f 1188/1473/1927 1189/1477/1926 1193/1478/1930 1192/1474/1931
f 1189/1479/1926 1187/1480/1925 1194/1472/1932 1195/1473/1933
s 67
usemtl pasted__blinn11SG1
f 1196/1481/1934 1197/1482/1935 1199/1483/1936 1198/1484/1937
f 1197/1482/1935 1196/1485/1934 1200/1486/1938 1201/1481/1939
f 1198/1483/1937 1199/1487/1936 1203/1488/1940 1202/1484/1941
f 1199/1489/1936 1197/1490/1935 1204/1482/1942 1205/1483/1943
s 68
f 1206/1491/1944 1207/1492/1945 1209/1493/1946 1208/1494/1947
f 1207/1492/1945 1206/1495/1944 1210/1496/1948 1211/1491/1949
f 1208/1493/1947 1209/1497/1946 1213/1498/1950 1212/1494/1951
f 1209/1499/1946 1207/1500/1945 1214/1492/1952 1215/1493/1953
s 69
f 1216/1501/1954 1217/1502/1955 1219/1503/1956 1218/1504/1957
f 1217/1502/1955 1216/1505/1954 1220/1506/1958 1221/1501/1959
f 1218/1503/1957 1219/1507/1956 1223/1508/1960 1222/1504/1961
f 1219/1509/1956 1217/1510/1955 1224/1502/1962 1225/1503/1963
s 70
f 1226/1511/1964 1227/1512/1965 1229/1513/1966 1228/1514/1967
f 1227/1512/1965 1226/1515/1964 1230/1516/1968 1231/1511/1969
f 1228/1513/1967 1229/1517/1966 1233/1518/1970 1232/1514/1971
f 1229/1519/1966 1227/1520/1965 1234/1512/1972 1235/1513/1973
s 71
usemtl pasted__blinn8SG
f 1236/1521/1974 1237/1522/1975 1239/1523/1976 1238/1524/1977
f 1237/1522/1975 1236/1525/1974 1240/1526/1978 1241/1521/1979
f 1238/1523/1977 1239/1527/1976 1243/1528/1980 1242/1524/1981
f 1239/1529/1976 1237/1530/1975 1244/1522/1982 1245/1523/1983
s 72
f 1246/1531/1984 1247/1532/1985 1249/1533/1986 1248/1534/1987
f 1247/1532/1985 1246/1535/1984 1250/1536/1988 1251/1531/1989
f 1248/1533/1987 1249/1537/1986 1253/1538/1990 1252/1534/1991
f 1249/1539/1986 1247/1540/1985 1254/1532/1992 1255/1533/1993
s 73
f 1256/1541/1994 1257/1542/1995 1259/1543/1996 1258/1544/1997
f 1257/1542/1995 1256/1545/1994 1260/1546/1998 1261/1541/1999
f 1258/1543/1997 1259/1547/1996 1263/1548/2000 1262/1544/2001
f 1259/1549/1996 1257/1550/1995 1264/1542/2002 1265/1543/2003
s 74
f 1266/1551/2004 1267/1552/2005 1269/1553/2006 1268/1554/2007
f 1267/1552/2005 1266/1555/2004 1270/1556/2008 1271/1551/2009
f 1268/1553/2007 1269/1557/2006 1273/1558/2010 1272/1554/2011
f 1269/1559/2006 1267/1560/2005 1274/1552/2012 1275/1553/2013
s 75
usemtl blinn25SG
f 1276/1561/2014 1277/1562/2015 1279/1563/2016 1278/1564/2017
f 1277/1562/2015 1276/1565/2014 1280/1566/2018 1281/1561/2019
f 1278/1563/2017 1279/1567/2016 1283/1568/2020 1282/1564/2021
f 1279/1569/2016 1277/1570/2015 1284/1562/2022 1285/1563/2023
s 76
f 1286/1571/2024 1287/1572/2025 1289/1573/2026 1288/1574/2027
f 1287/1572/2025 1286/1575/2024 1290/1576/2028 1291/1571/2029
f 1288/1573/2027 1289/1577/2026 1293/1578/2030 1292/1574/2031
f 1289/1579/2026 1287/1580/2025 1294/1572/2032 1295/1573/2033
s 77
usemtl pasted__blinn7SG
f 1296/1581/2034 1297/1582/2035 1299/1583/2036 1298/1584/2037
f 1297/1582/2035 1296/1585/2034 1300/1586/2038 1301/1581/2039
f 1298/1583/2037 1299/1587/2036 1303/1588/2040 1302/1584/2041
f 1299/1589/2036 1297/1590/2035 1304/1582/2042 1305/1583/2043
s 78
f 1306/1591/2044 1307/1592/2045 1309/1593/2046 1308/1594/2047
f 1307/1592/2045 1306/1595/2044 1310/1596/2048 1311/1591/2049
f 1308/1593/2047 1309/1597/2046 1313/1598/2050 1312/1594/2051
f 1309/1599/2046 1307/1600/2045 1314/1592/2052 1315/1593/2053
s 79
f 1316/1601/2054 1317/1602/2055 1319/1603/2056 1318/1604/2057
f 1317/1602/2055 1316/1605/2054 1320/1606/2058 1321/1601/2059
f 1318/1603/2057 1319/1607/2056 1323/1608/2060 1322/1604/2061
f 1319/1609/2056 1317/1610/2055 1324/1602/2062 1325/1603/2063
s 80
f 1326/1611/2064 1327/1612/2065 1329/1613/2066 1328/1614/2067
f 1327/1612/2065 1326/1615/2064 1330/1616/2068 1331/1611/2069
f 1328/1613/2067 1329/1617/2066 1333/1618/2070 1332/1614/2071
f 1329/1619/2066 1327/1620/2065 1334/1612/2072 1335/1613/2073
s 81
usemtl pasted__blinn23SG
f 1336/1621/2074 1337/1622/2075 1339/1623/2076 1338/1624/2077
f 1337/1622/2075 1336/1625/2074 1340/1626/2078 1341/1621/2079
f 1338/1623/2077 1339/1627/2076 1343/1628/2080 1342/1624/2081
f 1339/1629/2076 1337/1630/2075 1344/1622/2082 1345/1623/2083
s 82
f 1346/1631/2084 1347/1632/2085 1349/1633/2086 1348/1634/2087
f 1347/1632/2085 1346/1635/2084 1350/1636/2088 1351/1631/2089
f 1348/1633/2087 1349/1637/2086 1353/1638/2090 1352/1634/2091
f 1349/1639/2086 1347/1640/2085 1354/1632/2092 1355/1633/2093
s 83
f 1356/1641/2094 1357/1642/2095 1359/1643/2096 1358/1644/2097
f 1357/1642/2095 1356/1645/2094 1360/1646/2098 1361/1641/2099
f 1358/1643/2097 1359/1647/2096 1363/1648/2100 1362/1644/2101
f 1359/1649/2096 1357/1650/2095 1364/1642/2102 1365/1643/2103
s 84
f 1366/1651/2104 1367/1652/2105 1369/1653/2106 1368/1654/2107
f 1367/1652/2105 1366/1655/2104 1370/1656/2108 1371/1651/2109
f 1368/1653/2107 1369/1657/2106 1373/1658/2110 1372/1654/2111
f 1369/1659/2106 1367/1660/2105 1374/1652/2112 1375/1653/2113
s 85
usemtl blinn8SG
f 1376/1661/2114 1377/1662/2115 1379/1663/2116 1378/1664/2117
f 1377/1662/2115 1376/1665/2114 1380/1666/2118 1381/1661/2119
f 1378/1663/2117 1379/1667/2116 1383/1668/2120 1382/1664/2121
f 1379/1669/2116 1377/1670/2115 1384/1662/2122 1385/1663/2123
s 86
f 1386/1671/2124 1387/1672/2125 1389/1673/2126 1388/1674/2127
f 1387/1672/2125 1386/1675/2124 1390/1676/2128 1391/1671/2129
f 1388/1673/2127 1389/1677/2126 1393/1678/2130 1392/1674/2131
f 1389/1679/2126 1387/1680/2125 1394/1672/2132 1395/1673/2133
s 87
f 1396/1681/2134 1397/1682/2135 1399/1683/2136 1398/1684/2137
f 1397/1682/2135 1396/1685/2134 1400/1686/2138 1401/1681/2139
f 1398/1683/2137 1399/1687/2136 1403/1688/2140 1402/1684/2141
f 1399/1689/2136 1397/1690/2135 1404/1682/2142 1405/1683/2143
s 88
f 1406/1691/2144 1407/1692/2145 1409/1693/2146 1408/1694/2147
f 1407/1692/2145 1406/1695/2144 1410/1696/2148 1411/1691/2149
f 1408/1693/2147 1409/1697/2146 1413/1698/2150 1412/1694/2151
f 1409/1699/2146 1407/1700/2145 1414/1692/2152 1415/1693/2153
s 89
usemtl blinn1SG
f 1416/1701/2154 1417/1702/2155 1419/1703/2156 1418/1704/2157
f 1417/1702/2155 1416/1705/2154 1420/1706/2158 1421/1701/2159
f 1418/1703/2157 1419/1707/2156 1423/1708/2160 1422/1704/2161
f 1419/1709/2156 1417/1710/2155 1424/1702/2162 1425/1703/2163
s 90
f 1426/1711/2164 1427/1712/2165 1429/1713/2166 1428/1714/2167
f 1427/1712/2165 1426/1715/2164 1430/1716/2168 1431/1711/2169
f 1428/1713/2167 1429/1717/2166 1433/1718/2170 1432/1714/2171
f 1429/1719/2166 1427/1720/2165 1434/1712/2172 1435/1713/2173
s 91
f 1436/1721/2174 1437/1722/2175 1439/1723/2176 1438/1724/2177
f 1437/1722/2175 1436/1725/2174 1440/1726/2178 1441/1721/2179
f 1438/1723/2177 1439/1727/2176 1443/1728/2180 1442/1724/2181
f 1439/1729/2176 1437/1730/2175 1444/1722/2182 1445/1723/2183
s 92
f 1446/1731/2184 1447/1732/2185 1449/1733/2186 1448/1734/2187
f 1447/1732/2185 1446/1735/2184 1450/1736/2188 1451/1731/2189
f 1448/1733/2187 1449/1737/2186 1453/1738/2190 1452/1734/2191
f 1449/1739/2186 1447/1740/2185 1454/1732/2192 1455/1733/2193
s 93
usemtl blinn10SG
f 1456/1741/2194 1457/1742/2195 1459/1743/2196 1458/1744/2197
f 1457/1742/2195 1456/1745/2194 1460/1746/2198 1461/1741/2199
f 1458/1743/2197 1459/1747/2196 1463/1748/2200 1462/1744/2201
f 1459/1749/2196 1457/1750/2195 1464/1742/2202 1465/1743/2203
s 94
usemtl pasted__pasted__blinn25SG
f 1466/1751/2204 1467/1752/2205 1469/1753/2206 1468/1754/2207
f 1467/1752/2205 1466/1755/2204 1470/1756/2208 1471/1751/2209
f 1468/1753/2207 1469/1757/2206 1473/1758/2210 1472/1754/2211
f 1469/1759/2206 1467/1760/2205 1474/1752/2212 1475/1753/2213
s 95
f 1476/1761/2214 1477/1762/2215 1479/1763/2216 1478/1764/2217
f 1477/1762/2215 1476/1765/2214 1480/1766/2218 1481/1761/2219
f 1478/1763/2217 1479/1767/2216 1483/1768/2220 1482/1764/2221
f 1479/1769/2216 1477/1770/2215 1484/1762/2222 1485/1763/2223
s 96
usemtl blinn27SG
f 1486/1771/2224 1487/1772/2225 1489/1773/2226 1488/1774/2227
f 1487/1772/2225 1486/1775/2224 1490/1776/2228 1491/1771/2229
f 1488/1773/2227 1489/1777/2226 1493/1778/2230 1492/1774/2231
f 1489/1779/2226 1487/1780/2225 1494/1772/2232 1495/1773/2233
g default
v 3.777162 0.994023 0.063873
v 4.151580 0.886902 -0.034380
v 3.777155 0.857349 -0.033132
v 4.141910 0.860433 -0.042833
v 3.892156 1.067511 0.052079
v 4.056566 1.025437 0.016174
v 3.866251 0.829265 -0.148134
v 4.010834 0.818684 -0.126148
v 4.250061 0.882959 -0.044309
v 4.244761 0.868579 -0.053664
v 3.777162 0.994023 0.063873
v 4.151580 0.886902 -0.034380
v 3.777155 0.857349 -0.033132
v 4.141910 0.860433 -0.042833
v 3.892156 1.067511 0.052079
v 4.056566 1.025437 0.016174
v 3.866251 0.829265 -0.148134
v 4.010834 0.818684 -0.126148
v 4.250061 0.882959 -0.044309
v 4.244761 0.868579 -0.053664
v 4.063847 0.703249 -0.473961
v 4.200092 0.835287 -0.119953
v 4.227051 0.669621 -0.455955
v 4.224178 0.818653 -0.122891
v 4.021403 0.805281 -0.393022
v 4.072524 0.862185 -0.237332
v 4.329752 0.755890 -0.393007
v 4.317109 0.790918 -0.251188
v 4.207952 0.876772 -0.030344
v 4.224605 0.870661 -0.033129
v 4.480697 1.095200 0.308501
v 4.260660 0.915708 0.024450
v 4.316958 1.109170 0.341425
v 4.237163 0.916255 0.042146
v 4.506357 1.070619 0.176211
v 4.417908 0.988602 0.051550
v 4.207715 1.131813 0.243927
v 4.182436 1.031751 0.139774
v 4.231047 0.866953 -0.056534
v 4.215438 0.870729 -0.048504
v 4.086906 1.407221 -0.049452
v 4.247498 1.068234 0.094131
v 4.248496 1.394431 -0.092053
v 4.270389 1.071219 0.075890
v 4.054510 1.330826 0.059532
v 4.116294 1.181283 0.122064
v 4.359028 1.341427 -0.008833
v 4.355275 1.201575 0.035059
v 4.262080 0.981742 0.140162
v 4.278187 0.984883 0.132878
v 4.086906 1.407221 -0.049452
v 4.247498 1.068234 0.094131
v 4.248496 1.394431 -0.092053
v 4.270389 1.071219 0.075890
v 4.054510 1.330826 0.059532
v 4.116294 1.181283 0.122064
v 4.359028 1.341427 -0.008833
v 4.355275 1.201575 0.035059
v 4.262080 0.981742 0.140162
v 4.278187 0.984883 0.132878
v 4.699216 1.225849 0.170054
v 4.348450 1.035097 0.126552
v 4.714000 1.063289 0.208076
v 4.362357 1.009175 0.127034
v 4.570106 1.270827 0.178462
v 4.416185 1.194463 0.154638
v 4.615287 0.978705 0.279167
v 4.483094 0.956975 0.219570
v 4.253346 1.013229 0.109525
v 4.260123 0.997238 0.114080
v 3.865555 0.731890 0.195441
v 4.188729 0.961153 0.129752
v 3.823942 0.872926 0.115022
v 4.173677 0.976902 0.109979
v 3.984351 0.742264 0.262844
v 4.128607 0.834578 0.235295
v 3.879869 1.008338 0.137120
v 4.022596 1.031943 0.113219
v 4.280818 0.997568 0.127294
v 4.271527 1.010260 0.118636
v 3.765379 0.909346 0.228389
v 4.150981 0.881796 0.119444
v 3.780950 0.909890 0.061514
v 4.142860 0.874707 0.092070
v 3.880440 0.946802 0.292584
v 4.048628 0.931670 0.252902
v 3.886767 0.976172 -0.018246
v 4.026322 0.934524 -0.001239
v 4.249841 0.875495 0.119650
v 4.246113 0.875513 0.102086
v 3.765379 0.909346 0.228389
v 4.150981 0.881796 0.119444
v 3.780950 0.909890 0.061514
v 4.142860 0.874707 0.092070
v 3.880440 0.946802 0.292584
v 4.048628 0.931670 0.252902
v 3.886767 0.976172 -0.018246
v 4.026322 0.934524 -0.001239
v 4.249841 0.875495 0.119650
v 4.246113 0.875513 0.102086
v 4.132630 1.144145 -0.287365
v 4.212304 0.915738 0.033260
v 4.291314 1.090260 -0.289802
v 4.236645 0.905651 0.020168
v 4.077752 1.142042 -0.161877
v 4.104103 1.042006 -0.022633
v 4.382704 1.075904 -0.174069
v 4.348287 0.982446 -0.066457
v 4.206121 0.865803 0.118588
v 4.223033 0.862523 0.113532
v 4.422561 0.682320 0.514067
v 4.249604 0.837142 0.186296
v 4.255640 0.683718 0.529070
v 4.223669 0.825987 0.194574
v 4.468324 0.772422 0.421599
v 4.400459 0.837516 0.275834
v 4.162521 0.789174 0.482591
v 4.154023 0.819554 0.339398
v 4.233008 0.878597 0.097873
v 4.216332 0.876159 0.104069
v 4.447774 0.662911 0.680887
v 4.275670 1.146304 0.219423
v 4.161717 0.687639 0.658856
v 4.228435 1.128361 0.217954
v 4.561923 0.855043 0.607079
v 4.500358 1.062314 0.401944
v 4.027857 0.902025 0.628408
v 4.062931 1.041176 0.421342
v 4.279867 1.270476 0.103098
v 4.249556 1.265922 0.106588
v 4.127034 1.769464 0.534439
v 4.294935 1.651629 0.189125
v 4.010481 1.719741 0.424744
v 4.269859 1.638366 0.181326
v 4.244797 1.805168 0.474270
v 4.324352 1.753072 0.329192
v 4.009680 1.742916 0.278406
v 4.117114 1.686493 0.196102
v 4.359208 1.630198 0.116860
v 4.343508 1.625771 0.109359
v 4.127034 1.769464 0.534439
v 4.294935 1.651629 0.189125
v 4.010481 1.719741 0.424744
v 4.269859 1.638366 0.181326
v 4.244797 1.805168 0.474270
v 4.324352 1.753072 0.329192
v 4.009680 1.742916 0.278406
v 4.117114 1.686493 0.196102
v 4.359208 1.630198 0.116860
v 4.343508 1.625771 0.109359
v 3.942592 1.785966 -0.114956
v 4.264736 1.649391 0.082245
v 4.049053 1.709403 -0.219331
v 4.271651 1.632283 0.059331
v 4.002788 1.828540 0.000487
v 4.137508 1.769728 0.092585
v 4.197082 1.714617 -0.215821
v 4.268086 1.662513 -0.098590
v 4.331584 1.627604 0.152025
v 4.338994 1.620398 0.137343
v 4.792556 1.533433 0.276736
v 4.414284 1.613073 0.167713
v 4.696801 1.565283 0.410551
v 4.405314 1.608976 0.195432
v 4.740715 1.584919 0.160870
v 4.578753 1.615363 0.106722
v 4.588932 1.666276 0.421372
v 4.471233 1.655316 0.334618
v 4.331540 1.629538 0.115804
v 4.325850 1.631629 0.132705
v 4.127034 1.769464 0.534439
v 4.294935 1.651629 0.189125
v 4.010481 1.719741 0.424744
v 4.269859 1.638366 0.181326
v 4.244797 1.805168 0.474270
v 4.324352 1.753072 0.329192
v 4.009680 1.742916 0.278406
v 4.117114 1.686493 0.196102
v 4.359208 1.630198 0.116860
v 4.343508 1.625771 0.109359
v 4.127034 1.769464 0.534439
v 4.294935 1.651629 0.189125
v 4.010481 1.719741 0.424744
v 4.269859 1.638366 0.181326
v 4.244797 1.805168 0.474270
v 4.324352 1.753072 0.329192
v 4.009680 1.742916 0.278406
v 4.117114 1.686493 0.196102
v 4.359208 1.630198 0.116860
v 4.343508 1.625771 0.109359
v 3.942592 1.785966 -0.114956
v 4.264736 1.649391 0.082245
v 4.049053 1.709403 -0.219331
v 4.271651 1.632283 0.059331
v 4.002788 1.828540 0.000487
v 4.137508 1.769728 0.092585
v 4.197082 1.714617 -0.215821
v 4.268086 1.662513 -0.098590
v 4.331584 1.627604 0.152025
v 4.338994 1.620398 0.137343
v 4.792556 1.533433 0.276736
v 4.414284 1.613073 0.167713
v 4.696801 1.565283 0.410551
v 4.405314 1.608976 0.195432
v 4.740715 1.584919 0.160870
v 4.578753 1.615363 0.106722
v 4.588932 1.666276 0.421372
v 4.471233 1.655316 0.334618
v 4.331540 1.629538 0.115804
v 4.325850 1.631629 0.132705
v 3.810871 1.453840 0.074553
v 4.210652 1.480639 0.102390
v 3.857162 1.603641 0.133769
v 4.208627 1.509879 0.104945
v 3.906999 1.357826 0.091988
v 4.080256 1.363351 0.098485
v 3.967919 1.632288 0.227921
v 4.105612 1.600657 0.188688
v 4.307806 1.461408 0.100450
v 4.307445 1.478335 0.106427
v 4.297473 0.521867 -0.411828
v 4.260371 0.791394 -0.116366
v 4.427106 0.628092 -0.410648
v 4.288772 0.798541 -0.119166
v 4.186845 0.572385 -0.348800
v 4.165736 0.683599 -0.217360
v 4.423366 0.773495 -0.382425
v 4.378726 0.820035 -0.250741
v 4.227668 0.844585 -0.039467
v 4.243253 0.852653 -0.043258
v 4.363989 0.294500 -0.026622
v 4.293819 0.294500 -0.055687
v 4.223649 0.294500 -0.026622
v 4.194585 0.294500 0.043547
v 4.223649 0.294500 0.113717
v 4.293819 0.294500 0.142782
v 4.363989 0.294500 0.113717
v 4.393054 0.294500 0.043547
v 4.423793 1.794974 0.008576
v 4.388822 1.794974 -0.005909
v 4.353851 1.794974 0.008576
v 4.339366 1.794974 0.043547
v 4.353851 1.794974 0.078518
v 4.388822 1.794974 0.093004
v 4.423793 1.794974 0.078518
v 4.438278 1.794974 0.043547
v 4.293819 0.294500 0.043547
v 4.465796 1.405219 -0.026622
v 4.388822 1.451663 -0.055687
v 4.318652 1.520178 -0.026622
v 4.289588 1.570627 0.043547
v 4.318652 1.573459 0.113717
v 4.388822 1.527015 0.142782
v 4.458992 1.458500 0.113717
v 4.494861 1.408050 0.043547
v 4.249908 0.915231 -0.026622
v 4.179738 0.863424 -0.055687
v 4.109569 0.832819 -0.026622
v 4.065840 0.841345 0.043547
v 4.094906 0.884007 0.113717
v 4.179738 0.935815 0.142782
v 4.263795 0.966420 0.113717
v 4.292859 0.957894 0.043547
v 4.346516 0.294500 -0.033860
v 4.232435 0.902331 -0.033860
v 4.441520 1.416783 -0.033860
v 4.415084 1.794974 0.004969
v 4.322330 1.264592 -0.055687
v 4.375026 1.253178 -0.033860
v 4.399303 1.249393 -0.026622
v 4.428367 1.264892 0.043547
v 4.392498 1.302009 0.113717
v 4.322330 1.339002 0.142782
v 4.244945 1.354200 0.113717
v 4.215880 1.338701 0.043547
v 4.252160 1.301584 -0.026622
v 4.318666 1.114502 -0.033860
v 4.336138 1.117312 -0.026622
v 4.365204 1.143548 0.043547
v 4.336138 1.169364 0.113717
v 4.265968 1.179638 0.142782
v 4.173920 1.168351 0.113717
v 4.144856 1.142116 0.043547
v 4.195800 1.116300 -0.026622
v 4.265968 1.106026 -0.055687
v 3.847803 1.246327 0.105051
v 3.839720 1.239027 0.085529
v 3.867565 1.298032 0.105051
v 3.859481 1.293718 0.085529
v 4.610561 1.355797 0.044443
v 4.625184 1.363595 0.079746
v 4.644015 1.434195 0.044443
v 4.658637 1.435620 0.079746
v 2.733347 1.343369 0.271926
v 3.937102 1.257879 -0.039441
v 2.793166 1.345058 -0.244686
v 3.913791 1.235882 -0.124922
v 3.085869 1.459594 0.479015
v 3.610364 1.412640 0.367516
v 3.126944 1.550731 -0.484819
v 3.558703 1.421496 -0.422430
v 4.243766 1.238329 -0.031981
v 4.233417 1.238384 -0.086726
v 4.435904 1.343369 1.467949
v 4.219840 1.257879 0.243494
v 3.925568 1.345058 1.367824
v 4.132794 1.235882 0.260033
v 4.669984 1.459594 1.132743
v 4.599935 1.412640 0.601123
v 3.712334 1.550731 1.016252
v 3.808370 1.421496 0.590711
v 4.251311 1.238329 -0.061642
v 4.195925 1.238384 -0.055615
v 5.768673 1.343369 0.131991
v 4.528828 1.257879 0.038429
v 5.545414 1.345058 0.601694
v 4.523320 1.235882 0.126860
v 5.501795 1.459594 -0.177739
v 4.969370 1.412640 -0.241382
v 5.152018 1.550731 0.721327
v 4.763462 1.421496 0.523004
v 4.240962 1.238329 -0.067551
v 4.233100 1.238384 -0.012394
v 4.443536 1.650957 -1.443028
v 4.314652 1.273781 -0.262177
v 4.902310 1.514934 -1.239326
v 4.397772 1.236116 -0.264766
v 4.154210 1.748171 -1.147218
v 4.073974 1.580519 -0.642057
v 5.049071 1.591027 -0.810322
v 4.824412 1.404587 -0.461355
v 4.201832 1.201103 0.014356
v 4.256004 1.189614 0.020478
v 3.875479 1.473853 0.063873
v 4.249897 1.366732 -0.034380
v 3.875472 1.337179 -0.033132
v 4.240227 1.340263 -0.042833
v 3.990473 1.547341 0.052079
v 4.154883 1.505266 0.016174
v 3.964567 1.309094 -0.148134
v 4.109151 1.298514 -0.126148
v 4.348377 1.362788 -0.044309
v 4.343078 1.348408 -0.053664
v 3.875479 1.473853 0.063873
v 4.249897 1.366732 -0.034380
v 3.875472 1.337179 -0.033132
v 4.240227 1.340263 -0.042833
v 3.990473 1.547341 0.052079
v 4.154883 1.505266 0.016174
v 3.964567 1.309094 -0.148134
v 4.109151 1.298514 -0.126148
v 4.348377 1.362788 -0.044309
v 4.343078 1.348408 -0.053664
v 4.162164 1.183078 -0.473961
v 4.298409 1.315117 -0.119953
v 4.325367 1.149451 -0.455955
v 4.322495 1.298482 -0.122891
v 4.119720 1.285111 -0.393022
v 4.170841 1.342015 -0.237332
v 4.428069 1.235719 -0.393007
v 4.415426 1.270747 -0.251188
v 4.306268 1.356601 -0.030344
v 4.322922 1.350490 -0.033129
v 4.579015 1.575029 0.308501
v 4.358976 1.395538 0.024450
v 4.415275 1.588999 0.341425
v 4.335480 1.396085 0.042146
v 4.604675 1.550449 0.176211
v 4.516226 1.468431 0.051550
v 4.306032 1.611643 0.243927
v 4.280753 1.511580 0.139774
v 4.329364 1.346783 -0.056534
v 4.313754 1.350558 -0.048504
v 4.185223 1.887051 -0.049452
v 4.345815 1.548064 0.094131
v 4.346813 1.874260 -0.092053
v 4.368706 1.551048 0.075890
v 4.152827 1.810655 0.059532
v 4.214611 1.661113 0.122064
v 4.457345 1.821256 -0.008833
v 4.453592 1.681404 0.035059
v 4.360397 1.461571 0.140162
v 4.376504 1.464713 0.132878
v 4.185223 1.887051 -0.049452
v 4.345815 1.548064 0.094131
v 4.346813 1.874260 -0.092053
v 4.368706 1.551048 0.075890
v 4.152827 1.810655 0.059532
v 4.214611 1.661113 0.122064
v 4.457345 1.821256 -0.008833
v 4.453592 1.681404 0.035059
v 4.360397 1.461571 0.140162
v 4.376504 1.464713 0.132878
v 4.797534 1.705678 0.170054
v 4.446766 1.514926 0.126552
v 4.812318 1.543118 0.208076
v 4.460674 1.489004 0.127034
v 4.668424 1.750656 0.178462
v 4.514503 1.674293 0.154638
v 4.713605 1.458534 0.279167
v 4.581412 1.436804 0.219570
v 4.351663 1.493058 0.109525
v 4.358440 1.477067 0.114080
v 3.963872 1.211719 0.195441
v 4.287046 1.440982 0.129752
v 3.922259 1.352755 0.115022
v 4.271994 1.456732 0.109979
v 4.082667 1.222093 0.262844
v 4.226923 1.314408 0.235295
v 3.978185 1.488167 0.137120
v 4.120913 1.511773 0.113219
v 4.379135 1.477397 0.127294
v 4.369844 1.490089 0.118636
v 3.863696 1.389175 0.228389
v 4.249298 1.361625 0.119444
v 3.879266 1.389720 0.061514
v 4.241177 1.354536 0.092070
v 3.978757 1.426631 0.292584
v 4.146945 1.411499 0.252902
v 3.985084 1.456001 -0.018246
v 4.124639 1.414353 -0.001239
v 4.348157 1.355324 0.119650
v 4.344429 1.355342 0.102086
v 3.863696 1.389175 0.228389
v 4.249298 1.361625 0.119444
v 3.879266 1.389720 0.061514
v 4.241177 1.354536 0.092070
v 3.978757 1.426631 0.292584
v 4.146945 1.411499 0.252902
v 3.985084 1.456001 -0.018246
v 4.124639 1.414353 -0.001239
v 4.348157 1.355324 0.119650
v 4.344429 1.355342 0.102086
v 4.230947 1.623974 -0.287365
v 4.310620 1.395567 0.033260
v 4.389631 1.570089 -0.289802
v 4.334961 1.385480 0.020168
v 4.176069 1.621872 -0.161877
v 4.202419 1.521835 -0.022633
v 4.481020 1.555734 -0.174069
v 4.446604 1.462275 -0.066457
v 4.304438 1.345633 0.118588
v 4.321350 1.342352 0.113532
v 4.520879 1.162149 0.514067
v 4.347921 1.316971 0.186296
v 4.353957 1.163547 0.529070
v 4.321986 1.305817 0.194574
v 4.566642 1.252251 0.421599
v 4.498777 1.317346 0.275834
v 4.260838 1.269004 0.482591
v 4.252340 1.299383 0.339398
v 4.331325 1.358426 0.097873
v 4.314649 1.355988 0.104069
v 3.674964 0.326876 0.493004
v 4.087016 0.651521 0.044611
v 3.521810 0.486963 0.309041
v 4.047332 0.661154 0.014819
v 3.898977 0.396950 0.510321
v 4.086889 0.527514 0.319339
v 3.582778 0.716527 0.217441
v 3.790882 0.742521 0.077847
v 4.222057 0.710662 -0.040443
v 4.198619 0.723795 -0.055605
v 3.140419 0.607545 0.601563
v 3.957412 0.716870 0.129237
v 3.074197 0.711768 0.224859
v 3.923054 0.714671 0.068762
v 3.437583 0.686835 0.703449
v 3.799080 0.722806 0.512736
v 3.259038 0.939103 0.032583
v 3.592958 0.873300 -0.034109
v 4.183916 0.729999 0.070752
v 4.164706 0.739383 0.034057
v 4.639266 0.542363 1.115994
v 4.224254 0.690156 0.274304
v 4.244878 0.514445 1.144899
v 4.165009 0.662733 0.298399
v 4.734512 0.712704 0.857374
v 4.572079 0.771901 0.485275
v 4.006185 0.711306 0.980318
v 3.990935 0.705864 0.633880
v 4.183123 0.736299 0.048303
v 4.143918 0.729992 0.063362
v 5.329289 0.919544 -0.088465
v 4.406488 0.757877 0.069092
v 5.265934 0.811255 0.287585
v 4.422134 0.724579 0.128159
v 5.063788 1.037945 -0.231518
v 4.662921 0.965439 -0.182575
v 4.995776 0.902362 0.491374
v 4.674646 0.808498 0.400011
v 4.174301 0.736439 0.046139
v 4.180283 0.725345 0.086694
v 4.013655 1.316997 -0.880796
v 4.185380 0.806023 -0.098534
v 4.397643 1.222133 -0.854201
v 4.247060 0.786740 -0.124346
v 3.861283 1.305242 -0.595108
v 3.916646 1.079674 -0.256877
v 4.593181 1.210840 -0.563593
v 4.510495 0.987353 -0.311604
v 4.164580 0.690051 0.103988
v 4.205927 0.685577 0.095392
v 3.810871 1.453840 0.074553
v 4.210652 1.480639 0.102390
v 3.857162 1.603641 0.133769
v 4.208627 1.509879 0.104945
v 3.906999 1.357826 0.091988
v 4.080256 1.363351 0.098485
v 3.967919 1.632288 0.227921
v 4.105612 1.600657 0.188688
v 4.307806 1.461408 0.100450
v 4.307445 1.478335 0.106427
v 3.482581 1.307991 0.205447
v 3.870512 1.280440 0.105103
v 3.501858 1.308535 0.038959
v 3.863000 1.273351 0.077555
v 3.596187 1.345446 0.272185
v 3.765215 1.330315 0.236252
v 3.609425 1.374817 -0.038428
v 3.748567 1.333168 -0.018322
v 3.969340 1.274140 0.107507
v 3.966005 1.274157 0.089865
v 4.000913 1.126765 0.554577
v 3.915190 1.263802 0.186894
v 3.835249 1.135314 0.530652
v 3.887509 1.254224 0.189654
v 4.071096 1.208258 0.469744
v 4.041579 1.265126 0.308544
v 3.760721 1.240472 0.457578
v 3.786557 1.260763 0.314679
v 3.921285 1.299366 0.094641
v 3.903535 1.297989 0.096972
v 4.297473 0.521867 -0.411828
v 4.260371 0.791394 -0.116366
v 4.427106 0.628092 -0.410648
v 4.288772 0.798541 -0.119166
v 4.186845 0.572385 -0.348800
v 4.165736 0.683599 -0.217360
v 4.423366 0.773495 -0.382425
v 4.378726 0.820035 -0.250741
v 4.227668 0.844585 -0.039467
v 4.243253 0.852653 -0.043258
v 4.000913 1.126765 0.554577
v 3.915190 1.263802 0.186894
v 3.835249 1.135314 0.530652
v 3.887509 1.254224 0.189654
v 4.071096 1.208258 0.469744
v 4.041579 1.265126 0.308544
v 3.760721 1.240472 0.457578
v 3.786557 1.260763 0.314679
v 3.921285 1.299366 0.094641
v 3.903535 1.297989 0.096972
v 4.333821 0.369083 0.554577
v 4.248098 0.506120 0.186894
v 4.168156 0.377631 0.530652
v 4.220417 0.496541 0.189654
v 4.404004 0.450575 0.469744
v 4.374487 0.507443 0.308544
v 4.093629 0.482790 0.457578
v 4.119464 0.503080 0.314679
v 4.254193 0.541683 0.094641
v 4.236443 0.540306 0.096972
v 4.050671 2.238775 0.339882
v 4.307394 1.858869 0.081263
v 3.979130 2.221611 0.138001
v 4.280012 1.859392 0.054959
v 4.217103 2.168335 0.357892
v 4.330355 2.000001 0.255545
v 4.089000 2.182548 -0.021205
v 4.182982 2.017803 -0.035803
v 4.388317 1.762730 0.047691
v 4.376066 1.765800 0.028431
v 5.025203 1.966202 -0.036896
v 4.507781 1.841677 0.057794
v 4.974582 1.962100 0.176299
v 4.515169 1.834421 0.094148
v 4.877276 1.987313 -0.133937
v 4.653758 1.929129 -0.102690
v 4.805825 2.020651 0.265469
v 4.636371 1.936057 0.227468
v 4.380024 1.810915 0.045797
v 4.381724 1.811672 0.068879
v 4.235321 2.233395 -0.373422
v 4.373423 1.861169 -0.045831
v 4.458951 2.215238 -0.367838
v 4.410147 1.861104 -0.061294
v 4.147820 2.167124 -0.229175
v 4.197470 2.002130 -0.088651
v 4.565459 2.179611 -0.214365
v 4.538982 2.017365 -0.121109
v 4.371092 1.767249 0.040420
v 4.394732 1.770085 0.035984
v 4.508935 1.841793 0.656824
v 4.407917 1.806487 0.151914
v 4.287600 1.842491 0.627071
v 4.370374 1.797402 0.160840
v 4.608102 1.889793 0.511736
v 4.574520 1.870402 0.291963
v 4.193203 1.927432 0.485638
v 4.232107 1.874059 0.306158
v 4.419643 1.798412 0.024092
v 4.395725 1.798435 0.027899
v 4.492532 0.599406 0.204558
v 4.267143 0.928747 0.159245
v 4.357913 0.594384 0.304271
v 4.244691 0.915379 0.172765
v 4.525033 0.726637 0.165583
v 4.431152 0.869993 0.138647
v 4.296911 0.707514 0.377980
v 4.242241 0.821036 0.302992
v 4.231659 1.016758 0.130831
v 4.219221 1.011306 0.142575
v 4.492532 0.599406 0.204558
v 4.267143 0.928747 0.159245
v 4.357913 0.594384 0.304271
v 4.244691 0.915379 0.172765
v 4.525033 0.726637 0.165583
v 4.431152 0.869993 0.138647
v 4.296911 0.707514 0.377980
v 4.242241 0.821036 0.302992
v 4.231659 1.016758 0.130831
v 4.219221 1.011306 0.142575
v 4.097478 0.965988 0.611445
v 4.198303 0.987913 0.223280
v 4.014869 1.090004 0.534727
v 4.174758 1.004745 0.217998
v 4.211889 0.929623 0.545481
v 4.257916 0.931272 0.378241
v 4.067378 1.181552 0.430735
v 4.112158 1.126469 0.302439
v 4.239897 0.972895 0.134641
v 4.228683 0.986506 0.131271
v 4.378442 1.146037 -0.298653
v 4.262997 1.009481 0.060990
v 4.445339 0.995644 -0.267079
v 4.271913 0.982408 0.053699
v 4.339940 1.211969 -0.184926
v 4.283629 1.158065 -0.029962
v 4.496182 0.945845 -0.137127
v 4.403859 0.933117 -0.023928
v 4.221875 1.000021 0.150612
v 4.230829 0.984548 0.148934
v 4.958418 2.084145 -0.697568
v 4.563353 1.744145 -0.156181
v 5.081783 2.141755 -0.415069
v 4.604904 1.751642 -0.120859
v 4.712027 2.014521 -0.686077
v 4.535956 1.857952 -0.462843
v 4.944479 2.187096 -0.178539
v 4.783494 1.989750 -0.076517
v 4.436922 1.646296 -0.062407
v 4.457129 1.657059 -0.037823
v 3.680452 2.050818 0.129198
v 4.329899 1.710818 -0.036322
v 3.765379 2.108428 -0.167133
v 4.320383 1.718315 -0.090021
v 3.877675 1.981194 0.277342
v 4.155613 1.824625 0.217481
v 4.021917 2.153769 -0.261939
v 4.210996 1.956423 -0.237990
v 4.487095 1.612969 -0.028033
v 4.487182 1.623732 -0.059857
v 3.738425 1.021435 0.228389
v 4.124029 0.993884 0.119444
v 3.753996 1.021979 0.061514
v 4.115906 0.986795 0.092070
v 3.853487 1.058890 0.292584
v 4.021674 1.043758 0.252902
v 3.859814 1.088261 -0.018246
v 3.999369 1.046612 -0.001239
v 4.222886 0.987583 0.119650
v 4.219159 0.987601 0.102086
v 3.738425 1.021435 0.228389
v 4.124029 0.993884 0.119444
v 3.753996 1.021979 0.061514
v 4.115906 0.986795 0.092070
v 3.853487 1.058890 0.292584
v 4.021674 1.043758 0.252902
v 3.859814 1.088261 -0.018246
v 3.999369 1.046612 -0.001239
v 4.222886 0.987583 0.119650
v 4.219159 0.987601 0.102086
v 4.105677 1.256233 -0.287365
v 4.185351 1.027826 0.033260
v 4.264360 1.202348 -0.289802
v 4.209691 1.017739 0.020168
v 4.050800 1.254131 -0.161877
v 4.077150 1.154094 -0.022633
v 4.355751 1.187993 -0.174069
v 4.321334 1.094534 -0.066457
v 4.179167 0.977892 0.118588
v 4.196081 0.974611 0.113532
v 4.395608 0.794408 0.514067
v 4.222650 0.949231 0.186296
v 4.228685 0.795806 0.529070
v 4.196715 0.938076 0.194574
v 4.441373 0.884510 0.421599
v 4.373506 0.949605 0.275834
v 4.135567 0.901262 0.482591
v 4.127071 0.931643 0.339398
v 4.206055 0.990685 0.097873
v 4.189380 0.988248 0.104069
v 3.930635 1.312202 0.353993
v 4.244859 1.481532 0.120397
v 3.865965 1.423086 0.230665
v 4.224113 1.490649 0.098882
v 4.070440 1.337771 0.385086
v 4.211224 1.404205 0.286546
v 3.928455 1.559586 0.183480
v 4.069046 1.560087 0.116500
v 4.338812 1.507757 0.080976
v 4.326911 1.517695 0.069874
v 3.930635 1.312202 0.353993
v 4.244859 1.481532 0.120397
v 3.865965 1.423086 0.230665
v 4.224113 1.490649 0.098882
v 4.070440 1.337771 0.385086
v 4.211224 1.404205 0.286546
v 3.928455 1.559586 0.183480
v 4.069046 1.560087 0.116500
v 4.338812 1.507757 0.080976
v 4.326911 1.517695 0.069874
v 4.033746 1.940792 0.024382
v 4.262044 1.582363 0.061591
v 4.183240 1.949958 -0.071818
v 4.278919 1.590367 0.036539
v 4.041392 1.842379 0.131258
v 4.132706 1.683433 0.149752
v 4.325110 1.894386 -0.032467
v 4.343670 1.741385 -0.010139
v 4.296799 1.486887 0.088896
v 4.310450 1.492848 0.076988
v 4.690583 1.160086 0.162320
v 4.370319 1.435155 0.101131
v 4.539250 1.098778 0.233219
v 4.349637 1.412860 0.108314
v 4.690008 1.304452 0.144313
v 4.556174 1.426672 0.111229
v 4.428714 1.182191 0.307968
v 4.352470 1.294107 0.231064
v 4.312464 1.518646 0.073726
v 4.299582 1.507510 0.082312
v 4.492532 0.599406 0.204558
v 4.267143 0.928747 0.159245
v 4.357913 0.594384 0.304271
v 4.244691 0.915379 0.172765
v 4.525033 0.726637 0.165583
v 4.431152 0.869993 0.138647
v 4.296911 0.707514 0.377980
v 4.242241 0.821036 0.302992
v 4.231659 1.016758 0.130831
v 4.219221 1.011306 0.142575
v 4.492532 0.599406 0.204558
v 4.267143 0.928747 0.159245
v 4.357913 0.594384 0.304271
v 4.244691 0.915379 0.172765
v 4.525033 0.726637 0.165583
v 4.431152 0.869993 0.138647
v 4.296911 0.707514 0.377980
v 4.242241 0.821036 0.302992
v 4.231659 1.016758 0.130831
v 4.219221 1.011306 0.142575
v 4.097478 0.965988 0.611445
v 4.198303 0.987913 0.223280
v 4.014869 1.090004 0.534727
v 4.174758 1.004745 0.217998
v 4.211889 0.929623 0.545481
v 4.257916 0.931272 0.378241
v 4.067378 1.181552 0.430735
v 4.112158 1.126469 0.302439
v 4.239897 0.972895 0.134641
v 4.228683 0.986506 0.131271
v 4.378442 1.146037 -0.298653
v 4.262997 1.009481 0.060990
v 4.445339 0.995644 -0.267079
v 4.271913 0.982408 0.053699
v 4.339940 1.211969 -0.184926
v 4.283629 1.158065 -0.029962
v 4.496182 0.945845 -0.137127
v 4.403859 0.933117 -0.023928
v 4.221875 1.000021 0.150612
v 4.230829 0.984548 0.148934
v 5.073910 1.233883 -0.008428
v 4.702820 1.371864 0.059183
v 4.975296 1.113415 0.053643
v 4.692811 1.344274 0.061229
v 5.027905 1.359837 0.019539
v 4.869109 1.425463 0.043362
v 4.871289 1.127946 0.158161
v 4.756072 1.215154 0.133283
v 4.622502 1.429284 0.067209
v 4.616366 1.413417 0.072950
v 5.073910 1.233883 -0.008428
v 4.702820 1.371864 0.059183
v 4.975296 1.113415 0.053643
v 4.692811 1.344274 0.061229
v 5.027905 1.359837 0.019539
v 4.869109 1.425463 0.043362
v 4.871289 1.127946 0.158161
v 4.756072 1.215154 0.133283
v 4.622502 1.429284 0.067209
v 4.616366 1.413417 0.072950
v 4.590703 1.099441 0.443726
v 4.620415 1.348264 0.129842
v 4.446321 1.180298 0.417155
v 4.591098 1.350391 0.128608
v 4.698556 1.164098 0.389405
v 4.717735 1.267093 0.251149
v 4.429186 1.321475 0.375583
v 4.482284 1.365232 0.246102
v 4.653522 1.400524 0.052477
v 4.636437 1.405927 0.053626
v 4.627926 1.798015 -0.227277
v 4.644923 1.472961 0.008029
v 4.768536 1.711068 -0.254830
v 4.666206 1.461698 -0.008874
v 4.572598 1.772060 -0.104688
v 4.571774 1.632080 -0.002240
v 4.852100 1.641802 -0.153975
v 4.794400 1.531739 -0.076154
v 4.625565 1.403020 0.075453
v 4.641218 1.397449 0.068648
v 3.482581 1.307991 0.205447
v 3.870512 1.280440 0.105103
v 3.501858 1.308535 0.038959
v 3.863000 1.273351 0.077555
v 3.596187 1.345446 0.272185
v 3.765215 1.330315 0.236252
v 3.609425 1.374817 -0.038428
v 3.748567 1.333168 -0.018322
v 3.969340 1.274140 0.107507
v 3.966005 1.274157 0.089865
v 3.678271 1.779392 0.276900
v 4.269391 1.439391 -0.038935
v 3.689969 1.837001 -0.031140
v 4.247326 1.446889 -0.088808
v 3.905165 1.709767 0.373655
v 4.160765 1.553198 0.249147
v 3.916441 1.882343 -0.184469
v 4.105766 1.684997 -0.206369
v 4.424020 1.341543 -0.068429
v 4.416504 1.352305 -0.099354
v 5.188569 1.746065 0.087842
v 4.531739 1.406065 -0.045400
v 4.983275 1.803675 0.317793
v 4.516967 1.413562 0.007097
v 5.075350 1.676440 -0.131304
v 4.799023 1.519871 -0.198213
v 4.711031 1.849016 0.291662
v 4.551159 1.651670 0.187903
v 4.393775 1.308216 -0.121194
v 4.379861 1.318978 -0.092572
v 4.447774 0.662911 0.680887
v 4.275670 1.146304 0.219423
v 4.161717 0.687639 0.658856
v 4.228435 1.128361 0.217954
v 4.561923 0.855043 0.607079
v 4.500358 1.062314 0.401944
v 4.027857 0.902025 0.628408
v 4.062931 1.041176 0.421342
v 4.279867 1.270476 0.103098
v 4.249556 1.265922 0.106588
vt 0.000000 0.000000
vt 1.000000 0.000000
vt 0.000000 1.000000
vt 1.000000 1.000000
vt 0.000000 -0.074372
vt 1.000000 -0.074372
vt 0.000000 0.903981
vt 1.000000 0.903981
vt 3.875472 0.000000
vt 3.875472 1.000000
vt 0.000000 0.000000
vt 1.000000 0.000000
vt 1.000000 1.000000
vt 0.000000 1.000000
vt 1.000000 -0.074372
vt 0.000000 -0.074372
vt 1.000000 0.903981
vt 0.000000 0.903981
vt 3.875472 1.000000
vt 3.875472 0.000000
vt 0.000000 0.000000
vt 1.000000 0.000000
vt 1.000000 1.000000
vt 0.000000 1.000000
vt 1.000000 -0.074372
vt 0.000000 -0.074372
vt 1.000000 0.903981
vt 0.000000 0.903981
vt 3.875472 1.000000
vt 3.875472 0.000000
vt 0.000000 0.000000
vt 1.000000 0.000000
vt 1.000000 1.000000
vt 0.000000 1.000000
vt 1.000000 -0.074372
vt 0.000000 -0.074372
vt 1.000000 0.903981
vt 0.000000 0.903981
vt 3.875472 1.000000
vt 3.875472 0.000000
vt 0.000000 0.000000
vt 1.000000 0.000000
vt 1.000000 1.000000
vt 0.000000 1.000000
vt 1.000000 -0.074372
vt 0.000000 -0.074372
vt 1.000000 0.903981
vt 0.000000 0.903981
vt 3.875472 1.000000
vt 3.875472 0.000000
vt 0.000000 0.000000
vt 1.000000 0.000000
vt 1.000000 1.000000
vt 0.000000 1.000000
vt 1.000000 -0.074372
vt 0.000000 -0.074372
vt 1.000000 0.903981
vt 0.000000 0.903981
vt 3.875472 1.000000
vt 3.875472 0.000000
vt 0.000000 0.000000
vt 1.000000 0.000000
vt 1.000000 1.000000
vt 0.000000 1.000000
vt 1.000000 -0.074372
vt 0.000000 -0.074372
vt 1.000000 0.903981
vt 0.000000 0.903981
vt 3.875472 1.000000
vt 3.875472 0.000000
vt 0.000000 0.000000
vt 1.000000 0.000000
vt 1.000000 1.000000
vt 0.000000 1.000000
vt 1.000000 -0.074372
vt 0.000000 -0.074372
vt 1.000000 0.903981
vt 0.000000 0.903981
vt 3.875472 1.000000
vt 3.875472 0.000000
vt 0.000000 0.000000
vt 1.000000 0.000000
vt 1.000000 1.000000
vt 0.000000 1.000000
vt 1.000000 -0.074372
vt 0.000000 -0.074372
vt 1.000000 0.903981
vt 0.000000 0.903981
vt 3.875472 1.000000
vt 3.875472 0.000000
vt 0.000000 0.000000
vt 1.000000 0.000000
vt 1.000000 1.000000
vt 0.000000 1.000000
vt 1.000000 -0.074372
vt 0.000000 -0.074372
vt 1.000000 0.903981
vt 0.000000 0.903981
vt 3.875472 1.000000
vt 3.875472 0.000000
vt 0.000000 0.000000
vt 1.000000 0.000000
vt 1.000000 1.000000
vt 0.000000 1.000000
vt 1.000000 -0.074372
vt 0.000000 -0.074372
vt 1.000000 0.903981
vt 0.000000 0.903981
vt 3.875472 1.000000
vt 3.875472 0.000000
vt 0.000000 0.000000
vt 1.000000 0.000000
vt 1.000000 1.000000
vt 0.000000 1.000000
vt 1.000000 -0.074372
vt 0.000000 -0.074372
vt 1.000000 0.903981
vt 0.000000 0.903981
vt 3.875472 1.000000
vt 3.875472 0.000000
vt 0.000000 0.000000
vt 1.000000 0.000000
vt 1.000000 1.000000
vt 0.000000 1.000000
vt 1.000000 -0.074372
vt 0.000000 -0.074372
vt 1.000000 0.903981
vt 0.000000 0.903981
vt 3.875472 1.000000
vt 3.875472 0.000000
vt 0.000000 0.000000
vt 1.000000 0.000000
vt 1.000000 1.000000
vt 0.000000 1.000000
vt 1.000000 -0.074372
vt 0.000000 -0.074372
vt 1.000000 0.903981
vt 0.000000 0.903981
vt 3.875472 1.000000
vt 3.875472 0.000000
vt 0.000000 0.000000
vt 1.000000 0.000000
vt 1.000000 1.000000
vt 0.000000 1.000000
vt 1.000000 -0.074372
vt 0.000000 -0.074372
vt 1.000000 0.903981
vt 0.000000 0.903981
vt 3.875472 1.000000
vt 3.875472 0.000000
vt 0.000000 0.000000
vt 1.000000 0.000000
vt 1.000000 1.000000
vt 0.000000 1.000000
vt 1.000000 -0.074372
vt 0.000000 -0.074372
vt 1.000000 0.903981
vt 0.000000 0.903981
vt 3.875472 1.000000
vt 3.875472 0.000000
vt 0.000000 0.000000
vt 1.000000 0.000000
vt 1.000000 1.000000
vt 0.000000 1.000000
vt 1.000000 -0.074372
vt 0.000000 -0.074372
vt 1.000000 0.903981
vt 0.000000 0.903981
vt 3.875472 1.000000
vt 3.875472 0.000000
vt 0.000000 0.000000
vt 1.000000 0.000000
vt 1.000000 1.000000
vt 0.000000 1.000000
vt 1.000000 -0.074372
vt 0.000000 -0.074372
vt 1.000000 0.903981
vt 0.000000 0.903981
vt 3.875472 1.000000
vt 3.875472 0.000000
vt 0.000000 0.000000
vt 1.000000 0.000000
vt 1.000000 1.000000
vt 0.000000 1.000000
vt 1.000000 -0.074372
vt 0.000000 -0.074372
vt 1.000000 0.903981
vt 0.000000 0.903981
vt 3.875472 1.000000
vt 3.875472 0.000000
vt 0.000000 0.000000
vt 1.000000 0.000000
vt 1.000000 1.000000
vt 0.000000 1.000000
vt 1.000000 -0.074372
vt 0.000000 -0.074372
vt 1.000000 0.903981
vt 0.000000 0.903981
vt 3.875472 1.000000
vt 3.875472 0.000000
vt 0.000000 0.000000
vt 1.000000 0.000000
vt 1.000000 1.000000
vt 0.000000 1.000000
vt 1.000000 -0.074372
vt 0.000000 -0.074372
vt 1.000000 0.903981
vt 0.000000 0.903981
vt 3.875472 1.000000
vt 3.875472 0.000000
vt 0.000000 0.000000
vt 1.000000 0.000000
vt 1.000000 1.000000
vt 0.000000 1.000000
vt 1.000000 -0.074372
vt 0.000000 -0.074372
vt 1.000000 0.903981
vt 0.000000 0.903981
vt 3.875472 1.000000
vt 3.875472 0.000000
vt 0.000000 0.000000
vt 1.000000 0.000000
vt 1.000000 1.000000
vt 0.000000 1.000000
vt 1.000000 -0.074372
vt 0.000000 -0.074372
vt 1.000000 0.903981
vt 0.000000 0.903981
vt 3.875472 1.000000
vt 3.875472 0.000000
vt 0.375000 0.312500
vt 0.382782 0.312500
vt 0.382782 0.464410
vt 0.375000 0.467634
vt 0.406250 0.312500
vt 0.437500 0.312500
vt 0.437500 0.447037
vt 0.406250 0.454686
vt 0.468750 0.312500
vt 0.468750 0.449168
vt 0.500000 0.312500
vt 0.500000 0.459830
vt 0.531250 0.312500
vt 0.531250 0.472778
vt 0.562500 0.312500
vt 0.562500 0.480427
vt 0.593750 0.312500
vt 0.593750 0.478296
vt 0.625000 0.312500
vt 0.625000 0.467634
vt 0.500000 0.000000
vt 0.582974 0.034369
vt 0.610485 0.045765
vt 0.500000 0.156250
vt 0.389515 0.045765
vt 0.343750 0.156250
vt 0.389515 0.266735
vt 0.500000 0.312500
vt 0.610485 0.266735
vt 0.656250 0.156250
vt 0.610485 0.733265
vt 0.656250 0.843750
vt 0.610485 0.954235
vt 0.582974 0.965631
vt 0.500000 1.000000
vt 0.389515 0.954235
vt 0.343750 0.843750
vt 0.389515 0.733265
vt 0.500000 0.687500
vt 0.375000 0.590092
vt 0.382782 0.592982
vt 0.382782 0.687500
vt 0.375000 0.687500
vt 0.406250 0.601699
vt 0.437500 0.618823
vt 0.437500 0.687500
vt 0.406250 0.687500
vt 0.468750 0.631431
vt 0.468750 0.687500
vt 0.500000 0.632139
vt 0.500000 0.687500
vt 0.531250 0.620531
vt 0.531250 0.687500
vt 0.562500 0.603408
vt 0.562500 0.687500
vt 0.593750 0.590800
vt 0.593750 0.687500
vt 0.625000 0.590092
vt 0.625000 0.687500
vt 0.382782 0.517436
vt 0.375000 0.518138
vt 0.437500 0.517885
vt 0.406250 0.515317
vt 0.468750 0.524337
vt 0.500000 0.530894
vt 0.531250 0.533715
vt 0.562500 0.531147
vt 0.593750 0.524695
vt 0.625000 0.518138
vt 0.382782 0.552094
vt 0.406250 0.554946
vt 0.375000 0.551148
vt 0.593750 0.555021
vt 0.625000 0.551148
vt 0.625000 0.590092
vt 0.593750 0.590800
vt 0.562500 0.564298
vt 0.593750 0.555021
vt 0.531250 0.573543
vt 0.500000 0.577341
vt 0.468750 0.573468
vt 0.437500 0.564192
vt 0.625000 0.551148
vt 0.468750 0.524337
vt 0.500000 0.530894
vt 0.500000 0.577341
vt 0.468750 0.573468
vt 0.000000 0.000000
vt 1.000000 0.000000
vt 1.000000 1.000000
vt 0.000000 1.000000
vt 1.000000 -0.074372
vt 0.000000 -0.074372
vt 1.000000 0.903981
vt 0.000000 0.903981
vt 3.875472 1.000000
vt 3.875472 0.000000
vt 0.000000 0.000000
vt 1.000000 0.000000
vt 1.000000 1.000000
vt 0.000000 1.000000
vt 1.000000 -0.074372
vt 0.000000 -0.074372
vt 1.000000 0.903981
vt 0.000000 0.903981
vt 3.875472 1.000000
vt 3.875472 0.000000
vt 0.000000 0.000000
vt 1.000000 0.000000
vt 1.000000 1.000000
vt 0.000000 1.000000
vt 1.000000 -0.074372
vt 0.000000 -0.074372
vt 1.000000 0.903981
vt 0.000000 0.903981
vt 3.875472 1.000000
vt 3.875472 0.000000
vt 0.000000 0.000000
vt 1.000000 0.000000
vt 1.000000 1.000000
vt 0.000000 1.000000
vt 1.000000 -0.074372
vt 0.000000 -0.074372
vt 1.000000 0.903981
vt 0.000000 0.903981
vt 3.875472 1.000000
vt 3.875472 0.000000
vt 0.000000 0.000000
vt 1.000000 0.000000
vt 1.000000 1.000000
vt 0.000000 1.000000
vt 1.000000 -0.074372
vt 0.000000 -0.074372
vt 1.000000 0.903981
vt 0.000000 0.903981
vt 3.875472 1.000000
vt 3.875472 0.000000
vt 0.000000 0.000000
vt 1.000000 0.000000
vt 1.000000 1.000000
vt 0.000000 1.000000
vt 1.000000 -0.074372
vt 0.000000 -0.074372
vt 1.000000 0.903981
vt 0.000000 0.903981
vt 3.875472 1.000000
vt 3.875472 0.000000
vt 0.000000 0.000000
vt 1.000000 0.000000
vt 1.000000 1.000000
vt 0.000000 1.000000
vt 1.000000 -0.074372
vt 0.000000 -0.074372
vt 1.000000 0.903981
vt 0.000000 0.903981
vt 3.875472 1.000000
vt 3.875472 0.000000
vt 0.000000 0.000000
vt 1.000000 0.000000
vt 1.000000 1.000000
vt 0.000000 1.000000
vt 1.000000 -0.074372
vt 0.000000 -0.074372
vt 1.000000 0.903981
vt 0.000000 0.903981
vt 3.875472 1.000000
vt 3.875472 0.000000
vt 0.000000 0.000000
vt 1.000000 0.000000
vt 1.000000 1.000000
vt 0.000000 1.000000
vt 1.000000 -0.074372
vt 0.000000 -0.074372
vt 1.000000 0.903981
vt 0.000000 0.903981
vt 3.875472 1.000000
vt 3.875472 0.000000
vt 0.000000 0.000000
vt 1.000000 0.000000
vt 1.000000 1.000000
vt 0.000000 1.000000
vt 1.000000 -0.074372
vt 0.000000 -0.074372
vt 1.000000 0.903981
vt 0.000000 0.903981
vt 3.875472 1.000000
vt 3.875472 0.000000
vt 0.000000 0.000000
vt 1.000000 0.000000
vt 1.000000 1.000000
vt 0.000000 1.000000
vt 1.000000 -0.074372
vt 0.000000 -0.074372
vt 1.000000 0.903981
vt 0.000000 0.903981
vt 3.875472 1.000000
vt 3.875472 0.000000
vt 0.000000 0.000000
vt 1.000000 0.000000
vt 1.000000 1.000000
vt 0.000000 1.000000
vt 1.000000 -0.074372
vt 0.000000 -0.074372
vt 1.000000 0.903981
vt 0.000000 0.903981
vt 3.875472 1.000000
vt 3.875472 0.000000
vt 0.000000 0.000000
vt 1.000000 0.000000
vt 1.000000 1.000000
vt 0.000000 1.000000
vt 1.000000 -0.074372
vt 0.000000 -0.074372
vt 1.000000 0.903981
vt 0.000000 0.903981
vt 3.875472 1.000000
vt 3.875472 0.000000
vt 0.000000 0.000000
vt 1.000000 0.000000
vt 1.000000 1.000000
vt 0.000000 1.000000
vt 1.000000 -0.074372
vt 0.000000 -0.074372
vt 1.000000 0.903981
vt 0.000000 0.903981
vt 3.875472 1.000000
vt 3.875472 0.000000
vt 0.000000 0.000000
vt 1.000000 0.000000
vt 1.000000 1.000000
vt 0.000000 1.000000
vt 1.000000 -0.074372
vt 0.000000 -0.074372
vt 1.000000 0.903981
vt 0.000000 0.903981
vt 3.875472 1.000000
vt 3.875472 0.000000
vt 0.000000 0.000000
vt 1.000000 0.000000
vt 1.000000 1.000000
vt 0.000000 1.000000
vt 1.000000 -0.074372
vt 0.000000 -0.074372
vt 1.000000 0.903981
vt 0.000000 0.903981
vt 3.875472 1.000000
vt 3.875472 0.000000
vt 0.000000 0.000000
vt 1.000000 0.000000
vt 1.000000 1.000000
vt 0.000000 1.000000
vt 1.000000 -0.074372
vt 0.000000 -0.074372
vt 1.000000 0.903981
vt 0.000000 0.903981
vt 3.875472 1.000000
vt 3.875472 0.000000
vt 0.000000 0.000000
vt 1.000000 0.000000
vt 1.000000 1.000000
vt 0.000000 1.000000
vt 1.000000 -0.074372
vt 0.000000 -0.074372
vt 1.000000 0.903981
vt 0.000000 0.903981
vt 3.875472 1.000000
vt 3.875472 0.000000
vt 0.000000 0.000000
vt 1.000000 0.000000
vt 1.000000 1.000000
vt 0.000000 1.000000
vt 1.000000 -0.074372
vt 0.000000 -0.074372
vt 1.000000 0.903981
vt 0.000000 0.903981
vt 3.875472 1.000000
vt 3.875472 0.000000
vt 0.000000 0.000000
vt 1.000000 0.000000
vt 1.000000 1.000000
vt 0.000000 1.000000
vt 1.000000 -0.074372
vt 0.000000 -0.074372
vt 1.000000 0.903981
vt 0.000000 0.903981
vt 3.875472 1.000000
vt 3.875472 0.000000
vt 0.000000 0.000000
vt 1.000000 0.000000
vt 1.000000 1.000000
vt 0.000000 1.000000
vt 1.000000 -0.074372
vt 0.000000 -0.074372
vt 1.000000 0.903981
vt 0.000000 0.903981
vt 3.875472 1.000000
vt 3.875472 0.000000
vt 0.000000 0.000000
vt 1.000000 0.000000
vt 1.000000 1.000000
vt 0.000000 1.000000
vt 1.000000 -0.074372
vt 0.000000 -0.074372
vt 1.000000 0.903981
vt 0.000000 0.903981
vt 3.875472 1.000000
vt 3.875472 0.000000
vt 0.000000 0.000000
vt 1.000000 0.000000
vt 1.000000 1.000000
vt 0.000000 1.000000
vt 1.000000 -0.074372
vt 0.000000 -0.074372
vt 1.000000 0.903981
vt 0.000000 0.903981
vt 3.875472 1.000000
vt 3.875472 0.000000
vt 0.000000 0.000000
vt 1.000000 0.000000
vt 1.000000 1.000000
vt 0.000000 1.000000
vt 1.000000 -0.074372
vt 0.000000 -0.074372
vt 1.000000 0.903981
vt 0.000000 0.903981
vt 3.875472 1.000000
vt 3.875472 0.000000
vt 0.000000 0.000000
vt 1.000000 0.000000
vt 1.000000 1.000000
vt 0.000000 1.000000
vt 1.000000 -0.074372
vt 0.000000 -0.074372
vt 1.000000 0.903981
vt 0.000000 0.903981
vt 3.875472 1.000000
vt 3.875472 0.000000
vt 0.000000 0.000000
vt 1.000000 0.000000
vt 1.000000 1.000000
vt 0.000000 1.000000
vt 1.000000 -0.074372
vt 0.000000 -0.074372
vt 1.000000 0.903981
vt 0.000000 0.903981
vt 3.875472 1.000000
vt 3.875472 0.000000
vt 0.000000 0.000000
vt 1.000000 0.000000
vt 1.000000 1.000000
vt 0.000000 1.000000
vt 1.000000 -0.074372
vt 0.000000 -0.074372
vt 1.000000 0.903981
vt 0.000000 0.903981
vt 3.875472 1.000000
vt 3.875472 0.000000
vt 0.000000 0.000000
vt 1.000000 0.000000
vt 1.000000 1.000000
vt 0.000000 1.000000
vt 1.000000 -0.074372
vt 0.000000 -0.074372
vt 1.000000 0.903981
vt 0.000000 0.903981
vt 3.875472 1.000000
vt 3.875472 0.000000
vt 0.000000 0.000000
vt 1.000000 0.000000
vt 1.000000 1.000000
vt 0.000000 1.000000
vt 1.000000 -0.074372
vt 0.000000 -0.074372
vt 1.000000 0.903981
vt 0.000000 0.903981
vt 3.875472 1.000000
vt 3.875472 0.000000
vt 0.000000 0.000000
vt 1.000000 0.000000
vt 1.000000 1.000000
vt 0.000000 1.000000
vt 1.000000 -0.074372
vt 0.000000 -0.074372
vt 1.000000 0.903981
vt 0.000000 0.903981
vt 3.875472 1.000000
vt 3.875472 0.000000
vt 0.000000 0.000000
vt 1.000000 0.000000
vt 1.000000 1.000000
vt 0.000000 1.000000
vt 1.000000 -0.074372
vt 0.000000 -0.074372
vt 1.000000 0.903981
vt 0.000000 0.903981
vt 3.875472 1.000000
vt 3.875472 0.000000
vt 0.000000 0.000000
vt 1.000000 0.000000
vt 1.000000 1.000000
vt 0.000000 1.000000
vt 1.000000 -0.074372
vt 0.000000 -0.074372
vt 1.000000 0.903981
vt 0.000000 0.903981
vt 3.875472 1.000000
vt 3.875472 0.000000
vt 0.000000 0.000000
vt 1.000000 0.000000
vt 1.000000 1.000000
vt 0.000000 1.000000
vt 1.000000 -0.074372
vt 0.000000 -0.074372
vt 1.000000 0.903981
vt 0.000000 0.903981
vt 3.875472 1.000000
vt 3.875472 0.000000
vt 0.000000 0.000000
vt 1.000000 0.000000
vt 1.000000 1.000000
vt 0.000000 1.000000
vt 1.000000 -0.074372
vt 0.000000 -0.074372
vt 1.000000 0.903981
vt 0.000000 0.903981
vt 3.875472 1.000000
vt 3.875472 0.000000
vt 0.000000 0.000000
vt 1.000000 0.000000
vt 1.000000 1.000000
vt 0.000000 1.000000
vt 1.000000 -0.074372
vt 0.000000 -0.074372
vt 1.000000 0.903981
vt 0.000000 0.903981
vt 3.875472 1.000000
vt 3.875472 0.000000
vt 0.000000 0.000000
vt 1.000000 0.000000
vt 1.000000 1.000000
vt 0.000000 1.000000
vt 1.000000 -0.074372
vt 0.000000 -0.074372
vt 1.000000 0.903981
vt 0.000000 0.903981
vt 3.875472 1.000000
vt 3.875472 0.000000
vt 0.000000 0.000000
vt 1.000000 0.000000
vt 1.000000 1.000000
vt 0.000000 1.000000
vt 1.000000 -0.074372
vt 0.000000 -0.074372
vt 1.000000 0.903981
vt 0.000000 0.903981
vt 3.875472 1.000000
vt 3.875472 0.000000
vt 0.000000 0.000000
vt 1.000000 0.000000
vt 1.000000 1.000000
vt 0.000000 1.000000
vt 1.000000 -0.074372
vt 0.000000 -0.074372
vt 1.000000 0.903981
vt 0.000000 0.903981
vt 3.875472 1.000000
vt 3.875472 0.000000
vt 0.000000 0.000000
vt 1.000000 0.000000
vt 1.000000 1.000000
vt 0.000000 1.000000
vt 1.000000 -0.074372
vt 0.000000 -0.074372
vt 1.000000 0.903981
vt 0.000000 0.903981
vt 3.875472 1.000000
vt 3.875472 0.000000
vt 0.000000 0.000000
vt 1.000000 0.000000
vt 1.000000 1.000000
vt 0.000000 1.000000
vt 1.000000 -0.074372
vt 0.000000 -0.074372
vt 1.000000 0.903981
vt 0.000000 0.903981
vt 3.875472 1.000000
vt 3.875472 0.000000
vt 0.000000 0.000000
vt 1.000000 0.000000
vt 1.000000 1.000000
vt 0.000000 1.000000
vt 1.000000 -0.074372
vt 0.000000 -0.074372
vt 1.000000 0.903981
vt 0.000000 0.903981
vt 3.875472 1.000000
vt 3.875472 0.000000
vt 0.000000 0.000000
vt 1.000000 0.000000
vt 1.000000 1.000000
vt 0.000000 1.000000
vt 1.000000 -0.074372
vt 0.000000 -0.074372
vt 1.000000 0.903981
vt 0.000000 0.903981
vt 3.875472 1.000000
vt 3.875472 0.000000
vt 0.000000 0.000000
vt 1.000000 0.000000
vt 1.000000 1.000000
vt 0.000000 1.000000
vt 1.000000 -0.074372
vt 0.000000 -0.074372
vt 1.000000 0.903981
vt 0.000000 0.903981
vt 3.875472 1.000000
vt 3.875472 0.000000
vt 0.000000 0.000000
vt 1.000000 0.000000
vt 1.000000 1.000000
vt 0.000000 1.000000
vt 1.000000 -0.074372
vt 0.000000 -0.074372
vt 1.000000 0.903981
vt 0.000000 0.903981
vt 3.875472 1.000000
vt 3.875472 0.000000
vt 0.000000 0.000000
vt 1.000000 0.000000
vt 1.000000 1.000000
vt 0.000000 1.000000
vt 1.000000 -0.074372
vt 0.000000 -0.074372
vt 1.000000 0.903981
vt 0.000000 0.903981
vt 3.875472 1.000000
vt 3.875472 0.000000
vt 0.000000 0.000000
vt 1.000000 0.000000
vt 1.000000 1.000000
vt 0.000000 1.000000
vt 1.000000 -0.074372
vt 0.000000 -0.074372
vt 1.000000 0.903981
vt 0.000000 0.903981
vt 3.875472 1.000000
vt 3.875472 0.000000
vt 0.000000 0.000000
vt 1.000000 0.000000
vt 1.000000 1.000000
vt 0.000000 1.000000
vt 1.000000 -0.074372
vt 0.000000 -0.074372
vt 1.000000 0.903981
vt 0.000000 0.903981
vt 3.875472 1.000000
vt 3.875472 0.000000
vt 0.000000 0.000000
vt 1.000000 0.000000
vt 1.000000 1.000000
vt 0.000000 1.000000
vt 1.000000 -0.074372
vt 0.000000 -0.074372
vt 1.000000 0.903981
vt 0.000000 0.903981
vt 3.875472 1.000000
vt 3.875472 0.000000
vt 0.000000 0.000000
vt 1.000000 0.000000
vt 1.000000 1.000000
vt 0.000000 1.000000
vt 1.000000 -0.074372
vt 0.000000 -0.074372
vt 1.000000 0.903981
vt 0.000000 0.903981
vt 3.875472 1.000000
vt 3.875472 0.000000
vt 0.000000 0.000000
vt 1.000000 0.000000
vt 1.000000 1.000000
vt 0.000000 1.000000
vt 1.000000 -0.074372
vt 0.000000 -0.074372
vt 1.000000 0.903981
vt 0.000000 0.903981
vt 3.875472 1.000000
vt 3.875472 0.000000
vt 0.000000 0.000000
vt 1.000000 0.000000
vt 1.000000 1.000000
vt 0.000000 1.000000
vt 1.000000 -0.074372
vt 0.000000 -0.074372
vt 1.000000 0.903981
vt 0.000000 0.903981
vt 3.875472 1.000000
vt 3.875472 0.000000
vt 0.000000 0.000000
vt 1.000000 0.000000
vt 1.000000 1.000000
vt 0.000000 1.000000
vt 1.000000 -0.074372
vt 0.000000 -0.074372
vt 1.000000 0.903981
vt 0.000000 0.903981
vt 3.875472 1.000000
vt 3.875472 0.000000
vt 0.000000 0.000000
vt 1.000000 0.000000
vt 1.000000 1.000000
vt 0.000000 1.000000
vt 1.000000 -0.074372
vt 0.000000 -0.074372
vt 1.000000 0.903981
vt 0.000000 0.903981
vt 3.875472 1.000000
vt 3.875472 0.000000
vt 0.000000 0.000000
vt 1.000000 0.000000
vt 1.000000 1.000000
vt 0.000000 1.000000
vt 1.000000 -0.074372
vt 0.000000 -0.074372
vt 1.000000 0.903981
vt 0.000000 0.903981
vt 3.875472 1.000000
vt 3.875472 0.000000
vt 0.000000 0.000000
vt 1.000000 0.000000
vt 1.000000 1.000000
vt 0.000000 1.000000
vt 1.000000 -0.074372
vt 0.000000 -0.074372
vt 1.000000 0.903981
vt 0.000000 0.903981
vt 3.875472 1.000000
vt 3.875472 0.000000
vt 0.000000 0.000000
vt 1.000000 0.000000
vt 1.000000 1.000000
vt 0.000000 1.000000
vt 1.000000 -0.074372
vt 0.000000 -0.074372
vt 1.000000 0.903981
vt 0.000000 0.903981
vt 3.875472 1.000000
vt 3.875472 0.000000
vt 0.000000 0.000000
vt 1.000000 0.000000
vt 1.000000 1.000000
vt 0.000000 1.000000
vt 1.000000 -0.074372
vt 0.000000 -0.074372
vt 1.000000 0.903981
vt 0.000000 0.903981
vt 3.875472 1.000000
vt 3.875472 0.000000
vt 0.000000 0.000000
vt 1.000000 1.000000
vt 0.000000 1.000000
vt 1.000000 0.000000
vt 1.000000 1.000000
vt 0.000000 0.000000
vt 1.000000 1.000000
vt 0.000000 1.000000
vt 1.000000 0.000000
vt 1.000000 1.000000
vt 0.000000 0.000000
vt 1.000000 1.000000
vt 0.000000 1.000000
vt 1.000000 0.000000
vt 1.000000 1.000000
vt 0.000000 0.000000
vt 1.000000 1.000000
vt 0.000000 1.000000
vt 1.000000 0.000000
vt 1.000000 1.000000
vt 0.000000 0.000000
vt 1.000000 1.000000
vt 0.000000 1.000000
vt 1.000000 0.000000
vt 1.000000 1.000000
vt 0.000000 0.000000
vt 1.000000 1.000000
vt 0.000000 1.000000
vt 1.000000 0.000000
vt 1.000000 1.000000
vt 0.000000 0.000000
vt 1.000000 1.000000
vt 0.000000 1.000000
vt 1.000000 0.000000
vt 1.000000 1.000000
vt 0.000000 0.000000
vt 1.000000 1.000000
vt 0.000000 1.000000
vt 1.000000 0.000000
vt 1.000000 1.000000
vt 0.000000 0.000000
vt 1.000000 1.000000
vt 0.000000 1.000000
vt 1.000000 0.000000
vt 1.000000 1.000000
vt 0.000000 0.000000
vt 1.000000 1.000000
vt 0.000000 1.000000
vt 1.000000 0.000000
vt 1.000000 1.000000
vt 0.000000 0.000000
vt 1.000000 1.000000
vt 0.000000 1.000000
vt 1.000000 0.000000
vt 1.000000 1.000000
vt 0.000000 0.000000
vt 1.000000 1.000000
vt 0.000000 1.000000
vt 1.000000 0.000000
vt 1.000000 1.000000
vt 0.000000 0.000000
vt 1.000000 1.000000
vt 0.000000 1.000000
vt 1.000000 0.000000
vt 1.000000 1.000000
vt 0.000000 0.000000
vt 1.000000 1.000000
vt 0.000000 1.000000
vt 1.000000 0.000000
vt 1.000000 1.000000
vt 0.000000 0.000000
vt 1.000000 1.000000
vt 0.000000 1.000000
vt 1.000000 0.000000
vt 1.000000 1.000000
vt 0.000000 0.000000
vt 1.000000 1.000000
vt 0.000000 1.000000
vt 1.000000 0.000000
vt 1.000000 1.000000
vt 0.000000 0.000000
vt 1.000000 1.000000
vt 0.000000 1.000000
vt 1.000000 0.000000
vt 1.000000 1.000000
vt 0.000000 0.000000
vt 1.000000 1.000000
vt 0.000000 1.000000
vt 1.000000 0.000000
vt 1.000000 1.000000
vt 0.000000 0.000000
vt 1.000000 1.000000
vt 0.000000 1.000000
vt 1.000000 0.000000
vt 1.000000 1.000000
vt 0.000000 0.000000
vt 1.000000 1.000000
vt 0.000000 1.000000
vt 1.000000 0.000000
vt 1.000000 1.000000
vt 0.000000 0.000000
vt 1.000000 1.000000
vt 0.000000 1.000000
vt 1.000000 0.000000
vt 1.000000 1.000000
vt 0.000000 0.000000
vt 1.000000 1.000000
vt 0.000000 1.000000
vt 1.000000 0.000000
vt 1.000000 1.000000
vt 0.000000 0.000000
vt 1.000000 1.000000
vt 0.000000 1.000000
vt 1.000000 0.000000
vt 1.000000 1.000000
vt 0.000000 0.000000
vt 1.000000 1.000000
vt 0.000000 1.000000
vt 1.000000 0.000000
vt 1.000000 1.000000
vt 0.000000 0.000000
vt 1.000000 1.000000
vt 0.000000 1.000000
vt 1.000000 0.000000
vt 1.000000 1.000000
vt 0.000000 0.000000
vt 1.000000 1.000000
vt 0.000000 1.000000
vt 1.000000 0.000000
vt 1.000000 1.000000
vt 0.000000 0.000000
vt 1.000000 1.000000
vt 0.000000 1.000000
vt 1.000000 0.000000
vt 1.000000 1.000000
vt 0.000000 0.000000
vt 1.000000 1.000000
vt 0.000000 1.000000
vt 1.000000 0.000000
vt 1.000000 1.000000
vt 0.000000 0.000000
vt 1.000000 1.000000
vt 0.000000 1.000000
vt 1.000000 0.000000
vt 1.000000 1.000000
vt 0.000000 0.000000
vt 1.000000 1.000000
vt 0.000000 1.000000
vt 1.000000 0.000000
vt 1.000000 1.000000
vt 0.000000 0.000000
vt 1.000000 1.000000
vt 0.000000 1.000000
vt 1.000000 0.000000
vt 1.000000 1.000000
vt 0.000000 0.000000
vt 1.000000 1.000000
vt 0.000000 1.000000
vt 1.000000 0.000000
vt 1.000000 1.000000
vt 0.000000 0.000000
vt 1.000000 1.000000
vt 0.000000 1.000000
vt 1.000000 0.000000
vt 1.000000 1.000000
vt 0.000000 0.000000
vt 1.000000 1.000000
vt 0.000000 1.000000
vt 1.000000 0.000000
vt 1.000000 1.000000
vt 0.000000 0.000000
vt 1.000000 1.000000
vt 0.000000 1.000000
vt 1.000000 0.000000
vt 1.000000 1.000000
vt 0.000000 0.000000
vt 1.000000 1.000000
vt 0.000000 1.000000
vt 1.000000 0.000000
vt 1.000000 1.000000
vt 0.000000 0.000000
vt 1.000000 1.000000
vt 0.000000 1.000000
vt 1.000000 0.000000
vt 1.000000 1.000000
vt 0.000000 0.000000
vt 1.000000 1.000000
vt 0.000000 1.000000
vt 1.000000 0.000000
vt 1.000000 1.000000
vt 0.000000 0.000000
vt 1.000000 1.000000
vt 0.000000 1.000000
vt 1.000000 0.000000
vt 1.000000 1.000000
vt 0.000000 0.000000
vt 1.000000 1.000000
vt 0.000000 1.000000
vt 1.000000 0.000000
vt 1.000000 1.000000
vt 0.000000 0.000000
vt 1.000000 1.000000
vt 0.000000 1.000000
vt 1.000000 0.000000
vt 1.000000 1.000000
vt 0.000000 0.000000
vt 1.000000 1.000000
vt 0.000000 1.000000
vt 1.000000 0.000000
vt 1.000000 1.000000
vt 0.000000 0.000000
vt 1.000000 1.000000
vt 0.000000 1.000000
vt 1.000000 0.000000
vt 1.000000 1.000000
vt 0.000000 0.000000
vt 1.000000 1.000000
vt 0.000000 1.000000
vt 1.000000 0.000000
vt 1.000000 1.000000
vt 0.000000 0.000000
vt 1.000000 1.000000
vt 0.000000 1.000000
vt 1.000000 0.000000
vt 1.000000 1.000000
vt 0.000000 0.000000
vt 1.000000 1.000000
vt 0.000000 1.000000
vt 1.000000 0.000000
vt 1.000000 1.000000
vt 0.000000 0.000000
vt 1.000000 1.000000
vt 0.000000 1.000000
vt 1.000000 0.000000
vt 1.000000 1.000000
vt 0.000000 0.000000
vt 1.000000 1.000000
vt 0.000000 1.000000
vt 1.000000 0.000000
vt 1.000000 1.000000
vt 0.000000 0.000000
vt 1.000000 1.000000
vt 0.000000 1.000000
vt 1.000000 0.000000
vt 1.000000 1.000000
vt 0.000000 0.000000
vt 1.000000 1.000000
vt 0.000000 1.000000
vt 1.000000 0.000000
vt 1.000000 1.000000
vt 0.000000 0.000000
vt 1.000000 1.000000
vt 0.000000 1.000000
vt 1.000000 0.000000
vt 1.000000 1.000000
vt 0.000000 0.000000
vt 1.000000 1.000000
vt 0.000000 1.000000
vt 1.000000 0.000000
vt 1.000000 1.000000
vt 0.000000 0.000000
vt 1.000000 1.000000
vt 0.000000 1.000000
vt 1.000000 0.000000
vt 1.000000 1.000000
vt 0.000000 0.000000
vt 1.000000 1.000000
vt 0.000000 1.000000
vt 1.000000 0.000000
vt 1.000000 1.000000
vt 0.000000 0.000000
vt 1.000000 1.000000
vt 0.000000 1.000000
vt 1.000000 0.000000
vt 1.000000 1.000000
vt 0.000000 0.000000
vt 1.000000 1.000000
vt 0.000000 1.000000
vt 1.000000 0.000000
vt 1.000000 1.000000
vt 0.000000 0.000000
vt 1.000000 1.000000
vt 0.000000 1.000000
vt 1.000000 0.000000
vt 1.000000 1.000000
vt 0.000000 0.000000
vt 1.000000 1.000000
vt 0.000000 1.000000
vt 1.000000 0.000000
vt 1.000000 1.000000
vt 0.000000 0.000000
vt 1.000000 1.000000
vt 0.000000 1.000000
vt 1.000000 0.000000
vt 1.000000 1.000000
vt 0.000000 0.000000
vt 1.000000 1.000000
vt 0.000000 1.000000
vt 1.000000 0.000000
vt 1.000000 1.000000
vt 0.000000 0.000000
vt 1.000000 1.000000
vt 0.000000 1.000000
vt 1.000000 0.000000
vt 1.000000 1.000000
vt 0.000000 0.000000
vt 1.000000 1.000000
vt 0.000000 1.000000
vt 1.000000 0.000000
vt 1.000000 1.000000
vt 0.000000 0.000000
vt 1.000000 1.000000
vt 0.000000 1.000000
vt 1.000000 0.000000
vt 1.000000 1.000000
vt 0.000000 0.000000
vt 1.000000 1.000000
vt 0.000000 1.000000
vt 1.000000 0.000000
vt 1.000000 1.000000
vt 0.000000 0.000000
vt 1.000000 1.000000
vt 0.000000 1.000000
vt 1.000000 0.000000
vt 1.000000 1.000000
vt 0.000000 0.000000
vt 1.000000 1.000000
vt 0.000000 1.000000
vt 1.000000 0.000000
vt 1.000000 1.000000
vt 0.000000 0.000000
vt 1.000000 1.000000
vt 0.000000 1.000000
vt 1.000000 0.000000
vt 1.000000 1.000000
vt 0.000000 0.000000
vt 1.000000 1.000000
vt 0.000000 1.000000
vt 1.000000 0.000000
vt 1.000000 1.000000
vt 0.000000 0.000000
vt 1.000000 1.000000
vt 0.000000 1.000000
vt 1.000000 0.000000
vt 1.000000 1.000000
vt 0.000000 0.000000
vt 1.000000 1.000000
vt 0.000000 1.000000
vt 1.000000 0.000000
vt 1.000000 1.000000
vt 0.000000 0.000000
vt 1.000000 1.000000
vt 0.000000 1.000000
vt 1.000000 0.000000
vt 1.000000 1.000000
vt 0.000000 0.000000
vt 1.000000 1.000000
vt 0.000000 1.000000
vt 1.000000 0.000000
vt 1.000000 1.000000
vt 0.000000 0.000000
vt 1.000000 1.000000
vt 0.000000 1.000000
vt 1.000000 0.000000
vt 1.000000 1.000000
vt 0.000000 0.000000
vt 1.000000 1.000000
vt 0.000000 1.000000
vt 1.000000 0.000000
vt 1.000000 1.000000
vt 0.000000 0.000000
vt 1.000000 1.000000
vt 0.000000 1.000000
vt 1.000000 0.000000
vt 1.000000 1.000000
vt 0.000000 0.000000
vt 1.000000 1.000000
vt 0.000000 1.000000
vt 1.000000 0.000000
vt 1.000000 1.000000
vt 0.000000 0.000000
vt 1.000000 1.000000
vt 0.000000 1.000000
vt 1.000000 0.000000
vt 1.000000 1.000000
vt 0.000000 0.000000
vt 1.000000 1.000000
vt 0.000000 1.000000
vt 1.000000 0.000000
vt 1.000000 1.000000
vt 0.000000 0.000000
vt 1.000000 1.000000
vt 0.000000 1.000000
vt 1.000000 0.000000
vt 1.000000 1.000000
vt 0.000000 0.000000
vt 1.000000 1.000000
vt 0.000000 1.000000
vt 1.000000 0.000000
vt 1.000000 1.000000
vn -0.099820 0.421783 -0.901185
vn -0.084751 0.457895 -0.884957
vn -0.035668 0.638100 -0.769126
vn -0.026907 0.692230 -0.721175
vn -0.186214 0.193636 -0.963239
vn -0.186214 0.193636 -0.963239
vn 0.021966 0.941538 -0.336191
vn 0.021966 0.941538 -0.336191
vn -0.101520 0.428593 -0.897776
vn -0.101520 0.428593 -0.897776
vn -0.099820 0.421783 -0.901185
vn -0.084751 0.457895 -0.884957
vn -0.035668 0.638100 -0.769126
vn -0.026907 0.692230 -0.721175
vn -0.186214 0.193636 -0.963239
vn -0.186214 0.193636 -0.963239
vn 0.021966 0.941538 -0.336191
vn 0.021966 0.941538 -0.336191
vn -0.101520 0.428593 -0.897776
vn -0.101520 0.428593 -0.897776
vn 0.396956 0.807173 -0.436918
vn 0.360539 0.827689 -0.430049
vn 0.153303 0.898447 -0.411450
vn 0.081340 0.909258 -0.408208
vn 0.596558 0.655944 -0.462445
vn 0.596558 0.655944 -0.462445
vn -0.373119 0.860904 -0.345871
vn -0.373119 0.860904 -0.345871
vn 0.389953 0.809053 -0.439738
vn 0.389953 0.809053 -0.439738
vn -0.192864 0.882359 -0.429238
vn -0.158388 0.877173 -0.453299
vn 0.039998 0.840434 -0.540436
vn 0.108722 0.823158 -0.557306
vn -0.388286 0.880922 -0.270573
vn -0.388286 0.880922 -0.270573
vn 0.521780 0.619888 -0.586075
vn 0.521780 0.619888 -0.586075
vn -0.185212 0.883627 -0.429999
vn -0.185212 0.883627 -0.429999
vn 0.422869 0.502173 0.754324
vn 0.388102 0.494960 0.777427
vn 0.186559 0.471555 0.861877
vn 0.115605 0.465801 0.877305
vn 0.611697 0.527269 0.589757
vn 0.611697 0.527269 0.589757
vn -0.337427 0.380643 0.860961
vn -0.337427 0.380643 0.860961
vn 0.415840 0.504780 0.756488
vn 0.415840 0.504780 0.756488
vn 0.422869 0.502173 0.754324
vn 0.388102 0.494960 0.777427
vn 0.186559 0.471555 0.861877
vn 0.115605 0.465801 0.877305
vn 0.611697 0.527269 0.589757
vn 0.611697 0.527269 0.589757
vn -0.337427 0.380643 0.860961
vn -0.337427 0.380643 0.860961
vn 0.415840 0.504780 0.756488
vn 0.415840 0.504780 0.756488
vn -0.157608 0.033350 0.986938
vn -0.177566 0.070330 0.981592
vn -0.246134 0.272682 0.930087
vn -0.258727 0.339623 0.904277
vn -0.032949 -0.185289 0.982132
vn -0.032949 -0.185289 0.982132
vn -0.296505 0.712715 0.635707
vn -0.296505 0.712715 0.635707
vn -0.156957 0.041120 0.986749
vn -0.156957 0.041120 0.986749
vn -0.237723 0.583674 0.776410
vn -0.214324 0.558596 0.801271
vn -0.114888 0.396176 0.910959
vn -0.087825 0.334342 0.938351
vn -0.367966 0.709210 0.601350
vn -0.367966 0.709210 0.601350
vn 0.081933 -0.091104 0.992465
vn 0.081933 -0.091104 0.992465
vn -0.237607 0.577446 0.781089
vn -0.237607 0.577445 0.781089
vn 0.037348 0.984437 -0.171725
vn 0.049564 0.990069 -0.131554
vn 0.079377 0.993114 0.086166
vn 0.080404 0.984090 0.158439
vn -0.037333 0.914942 -0.401854
vn -0.037333 0.914942 -0.401854
vn 0.068389 0.808343 0.584727
vn 0.068389 0.808343 0.584727
vn 0.035112 0.985771 -0.164385
vn 0.035112 0.985771 -0.164385
vn 0.037348 0.984437 -0.171725
vn 0.049564 0.990069 -0.131554
vn 0.079377 0.993114 0.086166
vn 0.080404 0.984090 0.158439
vn -0.037333 0.914942 -0.401854
vn -0.037333 0.914942 -0.401854
vn 0.068389 0.808343 0.584727
vn 0.068389 0.808343 0.584727
vn 0.035112 0.985771 -0.164385
vn 0.035112 0.985771 -0.164385
vn 0.455070 0.767154 0.452091
vn 0.417924 0.777786 0.469456
vn 0.209927 0.828616 0.518966
vn 0.138266 0.841009 0.523055
vn 0.657016 0.676861 0.331949
vn 0.657016 0.676861 0.331949
vn -0.320124 0.818626 0.476836
vn -0.320124 0.818626 0.476836
vn 0.448584 0.771339 0.451451
vn 0.448584 0.771339 0.451451
vn -0.129327 0.876379 0.463933
vn -0.091542 0.888696 0.449264
vn 0.118044 0.913998 0.388167
vn 0.188627 0.909361 0.370786
vn -0.346765 0.770856 0.534356
vn -0.346765 0.770856 0.534356
vn 0.602241 0.765735 0.225733
vn 0.602241 0.765735 0.225733
vn -0.121644 0.876786 0.465240
vn -0.121644 0.876786 0.465240
vn -0.178454 0.656991 0.732473
vn -0.138069 0.669509 0.729859
vn 0.080227 0.691801 0.717618
vn 0.152573 0.685975 0.711449
vn -0.409638 0.557969 0.721712
vn -0.409638 0.557969 0.721712
vn 0.579836 0.559744 0.592010
vn 0.579836 0.559744 0.592010
vn -0.171167 0.656010 0.735087
vn -0.171167 0.656010 0.735087
vn -0.227384 0.875382 -0.426617
vn -0.189809 0.890289 -0.413954
vn -0.006089 0.950833 -0.309644
vn 0.050450 0.962841 -0.265314
vn -0.441076 0.755534 -0.484376
vn -0.441076 0.755534 -0.484376
vn 0.387441 0.920706 0.046805
vn 0.387441 0.920706 0.046805
vn -0.223411 0.879097 -0.421042
vn -0.223411 0.879097 -0.421042
vn -0.227384 0.875382 -0.426617
vn -0.189809 0.890289 -0.413954
vn -0.006089 0.950833 -0.309644
vn 0.050450 0.962841 -0.265314
vn -0.441076 0.755534 -0.484376
vn -0.441076 0.755534 -0.484376
vn 0.387441 0.920706 0.046805
vn 0.387441 0.920706 0.046805
vn -0.223411 0.879097 -0.421042
vn -0.223411 0.879097 -0.421042
vn 0.539761 0.783022 -0.309086
vn 0.527810 0.803882 -0.274207
vn 0.425803 0.898791 -0.104248
vn 0.381459 0.922936 -0.051746
vn 0.589213 0.631546 -0.503962
vn 0.589213 0.631546 -0.503962
vn 0.055475 0.960582 0.272404
vn 0.055475 0.960582 0.272404
vn 0.534555 0.787846 -0.305858
vn 0.534555 0.787846 -0.305858
vn 0.160838 0.981488 0.103986
vn 0.172417 0.982990 0.063265
vn 0.257294 0.956470 -0.137716
vn 0.289921 0.936016 -0.199550
vn 0.087875 0.936095 0.340595
vn 0.087875 0.936095 0.340595
vn 0.462703 0.693715 -0.551965
vn 0.462703 0.693715 -0.551965
vn 0.166718 0.981035 0.098868
vn 0.166718 0.981035 0.098868
vn -0.227384 0.875382 -0.426617
vn -0.189809 0.890289 -0.413954
vn -0.006089 0.950833 -0.309644
vn 0.050450 0.962841 -0.265314
vn -0.441076 0.755534 -0.484376
vn -0.441076 0.755534 -0.484376
vn 0.387441 0.920706 0.046805
vn 0.387441 0.920706 0.046805
vn -0.223411 0.879097 -0.421042
vn -0.223411 0.879097 -0.421042
vn -0.227384 0.875382 -0.426617
vn -0.189809 0.890289 -0.413954
vn -0.006089 0.950833 -0.309644
vn 0.050450 0.962841 -0.265314
vn -0.441076 0.755534 -0.484376
vn -0.441076 0.755534 -0.484376
vn 0.387441 0.920706 0.046805
vn 0.387441 0.920706 0.046805
vn -0.223411 0.879097 -0.421042
vn -0.223411 0.879097 -0.421042
vn 0.539761 0.783022 -0.309086
vn 0.527810 0.803882 -0.274207
vn 0.425803 0.898791 -0.104248
vn 0.381459 0.922936 -0.051746
vn 0.589213 0.631546 -0.503962
vn 0.589213 0.631546 -0.503962
vn 0.055475 0.960582 0.272404
vn 0.055475 0.960582 0.272404
vn 0.534555 0.787846 -0.305858
vn 0.534555 0.787846 -0.305858
vn 0.160838 0.981488 0.103986
vn 0.172417 0.982990 0.063265
vn 0.257294 0.956470 -0.137716
vn 0.289921 0.936016 -0.199550
vn 0.087875 0.936095 0.340595
vn 0.087875 0.936095 0.340595
vn 0.462703 0.693715 -0.551965
vn 0.462703 0.693715 -0.551965
vn 0.166718 0.981035 0.098868
vn 0.166718 0.981035 0.098868
vn -0.041620 -0.177086 0.983315
vn -0.037826 -0.218472 0.975110
vn -0.049715 -0.425880 0.903413
vn -0.061196 -0.489502 0.869852
vn -0.063772 0.073379 0.995263
vn -0.063772 0.073379 0.995263
vn -0.132846 -0.820218 0.556412
vn -0.132846 -0.820218 0.556412
vn -0.045325 -0.183806 0.981917
vn -0.045325 -0.183806 0.981917
vn -0.327765 0.687482 -0.648026
vn -0.367350 0.674420 -0.640477
vn -0.556183 0.566859 -0.607726
vn -0.611062 0.520274 -0.596589
vn -0.082140 0.738195 -0.669568
vn -0.082140 0.738195 -0.669568
vn -0.871796 0.164629 -0.461378
vn -0.871796 0.164629 -0.461378
vn -0.333554 0.682684 -0.650142
vn -0.333554 0.682684 -0.650142
vn 0.360612 0.066971 -0.930308
vn 0.359953 0.068906 -0.930422
vn 0.388420 -0.006549 -0.921459
vn 0.396275 -0.028408 -0.917692
vn -0.367444 -0.075717 -0.926958
vn -0.367444 -0.075717 -0.926958
vn -0.373918 -0.037382 -0.926708
vn -0.381258 0.010914 -0.924404
vn -0.875309 -0.195866 -0.442120
vn -0.875309 -0.195866 -0.442120
vn -0.858752 -0.026766 -0.511691
vn -0.862586 -0.049062 -0.503526
vn -0.882256 -0.199911 0.426215
vn -0.882256 -0.199911 0.426215
vn -0.933426 0.016646 0.358384
vn -0.908537 -0.114443 0.401825
vn -0.331177 -0.065337 0.941304
vn -0.331177 -0.065337 0.941304
vn -0.338633 0.012669 0.940833
vn -0.333840 -0.039863 0.941786
vn 0.342417 0.055871 0.937885
vn 0.342417 0.055871 0.937885
vn 0.351347 -0.007118 0.936218
vn 0.346391 0.029063 0.937640
vn 0.918004 0.137765 0.371873
vn 0.918004 0.137765 0.371873
vn 0.919290 0.036267 0.391906
vn 0.918647 0.021246 0.394509
vn 0.862003 0.143839 -0.486067
vn 0.862003 0.143839 -0.486067
vn 0.879579 0.083539 -0.468361
vn 0.903422 -0.037774 -0.427085
vn 0.000000 -1.000000 0.000002
vn 0.000000 -1.000000 0.000003
vn 0.000000 -1.000000 0.000002
vn 0.000000 -1.000000 0.000000
vn 0.000000 -1.000000 0.000000
vn 0.000000 -1.000000 0.000000
vn 0.000000 -1.000000 0.000000
vn 0.000000 -1.000000 0.000000
vn 0.000000 -1.000000 0.000000
vn 0.000000 -1.000000 0.000000
vn 0.000000 1.000000 0.000000
vn 0.000000 1.000000 0.000000
vn 0.000000 1.000000 0.000000
vn 0.000000 1.000000 0.000000
vn 0.000000 1.000000 0.000000
vn 0.000000 1.000000 0.000000
vn 0.000000 1.000000 0.000000
vn 0.000000 1.000000 0.000000
vn 0.000000 1.000000 0.000000
vn 0.368830 -0.124829 -0.921077
vn 0.355695 0.005483 -0.934586
vn 0.404032 0.124277 -0.906264
vn 0.347955 0.120644 -0.929716
vn -0.308758 0.114873 -0.944178
vn -0.301846 0.131532 -0.944240
vn -0.295489 0.146610 -0.944030
vn -0.295489 0.146610 -0.944030
vn -0.826169 0.233863 -0.512594
vn -0.848243 0.211104 -0.485715
vn -0.875022 0.180642 -0.449115
vn -0.875022 0.180642 -0.449115
vn -0.901323 0.258466 0.347580
vn -0.901993 0.253056 0.349816
vn -0.906742 0.202039 0.370135
vn -0.906742 0.202039 0.370135
vn -0.314063 0.150993 0.937318
vn -0.318528 0.132802 0.938565
vn -0.305600 0.184159 0.934181
vn -0.305600 0.184159 0.934181
vn 0.413178 0.062571 0.908498
vn 0.354745 -0.036765 0.934240
vn 0.460122 0.149826 0.875122
vn 0.460122 0.149826 0.875122
vn 0.894636 0.004802 0.446770
vn 0.846874 -0.136943 0.513859
vn 0.917309 0.134625 0.374727
vn 0.917309 0.134625 0.374727
vn 0.914351 0.133382 -0.382323
vn 0.914351 0.133382 -0.382323
vn 0.914351 0.133382 -0.382323
vn 0.914351 0.133382 -0.382323
vn 0.403253 -0.157419 -0.901447
vn 0.366316 -0.157737 -0.917023
vn -0.377051 0.123606 -0.917908
vn -0.372233 0.122026 -0.920082
vn -0.775322 0.236140 -0.585759
vn -0.776429 0.233882 -0.585199
vn -0.931592 0.251609 0.262353
vn -0.931592 0.251609 0.262353
vn -0.330993 0.113538 0.936778
vn -0.337755 0.110815 0.934688
vn 0.353479 -0.130514 0.926293
vn 0.356276 -0.130241 0.925259
vn 0.820711 -0.334046 0.463515
vn 0.813593 -0.338766 0.472551
vn 0.884873 -0.382662 -0.265649
vn 0.879801 -0.402657 -0.252619
vn 0.359670 0.069737 -0.930470
vn 0.368437 0.047214 -0.928453
vn 0.421511 -0.159849 -0.892623
vn 0.399076 0.044419 -0.915841
vn 0.426511 0.125628 -0.895715
vn 0.331955 -0.129707 -0.934335
vn 0.352292 -0.133598 -0.926306
vn 0.340425 -0.145154 -0.929000
vn 0.868857 -0.386459 -0.309413
vn 0.868857 -0.386459 -0.309413
vn 0.868857 -0.386459 -0.309413
vn 0.868857 -0.386459 -0.309413
vn 0.753837 -0.342352 0.560825
vn 0.758124 -0.347097 0.552060
vn 0.318225 -0.122842 0.940023
vn 0.320733 -0.123810 0.939043
vn -0.321696 0.114750 0.939864
vn -0.322030 0.114172 0.939820
vn -0.896299 0.292847 0.332999
vn -0.896299 0.292847 0.332999
vn -0.784503 0.253824 -0.565799
vn -0.792009 0.253107 -0.555570
vn -0.329720 0.108088 -0.937871
vn -0.326445 0.107015 -0.939139
vn 0.870647 -0.433993 -0.231567
vn 0.870647 -0.433993 -0.231567
vn -0.901614 0.334905 0.273736
vn -0.901614 0.334905 0.273736
vn -0.901614 0.334905 0.273736
vn -0.901614 0.334905 0.273736
vn -0.221528 -0.879741 0.420690
vn -0.221528 -0.879741 0.420690
vn -0.221528 -0.879741 0.420690
vn -0.221528 -0.879741 0.420690
vn -0.024340 0.009302 0.999660
vn -0.024340 0.009302 0.999660
vn -0.024340 0.009302 0.999660
vn -0.024340 0.009302 0.999660
vn -0.141860 0.977334 -0.157143
vn -0.141860 0.977334 -0.157143
vn -0.141860 0.977334 -0.157143
vn -0.141860 0.977334 -0.157143
vn -0.122373 0.044214 -0.991499
vn -0.122373 0.044214 -0.991499
vn -0.122373 0.044214 -0.991499
vn -0.122373 0.044213 -0.991499
vn 0.446368 -0.894759 0.012729
vn 0.446368 -0.894759 0.012729
vn 0.446368 -0.894759 0.012729
vn 0.446368 -0.894759 0.012729
vn 0.388403 -0.165735 -0.906463
vn 0.388403 -0.165735 -0.906463
vn -0.172751 0.984451 0.031824
vn -0.172751 0.984451 0.031824
vn -0.172751 0.984451 0.031824
vn -0.172751 0.984451 0.031824
vn -0.231810 0.107674 0.966783
vn -0.231810 0.107674 0.966783
vn -0.231810 0.107674 0.966783
vn -0.231810 0.107674 0.966783
vn 0.041158 0.984437 -0.170849
vn 0.052477 0.990069 -0.130419
vn 0.077442 0.993114 0.087909
vn 0.076861 0.984090 0.160187
vn -0.028387 0.914943 -0.402583
vn -0.028387 0.914943 -0.402583
vn 0.055371 0.808342 0.586103
vn 0.055371 0.808342 0.586103
vn 0.038757 0.985773 -0.163554
vn 0.038757 0.985773 -0.163554
vn -0.167098 0.984437 -0.054421
vn -0.125905 0.990069 -0.062537
vn 0.093707 0.993114 -0.070313
vn 0.165717 0.984090 -0.064069
vn -0.403574 0.914941 -0.003252
vn -0.403574 0.914941 -0.003252
vn 0.588638 0.808343 -0.009264
vn 0.588638 0.808343 -0.009264
vn -0.160015 0.985772 -0.051458
vn -0.160015 0.985772 -0.051458
vn -0.094067 0.984437 0.148441
vn -0.091740 0.990069 0.106520
vn -0.044946 0.993114 -0.108190
vn -0.021082 0.984090 -0.176418
vn -0.102988 0.914943 0.390222
vn -0.102988 0.914943 0.390222
vn 0.136643 0.808343 -0.572634
vn 0.136644 0.808343 -0.572634
vn -0.089442 0.985773 0.142308
vn -0.089442 0.985773 0.142308
vn 0.316395 0.887929 0.333881
vn 0.276149 0.901146 0.334181
vn 0.066129 0.953052 0.295497
vn -0.002194 0.962296 0.271996
vn 0.542130 0.777587 0.318517
vn 0.542130 0.777587 0.318517
vn -0.420175 0.903353 0.086060
vn -0.420175 0.903353 0.086060
vn 0.310671 0.891429 0.329906
vn 0.310671 0.891429 0.329906
vn -0.099819 0.421785 -0.901185
vn -0.084751 0.457898 -0.884956
vn -0.035668 0.638103 -0.769124
vn -0.026907 0.692232 -0.721173
vn -0.186214 0.193635 -0.963239
vn -0.186214 0.193635 -0.963239
vn 0.021966 0.941538 -0.336189
vn 0.021966 0.941538 -0.336189
vn -0.101519 0.428601 -0.897772
vn -0.101519 0.428601 -0.897772
vn -0.099819 0.421785 -0.901185
vn -0.084751 0.457898 -0.884956
vn -0.035668 0.638103 -0.769124
vn -0.026907 0.692232 -0.721173
vn -0.186214 0.193635 -0.963239
vn -0.186214 0.193635 -0.963239
vn 0.021966 0.941538 -0.336189
vn 0.021966 0.941538 -0.336189
vn -0.101519 0.428601 -0.897772
vn -0.101519 0.428601 -0.897772
vn 0.396956 0.807174 -0.436917
vn 0.360536 0.827692 -0.430047
vn 0.153302 0.898449 -0.411447
vn 0.081340 0.909259 -0.408205
vn 0.596558 0.655944 -0.462445
vn 0.596558 0.655944 -0.462445
vn -0.373114 0.860908 -0.345866
vn -0.373114 0.860908 -0.345866
vn 0.389926 0.809080 -0.439712
vn 0.389926 0.809080 -0.439712
vn -0.192866 0.882357 -0.429243
vn -0.158388 0.877171 -0.453303
vn 0.039999 0.840430 -0.540441
vn 0.108723 0.823155 -0.557311
vn -0.388283 0.880923 -0.270575
vn -0.388283 0.880923 -0.270575
vn 0.521778 0.619892 -0.586073
vn 0.521778 0.619892 -0.586073
vn -0.185199 0.883644 -0.429970
vn -0.185199 0.883644 -0.429970
vn 0.422869 0.502171 0.754324
vn 0.388102 0.494960 0.777426
vn 0.186559 0.471556 0.861876
vn 0.115605 0.465801 0.877305
vn 0.611700 0.527264 0.589759
vn 0.611700 0.527264 0.589759
vn -0.337427 0.380643 0.860961
vn -0.337427 0.380643 0.860961
vn 0.415832 0.504808 0.756474
vn 0.415832 0.504808 0.756474
vn 0.422869 0.502171 0.754324
vn 0.388102 0.494960 0.777426
vn 0.186559 0.471556 0.861876
vn 0.115605 0.465801 0.877305
vn 0.611700 0.527264 0.589759
vn 0.611700 0.527264 0.589759
vn -0.337427 0.380643 0.860961
vn -0.337427 0.380643 0.860961
vn 0.415832 0.504808 0.756474
vn 0.415832 0.504808 0.756474
vn -0.157608 0.033356 0.986938
vn -0.177566 0.070337 0.981592
vn -0.246133 0.272686 0.930087
vn -0.258725 0.339626 0.904276
vn -0.032949 -0.185289 0.982131
vn -0.032949 -0.185289 0.982131
vn -0.296506 0.712709 0.635712
vn -0.296506 0.712709 0.635712
vn -0.156957 0.041110 0.986749
vn -0.156957 0.041110 0.986749
vn -0.237722 0.583675 0.776410
vn -0.214324 0.558596 0.801271
vn -0.114888 0.396174 0.910959
vn -0.087825 0.334342 0.938351
vn -0.367964 0.709213 0.601347
vn -0.367964 0.709214 0.601347
vn 0.081933 -0.091104 0.992465
vn 0.081933 -0.091104 0.992465
vn -0.237610 0.577433 0.781097
vn -0.237610 0.577433 0.781097
vn 0.037348 0.984437 -0.171723
vn 0.049565 0.990069 -0.131552
vn 0.079377 0.993114 0.086167
vn 0.080404 0.984089 0.158440
vn -0.037333 0.914941 -0.401857
vn -0.037333 0.914941 -0.401857
vn 0.068389 0.808342 0.584727
vn 0.068389 0.808342 0.584727
vn 0.035112 0.985771 -0.164385
vn 0.035112 0.985771 -0.164385
vn 0.037348 0.984437 -0.171723
vn 0.049565 0.990069 -0.131552
vn 0.079377 0.993114 0.086167
vn 0.080404 0.984089 0.158440
vn -0.037333 0.914941 -0.401857
vn -0.037333 0.914941 -0.401857
vn 0.068389 0.808342 0.584727
vn 0.068389 0.808342 0.584727
vn 0.035112 0.985771 -0.164385
vn 0.035112 0.985771 -0.164385
vn 0.455071 0.767153 0.452092
vn 0.417924 0.777786 0.469456
vn 0.209928 0.828616 0.518966
vn 0.138268 0.841008 0.523056
vn 0.657014 0.676862 0.331949
vn 0.657014 0.676862 0.331949
vn -0.320122 0.818628 0.476833
vn -0.320122 0.818628 0.476833
vn 0.448558 0.771370 0.451424
vn 0.448558 0.771370 0.451424
vn -0.129327 0.876380 0.463932
vn -0.091543 0.888696 0.449266
vn 0.118046 0.913995 0.388173
vn 0.188630 0.909358 0.370792
vn -0.346753 0.770873 0.534339
vn -0.346753 0.770872 0.534339
vn 0.602247 0.765730 0.225735
vn 0.602247 0.765730 0.225735
vn -0.121645 0.876787 0.465238
vn -0.121645 0.876787 0.465238
vn -0.074799 0.849026 0.523029
vn -0.040671 0.837306 0.545220
vn 0.115415 0.738512 0.664289
vn 0.160188 0.694597 0.701338
vn -0.274046 0.886129 0.373729
vn -0.274046 0.886129 0.373729
vn 0.409927 0.335655 0.848113
vn 0.409927 0.335655 0.848113
vn -0.072106 0.845330 0.529356
vn -0.072106 0.845330 0.529356
vn -0.058800 0.993424 0.098244
vn -0.036954 0.990238 0.134396
vn 0.047747 0.942269 0.331434
vn 0.067821 0.915656 0.396200
vn -0.186576 0.975342 -0.117888
vn -0.186576 0.975342 -0.117888
vn 0.175089 0.638797 0.749187
vn 0.175089 0.638797 0.749187
vn -0.059135 0.992607 0.105990
vn -0.059135 0.992607 0.105990
vn -0.226010 0.938931 0.259477
vn -0.189063 0.951436 0.242952
vn 0.019196 0.983394 0.180463
vn 0.090452 0.982068 0.165411
vn -0.434923 0.830294 0.348501
vn -0.434923 0.830294 0.348501
vn 0.520324 0.851822 0.060511
vn 0.520324 0.851822 0.060511
vn -0.218456 0.940356 0.260784
vn -0.218456 0.940356 0.260784
vn -0.099377 0.897791 0.429062
vn -0.109132 0.913855 0.391100
vn -0.124328 0.975641 0.180740
vn -0.120018 0.986783 0.108883
vn -0.036897 0.770128 0.636822
vn -0.036897 0.770128 0.636822
vn -0.070297 0.935307 -0.346783
vn -0.070297 0.935307 -0.346784
vn -0.096722 0.901161 0.422557
vn -0.096722 0.901161 0.422557
vn 0.350919 0.809868 0.470075
vn 0.311731 0.817528 0.484222
vn 0.096880 0.851049 0.516071
vn 0.024332 0.857308 0.514228
vn 0.568760 0.735490 0.368194
vn 0.568760 0.735490 0.368194
vn -0.425322 0.795030 0.432469
vn -0.425322 0.795030 0.432469
vn 0.344134 0.813520 0.468784
vn 0.344134 0.813520 0.468784
vn -0.041620 -0.177086 0.983315
vn -0.037826 -0.218472 0.975110
vn -0.049715 -0.425880 0.903413
vn -0.061196 -0.489502 0.869852
vn -0.063772 0.073379 0.995263
vn -0.063772 0.073379 0.995263
vn -0.132846 -0.820218 0.556412
vn -0.132846 -0.820218 0.556412
vn -0.045325 -0.183806 0.981917
vn -0.045325 -0.183806 0.981917
vn 0.041157 0.984438 -0.170846
vn 0.052477 0.990070 -0.130415
vn 0.077442 0.993113 0.087911
vn 0.076861 0.984090 0.160188
vn -0.028388 0.914943 -0.402583
vn -0.028388 0.914943 -0.402583
vn 0.055371 0.808343 0.586103
vn 0.055371 0.808343 0.586102
vn 0.038759 0.985776 -0.163537
vn 0.038759 0.985775 -0.163537
vn -0.185648 0.911607 0.366754
vn -0.144932 0.921452 0.360445
vn 0.074075 0.934647 0.347776
vn 0.146425 0.926206 0.347423
vn -0.418565 0.819412 0.391622
vn -0.418565 0.819411 0.391622
vn 0.574164 0.757542 0.310589
vn 0.574164 0.757542 0.310589
vn -0.178473 0.911804 0.369813
vn -0.178473 0.911804 0.369813
vn -0.327765 0.687482 -0.648026
vn -0.367350 0.674420 -0.640477
vn -0.556183 0.566859 -0.607726
vn -0.611062 0.520274 -0.596589
vn -0.082140 0.738195 -0.669568
vn -0.082140 0.738195 -0.669568
vn -0.871796 0.164629 -0.461378
vn -0.871796 0.164629 -0.461378
vn -0.333554 0.682684 -0.650142
vn -0.333554 0.682684 -0.650142
vn -0.185648 0.911607 0.366754
vn -0.144932 0.921452 0.360445
vn 0.074075 0.934647 0.347776
vn 0.146425 0.926206 0.347423
vn -0.418565 0.819412 0.391622
vn -0.418565 0.819411 0.391622
vn 0.574164 0.757542 0.310589
vn 0.574164 0.757542 0.310589
vn -0.178473 0.911804 0.369813
vn -0.178473 0.911804 0.369813
vn -0.185650 0.911605 0.366757
vn -0.144934 0.921450 0.360448
vn 0.074075 0.934646 0.347779
vn 0.146424 0.926205 0.347425
vn -0.418564 0.819413 0.391621
vn -0.418564 0.819413 0.391621
vn 0.574152 0.757554 0.310583
vn 0.574152 0.757554 0.310583
vn -0.178473 0.911806 0.369806
vn -0.178473 0.911806 0.369806
vn 0.577490 0.678483 -0.454055
vn 0.602713 0.675293 -0.425107
vn 0.716174 0.659959 -0.227045
vn 0.739180 0.653973 -0.161037
vn 0.386489 0.674778 -0.628730
vn 0.386489 0.674778 -0.628729
vn 0.789768 0.536788 0.296860
vn 0.789768 0.536788 0.296860
vn 0.577993 0.681384 -0.449043
vn 0.577993 0.681384 -0.449043
vn -0.219978 0.964313 0.147343
vn -0.229991 0.968001 0.100394
vn -0.237323 0.964346 -0.117105
vn -0.231825 0.956908 -0.174883
vn -0.158873 0.909334 0.384540
vn -0.158873 0.909334 0.384540
vn -0.151141 0.786620 -0.598653
vn -0.151141 0.786620 -0.598653
vn -0.217728 0.966070 0.138938
vn -0.217728 0.966070 0.138938
vn 0.209300 0.677565 0.705053
vn 0.173082 0.674591 0.717614
vn -0.036386 0.664358 0.746528
vn -0.112796 0.660186 0.742584
vn 0.423904 0.674669 0.604258
vn 0.423904 0.674669 0.604258
vn -0.538264 0.563600 0.626600
vn -0.538264 0.563600 0.626600
vn 0.201143 0.680189 0.704900
vn 0.201143 0.680189 0.704900
vn -0.160685 0.985634 -0.052016
vn -0.127631 0.990049 -0.059280
vn 0.082647 0.994020 -0.071375
vn 0.162875 0.984492 -0.065170
vn -0.388050 0.921635 0.002512
vn -0.388050 0.921635 0.002512
vn 0.570166 0.821337 -0.017800
vn 0.570166 0.821336 -0.017800
vn -0.155570 0.986621 -0.048760
vn -0.155570 0.986621 -0.048760
vn 0.382713 0.395006 0.835165
vn 0.413001 0.413045 0.811680
vn 0.574291 0.466900 0.672454
vn 0.625340 0.472782 0.620828
vn 0.190736 0.272950 0.942931
vn 0.190736 0.272950 0.942931
vn 0.866569 0.443536 0.228767
vn 0.866569 0.443536 0.228767
vn 0.389882 0.394309 0.832174
vn 0.389882 0.394309 0.832174
vn 0.382713 0.395006 0.835165
vn 0.413001 0.413045 0.811680
vn 0.574291 0.466900 0.672454
vn 0.625340 0.472782 0.620828
vn 0.190736 0.272950 0.942931
vn 0.190736 0.272950 0.942931
vn 0.866569 0.443536 0.228767
vn 0.866569 0.443536 0.228767
vn 0.389882 0.394309 0.832174
vn 0.389882 0.394309 0.832174
vn 0.615060 0.765840 0.187591
vn 0.646399 0.738004 0.193697
vn 0.780089 0.573194 0.250818
vn 0.813313 0.512913 0.274667
vn 0.407221 0.901594 0.145940
vn 0.407221 0.901594 0.145940
vn 0.914934 0.079536 0.395689
vn 0.914934 0.079536 0.395689
vn 0.618936 0.761433 0.192711
vn 0.618936 0.761433 0.192711
vn 0.873637 0.274914 0.401473
vn 0.856508 0.312530 0.410755
vn 0.754160 0.506903 0.417483
vn 0.715112 0.567647 0.407911
vn 0.942729 0.043420 0.330720
vn 0.942729 0.043420 0.330720
vn 0.390167 0.873489 0.291182
vn 0.390167 0.873489 0.291182
vn 0.872381 0.282220 0.399128
vn 0.872381 0.282220 0.399128
vn -0.461155 0.858719 0.223467
vn -0.491462 0.848640 0.195640
vn -0.615324 0.787891 0.024568
vn -0.644853 0.763393 -0.037350
vn -0.264725 0.887014 0.378321
vn -0.264725 0.887014 0.378321
vn -0.742114 0.523218 -0.418939
vn -0.742114 0.523218 -0.418939
vn -0.463667 0.859252 0.216097
vn -0.463667 0.859252 0.216097
vn 0.497806 0.858719 0.121616
vn 0.503434 0.848639 0.162374
vn 0.489891 0.787888 0.373147
vn 0.473195 0.763391 0.439683
vn 0.445083 0.887016 -0.122899
vn 0.445083 0.887016 -0.122899
vn 0.305006 0.523218 0.795748
vn 0.305006 0.523218 0.795748
vn 0.495044 0.859256 0.128882
vn 0.495044 0.859256 0.128882
vn 0.037349 0.984437 -0.171724
vn 0.049565 0.990069 -0.131556
vn 0.079377 0.993114 0.086162
vn 0.080404 0.984090 0.158435
vn -0.037332 0.914944 -0.401851
vn -0.037332 0.914944 -0.401851
vn 0.068389 0.808343 0.584726
vn 0.068389 0.808343 0.584726
vn 0.035111 0.985770 -0.164390
vn 0.035111 0.985770 -0.164390
vn 0.037349 0.984437 -0.171724
vn 0.049565 0.990069 -0.131556
vn 0.079377 0.993114 0.086162
vn 0.080404 0.984090 0.158435
vn -0.037332 0.914944 -0.401851
vn -0.037332 0.914944 -0.401851
vn 0.068389 0.808343 0.584726
vn 0.068389 0.808343 0.584726
vn 0.035111 0.985770 -0.164390
vn 0.035111 0.985770 -0.164390
vn 0.455077 0.767148 0.452094
vn 0.417930 0.777781 0.469459
vn 0.209928 0.828612 0.518972
vn 0.138265 0.841006 0.523061
vn 0.657015 0.676864 0.331943
vn 0.657015 0.676864 0.331943
vn -0.320116 0.818634 0.476827
vn -0.320116 0.818634 0.476827
vn 0.448549 0.771376 0.451424
vn 0.448549 0.771376 0.451424
vn -0.129323 0.876385 0.463923
vn -0.091539 0.888701 0.449256
vn 0.118042 0.913999 0.388165
vn 0.188626 0.909361 0.370786
vn -0.346753 0.770867 0.534346
vn -0.346753 0.770867 0.534346
vn 0.602266 0.765713 0.225741
vn 0.602266 0.765713 0.225741
vn -0.121648 0.876776 0.465259
vn -0.121648 0.876776 0.465259
vn -0.043594 0.847728 0.528637
vn -0.014668 0.831663 0.555087
vn 0.109580 0.713219 0.692323
vn 0.142896 0.663767 0.734162
vn -0.213512 0.910598 0.353871
vn -0.213512 0.910598 0.353871
vn 0.323254 0.275298 0.905382
vn 0.323254 0.275298 0.905382
vn -0.042297 0.843687 0.535166
vn -0.042297 0.843687 0.535166
vn -0.043594 0.847728 0.528637
vn -0.014668 0.831663 0.555087
vn 0.109580 0.713219 0.692323
vn 0.142896 0.663767 0.734162
vn -0.213512 0.910598 0.353871
vn -0.213512 0.910598 0.353871
vn 0.323254 0.275298 0.905382
vn 0.323254 0.275298 0.905382
vn -0.042297 0.843687 0.535166
vn -0.042297 0.843687 0.535166
vn 0.609451 0.438981 0.660201
vn 0.584030 0.425483 0.691284
vn 0.420295 0.371824 0.827707
vn 0.358070 0.357240 0.862650
vn 0.736104 0.503451 0.452425
vn 0.736104 0.503451 0.452425
vn -0.072399 0.231220 0.970204
vn -0.072399 0.231220 0.970204
vn 0.603329 0.440563 0.664754
vn 0.603330 0.440563 0.664754
vn 0.092366 0.338935 0.936265
vn 0.119566 0.368134 0.922053
vn 0.279527 0.485951 0.828080
vn 0.334831 0.513912 0.789799
vn -0.070425 0.153394 0.985652
vn -0.070425 0.153394 0.985652
vn 0.639545 0.616612 0.459099
vn 0.639545 0.616612 0.459099
vn 0.099820 0.340744 0.934842
vn 0.099820 0.340744 0.934842
vn 0.382713 0.395006 0.835165
vn 0.413001 0.413045 0.811680
vn 0.574291 0.466900 0.672454
vn 0.625340 0.472782 0.620828
vn 0.190736 0.272950 0.942931
vn 0.190736 0.272950 0.942931
vn 0.866569 0.443536 0.228767
vn 0.866569 0.443536 0.228767
vn 0.389882 0.394309 0.832174
vn 0.389882 0.394309 0.832174
vn 0.382713 0.395006 0.835165
vn 0.413001 0.413045 0.811680
vn 0.574291 0.466900 0.672454
vn 0.625340 0.472782 0.620828
vn 0.190736 0.272950 0.942931
vn 0.190736 0.272950 0.942931
vn 0.866569 0.443536 0.228767
vn 0.866569 0.443536 0.228767
vn 0.389882 0.394309 0.832174
vn 0.389882 0.394309 0.832174
vn 0.615060 0.765840 0.187591
vn 0.646399 0.738004 0.193697
vn 0.780089 0.573194 0.250818
vn 0.813313 0.512913 0.274667
vn 0.407221 0.901594 0.145940
vn 0.407221 0.901594 0.145940
vn 0.914934 0.079536 0.395689
vn 0.914934 0.079536 0.395689
vn 0.618936 0.761433 0.192711
vn 0.618936 0.761433 0.192711
vn 0.873637 0.274914 0.401473
vn 0.856508 0.312530 0.410755
vn 0.754160 0.506903 0.417483
vn 0.715112 0.567647 0.407911
vn 0.942729 0.043420 0.330720
vn 0.942729 0.043420 0.330720
vn 0.390167 0.873489 0.291182
vn 0.390167 0.873489 0.291182
vn 0.872381 0.282220 0.399128
vn 0.872381 0.282220 0.399128
vn 0.196818 0.094552 0.975870
vn 0.209741 0.134218 0.968501
vn 0.299847 0.321878 0.898046
vn 0.333578 0.376817 0.864138
vn 0.114580 -0.143258 0.983030
vn 0.114580 -0.143258 0.983030
vn 0.507617 0.664520 0.548396
vn 0.507617 0.664520 0.548396
vn 0.202822 0.099217 0.974176
vn 0.202822 0.099217 0.974176
vn 0.196818 0.094552 0.975870
vn 0.209741 0.134218 0.968501
vn 0.299847 0.321878 0.898046
vn 0.333578 0.376817 0.864138
vn 0.114580 -0.143258 0.983030
vn 0.114580 -0.143258 0.983030
vn 0.507617 0.664520 0.548396
vn 0.507617 0.664520 0.548396
vn 0.202822 0.099217 0.974176
vn 0.202822 0.099217 0.974176
vn 0.119020 0.781864 0.611982
vn 0.160883 0.775584 0.610398
vn 0.367786 0.701486 0.610451
vn 0.430713 0.664796 0.610354
vn -0.132302 0.789166 0.599761
vn -0.132302 0.789166 0.599761
vn 0.763160 0.352524 0.541585
vn 0.763160 0.352524 0.541585
vn 0.125205 0.778327 0.615249
vn 0.125205 0.778327 0.615249
vn 0.623655 0.467638 0.626394
vn 0.590037 0.481193 0.648313
vn 0.400268 0.563150 0.722944
vn 0.333795 0.590486 0.734784
vn 0.798767 0.371512 0.473234
vn 0.798767 0.371512 0.473234
vn -0.115412 0.692693 0.711938
vn -0.115412 0.692693 0.711938
vn 0.618390 0.473307 0.627355
vn 0.618390 0.473307 0.627355
vn 0.041157 0.984438 -0.170846
vn 0.052477 0.990070 -0.130415
vn 0.077442 0.993113 0.087911
vn 0.076861 0.984090 0.160188
vn -0.028388 0.914943 -0.402583
vn -0.028388 0.914943 -0.402583
vn 0.055371 0.808343 0.586103
vn 0.055371 0.808343 0.586102
vn 0.038759 0.985776 -0.163537
vn 0.038759 0.985775 -0.163537
vn 0.512447 0.858718 -0.000793
vn 0.527646 0.848639 0.037442
vn 0.564832 0.787888 0.245350
vn 0.564510 0.763390 0.313949
vn 0.402854 0.887015 -0.225639
vn 0.402854 0.887015 -0.225639
vn 0.486222 0.523215 0.699881
vn 0.486222 0.523215 0.699881
vn 0.511497 0.859257 0.006931
vn 0.511497 0.859257 0.006931
vn -0.395451 0.858719 -0.325914
vn -0.382801 0.848640 -0.365067
vn -0.278983 0.787888 -0.549000
vn -0.235025 0.763390 -0.601663
vn -0.454257 0.887015 -0.082790
vn -0.454257 0.887015 -0.082790
vn 0.071215 0.523221 -0.849216
vn 0.071215 0.523221 -0.849216
vn -0.389803 0.859256 -0.331260
vn -0.389803 0.859256 -0.331260
vn -0.178454 0.656991 0.732473
vn -0.138069 0.669509 0.729859
vn 0.080227 0.691801 0.717618
vn 0.152573 0.685975 0.711449
vn -0.409638 0.557969 0.721712
vn -0.409638 0.557969 0.721712
vn 0.579836 0.559744 0.592010
vn 0.579836 0.559744 0.592010
vn -0.171167 0.656010 0.735087
vn -0.171167 0.656010 0.735087
s 1
g group30_pasted__group28_pasted__pasted__group11_pasted__pasted__pasted__group6_pasted__pasted__pasted__pasted__group4_pasted__group2_pasted__pasted__pPlane4
usemtl blinn26SG
f 1496/1781/2234 1497/1782/2235 1499/1784/2236 1498/1783/2237
f 1497/1782/2235 1496/1786/2234 1500/1785/2238 1501/2668/2239
f 1498/2669/2237 1499/1788/2236 1503/1787/2240 1502/2670/2241
f 1499/1790/2236 1497/1789/2235 1504/2671/2242 1505/2672/2243
s 2
f 1506/1791/2244 1507/1792/2245 1509/1793/2246 1508/1794/2247
f 1507/1792/2245 1506/1795/2244 1510/1796/2248 1511/2673/2249
f 1508/2674/2247 1509/1797/2246 1513/1798/2250 1512/2675/2251
f 1509/1799/2246 1507/1800/2245 1514/2676/2252 1515/2677/2253
s 3
f 1516/1801/2254 1517/1802/2255 1519/1803/2256 1518/1804/2257
f 1517/1802/2255 1516/1805/2254 1520/1806/2258 1521/2678/2259
f 1518/2679/2257 1519/1807/2256 1523/1808/2260 1522/2680/2261
f 1519/1809/2256 1517/1810/2255 1524/2681/2262 1525/2682/2263
s 4
f 1526/1811/2264 1527/1812/2265 1529/1813/2266 1528/1814/2267
f 1527/1812/2265 1526/1815/2264 1530/1816/2268 1531/2683/2269
f 1528/2684/2267 1529/1817/2266 1533/1818/2270 1532/2685/2271
f 1529/1819/2266 1527/1820/2265 1534/2686/2272 1535/2687/2273
s 5
f 1536/1821/2274 1537/1822/2275 1539/1823/2276 1538/1824/2277
f 1537/1822/2275 1536/1825/2274 1540/1826/2278 1541/2688/2279
f 1538/2689/2277 1539/1827/2276 1543/1828/2280 1542/2690/2281
f 1539/1829/2276 1537/1830/2275 1544/2691/2282 1545/2692/2283
s 6
f 1546/1831/2284 1547/1832/2285 1549/1833/2286 1548/1834/2287
f 1547/1832/2285 1546/1835/2284 1550/1836/2288 1551/2693/2289
f 1548/2694/2287 1549/1837/2286 1553/1838/2290 1552/2695/2291
f 1549/1839/2286 1547/1840/2285 1554/2696/2292 1555/2697/2293
s 7
f 1556/1841/2294 1557/1842/2295 1559/1843/2296 1558/1844/2297
f 1557/1842/2295 1556/1845/2294 1560/1846/2298 1561/2698/2299
f 1558/2699/2297 1559/1847/2296 1563/1848/2300 1562/2700/2301
f 1559/1849/2296 1557/1850/2295 1564/2701/2302 1565/2702/2303
s 8
f 1566/1851/2304 1567/1852/2305 1569/1853/2306 1568/1854/2307
f 1567/1852/2305 1566/1855/2304 1570/1856/2308 1571/2703/2309
f 1568/2704/2307 1569/1857/2306 1573/1858/2310 1572/2705/2311
f 1569/1859/2306 1567/1860/2305 1574/2706/2312 1575/2707/2313
s 9
f 1576/1861/2314 1577/1862/2315 1579/1863/2316 1578/1864/2317
f 1577/1862/2315 1576/1865/2314 1580/1866/2318 1581/2708/2319
f 1578/2709/2317 1579/1867/2316 1583/1868/2320 1582/2710/2321
f 1579/1869/2316 1577/1870/2315 1584/2711/2322 1585/2712/2323
s 10
f 1586/1871/2324 1587/1872/2325 1589/1873/2326 1588/1874/2327
f 1587/1872/2325 1586/1875/2324 1590/1876/2328 1591/2713/2329
f 1588/2714/2327 1589/1877/2326 1593/1878/2330 1592/2715/2331
f 1589/1879/2326 1587/1880/2325 1594/2716/2332 1595/2717/2333
s 11
f 1596/1881/2334 1597/1882/2335 1599/1883/2336 1598/1884/2337
f 1597/1882/2335 1596/1885/2334 1600/1886/2338 1601/2718/2339
f 1598/2719/2337 1599/1887/2336 1603/1888/2340 1602/2720/2341
f 1599/1889/2336 1597/1890/2335 1604/2721/2342 1605/2722/2343
s 12
f 1606/1891/2344 1607/1892/2345 1609/1893/2346 1608/1894/2347
f 1607/1892/2345 1606/1895/2344 1610/1896/2348 1611/2723/2349
f 1608/2724/2347 1609/1897/2346 1613/1898/2350 1612/2725/2351
f 1609/1899/2346 1607/1900/2345 1614/2726/2352 1615/2727/2353
s 13
usemtl pasted__blinn27SG
f 1616/1901/2354 1617/1902/2355 1619/1903/2356 1618/1904/2357
f 1617/1902/2355 1616/1905/2354 1620/1906/2358 1621/2728/2359
f 1618/2729/2357 1619/1907/2356 1623/1908/2360 1622/2730/2361
f 1619/1909/2356 1617/1910/2355 1624/2731/2362 1625/2732/2363
s 14
usemtl pasted__blinn2SG
f 1626/1911/2364 1627/1912/2365 1629/1913/2366 1628/1914/2367
f 1627/1912/2365 1626/1915/2364 1630/1916/2368 1631/2733/2369
f 1628/2734/2367 1629/1917/2366 1633/1918/2370 1632/2735/2371
f 1629/1919/2366 1627/1920/2365 1634/2736/2372 1635/2737/2373
s 15
f 1636/1921/2374 1637/1922/2375 1639/1923/2376 1638/1924/2377
f 1637/1922/2375 1636/1925/2374 1640/1926/2378 1641/2738/2379
f 1638/2739/2377 1639/1927/2376 1643/1928/2380 1642/2740/2381
f 1639/1929/2376 1637/1930/2375 1644/2741/2382 1645/2742/2383
s 16
f 1646/1931/2384 1647/1932/2385 1649/1933/2386 1648/1934/2387
f 1647/1932/2385 1646/1935/2384 1650/1936/2388 1651/2743/2389
f 1648/2744/2387 1649/1937/2386 1653/1938/2390 1652/2745/2391
f 1649/1939/2386 1647/1940/2385 1654/2746/2392 1655/2747/2393
s 17
f 1656/1941/2394 1657/1942/2395 1659/1943/2396 1658/1944/2397
f 1657/1942/2395 1656/1945/2394 1660/1946/2398 1661/2748/2399
f 1658/2749/2397 1659/1947/2396 1663/1948/2400 1662/2750/2401
f 1659/1949/2396 1657/1950/2395 1664/2751/2402 1665/2752/2403
s 18
usemtl blinn2SG
f 1666/1951/2404 1667/1952/2405 1669/1953/2406 1668/1954/2407
f 1667/1952/2405 1666/1955/2404 1670/1956/2408 1671/2753/2409
f 1668/2754/2407 1669/1957/2406 1673/1958/2410 1672/2755/2411
f 1669/1959/2406 1667/1960/2405 1674/2756/2412 1675/2757/2413
s 19
f 1676/1961/2414 1677/1962/2415 1679/1963/2416 1678/1964/2417
f 1677/1962/2415 1676/1965/2414 1680/1966/2418 1681/2758/2419
f 1678/2759/2417 1679/1967/2416 1683/1968/2420 1682/2760/2421
f 1679/1969/2416 1677/1970/2415 1684/2761/2422 1685/2762/2423
s 20
f 1686/1971/2424 1687/1972/2425 1689/1973/2426 1688/1974/2427
f 1687/1972/2425 1686/1975/2424 1690/1976/2428 1691/2763/2429
f 1688/2764/2427 1689/1977/2426 1693/1978/2430 1692/2765/2431
f 1689/1979/2426 1687/1980/2425 1694/2766/2432 1695/2767/2433
s 21
f 1696/1981/2434 1697/1982/2435 1699/1983/2436 1698/1984/2437
f 1697/1982/2435 1696/1985/2434 1700/1986/2438 1701/2768/2439
f 1698/2769/2437 1699/1987/2436 1703/1988/2440 1702/2770/2441
f 1699/1989/2436 1697/1990/2435 1704/2771/2442 1705/2772/2443
s 22
usemtl pasted__blinn4SG
f 1706/1991/2444 1707/1992/2445 1709/1993/2446 1708/1994/2447
f 1707/1992/2445 1706/1995/2444 1710/1996/2448 1711/2773/2449
f 1708/2774/2447 1709/1997/2446 1713/1998/2450 1712/2775/2451
f 1709/1999/2446 1707/2000/2445 1714/2776/2452 1715/2777/2453
s 23
usemtl pasted__blinn6SG
f 1716/2001/2454 1717/2002/2455 1719/2003/2456 1718/2004/2457
f 1717/2002/2455 1716/2005/2454 1720/2006/2458 1721/2778/2459
f 1718/2779/2457 1719/2007/2456 1723/2008/2460 1722/2780/2461
f 1719/2009/2456 1717/2010/2455 1724/2781/2462 1725/2782/2463
s 24
usemtl pasted__blinn3SG1
f 1726/2011/2464 1759/2012/2465 1760/2013/2466 1751/2014/2467
s 25
f 1727/2015/2468 1728/2016/2469 1753/2017/2470 1752/2018/2471
s 26
f 1728/2016/2472 1729/2019/2473 1754/2020/2474 1753/2017/2475
s 27
f 1729/2019/2476 1730/2021/2477 1755/2022/2478 1754/2020/2479
s 28
f 1730/2021/2480 1731/2023/2481 1756/2024/2482 1755/2022/2483
s 29
f 1731/2023/2484 1732/2025/2485 1757/2026/2486 1756/2024/2487
s 30
f 1732/2025/2488 1733/2027/2489 1758/2028/2490 1757/2026/2491
s 31
f 1733/2027/2492 1726/2029/2493 1751/2030/2494 1758/2028/2495
s 32
f 1727/2031/2496 1759/2032/2497 1726/2033/2498 1742/2034/2499
f 1728/2035/2500 1727/2031/2496 1742/2034/2499
f 1729/2036/2501 1728/2035/2500 1742/2034/2499
f 1730/2037/2502 1729/2036/2501 1742/2034/2499
f 1731/2038/2503 1730/2037/2502 1742/2034/2499
f 1732/2039/2504 1731/2038/2503 1742/2034/2499
f 1733/2040/2505 1732/2039/2504 1742/2034/2499
f 1726/2033/2498 1733/2040/2505 1742/2034/2499
s off
f 1740/2041/2506 1741/2042/2507 1734/2043/2508 1762/2044/2509 1735/2045/2510 1736/2046/2511 1737/2047/2512 1738/2048/2513 1739/2049/2514
s 24
f 1743/2050/2515 1761/2051/2516 1762/2052/2517 1734/2053/2518
s 25
f 1744/2054/2519 1745/2055/2520 1736/2056/2521 1735/2057/2522
s 26
f 1745/2055/2523 1746/2058/2524 1737/2059/2525 1736/2056/2526
s 36
f 1746/2058/2527 1747/2060/2528 1738/2061/2529 1737/2059/2530
s 28
f 1747/2060/2531 1748/2062/2532 1739/2063/2533 1738/2061/2534
s 29
f 1748/2062/2535 1749/2064/2536 1740/2065/2537 1739/2063/2538
s 30
f 1749/2064/2539 1750/2066/2540 1741/2067/2541 1740/2065/2542
s off
f 1750/2066/2543 1743/2068/2544 1734/2069/2545 1741/2067/2546
s 24
f 1751/2014/2467 1760/2013/2466 1772/2070/2547 1773/2071/2548
s 25
f 1752/2018/2471 1753/2017/2470 1779/2072/2549 1780/2073/2550
s 26
f 1753/2017/2475 1754/2020/2474 1778/2074/2551 1779/2072/2552
s 27
f 1754/2020/2479 1755/2022/2478 1777/2075/2553 1778/2074/2554
s 28
f 1755/2022/2483 1756/2024/2482 1776/2076/2555 1777/2075/2556
s 29
f 1756/2024/2487 1757/2026/2486 1775/2077/2557 1776/2076/2558
s 30
f 1757/2026/2491 1758/2028/2490 1774/2078/2559 1775/2077/2560
s 31
f 1758/2028/2495 1751/2030/2494 1773/2079/2561 1774/2078/2562
s 24
f 1759/2012/2465 1727/2015/2563 1752/2018/2564 1760/2013/2466
f 1780/2073/2565 1772/2070/2547 1760/2013/2466 1752/2018/2564
f 1762/2052/2517 1761/2051/2516 1744/2054/2566 1735/2057/2567
f 1761/2051/2516 1764/2080/2568 1763/2081/2569 1744/2054/2566
f 1765/2082/2570 1764/2080/2568 1761/2051/2516 1743/2050/2515
s off
f 1786/2083/2571 1785/2084/2572 1787/2085/2573 1788/2086/2574
s 30
f 1767/2087/2575 1766/2088/2576 1750/2066/2540 1749/2064/2539
s 29
f 1768/2089/2577 1767/2087/2578 1749/2064/2536 1748/2062/2535
s 28
f 1769/2090/2579 1768/2089/2580 1748/2062/2532 1747/2060/2531
s 36
f 1770/2091/2581 1769/2090/2582 1747/2060/2528 1746/2058/2527
s 26
f 1771/2092/2583 1770/2091/2584 1746/2058/2524 1745/2055/2523
s 25
f 1763/2081/2585 1771/2092/2586 1745/2055/2520 1744/2054/2519
s 24
f 1773/2071/2548 1772/2070/2547 1764/2080/2568 1765/2082/2570
s 31
f 1774/2078/2562 1773/2079/2561 1765/2093/2587 1766/2088/2588
s 30
f 1775/2077/2560 1774/2078/2559 1766/2088/2576 1767/2087/2575
s 29
f 1776/2076/2558 1775/2077/2557 1767/2087/2578 1768/2089/2577
s 28
f 1777/2075/2556 1776/2076/2555 1768/2089/2580 1769/2090/2579
s off
f 1782/2094/2589 1781/2095/2590 1783/2096/2591 1784/2097/2592
s 26
f 1779/2072/2552 1778/2074/2551 1770/2091/2584 1771/2092/2583
s 25
f 1780/2073/2550 1779/2072/2549 1771/2092/2586 1763/2081/2585
s 24
f 1764/2080/2568 1772/2070/2547 1780/2073/2565 1763/2081/2569
s off
f 1778/2074/2593 1777/2075/2594 1781/2095/2595 1782/2094/2596
f 1777/2075/2597 1769/2090/2598 1783/2096/2599 1781/2095/2600
f 1769/2090/2601 1770/2091/2602 1784/2097/2603 1783/2096/2604
f 1770/2091/2605 1778/2074/2606 1782/2094/2607 1784/2097/2608
f 1766/2088/2609 1765/2093/2610 1785/2084/2611 1786/2083/2612
s 24
f 1765/2093/2570 1743/2068/2515 1787/2085/2613 1785/2084/2614
s off
f 1743/2068/2615 1750/2066/2616 1788/2086/2617 1787/2085/2618
f 1750/2066/2619 1766/2088/2620 1786/2083/2621 1788/2086/2622
s 40
usemtl blinn21SG
f 1789/2098/2623 1790/2099/2624 1792/2100/2625 1791/2101/2626
f 1790/2099/2624 1789/2102/2623 1793/2103/2627 1794/2783/2628
f 1791/2784/2626 1792/2104/2625 1796/2105/2629 1795/2785/2630
f 1792/2106/2625 1790/2107/2624 1797/2786/2631 1798/2787/2632
s 41
f 1799/2108/2633 1800/2109/2634 1802/2110/2635 1801/2111/2636
f 1800/2109/2634 1799/2112/2633 1803/2113/2637 1804/2788/2638
f 1801/2789/2636 1802/2114/2635 1806/2115/2639 1805/2790/2640
f 1802/2116/2635 1800/2117/2634 1807/2791/2641 1808/2792/2642
s 42
f 1809/2118/2643 1810/2119/2644 1812/2120/2645 1811/2121/2646
f 1810/2119/2644 1809/2122/2643 1813/2123/2647 1814/2793/2648
f 1811/2794/2646 1812/2124/2645 1816/2125/2649 1815/2795/2650
f 1812/2126/2645 1810/2127/2644 1817/2796/2651 1818/2797/2652
s 43
f 1819/2128/2653 1820/2129/2654 1822/2130/2655 1821/2131/2656
f 1820/2129/2654 1819/2132/2653 1823/2133/2657 1824/2798/2658
f 1821/2799/2656 1822/2134/2655 1826/2135/2659 1825/2800/2660
f 1822/2136/2655 1820/2137/2654 1827/2801/2661 1828/2802/2662
s 44
usemtl blinn26SG
f 1829/2138/2663 1830/2139/2664 1832/2140/2665 1831/2141/2666
f 1830/2139/2664 1829/2142/2663 1833/2143/2667 1834/2803/2668
f 1831/2804/2666 1832/2144/2665 1836/2145/2669 1835/2805/2670
f 1832/2146/2665 1830/2147/2664 1837/2806/2671 1838/2807/2672
s 45
f 1839/2148/2673 1840/2149/2674 1842/2150/2675 1841/2151/2676
f 1840/2149/2674 1839/2152/2673 1843/2153/2677 1844/2808/2678
f 1841/2809/2676 1842/2154/2675 1846/2155/2679 1845/2810/2680
f 1842/2156/2675 1840/2157/2674 1847/2811/2681 1848/2812/2682
s 46
f 1849/2158/2683 1850/2159/2684 1852/2160/2685 1851/2161/2686
f 1850/2159/2684 1849/2162/2683 1853/2163/2687 1854/2813/2688
f 1851/2814/2686 1852/2164/2685 1856/2165/2689 1855/2815/2690
f 1852/2166/2685 1850/2167/2684 1857/2816/2691 1858/2817/2692
s 47
f 1859/2168/2693 1860/2169/2694 1862/2170/2695 1861/2171/2696
f 1860/2169/2694 1859/2172/2693 1863/2173/2697 1864/2818/2698
f 1861/2819/2696 1862/2174/2695 1866/2175/2699 1865/2820/2700
f 1862/2176/2695 1860/2177/2694 1867/2821/2701 1868/2822/2702
s 48
f 1869/2178/2703 1870/2179/2704 1872/2180/2705 1871/2181/2706
f 1870/2179/2704 1869/2182/2703 1873/2183/2707 1874/2823/2708
f 1871/2824/2706 1872/2184/2705 1876/2185/2709 1875/2825/2710
f 1872/2186/2705 1870/2187/2704 1877/2826/2711 1878/2827/2712
s 49
f 1879/2188/2713 1880/2189/2714 1882/2190/2715 1881/2191/2716
f 1880/2189/2714 1879/2192/2713 1883/2193/2717 1884/2828/2718
f 1881/2829/2716 1882/2194/2715 1886/2195/2719 1885/2830/2720
f 1882/2196/2715 1880/2197/2714 1887/2831/2721 1888/2832/2722
s 50
f 1889/2198/2723 1890/2199/2724 1892/2200/2725 1891/2201/2726
f 1890/2199/2724 1889/2202/2723 1893/2203/2727 1894/2833/2728
f 1891/2834/2726 1892/2204/2725 1896/2205/2729 1895/2835/2730
f 1892/2206/2725 1890/2207/2724 1897/2836/2731 1898/2837/2732
s 51
f 1899/2208/2733 1900/2209/2734 1902/2210/2735 1901/2211/2736
f 1900/2209/2734 1899/2212/2733 1903/2213/2737 1904/2838/2738
f 1901/2839/2736 1902/2214/2735 1906/2215/2739 1905/2840/2740
f 1902/2216/2735 1900/2217/2734 1907/2841/2741 1908/2842/2742
s 52
f 1909/2218/2743 1910/2219/2744 1912/2220/2745 1911/2221/2746
f 1910/2219/2744 1909/2222/2743 1913/2223/2747 1914/2843/2748
f 1911/2844/2746 1912/2224/2745 1916/2225/2749 1915/2845/2750
f 1912/2226/2745 1910/2227/2744 1917/2846/2751 1918/2847/2752
s 53
f 1919/2228/2753 1920/2229/2754 1922/2230/2755 1921/2231/2756
f 1920/2229/2754 1919/2232/2753 1923/2233/2757 1924/2848/2758
f 1921/2849/2756 1922/2234/2755 1926/2235/2759 1925/2850/2760
f 1922/2236/2755 1920/2237/2754 1927/2851/2761 1928/2852/2762
s 54
f 1929/2238/2763 1930/2239/2764 1932/2240/2765 1931/2241/2766
f 1930/2239/2764 1929/2242/2763 1933/2243/2767 1934/2853/2768
f 1931/2854/2766 1932/2244/2765 1936/2245/2769 1935/2855/2770
f 1932/2246/2765 1930/2247/2764 1937/2856/2771 1938/2857/2772
s 55
f 1939/2248/2773 1940/2249/2774 1942/2250/2775 1941/2251/2776
f 1940/2249/2774 1939/2252/2773 1943/2253/2777 1944/2858/2778
f 1941/2859/2776 1942/2254/2775 1946/2255/2779 1945/2860/2780
f 1942/2256/2775 1940/2257/2774 1947/2861/2781 1948/2862/2782
s 56
usemtl pasted__blinn20SG
f 1949/2258/2783 1950/2259/2784 1952/2260/2785 1951/2261/2786
f 1950/2259/2784 1949/2262/2783 1953/2263/2787 1954/2863/2788
f 1951/2864/2786 1952/2264/2785 1956/2265/2789 1955/2865/2790
f 1952/2266/2785 1950/2267/2784 1957/2866/2791 1958/2867/2792
s 57
usemtl pasted__blinn22SG
f 1959/2268/2793 1960/2269/2794 1962/2270/2795 1961/2271/2796
f 1960/2269/2794 1959/2272/2793 1963/2273/2797 1964/2868/2798
f 1961/2869/2796 1962/2274/2795 1966/2275/2799 1965/2870/2800
f 1962/2276/2795 1960/2277/2794 1967/2871/2801 1968/2872/2802
s 58
f 1969/2278/2803 1970/2279/2804 1972/2280/2805 1971/2281/2806
f 1970/2279/2804 1969/2282/2803 1973/2283/2807 1974/2873/2808
f 1971/2874/2806 1972/2284/2805 1976/2285/2809 1975/2875/2810
f 1972/2286/2805 1970/2287/2804 1977/2876/2811 1978/2877/2812
s 59
f 1979/2288/2813 1980/2289/2814 1982/2290/2815 1981/2291/2816
f 1980/2289/2814 1979/2292/2813 1983/2293/2817 1984/2878/2818
f 1981/2879/2816 1982/2294/2815 1986/2295/2819 1985/2880/2820
f 1982/2296/2815 1980/2297/2814 1987/2881/2821 1988/2882/2822
s 60
f 1989/2298/2823 1990/2299/2824 1992/2300/2825 1991/2301/2826
f 1990/2299/2824 1989/2302/2823 1993/2303/2827 1994/2883/2828
f 1991/2884/2826 1992/2304/2825 1996/2305/2829 1995/2885/2830
f 1992/2306/2825 1990/2307/2824 1997/2886/2831 1998/2887/2832
s 61
usemtl blinn4SG
f 1999/2308/2833 2000/2309/2834 2002/2310/2835 2001/2311/2836
f 2000/2309/2834 1999/2312/2833 2003/2313/2837 2004/2888/2838
f 2001/2889/2836 2002/2314/2835 2006/2315/2839 2005/2890/2840
f 2002/2316/2835 2000/2317/2834 2007/2891/2841 2008/2892/2842
s 62
usemtl pasted__blinn10SG
f 2009/2318/2843 2010/2319/2844 2012/2320/2845 2011/2321/2846
f 2010/2319/2844 2009/2322/2843 2013/2323/2847 2014/2893/2848
f 2011/2894/2846 2012/2324/2845 2016/2325/2849 2015/2895/2850
f 2012/2326/2845 2010/2327/2844 2017/2896/2851 2018/2897/2852
s 63
usemtl blinn9SG
f 2019/2328/2853 2020/2329/2854 2022/2330/2855 2021/2331/2856
f 2020/2329/2854 2019/2332/2853 2023/2333/2857 2024/2898/2858
f 2021/2899/2856 2022/2334/2855 2026/2335/2859 2025/2900/2860
f 2022/2336/2855 2020/2337/2854 2027/2901/2861 2028/2902/2862
s 64
usemtl blinn6SG
f 2029/2338/2863 2030/2339/2864 2032/2340/2865 2031/2341/2866
f 2030/2339/2864 2029/2342/2863 2033/2343/2867 2034/2903/2868
f 2031/2904/2866 2032/2344/2865 2036/2345/2869 2035/2905/2870
f 2032/2346/2865 2030/2347/2864 2037/2906/2871 2038/2907/2872
s 65
usemtl pasted__blinn9SG
f 2039/2348/2873 2040/2349/2874 2042/2350/2875 2041/2351/2876
f 2040/2349/2874 2039/2352/2873 2043/2353/2877 2044/2908/2878
f 2041/2909/2876 2042/2354/2875 2046/2355/2879 2045/2910/2880
f 2042/2356/2875 2040/2357/2874 2047/2911/2881 2048/2912/2882
s 66
usemtl blinn5SG
f 2049/2358/2883 2050/2359/2884 2052/2360/2885 2051/2361/2886
f 2050/2359/2884 2049/2362/2883 2053/2363/2887 2054/2913/2888
f 2051/2914/2886 2052/2364/2885 2056/2365/2889 2055/2915/2890
f 2052/2366/2885 2050/2367/2884 2057/2916/2891 2058/2917/2892
s 67
usemtl pasted__blinn11SG1
f 2059/2368/2893 2060/2369/2894 2062/2370/2895 2061/2371/2896
f 2060/2369/2894 2059/2372/2893 2063/2373/2897 2064/2918/2898
f 2061/2919/2896 2062/2374/2895 2066/2375/2899 2065/2920/2900
f 2062/2376/2895 2060/2377/2894 2067/2921/2901 2068/2922/2902
s 68
f 2069/2378/2903 2070/2379/2904 2072/2380/2905 2071/2381/2906
f 2070/2379/2904 2069/2382/2903 2073/2383/2907 2074/2923/2908
f 2071/2924/2906 2072/2384/2905 2076/2385/2909 2075/2925/2910
f 2072/2386/2905 2070/2387/2904 2077/2926/2911 2078/2927/2912
s 69
f 2079/2388/2913 2080/2389/2914 2082/2390/2915 2081/2391/2916
f 2080/2389/2914 2079/2392/2913 2083/2393/2917 2084/2928/2918
f 2081/2929/2916 2082/2394/2915 2086/2395/2919 2085/2930/2920
f 2082/2396/2915 2080/2397/2914 2087/2931/2921 2088/2932/2922
s 70
f 2089/2398/2923 2090/2399/2924 2092/2400/2925 2091/2401/2926
f 2090/2399/2924 2089/2402/2923 2093/2403/2927 2094/2933/2928
f 2091/2934/2926 2092/2404/2925 2096/2405/2929 2095/2935/2930
f 2092/2406/2925 2090/2407/2924 2097/2936/2931 2098/2937/2932
s 71
usemtl pasted__blinn8SG
f 2099/2408/2933 2100/2409/2934 2102/2410/2935 2101/2411/2936
f 2100/2409/2934 2099/2412/2933 2103/2413/2937 2104/2938/2938
f 2101/2939/2936 2102/2414/2935 2106/2415/2939 2105/2940/2940
f 2102/2416/2935 2100/2417/2934 2107/2941/2941 2108/2942/2942
s 72
f 2109/2418/2943 2110/2419/2944 2112/2420/2945 2111/2421/2946
f 2110/2419/2944 2109/2422/2943 2113/2423/2947 2114/2943/2948
f 2111/2944/2946 2112/2424/2945 2116/2425/2949 2115/2945/2950
f 2112/2426/2945 2110/2427/2944 2117/2946/2951 2118/2947/2952
s 73
f 2119/2428/2953 2120/2429/2954 2122/2430/2955 2121/2431/2956
f 2120/2429/2954 2119/2432/2953 2123/2433/2957 2124/2948/2958
f 2121/2949/2956 2122/2434/2955 2126/2435/2959 2125/2950/2960
f 2122/2436/2955 2120/2437/2954 2127/2951/2961 2128/2952/2962
s 74
f 2129/2438/2963 2130/2439/2964 2132/2440/2965 2131/2441/2966
f 2130/2439/2964 2129/2442/2963 2133/2443/2967 2134/2953/2968
f 2131/2954/2966 2132/2444/2965 2136/2445/2969 2135/2955/2970
f 2132/2446/2965 2130/2447/2964 2137/2956/2971 2138/2957/2972
s 75
usemtl blinn25SG
f 2139/2448/2973 2140/2449/2974 2142/2450/2975 2141/2451/2976
f 2140/2449/2974 2139/2452/2973 2143/2453/2977 2144/2958/2978
f 2141/2959/2976 2142/2454/2975 2146/2455/2979 2145/2960/2980
f 2142/2456/2975 2140/2457/2974 2147/2961/2981 2148/2962/2982
s 76
f 2149/2458/2983 2150/2459/2984 2152/2460/2985 2151/2461/2986
f 2150/2459/2984 2149/2462/2983 2153/2463/2987 2154/2963/2988
f 2151/2964/2986 2152/2464/2985 2156/2465/2989 2155/2965/2990
f 2152/2466/2985 2150/2467/2984 2157/2966/2991 2158/2967/2992
s 77
usemtl pasted__blinn7SG
f 2159/2468/2993 2160/2469/2994 2162/2470/2995 2161/2471/2996
f 2160/2469/2994 2159/2472/2993 2163/2473/2997 2164/2968/2998
f 2161/2969/2996 2162/2474/2995 2166/2475/2999 2165/2970/3000
f 2162/2476/2995 2160/2477/2994 2167/2971/3001 2168/2972/3002
s 78
f 2169/2478/3003 2170/2479/3004 2172/2480/3005 2171/2481/3006
f 2170/2479/3004 2169/2482/3003 2173/2483/3007 2174/2973/3008
f 2171/2974/3006 2172/2484/3005 2176/2485/3009 2175/2975/3010
f 2172/2486/3005 2170/2487/3004 2177/2976/3011 2178/2977/3012
s 79
f 2179/2488/3013 2180/2489/3014 2182/2490/3015 2181/2491/3016
f 2180/2489/3014 2179/2492/3013 2183/2493/3017 2184/2978/3018
f 2181/2979/3016 2182/2494/3015 2186/2495/3019 2185/2980/3020
f 2182/2496/3015 2180/2497/3014 2187/2981/3021 2188/2982/3022
s 80
f 2189/2498/3023 2190/2499/3024 2192/2500/3025 2191/2501/3026
f 2190/2499/3024 2189/2502/3023 2193/2503/3027 2194/2983/3028
f 2191/2984/3026 2192/2504/3025 2196/2505/3029 2195/2985/3030
f 2192/2506/3025 2190/2507/3024 2197/2986/3031 2198/2987/3032
s 81
usemtl pasted__blinn23SG
f 2199/2508/3033 2200/2509/3034 2202/2510/3035 2201/2511/3036
f 2200/2509/3034 2199/2512/3033 2203/2513/3037 2204/2988/3038
f 2201/2989/3036 2202/2514/3035 2206/2515/3039 2205/2990/3040
f 2202/2516/3035 2200/2517/3034 2207/2991/3041 2208/2992/3042
s 82
f 2209/2518/3043 2210/2519/3044 2212/2520/3045 2211/2521/3046
f 2210/2519/3044 2209/2522/3043 2213/2523/3047 2214/2993/3048
f 2211/2994/3046 2212/2524/3045 2216/2525/3049 2215/2995/3050
f 2212/2526/3045 2210/2527/3044 2217/2996/3051 2218/2997/3052
s 83
f 2219/2528/3053 2220/2529/3054 2222/2530/3055 2221/2531/3056
f 2220/2529/3054 2219/2532/3053 2223/2533/3057 2224/2998/3058
f 2221/2999/3056 2222/2534/3055 2226/2535/3059 2225/3000/3060
f 2222/2536/3055 2220/2537/3054 2227/3001/3061 2228/3002/3062
s 84
f 2229/2538/3063 2230/2539/3064 2232/2540/3065 2231/2541/3066
f 2230/2539/3064 2229/2542/3063 2233/2543/3067 2234/3003/3068
f 2231/3004/3066 2232/2544/3065 2236/2545/3069 2235/3005/3070
f 2232/2546/3065 2230/2547/3064 2237/3006/3071 2238/3007/3072
s 85
usemtl blinn8SG
f 2239/2548/3073 2240/2549/3074 2242/2550/3075 2241/2551/3076
f 2240/2549/3074 2239/2552/3073 2243/2553/3077 2244/3008/3078
f 2241/3009/3076 2242/2554/3075 2246/2555/3079 2245/3010/3080
f 2242/2556/3075 2240/2557/3074 2247/3011/3081 2248/3012/3082
s 86
f 2249/2558/3083 2250/2559/3084 2252/2560/3085 2251/2561/3086
f 2250/2559/3084 2249/2562/3083 2253/2563/3087 2254/3013/3088
f 2251/3014/3086 2252/2564/3085 2256/2565/3089 2255/3015/3090
f 2252/2566/3085 2250/2567/3084 2257/3016/3091 2258/3017/3092
s 87
f 2259/2568/3093 2260/2569/3094 2262/2570/3095 2261/2571/3096
f 2260/2569/3094 2259/2572/3093 2263/2573/3097 2264/3018/3098
f 2261/3019/3096 2262/2574/3095 2266/2575/3099 2265/3020/3100
f 2262/2576/3095 2260/2577/3094 2267/3021/3101 2268/3022/3102
s 88
f 2269/2578/3103 2270/2579/3104 2272/2580/3105 2271/2581/3106
f 2270/2579/3104 2269/2582/3103 2273/2583/3107 2274/3023/3108
f 2271/3024/3106 2272/2584/3105 2276/2585/3109 2275/3025/3110
f 2272/2586/3105 2270/2587/3104 2277/3026/3111 2278/3027/3112
s 89
usemtl blinn1SG
f 2279/2588/3113 2280/2589/3114 2282/2590/3115 2281/2591/3116
f 2280/2589/3114 2279/2592/3113 2283/2593/3117 2284/3028/3118
f 2281/3029/3116 2282/2594/3115 2286/2595/3119 2285/3030/3120
f 2282/2596/3115 2280/2597/3114 2287/3031/3121 2288/3032/3122
s 90
f 2289/2598/3123 2290/2599/3124 2292/2600/3125 2291/2601/3126
f 2290/2599/3124 2289/2602/3123 2293/2603/3127 2294/3033/3128
f 2291/3034/3126 2292/2604/3125 2296/2605/3129 2295/3035/3130
f 2292/2606/3125 2290/2607/3124 2297/3036/3131 2298/3037/3132
s 91
f 2299/2608/3133 2300/2609/3134 2302/2610/3135 2301/2611/3136
f 2300/2609/3134 2299/2612/3133 2303/2613/3137 2304/3038/3138
f 2301/3039/3136 2302/2614/3135 2306/2615/3139 2305/3040/3140
f 2302/2616/3135 2300/2617/3134 2307/3041/3141 2308/3042/3142
s 92
f 2309/2618/3143 2310/2619/3144 2312/2620/3145 2311/2621/3146
f 2310/2619/3144 2309/2622/3143 2313/2623/3147 2314/3043/3148
f 2311/3044/3146 2312/2624/3145 2316/2625/3149 2315/3045/3150
f 2312/2626/3145 2310/2627/3144 2317/3046/3151 2318/3047/3152
s 93
usemtl blinn10SG
f 2319/2628/3153 2320/2629/3154 2322/2630/3155 2321/2631/3156
f 2320/2629/3154 2319/2632/3153 2323/2633/3157 2324/3048/3158
f 2321/3049/3156 2322/2634/3155 2326/2635/3159 2325/3050/3160
f 2322/2636/3155 2320/2637/3154 2327/3051/3161 2328/3052/3162
s 94
usemtl pasted__pasted__blinn25SG
f 2329/2638/3163 2330/2639/3164 2332/2640/3165 2331/2641/3166
f 2330/2639/3164 2329/2642/3163 2333/2643/3167 2334/3053/3168
f 2331/3054/3166 2332/2644/3165 2336/2645/3169 2335/3055/3170
f 2332/2646/3165 2330/2647/3164 2337/3056/3171 2338/3057/3172
s 95
f 2339/2648/3173 2340/2649/3174 2342/2650/3175 2341/2651/3176
f 2340/2649/3174 2339/2652/3173 2343/2653/3177 2344/3058/3178
f 2341/3059/3176 2342/2654/3175 2346/2655/3179 2345/3060/3180
f 2342/2656/3175 2340/2657/3174 2347/3061/3181 2348/3062/3182
s 96
usemtl blinn27SG
f 2349/2658/3183 2350/2659/3184 2352/2660/3185 2351/2661/3186
f 2350/2659/3184 2349/2662/3183 2353/2663/3187 2354/3063/3188
f 2351/3064/3186 2352/2664/3185 2356/2665/3189 2355/3065/3190
f 2352/2666/3185 2350/2667/3184 2357/3066/3191 2358/3067/3192
